Date,Close
2005-04-08,1003.45000000
2005-04-11,995.42000000
2005-04-12,978.70000000
2005-04-13,1000.90000000
2005-04-14,986.98000000
2005-04-15,974.08000000
2005-04-18,963.77000000
2005-04-19,965.89000000
2005-04-20,950.87000000
2005-04-21,943.98000000
2005-04-22,939.10000000
2005-04-25,930.07000000
2005-04-26,937.08000000
2005-04-27,926.60000000
2005-04-28,942.07000000
2005-04-29,932.40000000
2005-05-09,909.17000000
2005-05-10,913.08000000
2005-05-11,901.85000000
2005-05-12,885.82000000
2005-05-13,887.54000000
2005-05-16,875.27000000
2005-05-17,881.46000000
2005-05-18,883.20000000
2005-05-19,884.17000000
2005-05-20,882.76000000
2005-05-23,863.34000000
2005-05-24,868.46000000
2005-05-25,868.45000000
2005-05-26,857.33000000
2005-05-27,849.51000000
2005-05-30,855.61000000
2005-05-31,855.95000000
2005-06-01,837.53000000
2005-06-02,818.38000000
2005-06-03,818.03000000
2005-06-06,839.00000000
2005-06-07,837.28000000
2005-06-08,905.77000000
2005-06-09,912.60000000
2005-06-10,894.56000000
2005-06-13,892.96000000
2005-06-14,883.54000000
2005-06-15,866.83000000
2005-06-16,879.24000000
2005-06-17,880.35000000
2005-06-20,906.26000000
2005-06-21,896.17000000
2005-06-22,900.65000000
2005-06-23,893.57000000
2005-06-24,898.30000000
2005-06-27,916.04000000
2005-06-28,903.72000000
2005-06-29,898.90000000
2005-06-30,878.69000000
2005-07-01,859.62000000
2005-07-04,856.22000000
2005-07-05,849.86000000
2005-07-06,842.75000000
2005-07-07,844.95000000
2005-07-08,829.69000000
2005-07-11,824.36000000
2005-07-12,852.09000000
2005-07-13,846.51000000
2005-07-14,849.87000000
2005-07-15,841.28000000
2005-07-18,833.27000000
2005-07-19,835.88000000
2005-07-20,842.92000000
2005-07-21,844.27000000
2005-07-22,859.98000000
2005-07-25,857.15000000
2005-07-26,876.77000000
2005-07-27,894.31000000
2005-07-28,891.18000000
2005-07-29,888.54000000
2005-08-01,891.98000000
2005-08-02,903.98000000
2005-08-03,909.96000000
2005-08-04,904.84000000
2005-08-05,925.62000000
2005-08-08,929.24000000
2005-08-09,935.08000000
2005-08-10,942.38000000
2005-08-11,956.48000000
2005-08-12,941.43000000
2005-08-15,962.21000000
2005-08-16,952.69000000
2005-08-17,960.80000000
2005-08-18,932.39000000
2005-08-19,934.79000000
2005-08-22,943.25000000
2005-08-23,934.89000000
2005-08-24,942.22000000
2005-08-25,941.68000000
2005-08-26,939.80000000
2005-08-29,928.77000000
2005-08-30,926.25000000
2005-08-31,939.45000000
2005-09-01,956.30000000
2005-09-02,959.65000000
2005-09-05,964.56000000
2005-09-06,948.25000000
2005-09-07,964.60000000
2005-09-08,967.16000000
2005-09-09,960.86000000
2005-09-12,961.30000000
2005-09-13,975.74000000
2005-09-14,982.24000000
2005-09-15,981.64000000
2005-09-16,979.51000000
2005-09-19,983.20000000
2005-09-20,973.87000000
2005-09-21,956.14000000
2005-09-22,934.74000000
2005-09-23,927.53000000
2005-09-26,929.89000000
2005-09-27,915.44000000
2005-09-28,914.94000000
2005-09-29,927.35000000
2005-09-30,928.78000000
2005-10-10,918.59000000
2005-10-11,931.14000000
2005-10-12,934.95000000
2005-10-13,927.88000000
2005-10-14,916.06000000
2005-10-17,908.77000000
2005-10-18,913.57000000
2005-10-19,909.90000000
2005-10-20,911.09000000
2005-10-21,915.57000000
2005-10-24,916.56000000
2005-10-25,904.07000000
2005-10-26,884.74000000
2005-10-27,884.34000000
2005-10-28,875.71000000
2005-10-31,884.12000000
2005-11-01,880.51000000
2005-11-02,890.13000000
2005-11-03,882.08000000
2005-11-04,885.89000000
2005-11-07,884.33000000
2005-11-08,888.45000000
2005-11-09,886.17000000
2005-11-10,869.64000000
2005-11-11,871.47000000
2005-11-14,868.48000000
2005-11-15,862.93000000
2005-11-16,869.46000000
2005-11-17,868.95000000
2005-11-18,888.72000000
2005-11-21,889.24000000
2005-11-22,874.90000000
2005-11-23,881.55000000
2005-11-24,886.85000000
2005-11-25,889.53000000
2005-11-28,885.63000000
2005-11-29,876.72000000
2005-11-30,879.12000000
2005-12-01,878.44000000
2005-12-02,875.42000000
2005-12-05,865.01000000
2005-12-06,871.53000000
2005-12-07,879.34000000
2005-12-08,879.56000000
2005-12-09,893.10000000
2005-12-12,894.41000000
2005-12-13,895.09000000
2005-12-14,904.21000000
2005-12-15,902.54000000
2005-12-16,908.85000000
2005-12-19,909.58000000
2005-12-20,913.98000000
2005-12-21,910.02000000
2005-12-22,915.73000000
2005-12-23,922.92000000
2005-12-26,929.46000000
2005-12-27,926.62000000
2005-12-28,928.19000000
2005-12-29,943.21000000
2005-12-30,923.45000000
2006-01-04,941.43000000
2006-01-05,959.13000000
2006-01-06,970.03000000
2006-01-09,975.25000000
2006-01-10,978.15000000
2006-01-11,973.48000000
2006-01-12,983.72000000
2006-01-13,978.81000000
2006-01-16,961.44000000
2006-01-17,964.29000000
2006-01-18,983.62000000
2006-01-19,991.22000000
2006-01-20,993.34000000
2006-01-23,996.16000000
2006-01-24,999.09000000
2006-01-25,1009.60000000
2006-02-06,1033.23000000
2006-02-07,1029.94000000
2006-02-08,1033.07000000
2006-02-09,1019.60000000
2006-02-10,1032.34000000
2006-02-13,1031.61000000
2006-02-14,1038.53000000
2006-02-15,1041.66000000
2006-02-16,1020.12000000
2006-02-17,1020.37000000
2006-02-20,1021.64000000
2006-02-21,1038.82000000
2006-02-22,1037.89000000
2006-02-23,1041.37000000
2006-02-24,1049.44000000
2006-02-27,1047.85000000
2006-02-28,1053.01000000
2006-03-01,1056.62000000
2006-03-02,1038.67000000
2006-03-03,1041.68000000
2006-03-06,1038.87000000
2006-03-07,1014.97000000
2006-03-08,1009.27000000
2006-03-09,1004.34000000
2006-03-10,1008.90000000
2006-03-13,1019.86000000
2006-03-14,1018.27000000
2006-03-15,1028.96000000
2006-03-16,1027.62000000
2006-03-17,1024.02000000
2006-03-20,1037.66000000
2006-03-21,1040.76000000
2006-03-22,1047.67000000
2006-03-23,1048.54000000
2006-03-24,1042.60000000
2006-03-27,1050.71000000
2006-03-28,1055.98000000
2006-03-29,1065.29000000
2006-03-30,1055.63000000
2006-03-31,1061.09000000
2006-04-03,1079.32000000
2006-04-04,1089.65000000
2006-04-05,1100.44000000
2006-04-06,1103.71000000
2006-04-07,1103.63000000
2006-04-10,1118.39000000
2006-04-11,1123.79000000
2006-04-12,1117.55000000
2006-04-13,1094.39000000
2006-04-14,1119.33000000
2006-04-17,1125.14000000
2006-04-18,1132.09000000
2006-04-19,1139.05000000
2006-04-20,1135.23000000
2006-04-21,1150.20000000
2006-04-24,1143.74000000
2006-04-25,1143.16000000
2006-04-26,1156.97000000
2006-04-27,1156.61000000
2006-04-28,1173.67000000
2006-05-08,1219.82000000
2006-05-09,1253.03000000
2006-05-10,1267.53000000
2006-05-11,1256.62000000
2006-05-12,1297.89000000
2006-05-15,1354.48000000
2006-05-16,1333.43000000
2006-05-17,1338.66000000
2006-05-18,1334.56000000
2006-05-19,1369.81000000
2006-05-22,1377.57000000
2006-05-23,1321.39000000
2006-05-24,1312.20000000
2006-05-25,1314.25000000
2006-05-26,1337.69000000
2006-05-29,1373.47000000
2006-05-30,1386.00000000
2006-05-31,1373.19000000
2006-06-01,1411.27000000
2006-06-02,1399.00000000
2006-06-05,1412.23000000
2006-06-06,1408.45000000
2006-06-07,1329.81000000
2006-06-08,1335.60000000
2006-06-09,1305.06000000
2006-06-12,1309.12000000
2006-06-13,1309.76000000
2006-06-14,1295.42000000
2006-06-15,1297.07000000
2006-06-16,1330.86000000
2006-06-19,1348.52000000
2006-06-20,1352.03000000
2006-06-21,1347.29000000
2006-06-22,1345.42000000
2006-06-23,1355.14000000
2006-06-26,1380.28000000
2006-06-27,1381.37000000
2006-06-28,1381.06000000
2006-06-29,1414.19000000
2006-06-30,1413.07000000
2006-07-03,1439.95000000
2006-07-04,1430.60000000
2006-07-05,1412.43000000
2006-07-06,1438.88000000
2006-07-07,1430.73000000
2006-07-10,1432.56000000
2006-07-11,1439.41000000
2006-07-12,1440.43000000
2006-07-13,1366.32000000
2006-07-14,1378.46000000
2006-07-17,1394.01000000
2006-07-18,1395.42000000
2006-07-19,1358.23000000
2006-07-20,1367.03000000
2006-07-21,1378.78000000
2006-07-24,1380.94000000
2006-07-25,1397.26000000
2006-07-26,1394.42000000
2006-07-27,1378.41000000
2006-07-28,1364.05000000
2006-07-31,1316.29000000
2006-08-01,1303.92000000
2006-08-02,1296.84000000
2006-08-03,1293.45000000
2006-08-04,1263.10000000
2006-08-07,1245.22000000
2006-08-08,1273.99000000
2006-08-09,1272.89000000
2006-08-10,1293.49000000
2006-08-11,1297.75000000
2006-08-14,1267.36000000
2006-08-15,1288.06000000
2006-08-16,1306.08000000
2006-08-17,1294.12000000
2006-08-18,1290.29000000
2006-08-21,1293.23000000
2006-08-22,1308.22000000
2006-08-23,1308.70000000
2006-08-24,1315.55000000
2006-08-25,1318.64000000
2006-08-28,1349.65000000
2006-08-29,1353.99000000
2006-08-30,1358.58000000
2006-08-31,1362.68000000
2006-09-01,1341.71000000
2006-09-04,1361.20000000
2006-09-05,1364.72000000
2006-09-06,1370.51000000
2006-09-07,1352.20000000
2006-09-08,1356.04000000
2006-09-11,1362.76000000
2006-09-12,1371.80000000
2006-09-13,1362.39000000
2006-09-14,1362.42000000
2006-09-15,1386.90000000
2006-09-18,1400.38000000
2006-09-19,1403.17000000
2006-09-20,1403.33000000
2006-09-21,1413.52000000
2006-09-22,1400.77000000
2006-09-25,1398.27000000
2006-09-26,1383.24000000
2006-09-27,1396.96000000
2006-09-28,1413.14000000
2006-09-29,1429.71000000
2006-10-09,1463.14000000
2006-10-10,1464.33000000
2006-10-11,1462.97000000
2006-10-12,1453.39000000
2006-10-13,1457.85000000
2006-10-16,1445.25000000
2006-10-17,1441.11000000
2006-10-18,1464.69000000
2006-10-19,1466.51000000
2006-10-20,1467.33000000
2006-10-23,1435.27000000
2006-10-24,1467.20000000
2006-10-25,1474.10000000
2006-10-26,1483.54000000
2006-10-27,1466.17000000
2006-10-30,1473.50000000
2006-10-31,1492.08000000
2006-11-01,1507.29000000
2006-11-02,1507.54000000
2006-11-03,1516.34000000
2006-11-06,1536.31000000
2006-11-07,1544.68000000
2006-11-08,1526.41000000
2006-11-09,1553.45000000
2006-11-10,1532.41000000
2006-11-13,1503.60000000
2006-11-14,1521.93000000
2006-11-15,1563.69000000
2006-11-16,1562.19000000
2006-11-17,1591.53000000
2006-11-20,1623.19000000
2006-11-21,1642.64000000
2006-11-22,1654.64000000
2006-11-23,1665.73000000
2006-11-24,1667.43000000
2006-11-27,1682.94000000
2006-11-28,1675.00000000
2006-11-29,1698.57000000
2006-11-30,1746.67000000
2006-12-01,1761.96000000
2006-12-04,1814.45000000
2006-12-05,1828.20000000
2006-12-06,1813.10000000
2006-12-07,1809.45000000
2006-12-08,1744.10000000
2006-12-11,1823.93000000
2006-12-12,1837.04000000
2006-12-13,1838.13000000
2006-12-14,1871.03000000
2006-12-15,1903.12000000
2006-12-18,1952.51000000
2006-12-19,1957.95000000
2006-12-20,1973.34000000
2006-12-21,1945.25000000
2006-12-22,1931.66000000
2006-12-25,1976.02000000
2006-12-26,1975.14000000
2006-12-27,2020.62000000
2006-12-28,2017.62000000
2006-12-29,2079.90000000
2007-01-04,2106.44000000
2007-01-05,2112.34000000
2007-01-08,2172.13000000
2007-01-09,2241.97000000
2007-01-10,2298.91000000
2007-01-11,2274.11000000
2007-01-12,2215.13000000
2007-01-15,2330.89000000
2007-01-16,2398.68000000
2007-01-17,2352.89000000
2007-01-18,2361.20000000
2007-01-19,2441.71000000
2007-01-22,2538.74000000
2007-01-23,2555.88000000
2007-01-24,2584.71000000
2007-01-25,2499.52000000
2007-01-26,2560.76000000
2007-01-29,2625.97000000
2007-01-30,2600.46000000
2007-01-31,2430.74000000
2007-02-01,2440.77000000
2007-02-02,2341.75000000
2007-02-05,2315.04000000
2007-02-06,2360.13000000
2007-02-07,2414.90000000
2007-02-08,2456.49000000
2007-02-09,2442.88000000
2007-02-12,2532.70000000
2007-02-13,2570.65000000
2007-02-14,2637.62000000
2007-02-15,2719.45000000
2007-02-16,2727.70000000
2007-02-26,2759.23000000
2007-02-27,2504.28000000
2007-02-28,2593.02000000
2007-03-01,2520.64000000
2007-03-02,2556.50000000
2007-03-05,2522.74000000
2007-03-06,2568.28000000
2007-03-07,2638.74000000
2007-03-08,2677.66000000
2007-03-09,2661.12000000
2007-03-12,2665.99000000
2007-03-13,2690.44000000
2007-03-14,2646.81000000
2007-03-15,2695.92000000
2007-03-16,2653.81000000
2007-03-19,2710.05000000
2007-03-20,2723.66000000
2007-03-21,2754.06000000
2007-03-22,2762.95000000
2007-03-23,2767.99000000
2007-03-26,2816.66000000
2007-03-27,2837.03000000
2007-03-28,2850.92000000
2007-03-29,2836.30000000
2007-03-30,2834.75000000
2007-04-02,2904.38000000
2007-04-03,2943.11000000
2007-04-04,2967.27000000
2007-04-05,3001.28000000
2007-04-06,3028.76000000
2007-04-09,3096.18000000
2007-04-10,3140.41000000
2007-04-11,3180.92000000
2007-04-12,3237.10000000
2007-04-13,3229.76000000
2007-04-16,3318.31000000
2007-04-17,3346.85000000
2007-04-18,3368.15000000
2007-04-19,3210.98000000
2007-04-20,3352.75000000
2007-04-23,3497.53000000
2007-04-24,3511.77000000
2007-04-25,3514.92000000
2007-04-26,3561.31000000
2007-04-27,3537.80000000
2007-04-30,3627.87000000
2007-05-08,3757.66000000
2007-05-09,3773.21000000
2007-05-10,3797.07000000
2007-05-11,3774.91000000
2007-05-14,3807.44000000
2007-05-15,3675.12000000
2007-05-16,3772.69000000
2007-05-17,3852.57000000
2007-05-18,3850.56000000
2007-05-21,3907.09000000
2007-05-22,3947.24000000
2007-05-23,4017.06000000
2007-05-24,3997.87000000
2007-05-25,4065.17000000
2007-05-28,4154.35000000
2007-05-29,4253.97000000
2007-05-30,3966.36000000
2007-05-31,4008.88000000
2007-06-01,3882.44000000
2007-06-04,3585.10000000
2007-06-05,3711.02000000
2007-06-06,3755.18000000
2007-06-07,3882.65000000
2007-06-08,3919.06000000
2007-06-11,4016.48000000
2007-06-12,4123.41000000
2007-06-13,4207.86000000
2007-06-14,4164.69000000
2007-06-15,4189.29000000
2007-06-18,4321.52000000
2007-06-19,4348.58000000
2007-06-20,4251.24000000
2007-06-21,4292.13000000
2007-06-22,4144.80000000
2007-06-25,3967.27000000
2007-06-26,4020.43000000
2007-06-27,4136.07000000
2007-06-28,3949.84000000
2007-06-29,3853.55000000
2007-07-02,3847.28000000
2007-07-03,3923.90000000
2007-07-04,3833.94000000
2007-07-05,3623.34000000
2007-07-06,3800.70000000
2007-07-09,3914.63000000
2007-07-10,3867.98000000
2007-07-11,3883.06000000
2007-07-12,3910.99000000
2007-07-13,3914.69000000
2007-07-16,3789.94000000
2007-07-17,3883.90000000
2007-07-18,3902.79000000
2007-07-19,3902.76000000
2007-07-20,4071.92000000
2007-07-23,4261.41000000
2007-07-24,4266.42000000
2007-07-25,4362.93000000
2007-07-26,4411.89000000
2007-07-27,4416.03000000
2007-07-30,4521.79000000
2007-07-31,4573.33000000
2007-08-01,4399.21000000
2007-08-02,4548.64000000
2007-08-03,4715.06000000
2007-08-06,4823.48000000
2007-08-07,4844.56000000
2007-08-08,4786.67000000
2007-08-09,4898.97000000
2007-08-10,4847.18000000
2007-08-13,4841.62000000
2007-08-14,4917.90000000
2007-08-15,4921.19000000
2007-08-16,4842.50000000
2007-08-17,4744.70000000
2007-08-20,5010.25000000
2007-08-21,5099.82000000
2007-08-22,5181.04000000
2007-08-23,5267.66000000
2007-08-24,5351.45000000
2007-08-27,5377.68000000
2007-08-28,5386.55000000
2007-08-29,5304.55000000
2007-08-30,5375.73000000
2007-08-31,5432.75000000
2007-09-03,5558.43000000
2007-09-04,5498.08000000
2007-09-05,5501.07000000
2007-09-06,5551.11000000
2007-09-07,5430.86000000
2007-09-10,5515.40000000
2007-09-11,5255.77000000
2007-09-12,5336.56000000
2007-09-13,5487.45000000
2007-09-14,5535.98000000
2007-09-17,5640.22000000
2007-09-18,5617.58000000
2007-09-19,5558.70000000
2007-09-20,5636.29000000
2007-09-21,5608.79000000
2007-09-24,5655.76000000
2007-09-25,5594.96000000
2007-09-26,5498.95000000
2007-09-27,5567.30000000
2007-09-28,5724.40000000
2007-10-08,5798.58000000
2007-10-09,5821.96000000
2007-10-10,5832.05000000
2007-10-11,5908.28000000
2007-10-12,5884.83000000
2007-10-15,5971.23000000
2007-10-16,6028.42000000
2007-10-17,5973.97000000
2007-10-18,5760.23000000
2007-10-19,5758.50000000
2007-10-22,5613.48000000
2007-10-23,5682.63000000
2007-10-24,5732.02000000
2007-10-25,5471.25000000
2007-10-26,5533.90000000
2007-10-29,5650.38000000
2007-10-30,5740.35000000
2007-10-31,5835.21000000
2007-11-01,5749.75000000
2007-11-02,5614.04000000
2007-11-05,5498.51000000
2007-11-06,5454.65000000
2007-11-07,5488.58000000
2007-11-08,5225.00000000
2007-11-09,5170.48000000
2007-11-12,5106.60000000
2007-11-13,5066.59000000
2007-11-14,5278.56000000
2007-11-15,5212.12000000
2007-11-16,5136.77000000
2007-11-19,5123.18000000
2007-11-20,5200.08000000
2007-11-21,5126.47000000
2007-11-22,4895.66000000
2007-11-23,4981.36000000
2007-11-26,4923.84000000
2007-11-27,4832.62000000
2007-11-28,4768.61000000
2007-11-29,4966.91000000
2007-11-30,4859.55000000
2007-12-03,4895.72000000
2007-12-04,4953.72000000
2007-12-05,5093.98000000
2007-12-06,5099.22000000
2007-12-07,5171.33000000
2007-12-10,5265.91000000
2007-12-11,5272.52000000
2007-12-12,5208.29000000
2007-12-13,5010.22000000
2007-12-14,5105.99000000
2007-12-17,4982.52000000
2007-12-18,4954.43000000
2007-12-19,5073.81000000
2007-12-20,5167.06000000
2007-12-21,5233.39000000
2007-12-24,5341.38000000
2007-12-25,5351.31000000
2007-12-26,5400.77000000
2007-12-27,5505.92000000
2007-12-28,5475.91000000
2008-01-02,5523.94000000
2008-01-03,5561.82000000
2008-01-04,5625.03000000
2008-01-07,5699.85000000
2008-01-08,5670.58000000
2008-01-09,5758.49000000
2008-01-10,5818.39000000
2008-01-11,5846.08000000
2008-01-14,5879.53000000
2008-01-15,5843.31000000
2008-01-16,5647.66000000
2008-01-17,5503.96000000
2008-01-18,5554.06000000
2008-01-21,5278.40000000
2008-01-22,4876.43000000
2008-01-23,5103.38000000
2008-01-24,5156.82000000
2008-01-25,5208.33000000
2008-01-28,4853.88000000
2008-01-29,4884.86000000
2008-01-30,4832.10000000
2008-01-31,4739.52000000
2008-02-01,4689.82000000
2008-02-04,5077.75000000
2008-02-05,5048.72000000
2008-02-13,4940.25000000
2008-02-14,5006.07000000
2008-02-15,4937.41000000
2008-02-18,5037.61000000
2008-02-19,5150.20000000
2008-02-20,5035.27000000
2008-02-21,5001.74000000
2008-02-22,4823.47000000
2008-02-25,4636.31000000
2008-02-26,4631.95000000
2008-02-27,4759.39000000
2008-02-28,4741.22000000
2008-02-29,4795.07000000
2008-03-03,4914.26000000
2008-03-04,4791.58000000
2008-03-05,4748.11000000
2008-03-06,4805.87000000
2008-03-07,4740.89000000
2008-03-10,4545.89000000
2008-03-11,4555.73000000
2008-03-12,4420.80000000
2008-03-13,4307.26000000
2008-03-14,4265.11000000
2008-03-17,4067.55000000
2008-03-18,3861.03000000
2008-03-19,3989.16000000
2008-03-20,4105.05000000
2008-03-21,4141.97000000
2008-03-24,3956.57000000
2008-03-25,4006.51000000
2008-03-26,4015.33000000
2008-03-27,3845.61000000
2008-03-28,4019.35000000
2008-03-31,3888.42000000
2008-04-01,3675.39000000
2008-04-02,3639.61000000
2008-04-03,3744.98000000
2008-04-07,3945.14000000
2008-04-08,3991.55000000
2008-04-09,3783.37000000
2008-04-10,3851.68000000
2008-04-11,3881.45000000
2008-04-14,3627.93000000
2008-04-15,3676.12000000
2008-04-16,3584.57000000
2008-04-17,3474.74000000
2008-04-18,3357.64000000
2008-04-21,3352.56000000
2008-04-22,3382.03000000
2008-04-23,3543.71000000
2008-04-24,3873.16000000
2008-04-25,3902.47000000
2008-04-28,3826.86000000
2008-04-29,3875.91000000
2008-04-30,4062.94000000
2008-05-05,4162.13000000
2008-05-06,4116.27000000
2008-05-07,3921.90000000
2008-05-08,4028.36000000
2008-05-09,3981.30000000
2008-05-12,4008.05000000
2008-05-13,3955.14000000
2008-05-14,4082.64000000
2008-05-15,4054.31000000
2008-05-16,4042.22000000
2008-05-19,4019.59000000
2008-05-20,3810.97000000
2008-05-21,3885.40000000
2008-05-22,3812.35000000
2008-05-23,3775.63000000
2008-05-26,3656.55000000
2008-05-27,3674.34000000
2008-05-28,3777.75000000
2008-05-29,3680.35000000
2008-05-30,3711.73000000
2008-06-02,3726.69000000
2008-06-03,3714.90000000
2008-06-04,3646.35000000
2008-06-05,3610.86000000
2008-06-06,3588.79000000
2008-06-10,3298.15000000
2008-06-11,3230.17000000
2008-06-12,3173.97000000
2008-06-13,3066.51000000
2008-06-16,3039.57000000
2008-06-17,2927.22000000
2008-06-18,3081.74000000
2008-06-19,2857.36000000
2008-06-20,2936.95000000
2008-06-23,2876.84000000
2008-06-24,2940.98000000
2008-06-25,3063.36000000
2008-06-26,3075.51000000
2008-06-27,2906.81000000
2008-06-30,2882.43000000
2008-07-01,2786.87000000
2008-07-02,2788.16000000
2008-07-03,2851.29000000
2008-07-04,2831.92000000
2008-07-07,2977.97000000
2008-07-08,2997.68000000
2008-07-09,3114.85000000
2008-07-10,3072.45000000
2008-07-11,3051.70000000
2008-07-14,3075.25000000
2008-07-15,2948.32000000
2008-07-16,2837.37000000
2008-07-17,2809.23000000
2008-07-18,2909.93000000
2008-07-21,3008.87000000
2008-07-22,3003.42000000
2008-07-23,2981.27000000
2008-07-24,3078.74000000
2008-07-25,3039.28000000
2008-07-28,3063.52000000
2008-07-29,3006.39000000
2008-07-30,2984.52000000
2008-07-31,2902.64000000
2008-08-01,2939.46000000
2008-08-04,2869.72000000
2008-08-05,2797.27000000
2008-08-06,2816.53000000
2008-08-07,2815.25000000
2008-08-08,2681.87000000
2008-08-11,2542.64000000
2008-08-12,2529.56000000
2008-08-13,2530.09000000
2008-08-14,2528.89000000
2008-08-15,2533.21000000
2008-08-18,2394.30000000
2008-08-19,2430.63000000
2008-08-20,2621.65000000
2008-08-21,2529.59000000
2008-08-22,2489.17000000
2008-08-25,2484.64000000
2008-08-26,2413.36000000
2008-08-27,2406.90000000
2008-08-28,2417.91000000
2008-08-29,2475.64000000
2008-09-01,2390.27000000
2008-09-02,2365.68000000
2008-09-03,2324.85000000
2008-09-04,2330.21000000
2008-09-05,2260.12000000
2008-09-08,2201.21000000
2008-09-09,2214.28000000
2008-09-10,2218.45000000
2008-09-11,2144.90000000
2008-09-12,2150.82000000
2008-09-16,2070.92000000
2008-09-17,1996.89000000
2008-09-18,1962.58000000
2008-09-19,2146.37000000
2008-09-22,2285.72000000
2008-09-23,2198.61000000
2008-09-24,2214.53000000
2008-09-25,2302.38000000
2008-09-26,2323.22000000
2008-10-06,2204.61000000
2008-10-07,2177.43000000
2008-10-08,2095.02000000
2008-10-09,2066.45000000
2008-10-10,1974.97000000
2008-10-13,2056.29000000
2008-10-14,2003.61000000
2008-10-15,1982.63000000
2008-10-16,1885.84000000
2008-10-17,1898.64000000
2008-10-20,1964.38000000
2008-10-21,1948.50000000
2008-10-22,1898.70000000
2008-10-23,1900.21000000
2008-10-24,1845.13000000
2008-10-27,1713.68000000
2008-10-28,1766.65000000
2008-10-29,1717.36000000
2008-10-30,1758.20000000
2008-10-31,1722.99000000
2008-11-03,1712.51000000
2008-11-04,1685.81000000
2008-11-05,1751.74000000
2008-11-06,1708.61000000
2008-11-07,1737.66000000
2008-11-10,1865.92000000
2008-11-11,1844.89000000
2008-11-12,1866.08000000
2008-11-13,1940.91000000
2008-11-14,2012.97000000
2008-11-17,2058.88000000
2008-11-18,1906.16000000
2008-11-19,2023.59000000
2008-11-20,2002.11000000
2008-11-21,1989.99000000
2008-11-24,1903.90000000
2008-11-25,1900.44000000
2008-11-26,1909.97000000
2008-11-27,1937.92000000
2008-11-28,1895.91000000
2008-12-01,1931.42000000
2008-12-02,1936.01000000
2008-12-03,2023.08000000
2008-12-04,2054.43000000
2008-12-05,2085.76000000
2008-12-08,2170.58000000
2008-12-09,2114.43000000
2008-12-10,2172.02000000
2008-12-11,2120.16000000
2008-12-12,2031.11000000
2008-12-15,2046.29000000
2008-12-16,2066.41000000
2008-12-17,2073.71000000
2008-12-18,2118.97000000
2008-12-19,2126.23000000
2008-12-22,2090.42000000
2008-12-23,1988.26000000
2008-12-24,1955.23000000
2008-12-25,1938.33000000
2008-12-26,1929.35000000
2008-12-29,1921.75000000
2008-12-30,1899.65000000
2008-12-31,1883.37000000
2009-01-05,1950.97000000
2009-01-06,2012.96000000
2009-01-07,2000.93000000
2009-01-08,1956.18000000
2009-01-09,1987.65000000
2009-01-12,1990.06000000
2009-01-13,1943.95000000
2009-01-14,2025.86000000
2009-01-15,2025.48000000
2009-01-16,2062.09000000
2009-01-19,2085.15000000
2009-01-20,2098.33000000
2009-01-21,2094.73000000
2009-01-22,2118.39000000
2009-01-23,2106.10000000
2009-02-02,2131.36000000
2009-02-03,2185.08000000
2009-02-04,2244.66000000
2009-02-05,2228.66000000
2009-02-06,2318.08000000
2009-02-09,2379.62000000
2009-02-10,2410.79000000
2009-02-11,2415.33000000
2009-02-12,2402.07000000
2009-02-13,2485.71000000
2009-02-16,2551.17000000
2009-02-17,2471.44000000
2009-02-18,2358.04000000
2009-02-19,2381.42000000
2009-02-20,2428.99000000
2009-02-23,2497.54000000
2009-02-24,2384.98000000
2009-02-25,2387.47000000
2009-02-26,2269.29000000
2009-02-27,2217.80000000
2009-03-02,2242.85000000
2009-03-03,2219.52000000
2009-03-04,2367.68000000
2009-03-05,2388.16000000
2009-03-06,2369.16000000
2009-03-09,2282.07000000
2009-03-10,2321.71000000
2009-03-11,2300.57000000
2009-03-12,2295.72000000
2009-03-13,2285.07000000
2009-03-16,2322.57000000
2009-03-17,2406.28000000
2009-03-18,2416.90000000
2009-03-19,2468.61000000
2009-03-20,2465.79000000
2009-03-23,2527.50000000
2009-03-24,2540.33000000
2009-03-25,2488.05000000
2009-03-26,2569.35000000
2009-03-27,2589.18000000
2009-03-30,2574.22000000
2009-03-31,2598.36000000
2009-04-01,2640.25000000
2009-04-02,2669.50000000
2009-04-03,2663.39000000
2009-04-07,2670.07000000
2009-04-08,2568.94000000
2009-04-09,2608.65000000
2009-04-10,2689.32000000
2009-04-13,2752.51000000
2009-04-14,2773.98000000
2009-04-15,2784.51000000
2009-04-16,2784.63000000
2009-04-17,2746.89000000
2009-04-20,2805.94000000
2009-04-21,2772.54000000
2009-04-22,2669.78000000
2009-04-23,2687.69000000
2009-04-24,2666.26000000
2009-04-27,2604.59000000
2009-04-28,2610.06000000
2009-04-29,2700.18000000
2009-04-30,2718.49000000
2009-05-04,2813.19000000
2009-05-05,2826.37000000
2009-05-06,2865.73000000
2009-05-07,2867.99000000
2009-05-08,2891.10000000
2009-05-11,2825.06000000
2009-05-12,2890.62000000
2009-05-13,2917.04000000
2009-05-14,2895.01000000
2009-05-15,2898.81000000
2009-05-18,2914.03000000
2009-05-19,2944.78000000
2009-05-20,2916.64000000
2009-05-21,2851.78000000
2009-05-22,2842.10000000
2009-05-25,2854.63000000
2009-05-26,2821.54000000
2009-05-27,2864.81000000
2009-06-01,2967.62000000
2009-06-02,2974.75000000
2009-06-03,3052.11000000
2009-06-04,3068.72000000
2009-06-05,3054.03000000
2009-06-08,3064.21000000
2009-06-09,3076.92000000
2009-06-10,3107.15000000
2009-06-11,3081.20000000
2009-06-12,3024.69000000
2009-06-15,3088.05000000
2009-06-16,3083.39000000
2009-06-17,3134.88000000
2009-06-18,3183.94000000
2009-06-19,3207.45000000
2009-06-22,3211.82000000
2009-06-23,3214.00000000
2009-06-24,3253.06000000
2009-06-25,3250.29000000
2009-06-26,3262.96000000
2009-06-29,3316.90000000
2009-06-30,3303.17000000
2009-07-01,3379.44000000
2009-07-02,3426.07000000
2009-07-03,3473.09000000
2009-07-06,3522.97000000
2009-07-07,3487.20000000
2009-07-08,3499.63000000
2009-07-09,3545.79000000
2009-07-10,3548.00000000
2009-07-13,3509.77000000
2009-07-14,3607.94000000
2009-07-15,3648.30000000
2009-07-16,3656.81000000
2009-07-17,3676.21000000
2009-07-20,3751.23000000
2009-07-21,3697.81000000
2009-07-22,3767.89000000
2009-07-23,3815.17000000
2009-07-24,3831.59000000
2009-07-27,3911.50000000
2009-07-28,3924.24000000
2009-07-29,3718.10000000
2009-07-30,3797.83000000
2009-07-31,3902.26000000
2009-08-03,3957.02000000
2009-08-04,3956.59000000
2009-08-05,3908.92000000
2009-08-06,3827.70000000
2009-08-07,3715.39000000
2009-08-10,3704.49000000
2009-08-11,3716.86000000
2009-08-12,3550.75000000
2009-08-13,3596.13000000
2009-08-14,3495.43000000
2009-08-17,3282.02000000
2009-08-18,3315.17000000
2009-08-19,3150.70000000
2009-08-20,3286.39000000
2009-08-21,3348.53000000
2009-08-24,3375.68000000
2009-08-25,3250.62000000
2009-08-26,3316.01000000
2009-08-27,3299.19000000
2009-08-28,3184.71000000
2009-08-31,2958.40000000
2009-09-01,2972.73000000
2009-09-02,3022.10000000
2009-09-03,3190.44000000
2009-09-04,3216.82000000
2009-09-07,3245.12000000
2009-09-08,3314.90000000
2009-09-09,3339.93000000
2009-09-10,3306.49000000
2009-09-11,3385.12000000
2009-09-14,3442.89000000
2009-09-15,3452.56000000
2009-09-16,3406.14000000
2009-09-17,3471.11000000
2009-09-18,3345.23000000
2009-09-21,3355.77000000
2009-09-22,3274.83000000
2009-09-23,3200.61000000
2009-09-24,3222.43000000
2009-09-25,3199.00000000
2009-09-28,3109.17000000
2009-09-29,3108.80000000
2009-09-30,3142.84000000
2009-10-09,3309.04000000
2009-10-12,3296.41000000
2009-10-13,3345.45000000
2009-10-14,3375.65000000
2009-10-15,3388.46000000
2009-10-16,3390.62000000
2009-10-19,3482.09000000
2009-10-20,3532.73000000
2009-10-21,3524.06000000
2009-10-22,3501.11000000
2009-10-23,3570.07000000
2009-10-26,3571.10000000
2009-10-27,3467.01000000
2009-10-28,3482.29000000
2009-10-29,3396.23000000
2009-10-30,3431.08000000
2009-11-02,3548.68000000
2009-11-03,3593.26000000
2009-11-04,3612.57000000
2009-11-05,3623.48000000
2009-11-06,3643.04000000
2009-11-09,3656.40000000
2009-11-10,3664.75000000
2009-11-11,3656.27000000
2009-11-12,3660.79000000
2009-11-13,3680.38000000
2009-11-16,3792.38000000
2009-11-17,3795.05000000
2009-11-18,3797.01000000
2009-11-19,3809.78000000
2009-11-20,3797.83000000
2009-11-23,3833.91000000
2009-11-24,3711.09000000
2009-11-25,3796.39000000
2009-11-26,3645.92000000
2009-11-27,3537.91000000
2009-11-30,3673.00000000
2009-12-01,3724.43000000
2009-12-02,3762.60000000
2009-12-03,3755.85000000
2009-12-04,3810.88000000
2009-12-07,3837.39000000
2009-12-08,3790.52000000
2009-12-09,3717.78000000
2009-12-10,3741.59000000
2009-12-11,3739.27000000
2009-12-14,3778.73000000
2009-12-15,3748.00000000
2009-12-16,3724.34000000
2009-12-17,3640.07000000
2009-12-18,3547.59000000
2009-12-21,3552.70000000
2009-12-22,3457.43000000
2009-12-23,3489.79000000
2009-12-24,3596.83000000
2009-12-25,3582.15000000
2009-12-28,3638.27000000
2009-12-29,3661.60000000
2009-12-30,3722.39000000
2009-12-31,3739.99000000
2010-01-04,3697.67000000
2010-01-05,3727.81000000
2010-01-06,3704.47000000
2010-01-07,3630.97000000
2010-01-08,3640.04000000
2010-01-11,3642.05000000
2010-01-12,3697.35000000
2010-01-13,3578.35000000
2010-01-14,3628.45000000
2010-01-15,3642.77000000
2010-01-18,3661.54000000
2010-01-19,3668.65000000
2010-01-20,3550.41000000
2010-01-21,3565.20000000
2010-01-22,3520.88000000
2010-01-25,3478.51000000
2010-01-26,3391.81000000
2010-01-27,3345.54000000
2010-01-28,3353.91000000
2010-01-29,3351.39000000
2010-02-01,3297.58000000
2010-02-02,3290.76000000
2010-02-03,3379.17000000
2010-02-04,3366.71000000
2010-02-05,3297.97000000
2010-02-08,3295.78000000
2010-02-09,3314.82000000
2010-02-10,3361.82000000
2010-02-11,3368.38000000
2010-02-12,3400.68000000
2010-02-22,3381.92000000
2010-02-23,3345.61000000
2010-02-24,3393.57000000
2010-02-25,3443.40000000
2010-02-26,3432.46000000
2010-03-01,3477.18000000
2010-03-02,3463.39000000
2010-03-03,3488.33000000
2010-03-04,3399.94000000
2010-03-05,3409.55000000
2010-03-08,3437.18000000
2010-03-09,3457.77000000
2010-03-10,3430.40000000
2010-03-11,3427.27000000
2010-03-12,3381.69000000
2010-03-15,3329.45000000
2010-03-16,3351.19000000
2010-03-17,3424.35000000
2010-03-18,3417.71000000
2010-03-19,3445.24000000
2010-03-22,3454.40000000
2010-03-23,3426.10000000
2010-03-24,3427.25000000
2010-03-25,3377.70000000
2010-03-26,3425.69000000
2010-03-29,3513.07000000
2010-03-30,3521.61000000
2010-03-31,3499.54000000
2010-04-01,3548.00000000
2010-04-02,3564.12000000
2010-04-06,3561.82000000
2010-04-07,3542.79000000
2010-04-08,3500.73000000
2010-04-09,3534.65000000
2010-04-12,3507.06000000
2010-04-13,3549.17000000
2010-04-14,3561.72000000
2010-04-15,3552.16000000
2010-04-16,3512.14000000
2010-04-19,3323.88000000
2010-04-20,3320.80000000
2010-04-21,3387.23000000
2010-04-22,3350.46000000
2010-04-23,3338.43000000
2010-04-26,3319.58000000
2010-04-27,3253.03000000
2010-04-28,3241.58000000
2010-04-29,3202.57000000
2010-04-30,3210.61000000
2010-05-04,3160.53000000
2010-05-05,3178.42000000
2010-05-06,3033.60000000
2010-05-07,2970.76000000
2010-05-10,2993.34000000
2010-05-11,2933.21000000
2010-05-12,2951.62000000
2010-05-13,3023.63000000
2010-05-14,3004.16000000
2010-05-17,2843.73000000
2010-05-18,2903.86000000
2010-05-19,2894.37000000
2010-05-20,2856.81000000
2010-05-21,2901.64000000
2010-05-24,3012.24000000
2010-05-25,2949.94000000
2010-05-26,2949.97000000
2010-05-27,2999.98000000
2010-05-28,2990.06000000
2010-05-31,2909.36000000
2010-06-01,2878.87000000
2010-06-02,2893.00000000
2010-06-03,2870.89000000
2010-06-04,2880.36000000
2010-06-07,2829.43000000
2010-06-08,2833.41000000
2010-06-09,2920.95000000
2010-06-10,2887.97000000
2010-06-11,2897.44000000
2010-06-17,2880.81000000
2010-06-18,2832.63000000
2010-06-21,2921.74000000
2010-06-22,2925.30000000
2010-06-23,2899.06000000
2010-06-24,2899.57000000
2010-06-25,2877.68000000
2010-06-28,2857.22000000
2010-06-29,2726.72000000
2010-06-30,2696.46000000
2010-07-01,2659.15000000
2010-07-02,2668.64000000
2010-07-05,2647.53000000
2010-07-06,2700.95000000
2010-07-07,2719.50000000
2010-07-08,2716.08000000
2010-07-09,2791.13000000
2010-07-12,2821.98000000
2010-07-13,2779.31000000
2010-07-14,2799.64000000
2010-07-15,2752.24000000
2010-07-16,2760.47000000
2010-07-19,2830.79000000
2010-07-20,2894.12000000
2010-07-21,2900.28000000
2010-07-22,2936.29000000
2010-07-23,2948.94000000
2010-07-26,2967.92000000
2010-07-27,2951.96000000
2010-07-28,3023.79000000
2010-07-29,3039.26000000
2010-07-30,3029.91000000
2010-08-02,3081.06000000
2010-08-03,3026.88000000
2010-08-04,3037.96000000
2010-08-05,3010.91000000
2010-08-06,3060.47000000
2010-08-09,3082.31000000
2010-08-10,2991.89000000
2010-08-11,3010.46000000
2010-08-12,2974.73000000
2010-08-13,3016.09000000
2010-08-16,3086.37000000
2010-08-17,3107.71000000
2010-08-18,3102.52000000
2010-08-19,3121.71000000
2010-08-20,3061.44000000
2010-08-23,3059.28000000
2010-08-24,3075.79000000
2010-08-25,3003.11000000
2010-08-26,3010.60000000
2010-08-27,3019.57000000
2010-08-30,3079.20000000
2010-08-31,3066.71000000
2010-09-01,3046.49000000
2010-09-02,3085.94000000
2010-09-03,3084.69000000
2010-09-06,3142.66000000
2010-09-07,3151.13000000
2010-09-08,3148.87000000
2010-09-09,3091.60000000
2010-09-10,3098.04000000
2010-09-13,3131.02000000
2010-09-14,3133.92000000
2010-09-15,3079.16000000
2010-09-16,3020.97000000
2010-09-17,3024.78000000
2010-09-20,3012.58000000
2010-09-21,3020.67000000
2010-09-27,3070.94000000
2010-09-28,3045.44000000
2010-09-29,3038.99000000
2010-09-30,3103.23000000
2010-10-08,3218.09000000
2010-10-11,3311.81000000
2010-10-12,3353.92000000
2010-10-13,3401.33000000
2010-10-14,3408.27000000
2010-10-15,3517.73000000
2010-10-18,3494.98000000
2010-10-19,3568.46000000
2010-10-20,3590.88000000
2010-10-21,3567.41000000
2010-10-22,3571.61000000
2010-10-25,3679.89000000
2010-10-26,3664.03000000
2010-10-27,3598.27000000
2010-10-28,3591.73000000
2010-10-29,3573.01000000
2010-11-01,3671.34000000
2010-11-02,3660.91000000
2010-11-03,3615.68000000
2010-11-04,3679.28000000
2010-11-05,3721.87000000
2010-11-08,3751.23000000
2010-11-09,3725.21000000
2010-11-10,3698.94000000
2010-11-11,3710.43000000
2010-11-12,3479.83000000
2010-11-15,3504.21000000
2010-11-16,3350.55000000
2010-11-17,3281.17000000
2010-11-18,3327.74000000
2010-11-19,3360.39000000
2010-11-22,3353.09000000
2010-11-23,3284.63000000
2010-11-24,3358.48000000
2010-11-25,3407.58000000
2010-11-26,3377.31000000
2010-11-29,3372.23000000
2010-11-30,3316.14000000
2010-12-01,3315.12000000
2010-12-02,3335.24000000
2010-12-03,3338.55000000
2010-12-06,3346.38000000
2010-12-07,3383.14000000
2010-12-08,3353.06000000
2010-12-09,3301.77000000
2010-12-10,3342.58000000
2010-12-13,3447.33000000
2010-12-14,3456.22000000
2010-12-15,3433.14000000
2010-12-16,3415.20000000
2010-12-17,3409.91000000
2010-12-20,3360.22000000
2010-12-21,3435.12000000
2010-12-22,3399.12000000
2010-12-23,3370.74000000
2010-12-24,3343.62000000
2010-12-27,3276.76000000
2010-12-28,3218.85000000
2010-12-29,3236.72000000
2010-12-30,3239.11000000
2010-12-31,3306.94000000
2011-01-04,3371.87000000
2011-01-05,3357.05000000
2011-01-06,3340.12000000
2011-01-07,3347.50000000
2011-01-10,3285.72000000
2011-01-11,3303.41000000
2011-01-12,3321.82000000
2011-01-13,3320.71000000
2011-01-14,3268.46000000
2011-01-17,3144.24000000
2011-01-18,3147.73000000
2011-01-19,3218.77000000
2011-01-20,3112.91000000
2011-01-21,3153.87000000
2011-01-24,3122.97000000
2011-01-25,3106.51000000
2011-01-26,3148.55000000
2011-01-27,3199.33000000
2011-01-28,3210.19000000
2011-01-31,3252.23000000
2011-02-01,3253.05000000
2011-02-09,3214.64000000
2011-02-10,3281.47000000
2011-02-11,3299.22000000
2011-02-14,3403.11000000
2011-02-15,3401.55000000
2011-02-16,3434.17000000
2011-02-17,3431.40000000
2011-02-18,3395.43000000
2011-02-21,3444.09000000
2011-02-22,3344.37000000
2011-02-23,3356.17000000
2011-02-24,3373.29000000
2011-02-25,3380.35000000
2011-02-28,3424.69000000
2011-03-01,3440.90000000
2011-03-02,3428.64000000
2011-03-03,3405.83000000
2011-03-04,3457.58000000
2011-03-07,3525.07000000
2011-03-08,3528.18000000
2011-03-09,3529.67000000
2011-03-10,3467.72000000
2011-03-11,3432.96000000
2011-03-14,3449.39000000
2011-03-15,3387.06000000
2011-03-16,3433.82000000
2011-03-17,3379.81000000
2011-03-18,3399.45000000
2011-03-21,3390.39000000
2011-03-22,3407.14000000
2011-03-23,3451.51000000
2011-03-24,3437.17000000
2011-03-25,3482.75000000
2011-03-28,3478.62000000
2011-03-29,3444.17000000
2011-03-30,3442.16000000
2011-03-31,3407.97000000
2011-04-01,3460.24000000
2011-04-06,3500.78000000
2011-04-07,3514.90000000
2011-04-08,3545.49000000
2011-04-11,3524.42000000
2011-04-12,3517.38000000
2011-04-13,3565.23000000
2011-04-14,3545.77000000
2011-04-15,3551.46000000
2011-04-18,3552.04000000
2011-04-19,3484.87000000
2011-04-20,3484.81000000
2011-04-21,3508.02000000
2011-04-22,3489.61000000
2011-04-25,3436.35000000
2011-04-26,3416.66000000
2011-04-27,3393.97000000
2011-04-28,3343.50000000
2011-04-29,3376.42000000
2011-05-03,3395.89000000
2011-05-04,3309.13000000
2011-05-05,3306.08000000
2011-05-06,3301.21000000
2011-05-09,3310.11000000
2011-05-10,3334.92000000
2011-05-11,3326.68000000
2011-05-12,3280.90000000
2011-05-13,3309.26000000
2011-05-16,3280.18000000
2011-05-17,3296.93000000
2011-05-18,3321.75000000
2011-05-19,3302.01000000
2011-05-20,3303.11000000
2011-05-23,3198.83000000
2011-05-24,3202.40000000
2011-05-25,3164.52000000
2011-05-26,3152.02000000
2011-05-27,3136.67000000
2011-05-30,3127.80000000
2011-05-31,3178.19000000
2011-06-01,3181.68000000
2011-06-02,3130.55000000
2011-06-03,3164.84000000
2011-06-07,3184.20000000
2011-06-08,3188.86000000
2011-06-09,3131.43000000
2011-06-10,3145.20000000
2011-06-13,3136.11000000
2011-06-14,3182.17000000
2011-06-15,3151.75000000
2011-06-16,3105.88000000
2011-06-17,3079.27000000
2011-06-20,3061.77000000
2011-06-21,3098.89000000
2011-06-22,3098.99000000
2011-06-23,3153.04000000
2011-06-24,3229.79000000
2011-06-27,3239.41000000
2011-06-28,3245.28000000
2011-06-29,3202.29000000
2011-06-30,3249.17000000
2011-07-01,3256.37000000
2011-07-04,3334.06000000
2011-07-05,3335.54000000
2011-07-06,3326.46000000
2011-07-07,3313.90000000
2011-07-08,3322.51000000
2011-07-11,3326.97000000
2011-07-12,3267.02000000
2011-07-13,3320.00000000
2011-07-14,3330.60000000
2011-07-15,3345.21000000
2011-07-18,3338.78000000
2011-07-19,3309.84000000
2011-07-20,3306.04000000
2011-07-21,3272.14000000
2011-07-22,3281.74000000
2011-07-25,3175.13000000
2011-07-26,3185.31000000
2011-07-27,3209.16000000
2011-07-28,3188.86000000
2011-07-29,3179.51000000
2011-08-01,3185.83000000
2011-08-02,3163.00000000
2011-08-03,3161.40000000
2011-08-04,3167.22000000
2011-08-05,3099.93000000
2011-08-08,2989.31000000
2011-08-09,2993.90000000
2011-08-10,3021.64000000
2011-08-11,3067.44000000
2011-08-12,3076.64000000
2011-08-15,3122.21000000
2011-08-16,3100.48000000
2011-08-17,3088.18000000
2011-08-18,3032.80000000
2011-08-19,3004.34000000
2011-08-22,2972.37000000
2011-08-23,3018.97000000
2011-08-24,3007.31000000
2011-08-25,3107.72000000
2011-08-26,3104.91000000
2011-08-29,3053.11000000
2011-08-30,3041.26000000
2011-08-31,3046.65000000
2011-09-01,3033.55000000
2011-09-02,3001.00000000
2011-09-05,2936.74000000
2011-09-06,2914.79000000
2011-09-07,2974.50000000
2011-09-08,2949.89000000
2011-09-09,2944.53000000
2011-09-13,2911.55000000
2011-09-14,2925.28000000
2011-09-15,2921.28000000
2011-09-16,2926.57000000
2011-09-19,2868.23000000
2011-09-20,2879.65000000
2011-09-21,2966.54000000
2011-09-22,2875.20000000
2011-09-23,2857.87000000
2011-09-26,2795.18000000
2011-09-27,2824.05000000
2011-09-28,2794.83000000
2011-09-29,2770.85000000
2011-09-30,2763.53000000
2011-10-10,2737.55000000
2011-10-11,2732.10000000
2011-10-12,2831.41000000
2011-10-13,2850.51000000
2011-10-14,2841.07000000
2011-10-17,2855.17000000
2011-10-18,2775.15000000
2011-10-19,2765.42000000
2011-10-20,2698.45000000
2011-10-21,2684.90000000
2011-10-24,2758.55000000
2011-10-25,2810.75000000
2011-10-26,2838.84000000
2011-10-27,2845.08000000
2011-10-28,2900.26000000
2011-10-31,2885.58000000
2011-11-01,2887.96000000
2011-11-02,2935.99000000
2011-11-03,2938.03000000
2011-11-04,2958.85000000
2011-11-07,2929.41000000
2011-11-08,2920.27000000
2011-11-09,2945.90000000
2011-11-10,2890.16000000
2011-11-11,2885.33000000
2011-11-14,2944.42000000
2011-11-15,2938.52000000
2011-11-16,2858.69000000
2011-11-17,2850.02000000
2011-11-18,2790.57000000
2011-11-21,2793.99000000
2011-11-22,2793.76000000
2011-11-23,2766.50000000
2011-11-24,2771.75000000
2011-11-25,2751.47000000
2011-11-28,2755.20000000
2011-11-29,2792.94000000
2011-11-30,2699.74000000
2011-12-01,2766.22000000
2011-12-02,2738.06000000
2011-12-05,2699.60000000
2011-12-06,2694.20000000
2011-12-07,2706.92000000
2011-12-08,2703.47000000
2011-12-09,2680.41000000
2011-12-12,2652.82000000
2011-12-13,2593.11000000
2011-12-14,2566.94000000
2011-12-15,2506.24000000
2011-12-16,2559.06000000
2011-12-19,2552.94000000
2011-12-20,2545.18000000
2011-12-21,2504.53000000
2011-12-22,2506.92000000
2011-12-23,2526.00000000
2011-12-26,2500.88000000
2011-12-27,2468.05000000
2011-12-28,2471.15000000
2011-12-29,2474.82000000
2011-12-30,2511.63000000
2012-01-04,2461.32000000
2012-01-05,2437.37000000
2012-01-06,2452.59000000
2012-01-09,2536.08000000
2012-01-10,2620.42000000
2012-01-11,2607.85000000
2012-01-12,2607.44000000
2012-01-13,2563.66000000
2012-01-16,2511.53000000
2012-01-17,2634.61000000
2012-01-18,2593.49000000
2012-01-19,2642.91000000
2012-01-20,2681.17000000
2012-01-30,2634.74000000
2012-01-31,2638.53000000
2012-02-01,2600.77000000
2012-02-02,2662.06000000
2012-02-03,2683.32000000
2012-02-06,2681.43000000
2012-02-07,2631.78000000
2012-02-08,2707.03000000
2012-02-09,2708.10000000
2012-02-10,2712.80000000
2012-02-13,2711.04000000
2012-02-14,2700.47000000
2012-02-15,2729.91000000
2012-02-16,2715.42000000
2012-02-17,2716.51000000
2012-02-20,2720.38000000
2012-02-21,2743.67000000
2012-02-22,2781.17000000
2012-02-23,2790.57000000
2012-02-24,2835.28000000
2012-02-27,2844.44000000
2012-02-28,2850.75000000
2012-02-29,2820.43000000
2012-03-01,2819.57000000
2012-03-02,2869.46000000
2012-03-05,2851.00000000
2012-03-06,2806.41000000
2012-03-07,2787.09000000
2012-03-08,2822.19000000
2012-03-09,2852.72000000
2012-03-12,2842.12000000
2012-03-13,2870.70000000
2012-03-14,2789.36000000
2012-03-15,2768.42000000
2012-03-16,2809.07000000
2012-03-19,2816.03000000
2012-03-20,2767.24000000
2012-03-21,2770.82000000
2012-03-22,2766.49000000
2012-03-23,2733.50000000
2012-03-26,2736.28000000
2012-03-27,2727.39000000
2012-03-28,2650.04000000
2012-03-29,2616.11000000
2012-03-30,2628.72000000
2012-04-05,2690.79000000
2012-04-06,2698.28000000
2012-04-09,2671.85000000
2012-04-10,2698.24000000
2012-04-11,2698.57000000
2012-04-12,2752.77000000
2012-04-13,2763.49000000
2012-04-16,2756.63000000
2012-04-17,2722.19000000
2012-04-18,2784.40000000
2012-04-19,2780.43000000
2012-04-20,2813.40000000
2012-04-23,2791.12000000
2012-04-24,2790.23000000
2012-04-25,2812.85000000
2012-04-26,2818.89000000
2012-04-27,2813.18000000
2012-05-02,2874.59000000
2012-05-03,2883.20000000
2012-05-04,2909.56000000
2012-05-07,2913.24000000
2012-05-08,2903.96000000
2012-05-09,2848.81000000
2012-05-10,2848.73000000
2012-05-11,2827.17000000
2012-05-14,2804.37000000
2012-05-15,2806.52000000
2012-05-16,2761.33000000
2012-05-17,2803.52000000
2012-05-18,2761.20000000
2012-05-21,2775.52000000
2012-05-22,2818.82000000
2012-05-23,2807.42000000
2012-05-24,2784.47000000
2012-05-25,2760.93000000
2012-05-28,2806.31000000
2012-05-29,2845.20000000
2012-05-30,2835.97000000
2012-05-31,2827.63000000
2012-06-01,2829.20000000
2012-06-04,2749.94000000
2012-06-05,2750.08000000
2012-06-06,2748.85000000
2012-06-07,2736.05000000
2012-06-08,2718.12000000
2012-06-11,2757.53000000
2012-06-12,2739.55000000
2012-06-13,2783.84000000
2012-06-14,2764.38000000
2012-06-15,2773.48000000
2012-06-18,2788.63000000
2012-06-19,2764.86000000
2012-06-20,2759.85000000
2012-06-21,2716.62000000
2012-06-25,2658.76000000
2012-06-26,2662.82000000
2012-06-27,2654.51000000
2012-06-28,2631.75000000
2012-06-29,2670.81000000
2012-07-02,2675.55000000
2012-07-03,2679.47000000
2012-07-04,2675.61000000
2012-07-05,2640.36000000
2012-07-06,2687.56000000
2012-07-09,2626.87000000
2012-07-10,2617.07000000
2012-07-11,2638.30000000
2012-07-12,2664.51000000
2012-07-13,2666.64000000
2012-07-16,2612.04000000
2012-07-17,2628.17000000
2012-07-18,2628.64000000
2012-07-19,2641.09000000
2012-07-20,2613.15000000
2012-07-23,2577.20000000
2012-07-24,2588.70000000
2012-07-25,2571.45000000
2012-07-26,2557.78000000
2012-07-27,2559.67000000
2012-07-30,2545.46000000
2012-07-31,2542.33000000
2012-08-01,2570.37000000
2012-08-02,2546.26000000
2012-08-03,2567.42000000
2012-08-06,2602.29000000
2012-08-07,2605.85000000
2012-08-08,2607.40000000
2012-08-09,2631.34000000
2012-08-10,2618.39000000
2012-08-13,2566.57000000
2012-08-14,2572.12000000
2012-08-15,2544.40000000
2012-08-16,2531.49000000
2012-08-17,2525.43000000
2012-08-20,2512.77000000
2012-08-21,2525.80000000
2012-08-22,2506.07000000
2012-08-23,2513.29000000
2012-08-24,2484.34000000
2012-08-27,2432.51000000
2012-08-28,2443.69000000
2012-08-29,2417.93000000
2012-08-30,2414.17000000
2012-08-31,2407.07000000
2012-09-03,2434.60000000
2012-09-04,2408.42000000
2012-09-05,2403.47000000
2012-09-06,2423.08000000
2012-09-07,2531.63000000
2012-09-10,2542.03000000
2012-09-11,2525.88000000
2012-09-12,2534.82000000
2012-09-13,2511.21000000
2012-09-14,2529.87000000
2012-09-17,2468.00000000
2012-09-18,2442.64000000
2012-09-19,2454.66000000
2012-09-20,2399.71000000
2012-09-21,2403.11000000
2012-09-24,2421.09000000
2012-09-25,2415.23000000
2012-09-26,2387.89000000
2012-09-27,2460.93000000
2012-09-28,2506.22000000
2012-10-08,2481.03000000
2012-10-09,2535.79000000
2012-10-10,2540.11000000
2012-10-11,2516.52000000
2012-10-12,2518.71000000
2012-10-15,2508.13000000
2012-10-16,2511.75000000
2012-10-17,2514.63000000
2012-10-18,2553.24000000
2012-10-19,2549.43000000
2012-10-22,2559.40000000
2012-10-23,2527.17000000
2012-10-24,2522.48000000
2012-10-25,2504.40000000
2012-10-26,2457.03000000
2012-10-29,2443.86000000
2012-10-30,2448.26000000
2012-10-31,2464.59000000
2012-11-01,2511.66000000
2012-11-02,2521.43000000
2012-11-05,2516.08000000
2012-11-06,2505.51000000
2012-11-07,2500.37000000
2012-11-08,2454.35000000
2012-11-09,2449.50000000
2012-11-12,2461.44000000
2012-11-13,2418.36000000
2012-11-14,2430.02000000
2012-11-15,2397.79000000
2012-11-16,2379.88000000
2012-11-19,2377.42000000
2012-11-20,2366.38000000
2012-11-21,2399.18000000
2012-11-22,2380.22000000
2012-11-23,2396.76000000
2012-11-26,2378.09000000
2012-11-27,2350.81000000
2012-11-28,2327.33000000
2012-11-29,2312.59000000
2012-11-30,2338.81000000
2012-12-03,2305.13000000
2012-12-04,2329.86000000
2012-12-05,2413.37000000
2012-12-06,2408.70000000
2012-12-07,2455.87000000
2012-12-10,2482.42000000
2012-12-11,2468.71000000
2012-12-12,2478.84000000
2012-12-13,2451.37000000
2012-12-14,2575.13000000
2012-12-17,2586.98000000
2012-12-18,2588.53000000
2012-12-19,2591.80000000
2012-12-20,2606.78000000
2012-12-21,2592.77000000
2012-12-24,2602.85000000
2012-12-25,2676.28000000
2012-12-26,2686.36000000
2012-12-27,2672.12000000
2012-12-28,2710.88000000
2012-12-31,2757.77000000
2013-01-04,2759.37000000
2013-01-07,2772.02000000
2013-01-08,2760.37000000
2013-01-09,2761.24000000
2013-01-10,2766.10000000
2013-01-11,2714.35000000
2013-01-14,2817.64000000
2013-01-15,2837.46000000
2013-01-16,2816.95000000
2013-01-17,2790.35000000
2013-01-18,2837.01000000
2013-01-21,2853.90000000
2013-01-22,2838.60000000
2013-01-23,2850.14000000
2013-01-24,2823.14000000
2013-01-25,2811.03000000
2013-01-28,2898.68000000
2013-01-29,2924.92000000
2013-01-30,2938.96000000
2013-01-31,2936.96000000
2013-02-01,2998.66000000
2013-02-04,3003.80000000
2013-02-05,3029.65000000
2013-02-06,3034.20000000
2013-02-07,3016.74000000
2013-02-08,3029.70000000
2013-02-18,2992.26000000
2013-02-19,2935.57000000
2013-02-20,2954.18000000
2013-02-21,2853.52000000
2013-02-22,2838.28000000
2013-02-25,2847.41000000
2013-02-26,2806.57000000
2013-02-27,2836.17000000
2013-02-28,2922.14000000
2013-03-01,2917.23000000
2013-03-04,2782.66000000
2013-03-05,2866.92000000
2013-03-06,2896.87000000
2013-03-07,2863.28000000
2013-03-08,2849.56000000
2013-03-11,2833.65000000
2013-03-12,2793.48000000
2013-03-13,2762.73000000
2013-03-14,2770.15000000
2013-03-15,2776.27000000
2013-03-18,2735.41000000
2013-03-19,2760.22000000
2013-03-20,2853.22000000
2013-03-21,2858.58000000
2013-03-22,2862.21000000
2013-03-25,2856.51000000
2013-03-26,2814.92000000
2013-03-27,2824.19000000
2013-03-28,2732.12000000
2013-03-29,2727.51000000
2013-04-01,2725.43000000
2013-04-02,2718.00000000
2013-04-03,2714.92000000
2013-04-08,2702.62000000
2013-04-09,2721.35000000
2013-04-10,2716.85000000
2013-04-11,2708.82000000
2013-04-12,2691.77000000
2013-04-15,2664.22000000
2013-04-16,2689.15000000
2013-04-17,2687.92000000
2013-04-18,2694.90000000
2013-04-19,2770.31000000
2013-04-22,2766.99000000
2013-04-23,2678.24000000
2013-04-24,2728.65000000
2013-04-25,2698.36000000
2013-04-26,2675.93000000
2013-05-02,2678.49000000
2013-05-03,2726.46000000
2013-05-06,2762.62000000
2013-05-07,2767.00000000
2013-05-08,2781.07000000
2013-05-09,2764.75000000
2013-05-10,2779.05000000
2013-05-13,2768.07000000
2013-05-14,2727.30000000
2013-05-15,2742.35000000
2013-05-16,2793.65000000
2013-05-17,2836.87000000
2013-05-20,2857.00000000
2013-05-21,2862.80000000
2013-05-22,2866.74000000
2013-05-23,2829.16000000
2013-05-24,2845.34000000
2013-05-27,2848.34000000
2013-05-28,2897.57000000
2013-05-29,2895.64000000
2013-05-30,2886.82000000
2013-05-31,2856.76000000
2013-06-03,2856.57000000
2013-06-04,2816.45000000
2013-06-05,2812.11000000
2013-06-06,2777.73000000
2013-06-07,2732.89000000
2013-06-13,2645.17000000
2013-06-14,2664.20000000
2013-06-17,2650.37000000
2013-06-18,2668.36000000
2013-06-19,2649.69000000
2013-06-20,2562.65000000
2013-06-21,2559.80000000
2013-06-24,2398.48000000
2013-06-25,2392.49000000
2013-06-26,2398.07000000
2013-06-27,2391.77000000
2013-06-28,2438.25000000
2013-07-01,2453.76000000
2013-07-02,2463.42000000
2013-07-03,2445.76000000
2013-07-04,2466.82000000
2013-07-05,2473.35000000
2013-07-08,2405.48000000
2013-07-09,2404.59000000
2013-07-10,2473.09000000
2013-07-11,2592.22000000
2013-07-12,2535.26000000
2013-07-15,2570.96000000
2013-07-16,2582.91000000
2013-07-17,2544.52000000
2013-07-18,2503.41000000
2013-07-19,2442.43000000
2013-07-22,2458.26000000
2013-07-23,2529.34000000
2013-07-24,2511.92000000
2013-07-25,2500.12000000
2013-07-26,2485.15000000
2013-07-29,2431.59000000
2013-07-30,2446.58000000
2013-07-31,2451.31000000
2013-08-01,2509.82000000
2013-08-02,2512.03000000
2013-08-05,2546.98000000
2013-08-06,2564.29000000
2013-08-07,2549.73000000
2013-08-08,2546.54000000
2013-08-09,2557.11000000
2013-08-12,2631.81000000
2013-08-13,2638.86000000
2013-08-14,2627.69000000
2013-08-15,2597.06000000
2013-08-16,2577.84000000
2013-08-19,2608.65000000
2013-08-20,2587.54000000
2013-08-21,2583.42000000
2013-08-22,2578.66000000
2013-08-23,2559.63000000
2013-08-26,2614.12000000
2013-08-27,2620.01000000
2013-08-28,2605.70000000
2013-08-29,2594.80000000
2013-08-30,2589.87000000
2013-09-02,2597.07000000
2013-09-03,2635.30000000
2013-09-04,2631.05000000
2013-09-05,2621.01000000
2013-09-06,2638.97000000
2013-09-09,2731.68000000
2013-09-10,2772.36000000
2013-09-11,2781.31000000
2013-09-12,2809.39000000
2013-09-13,2788.61000000
2013-09-16,2776.83000000
2013-09-17,2719.61000000
2013-09-18,2725.42000000
2013-09-23,2769.99000000
2013-09-24,2738.17000000
2013-09-25,2721.53000000
2013-09-26,2671.57000000
2013-09-27,2683.37000000
2013-09-30,2699.12000000
2013-10-08,2735.87000000
2013-10-09,2749.06000000
2013-10-10,2721.90000000
2013-10-11,2765.81000000
2013-10-14,2770.33000000
2013-10-15,2764.70000000
2013-10-16,2713.00000000
2013-10-17,2703.99000000
2013-10-18,2718.29000000
2013-10-21,2769.02000000
2013-10-22,2740.52000000
2013-10-23,2709.82000000
2013-10-24,2689.67000000
2013-10-25,2653.87000000
2013-10-28,2650.99000000
2013-10-29,2657.83000000
2013-10-30,2697.51000000
2013-10-31,2659.69000000
2013-11-01,2672.29000000
2013-11-04,2667.24000000
2013-11-05,2670.96000000
2013-11-06,2637.12000000
2013-11-07,2622.53000000
2013-11-08,2586.00000000
2013-11-11,2594.90000000
2013-11-12,2621.91000000
2013-11-13,2563.78000000
2013-11-14,2582.14000000
2013-11-15,2633.94000000
2013-11-18,2721.53000000
2013-11-19,2702.77000000
2013-11-20,2716.99000000
2013-11-21,2700.34000000
2013-11-22,2686.86000000
2013-11-25,2676.40000000
2013-11-26,2675.04000000
2013-11-27,2705.37000000
2013-11-28,2733.43000000
2013-11-29,2732.79000000
2013-12-02,2710.20000000
2013-12-03,2737.09000000
2013-12-04,2773.34000000
2013-12-05,2765.56000000
2013-12-06,2747.74000000
2013-12-09,2746.15000000
2013-12-10,2748.90000000
2013-12-11,2703.45000000
2013-12-12,2700.37000000
2013-12-13,2696.59000000
2013-12-16,2653.21000000
2013-12-17,2640.27000000
2013-12-18,2641.22000000
2013-12-19,2613.42000000
2013-12-20,2552.60000000
2013-12-23,2559.85000000
2013-12-24,2563.93000000
2013-12-25,2582.83000000
2013-12-26,2538.26000000
2013-12-27,2581.00000000
2013-12-30,2576.50000000
2013-12-31,2610.75000000
2014-01-02,2601.73000000
2014-01-03,2566.77000000
2014-01-06,2508.35000000
2014-01-07,2507.63000000
2014-01-08,2512.02000000
2014-01-09,2489.95000000
2014-01-10,2470.49000000
2014-01-13,2457.97000000
2014-01-14,2479.45000000
2014-01-15,2475.07000000
2014-01-16,2478.34000000
2014-01-17,2440.97000000
2014-01-20,2426.97000000
2014-01-21,2450.96000000
2014-01-22,2514.14000000
2014-01-23,2500.82000000
2014-01-24,2516.27000000
2014-01-27,2482.92000000
2014-01-28,2487.34000000
2014-01-29,2496.22000000
2014-01-30,2467.83000000
2014-02-07,2479.07000000
2014-02-10,2540.76000000
2014-02-11,2560.96000000
2014-02-12,2567.46000000
2014-02-13,2554.36000000
2014-02-14,2572.31000000
2014-02-17,2590.32000000
2014-02-18,2557.60000000
2014-02-19,2586.97000000
2014-02-20,2563.19000000
2014-02-21,2537.26000000
2014-02-24,2481.48000000
2014-02-25,2418.05000000
2014-02-26,2424.21000000
2014-02-27,2413.79000000
2014-02-28,2441.65000000
2014-03-03,2454.43000000
2014-03-04,2447.59000000
2014-03-05,2424.85000000
2014-03-06,2435.67000000
2014-03-07,2429.76000000
2014-03-10,2350.68000000
2014-03-11,2362.87000000
2014-03-12,2369.00000000
2014-03-13,2398.36000000
2014-03-14,2378.75000000
2014-03-17,2401.39000000
2014-03-18,2395.89000000
2014-03-19,2376.55000000
2014-03-20,2338.56000000
2014-03-21,2419.05000000
2014-03-24,2438.94000000
2014-03-25,2436.58000000
2014-03-26,2432.77000000
2014-03-27,2415.84000000
2014-03-28,2411.64000000
2014-03-31,2405.30000000
2014-04-01,2424.14000000
2014-04-02,2443.88000000
2014-04-03,2426.26000000
2014-04-04,2449.19000000
2014-04-08,2507.30000000
2014-04-09,2508.76000000
2014-04-10,2548.14000000
2014-04-11,2544.69000000
2014-04-14,2542.45000000
2014-04-15,2498.58000000
2014-04-16,2502.16000000
2014-04-17,2493.51000000
2014-04-18,2493.14000000
2014-04-21,2451.41000000
2014-04-22,2462.13000000
2014-04-23,2459.82000000
2014-04-24,2455.72000000
2014-04-25,2430.44000000
2014-04-28,2393.63000000
2014-04-29,2419.98000000
2014-04-30,2420.90000000
2014-05-05,2418.45000000
2014-05-06,2419.51000000
2014-05-07,2397.12000000
2014-05-08,2397.56000000
2014-05-09,2395.78000000
2014-05-12,2447.63000000
2014-05-13,2441.79000000
2014-05-14,2439.58000000
2014-05-15,2407.86000000
2014-05-16,2410.37000000
2014-05-19,2376.03000000
2014-05-20,2376.74000000
2014-05-21,2399.52000000
2014-05-22,2394.71000000
2014-05-23,2415.25000000
2014-05-26,2424.18000000
2014-05-27,2414.67000000
2014-05-28,2439.75000000
2014-05-29,2423.82000000
2014-05-30,2425.42000000
2014-06-03,2418.50000000
2014-06-04,2394.15000000
2014-06-05,2419.70000000
2014-06-06,2403.90000000
2014-06-09,2403.52000000
2014-06-10,2433.91000000
2014-06-11,2433.34000000
2014-06-12,2425.69000000
2014-06-13,2452.25000000
2014-06-16,2470.65000000
2014-06-17,2447.65000000
2014-06-18,2438.22000000
2014-06-19,2400.96000000
2014-06-20,2414.63000000
2014-06-23,2413.00000000
2014-06-24,2428.91000000
2014-06-25,2418.37000000
2014-06-26,2436.80000000
2014-06-27,2440.02000000
2014-06-30,2457.31000000
2014-07-01,2457.40000000
2014-07-02,2465.16000000
2014-07-03,2478.06000000
2014-07-04,2477.07000000
2014-07-07,2474.69000000
2014-07-08,2479.45000000
2014-07-09,2444.37000000
2014-07-10,2440.66000000
2014-07-11,2454.79000000
2014-07-14,2483.43000000
2014-07-15,2487.38000000
2014-07-16,2483.52000000
2014-07-17,2470.57000000
2014-07-18,2482.89000000
2014-07-21,2485.36000000
2014-07-22,2515.91000000
2014-07-23,2521.92000000
2014-07-24,2567.15000000
2014-07-25,2594.92000000
2014-07-28,2668.09000000
2014-07-29,2677.18000000
2014-07-30,2668.48000000
2014-07-31,2701.33000000
2014-08-01,2677.44000000
2014-08-04,2730.56000000
2014-08-05,2723.54000000
2014-08-06,2716.73000000
2014-08-07,2675.62000000
2014-08-08,2680.87000000
2014-08-11,2720.22000000
2014-08-12,2710.72000000
2014-08-13,2712.96000000
2014-08-14,2686.55000000
2014-08-15,2715.69000000
2014-08-18,2731.71000000
2014-08-19,2732.10000000
2014-08-20,2722.61000000
2014-08-21,2708.97000000
2014-08-22,2721.79000000
2014-08-25,2695.90000000
2014-08-26,2674.34000000
2014-08-27,2678.45000000
2014-08-28,2659.67000000
2014-08-29,2690.75000000
2014-09-01,2710.35000000
2014-09-02,2746.18000000
2014-09-03,2771.93000000
2014-09-04,2791.94000000
2014-09-05,2818.45000000
2014-09-09,2813.81000000
2014-09-10,2799.09000000
2014-09-11,2788.75000000
2014-09-12,2806.50000000
2014-09-15,2805.16000000
2014-09-16,2749.42000000
2014-09-17,2763.88000000
2014-09-18,2772.33000000
2014-09-19,2791.70000000
2014-09-22,2738.42000000
2014-09-23,2762.06000000
2014-09-24,2811.13000000
2014-09-25,2805.49000000
2014-09-26,2805.76000000
2014-09-29,2818.00000000
2014-09-30,2821.67000000
2014-10-08,2853.21000000
2014-10-09,2857.32000000
2014-10-10,2839.90000000
2014-10-13,2826.26000000
2014-10-14,2816.61000000
2014-10-15,2836.54000000
2014-10-16,2814.12000000
2014-10-17,2811.05000000
2014-10-20,2825.99000000
2014-10-21,2801.45000000
2014-10-22,2784.47000000
2014-10-23,2758.33000000
2014-10-24,2752.36000000
2014-10-27,2727.18000000
2014-10-28,2782.23000000
2014-10-29,2822.22000000
2014-10-30,2842.41000000
2014-10-31,2887.77000000
2014-11-03,2892.63000000
2014-11-04,2893.35000000
2014-11-05,2882.33000000
2014-11-06,2885.35000000
2014-11-07,2880.84000000
2014-11-10,2954.04000000
2014-11-11,2945.84000000
2014-11-12,2986.95000000
2014-11-13,2970.22000000
2014-11-14,2971.76000000
2014-11-17,2955.65000000
2014-11-18,2926.08000000
2014-11-19,2921.25000000
2014-11-20,2921.11000000
2014-11-21,2974.48000000
2014-11-24,3050.25000000
2014-11-25,3092.04000000
2014-11-26,3135.17000000
2014-11-27,3171.41000000
2014-11-28,3233.96000000
2014-12-01,3246.62000000
2014-12-02,3366.50000000
2014-12-03,3416.71000000
2014-12-04,3574.22000000
2014-12-05,3597.86000000
2014-12-08,3745.23000000
2014-12-09,3577.17000000
2014-12-10,3709.16000000
2014-12-11,3664.79000000
2014-12-12,3676.55000000
2014-12-15,3704.35000000
2014-12-16,3803.57000000
2014-12-17,3869.43000000
2014-12-18,3852.54000000
2014-12-19,3895.41000000
2014-12-22,3908.44000000
2014-12-23,3828.35000000
2014-12-24,3719.50000000
2014-12-25,3840.44000000
2014-12-26,3967.65000000
2014-12-29,3978.72000000
2014-12-30,3981.14000000
2014-12-31,4068.82000000
2015-01-05,4192.99000000
2015-01-06,4192.43000000
2015-01-07,4195.58000000
2015-01-08,4098.25000000
2015-01-09,4084.72000000
2015-01-12,4046.55000000
2015-01-13,4047.08000000
2015-01-14,4033.70000000
2015-01-15,4150.82000000
2015-01-16,4186.56000000
2015-01-19,3864.09000000
2015-01-20,3911.39000000
2015-01-21,4087.21000000
2015-01-22,4108.78000000
2015-01-23,4113.52000000
2015-01-26,4155.27000000
2015-01-27,4117.21000000
2015-01-28,4060.07000000
2015-01-29,4009.95000000
2015-01-30,3955.35000000
2015-02-02,3862.72000000
2015-02-03,3958.87000000
2015-02-04,3917.78000000
2015-02-05,3877.67000000
2015-02-06,3814.88000000
2015-02-09,3853.46000000
2015-02-10,3923.74000000
2015-02-11,3955.04000000
2015-02-12,3965.12000000
2015-02-13,3996.16000000
2015-02-16,4030.32000000
2015-02-17,4056.62000000
2015-02-25,4006.41000000
2015-02-26,4107.26000000
2015-02-27,4114.80000000
2015-03-02,4147.54000000
2015-03-03,4040.01000000
2015-03-04,4066.41000000
2015-03-05,4026.70000000
2015-03-06,4006.17000000
2015-03-09,4074.39000000
2015-03-10,4054.65000000
2015-03-11,4059.30000000
2015-03-12,4137.84000000
2015-03-13,4166.41000000
2015-03-16,4267.78000000
2015-03-17,4327.04000000
2015-03-18,4429.46000000
2015-03-19,4422.18000000
2015-03-20,4483.03000000
2015-03-23,4574.58000000
2015-03-24,4575.71000000
2015-03-25,4538.13000000
2015-03-26,4549.17000000
2015-03-27,4574.16000000
2015-03-30,4708.31000000
2015-03-31,4665.73000000
2015-04-01,4749.44000000
2015-04-02,4750.46000000
2015-04-03,4803.16000000
2015-04-07,4906.24000000
2015-04-08,4947.43000000
2015-04-09,4909.06000000
2015-04-10,5003.83000000
2015-04-13,5092.59000000
2015-04-14,5112.61000000
2015-04-15,5046.73000000
2015-04-16,5200.04000000
2015-04-17,5295.19000000
2015-04-20,5209.69000000
2015-04-21,5321.72000000
2015-04-22,5460.85000000
2015-04-23,5462.12000000
2015-04-24,5418.12000000
2015-04-27,5539.03000000
2015-04-28,5463.30000000
2015-04-29,5500.89000000
2015-04-30,5474.64000000
2015-05-04,5518.49000000
2015-05-05,5298.45000000
2015-05-06,5248.29000000
2015-05-07,5152.35000000
2015-05-08,5254.69000000
2015-05-11,5407.13000000
2015-05-12,5472.99000000
2015-05-13,5439.79000000
2015-05-14,5419.85000000
2015-05-15,5324.13000000
2015-05-18,5275.59000000
2015-05-19,5455.72000000
2015-05-20,5483.97000000
2015-05-21,5583.63000000
2015-05-22,5711.57000000
2015-05-25,5882.48000000
2015-05-26,5997.45000000
2015-05-27,5980.52000000
2015-05-28,5580.91000000
2015-05-29,5588.83000000
2015-06-01,5860.76000000
2015-06-02,5959.84000000
2015-06-03,5942.72000000
2015-06-04,5986.63000000
2015-06-05,6043.57000000
2015-06-08,6186.02000000
2015-06-09,6144.36000000
2015-06-10,6135.84000000
2015-06-11,6133.88000000
2015-06-12,6167.41000000
2015-06-15,6036.45000000
2015-06-16,5857.22000000
2015-06-17,5943.06000000
2015-06-18,5702.82000000
2015-06-19,5366.76000000
2015-06-23,5543.55000000
2015-06-24,5652.77000000
2015-06-25,5452.22000000
2015-06-26,5024.71000000
2015-06-29,4857.12000000
2015-06-30,5184.41000000
2015-07-01,4930.67000000
2015-07-02,4762.62000000
2015-07-03,4515.41000000
2015-07-06,4647.27000000
2015-07-07,4569.62000000
2015-07-08,4262.95000000
2015-07-09,4536.57000000
2015-07-10,4782.21000000
2015-07-13,4905.52000000
2015-07-14,4789.54000000
2015-07-15,4620.79000000
2015-07-16,4657.04000000
2015-07-17,4839.82000000
2015-07-20,4850.45000000
2015-07-21,4859.13000000
2015-07-22,4851.05000000
2015-07-23,4961.00000000
2015-07-24,4874.25000000
2015-07-27,4458.19000000
2015-07-28,4449.40000000
2015-07-29,4588.66000000
2015-07-30,4454.52000000
2015-07-31,4456.10000000
2015-08-03,4470.73000000
2015-08-04,4609.58000000
2015-08-05,4514.71000000
2015-08-06,4473.86000000
2015-08-07,4561.97000000
2015-08-10,4769.21000000
2015-08-11,4748.54000000
2015-08-12,4689.67000000
2015-08-13,4758.96000000
2015-08-14,4757.71000000
2015-08-17,4762.77000000
2015-08-18,4468.06000000
2015-08-19,4538.98000000
2015-08-20,4393.66000000
2015-08-21,4193.27000000
2015-08-24,3826.46000000
2015-08-25,3554.77000000
2015-08-26,3534.64000000
2015-08-27,3744.85000000
2015-08-28,3904.49000000
2015-08-31,3932.81000000
2015-09-01,3927.61000000
2015-09-02,3931.99000000
2015-09-07,3797.24000000
2015-09-08,3894.83000000
2015-09-09,3971.99000000
2015-09-10,3923.21000000
2015-09-11,3911.09000000
2015-09-14,3833.91000000
2015-09-15,3683.29000000
2015-09-16,3866.91000000
2015-09-17,3782.48000000
2015-09-18,3799.29000000
2015-09-21,3865.87000000
2015-09-22,3901.84000000
2015-09-23,3813.89000000
2015-09-24,3839.62000000
2015-09-25,3777.62000000
2015-09-28,3790.25000000
2015-09-29,3715.63000000
2015-09-30,3743.80000000
2015-10-08,3853.12000000
2015-10-09,3904.13000000
2015-10-12,4030.41000000
2015-10-13,4027.35000000
2015-10-14,3981.84000000
2015-10-15,4076.19000000
2015-10-16,4131.42000000
2015-10-19,4131.56000000
2015-10-20,4182.55000000
2015-10-21,4060.44000000
2015-10-22,4120.39000000
2015-10-23,4174.99000000
2015-10-26,4196.06000000
2015-10-27,4200.29000000
2015-10-28,4120.84000000
2015-10-29,4130.65000000
2015-10-30,4131.55000000
2015-11-02,4063.61000000
2015-11-03,4051.37000000
2015-11-04,4242.08000000
2015-11-05,4332.60000000
2015-11-06,4434.78000000
2015-11-09,4489.71000000
2015-11-10,4481.39000000
2015-11-11,4481.86000000
2015-11-12,4437.06000000
2015-11-13,4379.68000000
2015-11-16,4400.59000000
2015-11-17,4393.88000000
2015-11-18,4343.86000000
2015-11-19,4413.30000000
2015-11-20,4412.61000000
2015-11-23,4388.00000000
2015-11-24,4388.65000000
2015-11-25,4421.06000000
2015-11-26,4395.13000000
2015-11-27,4158.46000000
2015-11-30,4169.47000000
2015-12-01,4199.03000000
2015-12-02,4351.32000000
2015-12-03,4383.28000000
2015-12-04,4299.45000000
2015-12-07,4311.16000000
2015-12-08,4235.65000000
2015-12-09,4250.75000000
2015-12-10,4235.73000000
2015-12-11,4218.16000000
2015-12-14,4338.89000000
2015-12-15,4319.09000000
2015-12-16,4309.15000000
2015-12-17,4391.52000000
2015-12-18,4405.58000000
2015-12-21,4520.22000000
2015-12-22,4532.81000000
2015-12-23,4520.71000000
2015-12-24,4477.47000000
2015-12-25,4487.76000000
2015-12-28,4358.50000000
2015-12-29,4398.54000000
2015-12-30,4402.40000000
2015-12-31,4362.44000000
2016-01-04,4056.17000000
2016-01-05,4067.53000000
2016-01-06,4138.89000000
2016-01-07,3851.93000000
2016-01-08,3930.48000000
2016-01-11,3732.74000000
2016-01-12,3759.94000000
2016-01-13,3689.98000000
2016-01-14,3766.88000000
2016-01-15,3646.63000000
2016-01-18,3660.66000000
2016-01-19,3768.70000000
2016-01-20,3711.70000000
2016-01-21,3602.92000000
2016-01-22,3640.47000000
2016-01-25,3658.51000000
2016-01-26,3438.24000000
2016-01-27,3426.37000000
2016-01-28,3336.81000000
2016-01-29,3444.77000000
2016-02-01,3392.10000000
2016-02-02,3462.59000000
2016-02-03,3447.75000000
2016-02-04,3489.98000000
2016-02-05,3465.46000000
2016-02-15,3445.49000000
2016-02-16,3551.11000000
2016-02-17,3581.84000000
2016-02-18,3570.59000000
2016-02-19,3568.12000000
2016-02-22,3646.79000000
2016-02-23,3612.29000000
2016-02-24,3635.89000000
2016-02-25,3412.80000000
2016-02-26,3447.96000000
2016-02-29,3365.43000000
2016-03-01,3427.69000000
2016-03-02,3568.78000000
2016-03-03,3577.08000000
2016-03-04,3618.56000000
2016-03-07,3631.36000000
2016-03-08,3634.68000000
2016-03-09,3592.85000000
2016-03-10,3524.12000000
2016-03-11,3530.13000000
2016-03-14,3585.58000000
2016-03-15,3596.21000000
2016-03-16,3614.05000000
2016-03-17,3654.01000000
2016-03-18,3709.87000000
2016-03-21,3800.48000000
2016-03-22,3772.83000000
2016-03-23,3784.88000000
2016-03-24,3721.44000000
2016-03-25,3740.11000000
2016-03-28,3707.26000000
2016-03-29,3667.12000000
2016-03-30,3761.70000000
2016-03-31,3763.82000000
2016-04-01,3768.35000000
2016-04-05,3818.16000000
2016-04-06,3810.02000000
2016-04-07,3753.62000000
2016-04-08,3726.06000000
2016-04-11,3777.96000000
2016-04-12,3764.52000000
2016-04-13,3814.74000000
2016-04-14,3831.64000000
2016-04-15,3827.50000000
2016-04-18,3776.37000000
2016-04-19,3787.93000000
2016-04-20,3720.93000000
2016-04-21,3697.04000000
2016-04-22,3714.03000000
2016-04-25,3699.01000000
2016-04-26,3719.11000000
2016-04-27,3703.97000000
2016-04-28,3698.28000000
2016-04-29,3694.46000000
2016-05-03,3761.07000000
2016-05-04,3756.43000000
2016-05-05,3761.64000000
2016-05-06,3666.22000000
2016-05-09,3590.40000000
2016-05-10,3594.50000000
2016-05-11,3610.60000000
2016-05-12,3619.21000000
2016-05-13,3601.41000000
2016-05-16,3625.42000000
2016-05-17,3615.72000000
2016-05-18,3595.43000000
2016-05-19,3589.21000000
2016-05-20,3607.65000000
2016-05-23,3619.16000000
2016-05-24,3591.49000000
2016-05-25,3586.70000000
2016-05-26,3592.55000000
2016-05-27,3590.55000000
2016-05-30,3595.66000000
2016-05-31,3717.20000000
2016-06-01,3706.66000000
2016-06-02,3714.46000000
2016-06-03,3740.90000000
2016-06-06,3732.14000000
2016-06-07,3730.55000000
2016-06-08,3717.44000000
2016-06-13,3602.83000000
2016-06-14,3614.29000000
2016-06-15,3662.01000000
2016-06-16,3638.97000000
2016-06-17,3659.22000000
2016-06-20,3662.34000000
2016-06-21,3654.86000000
2016-06-22,3688.00000000
2016-06-23,3671.44000000
2016-06-24,3629.04000000
2016-06-27,3680.51000000
2016-06-28,3700.45000000
2016-06-29,3718.29000000
2016-06-30,3722.89000000
2016-07-01,3724.72000000
2016-07-04,3784.63000000
2016-07-05,3789.89000000
2016-07-06,3802.36000000
2016-07-07,3801.65000000
2016-07-08,3787.05000000
2016-07-11,3801.35000000
2016-07-12,3884.74000000
2016-07-13,3904.27000000
2016-07-14,3897.19000000
2016-07-15,3899.08000000
2016-07-18,3882.27000000
2016-07-19,3867.63000000
2016-07-20,3855.23000000
2016-07-21,3873.09000000
2016-07-22,3841.05000000
2016-07-25,3848.99000000
2016-07-26,3895.39000000
2016-07-27,3834.76000000
2016-07-28,3838.23000000
2016-07-29,3820.43000000
2016-08-01,3788.09000000
2016-08-02,3802.69000000
2016-08-03,3808.00000000
2016-08-04,3817.28000000
2016-08-05,3823.19000000
2016-08-08,3857.86000000
2016-08-09,3885.06000000
2016-08-10,3868.96000000
2016-08-11,3858.45000000
2016-08-12,3932.07000000
2016-08-15,4050.47000000
2016-08-16,4032.35000000
2016-08-17,4026.14000000
2016-08-18,4016.11000000
2016-08-19,4018.57000000
2016-08-22,3984.87000000
2016-08-23,3991.12000000
2016-08-24,3977.88000000
2016-08-25,3952.93000000
2016-08-26,3950.97000000
2016-08-29,3951.80000000
2016-08-30,3956.82000000
2016-08-31,3975.84000000
2016-09-01,3944.51000000
2016-09-02,3959.49000000
2016-09-05,3967.10000000
2016-09-06,3994.52000000
2016-09-07,3992.36000000
2016-09-08,3990.86000000
2016-09-09,3965.15000000
2016-09-12,3898.89000000
2016-09-13,3896.18000000
2016-09-14,3870.36000000
2016-09-19,3899.52000000
2016-09-20,3892.68000000
2016-09-21,3904.21000000
2016-09-22,3933.47000000
2016-09-23,3915.00000000
2016-09-26,3850.33000000
2016-09-27,3874.80000000
2016-09-28,3863.01000000
2016-09-29,3879.34000000
2016-09-30,3890.09000000
2016-10-10,3938.62000000
2016-10-11,3953.79000000
2016-10-12,3945.96000000
2016-10-13,3949.11000000
2016-10-14,3952.94000000
2016-10-17,3919.50000000
2016-10-18,3971.46000000
2016-10-19,3965.37000000
2016-10-20,3968.30000000
2016-10-21,3979.23000000
2016-10-24,4026.86000000
2016-10-25,4026.73000000
2016-10-26,4011.60000000
2016-10-27,4000.71000000
2016-10-28,3994.05000000
2016-10-31,3989.45000000
2016-11-01,4016.68000000
2016-11-02,3985.95000000
2016-11-03,4023.97000000
2016-11-04,4010.92000000
2016-11-07,4013.81000000
2016-11-08,4031.28000000
2016-11-09,4009.68000000
2016-11-10,4054.59000000
2016-11-11,4086.41000000
2016-11-14,4101.99000000
2016-11-15,4101.54000000
2016-11-16,4101.21000000
2016-11-17,4109.51000000
2016-11-18,4086.70000000
2016-11-21,4114.98000000
2016-11-22,4147.57000000
2016-11-23,4155.18000000
2016-11-24,4171.94000000
2016-11-25,4210.87000000
2016-11-28,4227.43000000
2016-11-29,4262.06000000
2016-11-30,4230.92000000
2016-12-01,4263.25000000
2016-12-02,4220.10000000
2016-12-05,4148.89000000
2016-12-06,4136.63000000
2016-12-07,4156.56000000
2016-12-08,4149.86000000
2016-12-09,4178.03000000
2016-12-12,4076.96000000
2016-12-13,4072.09000000
2016-12-14,4040.89000000
2016-12-15,3994.83000000
2016-12-16,4001.52000000
2016-12-19,3981.14000000
2016-12-20,3957.31000000
2016-12-21,3992.56000000
2016-12-22,3989.14000000
2016-12-23,3955.56000000
2016-12-26,3973.26000000
2016-12-27,3966.07000000
2016-12-28,3948.73000000
2016-12-29,3943.80000000
2016-12-30,3958.53000000
2017-01-03,3996.97000000
2017-01-04,4028.17000000
2017-01-05,4027.54000000
2017-01-06,4003.48000000
2017-01-09,4022.89000000
2017-01-10,4016.16000000
2017-01-11,3987.73000000
2017-01-12,3967.55000000
2017-01-13,3970.29000000
2017-01-16,3969.73000000
2017-01-17,3977.99000000
2017-01-18,3993.55000000
2017-01-19,3981.50000000
2017-01-20,4012.12000000
2017-01-23,4023.11000000
2017-01-24,4023.55000000
2017-01-25,4037.25000000
2017-01-26,4051.67000000
2017-02-03,4023.60000000
2017-02-06,4034.02000000
2017-02-07,4025.03000000
2017-02-08,4046.08000000
2017-02-09,4061.63000000
2017-02-10,4082.19000000
2017-02-13,4109.45000000
2017-02-14,4108.88000000
2017-02-15,4092.03000000
2017-02-16,4115.02000000
2017-02-17,4091.71000000
2017-02-20,4151.44000000
2017-02-21,4165.11000000
2017-02-22,4173.41000000
2017-02-23,4153.75000000
2017-02-24,4154.38000000
2017-02-27,4121.34000000
2017-02-28,4129.22000000
2017-03-01,4135.95000000
2017-03-02,4108.04000000
2017-03-03,4099.39000000
2017-03-06,4121.87000000
2017-03-07,4130.80000000
2017-03-08,4124.56000000
2017-03-09,4098.50000000
2017-03-10,4099.63000000
2017-03-13,4135.76000000
2017-03-14,4134.08000000
2017-03-15,4142.47000000
2017-03-16,4163.84000000
2017-03-17,4121.14000000
2017-03-20,4125.69000000
2017-03-21,4145.71000000
2017-03-22,4126.22000000
2017-03-23,4140.48000000
2017-03-24,4173.52000000
2017-03-27,4159.69000000
2017-03-28,4149.85000000
2017-03-29,4145.09000000
2017-03-30,4111.08000000
2017-03-31,4134.15000000
2017-04-05,4191.38000000
2017-04-06,4203.53000000
2017-04-07,4207.70000000
2017-04-10,4193.07000000
2017-04-11,4207.89000000
2017-04-12,4198.45000000
2017-04-13,4204.59000000
2017-04-14,4171.02000000
2017-04-17,4163.16000000
2017-04-18,4142.64000000
2017-04-19,4122.52000000
2017-04-20,4141.27000000
2017-04-21,4147.58000000
2017-04-24,4105.10000000
2017-04-25,4116.77000000
2017-04-26,4121.85000000
2017-04-27,4123.69000000
2017-04-28,4115.46000000
2017-05-02,4099.70000000
2017-05-03,4083.66000000
2017-05-04,4073.20000000
2017-05-05,4047.09000000
2017-05-08,4018.69000000
2017-05-09,4012.73000000
2017-05-10,3997.17000000
2017-05-11,4020.44000000
2017-05-12,4055.89000000
2017-05-15,4072.89000000
2017-05-16,4108.66000000
2017-05-17,4086.32000000
2017-05-18,4072.63000000
2017-05-19,4079.64000000
2017-05-22,4088.83000000
2017-05-23,4104.51000000
2017-05-24,4104.66000000
2017-05-25,4179.54000000
2017-05-26,4173.69000000
2017-05-31,4188.80000000
2017-06-01,4194.87000000
2017-06-02,4181.48000000
2017-06-05,4161.40000000
2017-06-06,4190.59000000
2017-06-07,4240.59000000
2017-06-08,4273.57000000
2017-06-09,4293.56000000
2017-06-12,4291.60000000
2017-06-13,4301.59000000
2017-06-14,4253.38000000
2017-06-15,4246.17000000
2017-06-16,4239.54000000
2017-06-19,4282.16000000
2017-06-20,4273.55000000
2017-06-21,4324.15000000
2017-06-22,4327.80000000
2017-06-23,4367.10000000
2017-06-26,4421.88000000
2017-06-27,4429.88000000
2017-06-28,4395.54000000
2017-06-29,4424.56000000
2017-06-30,4423.11000000
2017-07-03,4403.88000000
2017-07-04,4367.27000000
2017-07-05,4420.04000000
2017-07-06,4422.78000000
2017-07-07,4422.48000000
2017-07-10,4422.94000000
2017-07-11,4448.79000000
2017-07-12,4435.96000000
2017-07-13,4473.59000000
2017-07-14,4498.00000000
2017-07-17,4450.13000000
2017-07-18,4456.08000000
2017-07-19,4533.40000000
2017-07-20,4555.75000000
2017-07-21,4533.55000000
2017-07-24,4552.00000000
2017-07-25,4523.22000000
2017-07-26,4506.23000000
2017-07-27,4515.49000000
2017-07-28,4527.32000000
2017-07-31,4546.76000000
2017-08-01,4586.64000000
2017-08-02,4576.49000000
2017-08-03,4536.36000000
2017-08-04,4512.32000000
2017-08-07,4535.70000000
2017-08-08,4543.45000000
2017-08-09,4542.21000000
2017-08-10,4524.06000000
2017-08-11,4441.44000000
2017-08-14,4499.20000000
2017-08-15,4513.05000000
2017-08-16,4507.48000000
2017-08-17,4531.66000000
2017-08-18,4537.26000000
2017-08-21,4557.14000000
2017-08-22,4570.91000000
2017-08-23,4575.53000000
2017-08-24,4549.75000000
2017-08-25,4624.85000000
2017-08-28,4682.06000000
2017-08-29,4674.40000000
2017-08-30,4674.12000000
2017-08-31,4659.23000000
2017-09-01,4669.53000000
2017-09-04,4690.25000000
2017-09-05,4704.19000000
2017-09-06,4694.92000000
2017-09-07,4671.04000000
2017-09-08,4666.31000000
2017-09-11,4665.89000000
2017-09-12,4680.88000000
2017-09-13,4686.58000000
2017-09-14,4671.15000000
2017-09-15,4672.93000000
2017-09-18,4687.38000000
2017-09-19,4673.93000000
2017-09-20,4686.97000000
2017-09-21,4681.33000000
2017-09-22,4681.23000000
2017-09-25,4656.91000000
2017-09-26,4661.77000000
2017-09-27,4662.28000000
2017-09-28,4663.92000000
2017-09-29,4680.95000000
2017-10-09,4736.72000000
2017-10-10,4746.06000000
2017-10-11,4761.71000000
2017-10-12,4774.23000000
2017-10-13,4784.05000000
2017-10-16,4774.84000000
2017-10-17,4774.37000000
2017-10-18,4812.31000000
2017-10-19,4796.56000000
2017-10-20,4791.50000000
2017-10-23,4796.32000000
2017-10-24,4831.25000000
2017-10-25,4852.66000000
2017-10-26,4872.95000000
2017-10-27,4907.62000000
2017-10-30,4892.68000000
2017-10-31,4889.01000000
2017-11-01,4876.69000000
2017-11-02,4877.32000000
2017-11-03,4871.91000000
2017-11-06,4906.31000000
2017-11-07,4947.01000000
2017-11-08,4939.39000000
2017-11-09,4973.43000000
2017-11-10,5017.37000000
2017-11-13,5037.09000000
2017-11-14,5002.04000000
2017-11-15,4970.71000000
2017-11-16,5008.95000000
2017-11-17,5028.28000000
2017-11-20,5056.34000000
2017-11-21,5146.48000000
2017-11-22,5158.51000000
2017-11-23,5005.78000000
2017-11-24,5008.01000000
2017-11-27,4941.80000000
2017-11-28,4948.97000000
2017-11-29,4946.45000000
2017-11-30,4888.30000000
2017-12-01,4878.58000000
2017-12-04,4903.87000000
2017-12-05,4929.87000000
2017-12-06,4900.17000000
2017-12-07,4845.55000000
2017-12-08,4884.99000000
2017-12-11,4965.67000000
2017-12-12,4900.41000000
2017-12-13,4941.99000000
2017-12-14,4912.78000000
2017-12-15,4857.51000000
2017-12-18,4862.92000000
2017-12-19,4923.98000000
2017-12-20,4918.07000000
2017-12-21,4963.66000000
2017-12-22,4947.49000000
2017-12-25,4931.56000000
2017-12-26,4946.30000000
2017-12-27,4870.14000000
2017-12-28,4903.93000000
2017-12-29,4918.52000000
2018-01-02,4987.52000000
2018-01-03,5016.79000000
2018-01-04,5038.05000000
2018-01-05,5050.17000000
2018-01-08,5076.30000000
2018-01-09,5111.85000000
2018-01-10,5134.45000000
2018-01-11,5131.73000000
2018-01-12,5155.42000000
2018-01-15,5155.71000000
2018-01-16,5196.26000000
2018-01-17,5183.62000000
2018-01-18,5212.06000000
2018-01-19,5229.11000000
2018-01-22,5291.59000000
2018-01-23,5347.74000000
2018-01-24,5356.61000000
2018-01-25,5326.34000000
2018-01-26,5347.00000000
2018-01-29,5250.24000000
2018-01-30,5194.21000000
2018-01-31,5218.37000000
2018-02-01,5181.75000000
2018-02-02,5212.67000000
2018-02-05,5216.23000000
2018-02-06,5063.36000000
2018-02-07,4943.28000000
2018-02-08,4896.38000000
2018-02-09,4687.21000000
2018-02-12,4747.56000000
2018-02-13,4803.13000000
2018-02-14,4841.36000000
2018-02-22,4946.04000000
2018-02-23,4968.44000000
2018-02-26,5026.20000000
2018-02-27,4953.66000000
2018-02-28,4910.53000000
2018-03-01,4941.59000000
2018-03-02,4901.77000000
2018-03-05,4903.77000000
2018-03-06,4962.92000000
2018-03-07,4926.41000000
2018-03-08,4976.39000000
2018-03-09,5014.54000000
2018-03-12,5037.49000000
2018-03-13,4993.05000000
2018-03-14,4971.19000000
2018-03-15,4999.04000000
2018-03-16,4950.54000000
2018-03-19,4972.29000000
2018-03-20,4976.51000000
2018-03-21,4956.19000000
2018-03-22,4906.52000000
2018-03-23,4765.66000000
2018-03-26,4735.10000000
2018-03-27,4775.83000000
2018-03-28,4689.73000000
2018-03-29,4752.38000000
2018-03-30,4757.89000000
2018-04-02,4743.76000000
2018-04-03,4713.93000000
2018-04-04,4704.63000000
2018-04-09,4702.27000000
2018-04-10,4792.88000000
2018-04-11,4806.52000000
2018-04-12,4758.05000000
2018-04-13,4724.50000000
2018-04-16,4648.51000000
2018-04-17,4575.02000000
2018-04-18,4596.58000000
2018-04-19,4652.18000000
2018-04-20,4589.95000000
2018-04-23,4596.63000000
2018-04-24,4690.80000000
2018-04-25,4672.86000000
2018-04-26,4583.51000000
2018-04-27,4585.66000000
2018-05-02,4593.99000000
2018-05-03,4629.82000000
2018-05-04,4610.44000000
2018-05-07,4683.38000000
2018-05-08,4737.72000000
2018-05-09,4729.87000000
2018-05-10,4756.35000000
2018-05-11,4731.79000000
2018-05-14,4776.37000000
2018-05-15,4794.61000000
2018-05-16,4756.60000000
2018-05-17,4721.64000000
2018-05-18,4769.41000000
2018-05-21,4792.02000000
2018-05-22,4774.50000000
2018-05-23,4711.40000000
2018-05-24,4678.11000000
2018-05-25,4668.07000000
2018-05-28,4688.66000000
2018-05-29,4653.60000000
2018-05-30,4555.13000000
2018-05-31,4652.62000000
2018-06-01,4614.12000000
2018-06-04,4659.41000000
2018-06-05,4707.54000000
2018-06-06,4697.89000000
2018-06-07,4696.63000000
2018-06-08,4637.03000000
2018-06-11,4637.67000000
2018-06-12,4694.16000000
2018-06-13,4648.48000000
2018-06-14,4630.35000000
2018-06-15,4613.77000000
2018-06-18,4614.35000000
2018-06-19,4451.68000000
2018-06-20,4470.27000000
2018-06-21,4418.77000000
2018-06-22,4441.30000000
2018-06-25,4382.06000000
2018-06-26,4346.47000000
2018-06-27,4258.53000000
2018-06-28,4215.85000000
2018-06-29,4327.29000000
2018-07-02,4200.49000000
2018-07-03,4202.58000000
2018-07-04,4147.18000000
2018-07-05,4122.76000000
2018-07-06,4152.84000000
2018-07-09,4269.90000000
2018-07-10,4282.44000000
2018-07-11,4209.09000000
2018-07-12,4306.76000000
2018-07-13,4325.88000000
2018-07-16,4305.34000000
2018-07-17,4282.34000000
2018-07-18,4260.80000000
2018-07-19,4257.36000000
2018-07-20,4337.83000000
2018-07-23,4378.92000000
2018-07-24,4448.50000000
2018-07-25,4443.75000000
2018-07-26,4392.36000000
2018-07-27,4375.19000000
2018-07-30,4367.65000000
2018-07-31,4371.37000000
2018-08-01,4284.82000000
2018-08-02,4189.84000000
2018-08-03,4120.90000000
2018-08-06,4068.72000000
2018-08-07,4187.84000000
2018-08-08,4122.25000000
2018-08-09,4225.93000000
2018-08-10,4235.43000000
2018-08-13,4217.36000000
2018-08-14,4195.68000000
2018-08-15,4095.61000000
2018-08-16,4076.67000000
2018-08-17,4018.74000000
2018-08-20,4065.56000000
2018-08-21,4139.78000000
2018-08-22,4116.80000000
2018-08-23,4133.85000000
2018-08-24,4142.12000000
2018-08-27,4243.47000000
2018-08-28,4235.62000000
2018-08-29,4218.68000000
2018-08-30,4174.48000000
2018-08-31,4153.82000000
2018-09-03,4138.02000000
2018-09-04,4190.44000000
2018-09-05,4108.52000000
2018-09-06,4067.32000000
2018-09-07,4085.72000000
2018-09-10,4026.42000000
2018-09-11,4019.12000000
2018-09-12,3992.14000000
2018-09-13,4035.21000000
2018-09-14,4042.10000000
2018-09-17,3995.78000000
2018-09-18,4076.25000000
2018-09-19,4129.92000000
2018-09-20,4126.98000000
2018-09-21,4252.35000000
2018-09-25,4214.10000000
2018-09-26,4260.78000000
2018-09-27,4243.86000000
2018-09-28,4287.99000000
2018-10-08,4103.48000000
2018-10-09,4100.73000000
2018-10-10,4091.89000000
2018-10-11,3895.52000000
2018-10-12,3953.66000000
2018-10-15,3898.45000000
2018-10-16,3866.68000000
2018-10-17,3888.22000000
2018-10-18,3796.13000000
2018-10-19,3909.04000000
2018-10-22,4078.02000000
2018-10-23,3970.06000000
2018-10-24,3976.25000000
2018-10-25,3984.03000000
2018-10-26,3958.35000000
2018-10-29,3837.68000000
2018-10-30,3879.30000000
2018-10-31,3933.69000000
2018-11-01,3962.64000000
2018-11-02,4103.85000000
2018-11-05,4069.66000000
2018-11-06,4045.11000000
2018-11-07,4018.61000000
2018-11-08,4007.22000000
2018-11-09,3950.68000000
2018-11-12,3997.70000000
2018-11-13,4037.91000000
2018-11-14,3997.45000000
2018-11-15,4044.54000000
2018-11-16,4063.63000000
2018-11-19,4109.70000000
2018-11-20,4014.65000000
2018-11-21,4024.73000000
2018-11-22,4009.68000000
2018-11-23,3921.18000000
2018-11-26,3918.39000000
2018-11-27,3913.40000000
2018-11-28,3965.41000000
2018-11-29,3913.92000000
2018-11-30,3957.62000000
2018-12-03,4067.72000000
2018-12-04,4076.15000000
2018-12-05,4056.56000000
2018-12-06,3968.83000000
2018-12-07,3969.06000000
2018-12-10,3923.15000000
2018-12-11,3941.92000000
2018-12-12,3955.39000000
2018-12-13,4016.62000000
2018-12-14,3949.53000000
2018-12-17,3943.65000000
2018-12-18,3902.77000000
2018-12-19,3856.23000000
2018-12-20,3826.65000000
2018-12-21,3779.22000000
2018-12-24,3790.20000000
2018-12-25,3764.11000000
2018-12-26,3745.09000000
2018-12-27,3730.71000000
2018-12-28,3755.91000000
2019-01-02,3704.62000000
2019-01-03,3698.76000000
2019-01-04,3787.38000000
2019-01-07,3810.37000000
2019-01-08,3802.13000000
2019-01-09,3840.52000000
2019-01-10,3833.30000000
2019-01-11,3860.86000000
2019-01-14,3827.19000000
2019-01-15,3902.30000000
2019-01-16,3903.12000000
2019-01-17,3881.62000000
2019-01-18,3952.43000000
2019-01-21,3974.21000000
2019-01-22,3921.42000000
2019-01-23,3918.59000000
2019-01-24,3940.71000000
2019-01-25,3972.76000000
2019-01-28,3971.89000000
2019-01-29,3984.61000000
2019-01-30,3952.81000000
2019-01-31,3994.17000000
2019-02-01,4051.26000000
2019-02-11,4124.96000000
2019-02-12,4154.73000000
2019-02-13,4237.93000000
2019-02-14,4244.31000000
2019-02-15,4165.17000000
2019-02-18,4298.71000000
2019-02-19,4291.05000000
2019-02-20,4306.42000000
2019-02-21,4294.92000000
2019-02-22,4391.49000000
2019-02-25,4653.91000000
2019-02-26,4598.02000000
2019-02-27,4590.15000000
2019-02-28,4578.89000000
2019-03-01,4679.15000000
2019-03-04,4734.55000000
2019-03-05,4761.89000000
2019-03-06,4801.91000000
2019-03-07,4752.95000000
2019-03-08,4564.18000000
2019-03-11,4654.50000000
2019-03-12,4686.19000000
2019-03-13,4647.31000000
2019-03-14,4615.23000000
2019-03-15,4673.28000000
2019-03-18,4806.48000000
2019-03-19,4784.28000000
2019-03-20,4786.13000000
2019-03-21,4787.94000000
2019-03-22,4784.08000000
2019-03-25,4670.56000000
2019-03-26,4617.66000000
2019-03-27,4671.26000000
2019-03-28,4652.75000000
2019-03-29,4832.43000000
2019-04-01,4959.20000000
2019-04-02,4955.90000000
2019-04-03,5019.39000000
2019-04-04,5069.53000000
2019-04-08,5064.98000000
2019-04-09,5087.71000000
2019-04-10,5100.71000000
2019-04-11,4990.52000000
2019-04-12,4979.33000000
2019-04-15,4962.99000000
2019-04-16,5100.78000000
2019-04-17,5102.59000000
2019-04-18,5084.13000000
2019-04-19,5144.80000000
2019-04-22,5026.40000000
2019-04-23,5018.15000000
2019-04-24,5032.01000000
2019-04-25,4921.79000000
2019-04-26,4856.19000000
2019-04-29,4870.04000000
2019-04-30,4886.12000000
2019-05-06,4600.73000000
2019-05-07,4646.16000000
2019-05-08,4579.71000000
2019-05-09,4495.17000000
2019-05-10,4658.54000000
2019-05-13,4581.45000000
2019-05-14,4552.01000000
2019-05-15,4654.96000000
2019-05-16,4676.09000000
2019-05-17,4557.34000000
2019-05-20,4518.66000000
2019-05-21,4580.34000000
2019-05-22,4558.62000000
2019-05-23,4481.83000000
2019-05-24,4495.48000000
2019-05-27,4551.65000000
2019-05-28,4597.02000000
2019-05-29,4587.17000000
2019-05-30,4561.61000000
2019-05-31,4549.72000000
2019-06-03,4554.24000000
2019-06-04,4512.19000000
2019-06-05,4511.58000000
2019-06-06,4472.57000000
2019-06-10,4530.52000000
2019-06-11,4670.19000000
2019-06-12,4635.27000000
2019-06-13,4628.30000000
2019-06-14,4591.54000000
2019-06-17,4591.80000000
2019-06-18,4608.21000000
2019-06-19,4677.07000000
2019-06-20,4819.04000000
2019-06-21,4826.35000000
2019-06-24,4836.12000000
2019-06-25,4786.36000000
2019-06-26,4779.12000000
2019-06-27,4832.56000000
2019-06-28,4825.33000000
2019-07-01,4964.46000000
2019-07-02,4966.20000000
2019-07-03,4914.19000000
2019-07-04,4889.00000000
2019-07-05,4918.25000000
2019-07-08,4805.30000000
2019-07-09,4796.30000000
2019-07-10,4790.16000000
2019-07-11,4792.63000000
2019-07-12,4830.67000000
2019-07-15,4850.31000000
2019-07-16,4828.90000000
2019-07-17,4827.08000000
2019-07-18,4783.31000000
2019-07-19,4835.28000000
2019-07-22,4802.47000000
2019-07-23,4815.47000000
2019-07-24,4853.87000000
2019-07-25,4893.99000000
2019-07-26,4904.34000000
2019-07-29,4898.93000000
2019-07-30,4919.71000000
2019-07-31,4876.70000000
2019-08-01,4836.15000000
2019-08-02,4766.09000000
2019-08-05,4675.33000000
2019-08-06,4628.07000000
2019-08-07,4609.11000000
2019-08-08,4671.13000000
2019-08-09,4626.00000000
2019-08-12,4709.97000000
2019-08-13,4667.50000000
2019-08-14,4688.70000000
2019-08-15,4706.24000000
2019-08-16,4727.74000000
2019-08-19,4830.72000000
2019-08-20,4826.49000000
2019-08-21,4818.96000000
2019-08-22,4834.62000000
2019-08-23,4869.49000000
2019-08-26,4799.74000000
2019-08-27,4865.08000000
2019-08-28,4846.77000000
2019-08-29,4830.97000000
2019-08-30,4842.95000000
2019-09-02,4905.07000000
2019-09-03,4911.81000000
2019-09-04,4956.32000000
2019-09-05,5006.47000000
2019-09-06,5036.04000000
2019-09-09,5067.21000000
2019-09-10,5049.76000000
2019-09-11,5012.56000000
2019-09-12,5066.48000000
2019-09-16,5047.78000000
2019-09-17,4963.59000000
2019-09-18,4987.65000000
2019-09-19,5005.89000000
2019-09-20,5020.27000000
2019-09-23,4962.88000000
2019-09-24,4976.44000000
2019-09-25,4938.05000000
2019-09-26,4900.08000000
2019-09-27,4914.77000000
2019-09-30,4866.13000000
2019-10-08,4895.67000000
2019-10-09,4902.76000000
2019-10-10,4942.81000000
2019-10-11,4990.57000000
2019-10-14,5043.53000000
2019-10-15,5021.86000000
2019-10-16,5004.55000000
2019-10-17,5007.79000000
2019-10-18,4936.54000000
2019-10-21,4951.22000000
2019-10-22,4970.41000000
2019-10-23,4938.78000000
2019-10-24,4938.25000000
2019-10-25,4971.88000000
2019-10-28,5009.89000000
2019-10-29,4989.02000000
2019-10-30,4964.78000000
2019-10-31,4959.07000000
2019-11-01,5042.81000000
2019-11-04,5075.65000000
2019-11-05,5107.15000000
2019-11-06,5084.27000000
2019-11-07,5093.19000000
2019-11-08,5069.12000000
2019-11-11,4979.77000000
2019-11-12,4980.76000000
2019-11-13,4976.03000000
2019-11-14,4983.52000000
2019-11-15,4946.82000000
2019-11-18,4986.17000000
2019-11-19,5036.42000000
2019-11-20,4986.43000000
2019-11-21,4963.12000000
2019-11-22,4912.59000000
2019-11-25,4948.59000000
2019-11-26,4965.75000000
2019-11-27,4945.29000000
2019-11-28,4928.30000000
2019-11-29,4885.38000000
2019-12-02,4894.81000000
2019-12-03,4913.99000000
2019-12-04,4912.37000000
2019-12-05,4950.07000000
2019-12-06,4979.44000000
2019-12-09,4970.70000000
2019-12-10,4977.00000000
2019-12-11,4980.01000000
2019-12-12,4965.05000000
2019-12-13,5063.83000000
2019-12-16,5088.49000000
2019-12-17,5157.72000000
2019-12-18,5146.30000000
2019-12-19,5139.12000000
2019-12-20,5126.49000000
2019-12-23,5062.49000000
2019-12-24,5095.49000000
2019-12-25,5092.82000000
2019-12-26,5137.64000000
2019-12-27,5132.59000000
2019-12-30,5208.65000000
2019-12-31,5227.73000000
2020-01-02,5298.75000000
2020-01-03,5289.47000000
2020-01-06,5269.47000000
2020-01-07,5308.94000000
2020-01-08,5247.81000000
2020-01-09,5314.23000000
2020-01-10,5312.72000000
2020-01-13,5364.79000000
2020-01-14,5346.79000000
2020-01-15,5317.25000000
2020-01-16,5294.67000000
2020-01-17,5302.09000000
2020-01-20,5341.62000000
2020-01-21,5250.35000000
2020-01-22,5272.84000000
2020-01-23,5109.45000000
2020-02-03,4706.78000000
2020-02-04,4830.92000000
2020-02-05,4885.66000000
2020-02-06,4976.58000000
2020-02-07,4976.70000000
2020-02-10,4997.29000000
2020-02-11,5043.81000000
2020-02-12,5084.61000000
2020-02-13,5053.33000000
2020-02-14,5088.82000000
2020-02-17,5203.28000000
2020-02-18,5177.87000000
2020-02-19,5169.95000000
2020-02-20,5289.07000000
2020-02-21,5295.24000000
2020-02-24,5273.99000000
2020-02-25,5262.53000000
2020-02-26,5197.65000000
2020-02-27,5212.79000000
2020-02-28,5027.97000000
2020-03-02,5193.38000000
2020-03-03,5221.06000000
2020-03-04,5251.30000000
2020-03-05,5368.28000000
2020-03-06,5281.23000000
2020-03-09,5100.82000000
2020-03-10,5210.05000000
2020-03-11,5140.75000000
2020-03-12,5041.83000000
2020-03-13,4970.88000000
2020-03-16,4757.17000000
2020-03-17,4734.00000000
2020-03-18,4640.30000000
2020-03-19,4580.11000000
2020-03-20,4661.95000000
2020-03-23,4505.09000000
2020-03-24,4626.08000000
2020-03-25,4750.38000000
2020-03-26,4719.15000000
2020-03-27,4734.48000000
2020-03-30,4688.60000000
2020-03-31,4703.97000000
2020-04-01,4689.83000000
2020-04-02,4765.78000000
2020-04-03,4738.58000000
2020-04-07,4846.80000000
2020-04-08,4824.24000000
2020-04-09,4840.15000000
2020-04-10,4809.99000000
2020-04-13,4789.67000000
2020-04-14,4882.12000000
2020-04-15,4845.96000000
2020-04-16,4852.36000000
2020-04-17,4899.71000000
2020-04-20,4917.54000000
2020-04-21,4859.59000000
2020-04-22,4899.58000000
2020-04-23,4887.29000000
2020-04-24,4845.70000000
2020-04-27,4878.75000000
2020-04-28,4912.41000000
2020-04-29,4935.43000000
2020-04-30,4994.07000000
2020-05-06,5024.29000000
2020-05-07,5010.15000000
2020-05-08,5065.03000000
2020-05-11,5060.75000000
2020-05-12,5060.94000000
2020-05-13,5071.23000000
2020-05-14,5016.23000000
2020-05-15,5001.15000000
2020-05-18,5014.05000000
2020-05-19,5056.88000000
2020-05-20,5030.97000000
2020-05-21,5003.65000000
2020-05-22,4889.59000000
2020-05-25,4896.69000000
2020-05-26,4952.88000000
2020-05-27,4918.39000000
2020-05-28,4933.76000000
2020-05-29,4950.61000000
2020-06-01,5084.27000000
2020-06-02,5103.22000000
2020-06-03,5104.39000000
2020-06-04,5103.10000000
2020-06-05,5128.45000000
2020-06-08,5155.09000000
2020-06-09,5187.28000000
2020-06-10,5181.61000000
2020-06-11,5130.54000000
2020-06-12,5140.30000000
2020-06-15,5080.19000000
2020-06-16,5156.97000000
2020-06-17,5161.59000000
2020-06-18,5198.30000000
2020-06-19,5270.53000000
2020-06-22,5276.75000000
2020-06-23,5302.54000000
2020-06-24,5332.68000000
2020-06-29,5295.20000000
2020-06-30,5370.27000000
2020-07-01,5478.56000000
2020-07-02,5593.20000000
2020-07-03,5701.92000000
2020-07-06,6025.88000000
2020-07-07,6062.70000000
2020-07-08,6162.39000000
2020-07-09,6249.94000000
2020-07-10,6146.69000000
2020-07-13,6279.90000000
2020-07-14,6223.09000000
2020-07-15,6149.73000000
2020-07-16,5856.24000000
2020-07-17,5897.23000000
2020-07-20,6073.54000000
2020-07-21,6087.58000000
2020-07-22,6118.94000000
2020-07-23,6120.32000000
2020-07-24,5851.71000000
2020-07-27,5881.75000000
2020-07-28,5933.46000000
2020-07-29,6077.49000000
2020-07-30,6048.03000000
2020-07-31,6098.73000000
2020-08-03,6197.80000000
2020-08-04,6203.69000000
2020-08-05,6205.85000000
2020-08-06,6187.30000000
2020-08-07,6117.34000000
2020-08-10,6139.36000000
2020-08-11,6083.38000000
2020-08-12,6040.43000000
2020-08-13,6024.93000000
2020-08-14,6118.03000000
2020-08-17,6261.90000000
2020-08-18,6258.95000000
2020-08-19,6165.31000000
2020-08-20,6085.97000000
2020-08-21,6139.26000000
2020-08-24,6187.83000000
2020-08-25,6195.83000000
2020-08-26,6123.20000000
2020-08-27,6156.01000000
2020-08-28,6302.93000000
2020-08-31,6266.43000000
2020-09-01,6300.14000000
2020-09-02,6302.44000000
2020-09-03,6267.58000000
2020-09-04,6206.59000000
2020-09-07,6075.37000000
2020-09-08,6107.92000000
2020-09-09,5965.06000000
2020-09-10,5961.66000000
2020-09-11,6020.61000000
2020-09-14,6051.54000000
2020-09-15,6100.24000000
2020-09-16,6062.95000000
2020-09-17,6030.87000000
2020-09-18,6166.75000000
2020-09-21,6107.32000000
2020-09-22,6035.16000000
2020-09-23,6056.73000000
2020-09-24,5940.52000000
2020-09-25,5949.72000000
2020-09-28,5965.26000000
2020-09-29,5978.14000000
2020-09-30,5972.42000000
2020-10-09,6094.46000000
2020-10-12,6279.36000000
2020-10-13,6300.25000000
2020-10-14,6258.46000000
2020-10-15,6247.56000000
2020-10-16,6238.63000000
2020-10-19,6191.52000000
2020-10-20,6240.97000000
2020-10-21,6240.13000000
2020-10-22,6220.81000000
2020-10-23,6143.88000000
2020-10-26,6108.57000000
2020-10-27,6119.44000000
2020-10-28,6168.91000000
2020-10-29,6215.33000000
2020-10-30,6114.30000000
2020-11-02,6147.50000000
2020-11-03,6221.38000000
2020-11-04,6268.38000000
2020-11-05,6361.93000000
2020-11-06,6362.72000000
2020-11-09,6487.26000000
2020-11-10,6451.48000000
2020-11-11,6387.70000000
2020-11-12,6394.07000000
2020-11-13,6326.83000000
2020-11-16,6388.48000000
2020-11-17,6376.25000000
2020-11-18,6372.19000000
2020-11-19,6419.50000000
2020-11-20,6439.43000000
2020-11-23,6519.86000000
2020-11-24,6479.81000000
2020-11-25,6397.21000000
2020-11-26,6408.79000000
2020-11-27,6489.49000000
2020-11-30,6462.76000000
2020-12-01,6601.97000000
2020-12-02,6602.03000000
2020-12-03,6588.89000000
2020-12-04,6600.43000000
2020-12-07,6543.52000000
2020-12-08,6527.45000000
2020-12-09,6439.92000000
2020-12-10,6437.09000000
2020-12-11,6371.22000000
2020-12-14,6430.12000000
2020-12-15,6443.50000000
2020-12-16,6454.92000000
2020-12-17,6537.85000000
2020-12-18,6515.04000000
2020-12-21,6576.11000000
2020-12-22,6469.18000000
2020-12-23,6524.36000000
2020-12-24,6515.10000000
2020-12-25,6569.82000000
2020-12-28,6599.01000000
2020-12-29,6571.03000000
2020-12-30,6663.25000000
2020-12-31,6790.39000000
2021-01-04,6863.92000000
2021-01-05,6995.25000000
2021-01-06,7059.31000000
2021-01-07,7184.38000000
2021-01-08,7160.63000000
2021-01-11,7089.92000000
2021-01-12,7292.14000000
2021-01-13,7268.18000000
2021-01-14,7128.09000000
2021-01-15,7111.97000000
2021-01-18,7190.72000000
2021-01-19,7085.18000000
2021-01-20,7135.88000000
2021-01-21,7251.24000000
2021-01-22,7257.51000000
2021-01-25,7330.67000000
2021-01-26,7183.48000000
2021-01-27,7203.08000000
2021-01-28,7006.50000000
2021-01-29,6973.69000000
2021-02-01,7059.28000000
2021-02-02,7168.01000000
2021-02-03,7147.30000000
2021-02-04,7132.64000000
2021-02-05,7144.98000000
2021-02-08,7250.71000000
2021-02-09,7409.27000000
2021-02-10,7567.55000000
2021-02-18,7516.29000000
2021-02-19,7529.92000000
2021-02-22,7293.41000000
2021-02-23,7270.40000000
2021-02-24,7085.24000000
2021-02-25,7126.92000000
2021-02-26,6953.88000000
2021-03-01,7060.76000000
2021-03-02,6970.65000000
2021-03-03,7104.32000000
2021-03-04,6880.84000000
2021-03-05,6857.51000000
2021-03-08,6619.35000000
2021-03-09,6477.41000000
2021-03-10,6519.90000000
2021-03-11,6682.27000000
2021-03-12,6705.93000000
2021-03-15,6561.51000000
2021-03-16,6618.61000000
2021-03-17,6646.62000000
2021-03-18,6699.92000000
2021-03-19,6524.43000000
2021-03-22,6589.67000000
2021-03-23,6527.24000000
2021-03-24,6422.27000000
2021-03-25,6419.22000000
2021-03-26,6564.70000000
2021-03-29,6576.28000000
2021-03-30,6638.63000000
2021-03-31,6578.30000000
2021-04-01,6659.88000000
2021-04-02,6726.05000000
2021-04-06,6698.40000000
2021-04-07,6650.71000000
2021-04-08,6661.74000000
2021-04-09,6561.57000000
2021-04-12,6447.43000000
2021-04-13,6436.87000000
2021-04-14,6490.28000000
2021-04-15,6449.03000000
2021-04-16,6471.46000000
2021-04-19,6628.92000000
2021-04-20,6624.37000000
2021-04-21,6644.41000000
2021-04-22,6637.23000000
2021-04-23,6697.49000000
2021-04-26,6622.27000000
2021-04-27,6639.59000000
2021-04-28,6677.05000000
2021-04-29,6735.65000000
2021-04-30,6682.75000000
2021-05-06,6601.41000000
2021-05-07,6516.59000000
2021-05-10,6512.03000000
2021-05-11,6552.03000000
2021-05-12,6580.48000000
2021-05-13,6513.26000000
2021-05-14,6667.31000000
2021-05-17,6765.26000000
2021-05-18,6768.68000000
2021-05-19,6749.67000000
2021-05-20,6768.42000000
2021-05-21,6701.61000000
2021-05-24,6729.62000000
2021-05-25,6942.32000000
2021-05-26,6945.19000000
2021-05-27,6968.40000000
2021-05-28,6947.26000000
2021-05-31,6961.77000000
2021-06-01,6975.50000000
2021-06-02,6910.75000000
2021-06-03,6866.66000000
2021-06-04,6905.41000000
2021-06-07,6900.24000000
2021-06-08,6841.14000000
2021-06-09,6848.02000000
2021-06-10,6894.27000000
2021-06-11,6835.59000000
2021-06-15,6759.65000000
2021-06-16,6648.22000000
2021-06-17,6680.61000000
2021-06-18,6683.80000000
2021-06-21,6668.10000000
2021-06-22,6710.15000000
2021-06-23,6743.92000000
2021-06-24,6756.92000000
2021-06-25,6871.85000000
2021-06-28,6887.63000000
2021-06-29,6811.75000000
2021-06-30,6859.06000000
2021-07-01,6867.00000000
2021-07-02,6672.11000000
2021-07-05,6678.40000000
2021-07-06,6679.83000000
2021-07-07,6757.16000000
2021-07-08,6690.49000000
2021-07-09,6671.81000000
2021-07-12,6757.03000000
2021-07-13,6777.87000000
2021-07-14,6700.34000000
2021-07-15,6792.09000000
2021-07-16,6722.11000000
2021-07-19,6747.16000000
2021-07-20,6741.74000000
2021-07-21,6790.98000000
2021-07-22,6801.89000000
2021-07-23,6719.81000000
2021-07-26,6503.35000000
2021-07-27,6273.91000000
2021-07-28,6286.78000000
2021-07-29,6407.10000000
2021-07-30,6357.65000000
2021-08-02,6519.61000000
2021-08-03,6520.57000000
2021-08-04,6579.57000000
2021-08-05,6539.88000000
2021-08-06,6505.27000000
2021-08-09,6589.97000000
2021-08-10,6666.18000000
2021-08-11,6629.44000000
2021-08-12,6573.99000000
2021-08-13,6538.52000000
2021-08-16,6533.72000000
2021-08-17,6396.86000000
2021-08-18,6472.36000000
2021-08-19,6430.05000000
2021-08-20,6309.78000000
2021-08-23,6402.75000000
2021-08-24,6472.27000000
2021-08-25,6488.28000000
2021-08-26,6360.39000000
2021-08-27,6394.45000000
2021-08-30,6376.20000000
2021-08-31,6366.06000000
2021-09-01,6450.64000000
2021-09-02,6450.57000000
2021-09-03,6415.67000000
2021-09-06,6535.77000000
2021-09-07,6614.07000000
2021-09-08,6586.65000000
2021-09-09,6583.84000000
2021-09-10,6641.48000000
2021-09-13,6612.52000000
2021-09-14,6513.83000000
2021-09-15,6447.80000000
2021-09-16,6368.82000000
2021-09-17,6433.84000000
2021-09-22,6388.60000000
2021-09-23,6430.24000000
2021-09-24,6425.25000000
2021-09-27,6462.27000000
2021-09-28,6470.83000000
2021-09-29,6404.75000000
2021-09-30,6447.75000000
2021-10-08,6531.97000000
2021-10-11,6540.25000000
2021-10-12,6470.88000000
2021-10-13,6545.44000000
2021-10-14,6510.34000000
2021-10-15,6535.84000000
2021-10-18,6459.86000000
2021-10-19,6523.40000000
2021-10-20,6506.78000000
2021-10-21,6530.53000000
2021-10-22,6573.54000000
2021-10-25,6602.85000000
2021-10-26,6581.07000000
2021-10-27,6494.97000000
2021-10-28,6449.85000000
2021-10-29,6509.03000000
2021-11-01,6485.05000000
2021-11-02,6417.63000000
2021-11-03,6392.79000000
2021-11-04,6455.95000000
2021-11-05,6420.95000000
2021-11-08,6428.69000000
2021-11-09,6426.95000000
2021-11-10,6393.06000000
2021-11-11,6495.78000000
2021-11-12,6482.15000000
2021-11-15,6474.20000000
2021-11-16,6475.45000000
2021-11-17,6478.98000000
2021-11-18,6415.21000000
2021-11-19,6484.85000000
2021-11-22,6514.47000000
2021-11-23,6515.73000000
2021-11-24,6520.12000000
2021-11-25,6493.31000000
2021-11-26,6445.15000000
2021-11-29,6433.61000000
2021-11-30,6407.89000000
2021-12-01,6423.57000000
2021-12-02,6439.90000000
2021-12-03,6499.38000000
2021-12-06,6488.25000000
2021-12-07,6527.34000000
2021-12-08,6625.25000000
2021-12-09,6735.01000000
2021-12-10,6703.75000000
2021-12-13,6741.79000000
2021-12-14,6696.56000000
2021-12-15,6638.48000000
2021-12-16,6676.72000000
2021-12-17,6570.67000000
2021-12-20,6472.08000000
2021-12-21,6515.93000000
2021-12-22,6517.22000000
2021-12-23,6562.68000000
2021-12-24,6526.35000000
2021-12-27,6523.67000000
2021-12-28,6572.26000000
2021-12-29,6476.14000000
2021-12-30,6526.57000000
2021-12-31,6551.59000000
2022-01-04,6521.61000000
2022-01-05,6455.77000000
2022-01-06,6389.61000000
2022-01-07,6395.10000000
2022-01-10,6423.84000000
2022-01-11,6362.48000000
2022-01-12,6425.88000000
2022-01-13,6320.24000000
2022-01-14,6268.27000000
2022-01-17,6322.04000000
2022-01-18,6383.13000000
2022-01-19,6339.41000000
2022-01-20,6396.61000000
2022-01-21,6338.00000000
2022-01-24,6347.85000000
2022-01-25,6204.24000000
2022-01-26,6249.15000000
2022-01-27,6126.57000000
2022-01-28,6052.16000000
2022-02-07,6145.41000000
2022-02-08,6111.84000000
2022-02-09,6169.25000000
2022-02-10,6153.07000000
2022-02-11,6102.06000000
2022-02-14,6036.14000000
2022-02-15,6100.34000000
2022-02-16,6124.06000000
2022-02-17,6138.88000000
2022-02-18,6168.15000000
2022-02-21,6145.71000000
2022-02-22,6065.93000000
2022-02-23,6130.77000000
2022-02-24,6006.47000000
2022-02-25,6064.96000000
2022-02-28,6075.87000000
2022-03-01,6126.31000000
2022-03-02,6071.83000000
2022-03-03,6036.06000000
2022-03-04,5962.86000000
2022-03-07,5772.36000000
2022-03-08,5656.47000000
2022-03-09,5604.69000000
2022-03-10,5692.87000000
2022-03-11,5711.02000000
2022-03-14,5536.28000000
2022-03-15,5283.06000000
2022-03-16,5511.51000000
2022-03-17,5619.74000000
2022-03-18,5657.15000000
2022-03-21,5647.66000000
2022-03-22,5643.08000000
2022-03-23,5671.23000000
2022-03-24,5637.79000000
2022-03-25,5536.04000000
2022-03-28,5501.41000000
2022-03-29,5482.42000000
2022-03-30,5641.61000000
2022-03-31,5599.84000000
2022-04-01,5670.87000000
2022-04-06,5654.55000000
2022-04-07,5581.96000000
2022-04-08,5612.01000000
2022-04-11,5438.64000000
2022-04-12,5544.63000000
2022-04-13,5491.49000000
2022-04-14,5560.25000000
2022-04-15,5556.51000000
2022-04-18,5526.90000000
2022-04-19,5485.13000000
2022-04-20,5400.30000000
2022-04-21,5300.87000000
2022-04-22,5323.98000000
2022-04-25,5060.86000000
2022-04-26,5020.03000000
2022-04-27,5167.83000000
2022-04-28,5201.75000000
2022-04-29,5330.21000000
2022-05-05,5322.45000000
2022-05-06,5187.90000000
2022-05-09,5146.36000000
2022-05-10,5203.05000000
2022-05-11,5278.25000000
2022-05-12,5254.96000000
2022-05-13,5294.60000000
2022-05-16,5252.53000000
2022-05-17,5318.05000000
2022-05-18,5299.48000000
2022-05-19,5310.70000000
2022-05-20,5414.34000000
2022-05-23,5382.98000000
2022-05-24,5257.21000000
2022-05-25,5289.47000000
2022-05-26,5306.59000000
2022-05-27,5317.80000000
2022-05-30,5357.32000000
2022-05-31,5440.86000000
2022-06-01,5432.10000000
2022-06-02,5444.17000000
2022-06-06,5546.51000000
2022-06-07,5564.11000000
2022-06-08,5619.68000000
2022-06-09,5561.98000000
2022-06-10,5649.51000000
2022-06-13,5583.82000000
2022-06-14,5627.79000000
2022-06-15,5702.50000000
2022-06-16,5669.77000000
2022-06-17,5749.64000000
2022-06-20,5783.09000000
2022-06-21,5779.80000000
2022-06-22,5707.65000000
2022-06-23,5806.63000000
2022-06-24,5876.26000000
2022-06-27,5942.86000000
2022-06-28,6005.55000000
2022-06-29,5916.52000000
2022-06-30,6008.25000000
2022-07-01,5983.74000000
2022-07-04,6023.08000000
2022-07-05,6014.58000000
2022-07-06,5927.94000000
2022-07-07,5955.84000000
2022-07-08,5940.22000000
2022-07-11,5844.16000000
2022-07-12,5796.11000000
2022-07-13,5807.57000000
2022-07-14,5809.35000000
2022-07-15,5724.22000000
2022-07-18,5783.67000000
2022-07-19,5752.59000000
2022-07-20,5772.12000000
2022-07-21,5711.85000000
2022-07-22,5715.43000000
2022-07-25,5681.29000000
2022-07-26,5726.74000000
2022-07-27,5698.49000000
2022-07-28,5700.54000000
2022-07-29,5627.26000000
2022-08-01,5652.33000000
2022-08-02,5542.14000000
2022-08-03,5488.47000000
2022-08-04,5535.16000000
2022-08-05,5614.42000000
2022-08-08,5603.10000000
2022-08-09,5614.20000000
2022-08-10,5551.66000000
2022-08-11,5664.87000000
2022-08-12,5662.27000000
2022-08-15,5655.08000000
2022-08-16,5644.55000000
2022-08-17,5697.40000000
2022-08-18,5647.84000000
2022-08-19,5609.19000000
2022-08-22,5650.17000000
2022-08-23,5623.71000000
2022-08-24,5517.44000000
2022-08-25,5565.11000000
2022-08-26,5555.92000000
2022-08-29,5531.54000000
2022-08-30,5512.97000000
2022-08-31,5517.09000000
2022-09-01,5469.61000000
2022-09-02,5442.39000000
2022-09-05,5431.32000000
2022-09-06,5481.41000000
2022-09-07,5485.07000000
2022-09-08,5461.86000000
2022-09-09,5537.75000000
2022-09-13,5561.19000000
2022-09-14,5499.30000000
2022-09-15,5447.86000000
2022-09-16,5320.11000000
2022-09-19,5314.39000000
2022-09-20,5321.50000000
2022-09-21,5282.12000000
2022-09-22,5235.68000000
2022-09-23,5217.65000000
2022-09-26,5191.61000000
2022-09-27,5266.87000000
2022-09-28,5181.47000000
2022-09-29,5179.35000000
2022-09-30,5149.23000000
2022-10-10,5035.62000000
2022-10-11,5044.76000000
2022-10-12,5121.38000000
2022-10-13,5079.17000000
2022-10-14,5200.70000000
2022-10-17,5206.04000000
2022-10-18,5195.02000000
2022-10-19,5111.46000000
2022-10-20,5085.05000000
2022-10-21,5068.89000000
2022-10-24,4920.58000000
2022-10-25,4912.56000000
2022-10-26,4952.44000000
2022-10-27,4917.56000000
2022-10-28,4795.92000000
2022-10-31,4751.83000000
2022-11-01,4921.76000000
2022-11-02,4980.85000000
2022-11-03,4940.34000000
2022-11-04,5101.88000000
2022-11-07,5112.88000000
2022-11-08,5077.71000000
2022-11-09,5030.60000000
2022-11-10,4991.89000000
2022-11-11,5131.06000000
2022-11-14,5138.61000000
2022-11-15,5236.07000000
2022-11-16,5193.29000000
2022-11-17,5172.00000000
2022-11-18,5148.92000000
2022-11-21,5104.98000000
2022-11-22,5105.59000000
2022-11-23,5110.98000000
2022-11-24,5088.33000000
2022-11-25,5114.02000000
2022-11-28,5056.56000000
2022-11-29,5212.57000000
2022-11-30,5218.82000000
2022-12-01,5275.34000000
2022-12-02,5243.08000000
2022-12-05,5345.92000000
2022-12-06,5374.86000000
2022-12-07,5361.64000000
2022-12-08,5362.64000000
2022-12-09,5415.56000000
2022-12-12,5354.87000000
2022-12-13,5344.36000000
2022-12-14,5360.44000000
2022-12-15,5356.51000000
2022-12-16,5359.54000000
2022-12-19,5276.86000000
2022-12-20,5189.84000000
2022-12-21,5191.90000000
2022-12-22,5199.34000000
2022-12-23,5188.75000000
2022-12-26,5209.80000000
2022-12-27,5273.97000000
2022-12-28,5251.47000000
2022-12-29,5231.71000000
2022-12-30,5251.97000000
2023-01-03,5274.03000000
2023-01-04,5280.88000000
2023-01-05,5383.48000000
2023-01-06,5400.17000000
2023-01-09,5443.90000000
2023-01-10,5449.80000000
2023-01-11,5440.10000000
2023-01-12,5450.74000000
2023-01-13,5527.40000000
2023-01-16,5613.66000000
2023-01-17,5612.68000000
2023-01-18,5603.28000000
2023-01-19,5638.14000000
2023-01-20,5672.76000000
2023-01-30,5699.65000000
2023-01-31,5639.29000000
2023-02-01,5692.30000000
2023-02-02,5672.25000000
2023-02-03,5618.64000000
2023-02-06,5544.36000000
2023-02-07,5554.34000000
2023-02-08,5529.79000000
2023-02-09,5604.02000000
2023-02-10,5570.72000000
2023-02-13,5621.27000000
2023-02-14,5623.60000000
2023-02-15,5594.30000000
2023-02-16,5553.32000000
2023-02-17,5473.31000000
2023-02-20,5607.59000000
2023-02-21,5622.33000000
2023-02-22,5571.59000000
2023-02-23,5567.11000000
2023-02-24,5509.31000000
2023-02-27,5487.24000000
2023-02-28,5522.00000000
2023-03-01,5600.00000000
2023-03-02,5587.51000000
2023-03-03,5604.90000000
2023-03-06,5575.67000000
2023-03-07,5494.04000000
2023-03-08,5474.03000000
2023-03-09,5454.68000000
2023-03-10,5383.15000000
2023-03-13,5439.53000000
2023-03-14,5406.98000000
2023-03-15,5409.97000000
2023-03-16,5345.18000000
2023-03-17,5371.87000000
2023-03-20,5345.08000000
2023-03-21,5403.83000000
2023-03-22,5426.99000000
2023-03-23,5480.79000000
2023-03-24,5464.45000000
2023-03-27,5444.68000000
2023-03-28,5427.09000000
2023-03-29,5436.08000000
2023-03-30,5480.21000000
2023-03-31,5497.03000000
2023-04-03,5550.83000000
2023-04-04,5567.84000000
2023-04-06,5559.07000000
2023-04-07,5595.22000000
2023-04-10,5570.16000000
2023-04-11,5563.83000000
2023-04-12,5559.95000000
2023-04-13,5521.70000000
2023-04-14,5552.94000000
2023-04-17,5630.81000000
2023-04-18,5648.19000000
2023-04-19,5597.33000000
2023-04-20,5581.87000000
2023-04-21,5472.98000000
2023-04-24,5405.22000000
2023-04-25,5378.17000000
2023-04-26,5374.85000000
2023-04-27,5414.77000000
2023-04-28,5470.07000000
2023-05-04,5471.65000000
2023-05-05,5453.49000000
2023-05-08,5515.65000000
2023-05-09,5468.49000000
2023-05-10,5426.44000000
2023-05-11,5418.02000000
2023-05-12,5346.62000000
2023-05-15,5429.81000000
2023-05-16,5402.51000000
2023-05-17,5378.06000000
2023-05-18,5373.13000000
2023-05-19,5358.76000000
2023-05-22,5392.49000000
2023-05-23,5316.31000000
2023-05-24,5242.87000000
2023-05-25,5231.64000000
2023-05-26,5233.54000000
2023-05-29,5211.28000000
2023-05-30,5216.64000000
2023-05-31,5166.12000000
2023-06-01,5181.30000000
2023-06-02,5256.77000000
2023-06-05,5232.89000000
2023-06-06,5184.02000000
2023-06-07,5159.86000000
2023-06-08,5202.26000000
2023-06-09,5226.72000000
2023-06-12,5237.75000000
2023-06-13,5267.81000000
2023-06-14,5273.53000000
2023-06-15,5359.15000000
2023-06-16,5411.95000000
2023-06-19,5373.28000000
2023-06-20,5365.58000000
2023-06-21,5287.74000000
2023-06-26,5215.29000000
2023-06-27,5266.67000000
2023-06-28,5264.97000000
2023-06-29,5240.66000000
2023-06-30,5275.95000000
2023-07-03,5345.99000000
2023-07-04,5354.41000000
2023-07-05,5315.31000000
2023-07-06,5281.04000000
2023-07-07,5258.51000000
2023-07-10,5284.16000000
2023-07-11,5319.22000000
2023-07-12,5289.90000000
2023-07-13,5374.87000000
2023-07-14,5377.86000000
2023-07-17,5341.13000000
2023-07-18,5327.66000000
2023-07-19,5323.45000000
2023-07-20,5286.36000000
2023-07-21,5287.99000000
2023-07-24,5264.96000000
2023-07-25,5417.37000000
2023-07-26,5406.94000000
2023-07-27,5400.54000000
2023-07-28,5528.07000000
2023-07-31,5558.39000000
2023-08-01,5535.38000000
2023-08-02,5496.83000000
2023-08-03,5545.41000000
2023-08-04,5567.24000000
2023-08-07,5525.10000000
2023-08-08,5510.72000000
2023-08-09,5495.28000000
2023-08-10,5507.15000000
2023-08-11,5382.39000000
2023-08-14,5343.11000000
2023-08-15,5330.13000000
2023-08-16,5291.05000000
2023-08-17,5308.74000000
2023-08-18,5243.70000000
2023-08-21,5168.28000000
2023-08-22,5208.23000000
2023-08-23,5122.87000000
2023-08-24,5160.18000000
2023-08-25,5144.11000000
2023-08-28,5205.28000000
2023-08-29,5257.40000000
2023-08-30,5255.18000000
2023-08-31,5223.55000000
2023-09-01,5260.50000000
2023-09-04,5340.23000000
2023-09-05,5300.50000000
2023-09-06,5289.00000000
2023-09-07,5214.69000000
2023-09-08,5189.05000000
2023-09-11,5227.49000000
2023-09-12,5217.87000000
2023-09-13,5184.63000000
2023-09-14,5180.27000000
2023-09-15,5146.70000000
2023-09-18,5173.01000000
2023-09-19,5163.01000000
2023-09-20,5143.12000000
2023-09-21,5097.01000000
2023-09-22,5189.29000000
2023-09-25,5155.53000000
2023-09-26,5125.42000000
2023-09-27,5136.13000000
2023-09-28,5121.09000000
2023-10-09,5114.44000000
2023-10-10,5076.13000000
2023-10-11,5090.60000000
2023-10-12,5138.99000000
2023-10-13,5084.93000000
2023-10-16,5034.11000000
2023-10-17,5051.88000000
2023-10-18,5011.90000000
2023-10-19,4904.97000000
2023-10-20,4873.11000000
2023-10-23,4822.74000000
2023-10-24,4840.75000000
2023-10-25,4867.63000000
2023-10-26,4881.08000000
2023-10-27,4948.43000000
2023-10-30,4978.14000000
2023-10-31,4962.49000000
2023-11-01,4960.43000000
2023-11-02,4937.04000000
2023-11-03,4978.64000000
2023-11-06,5045.97000000
2023-11-07,5028.12000000
2023-11-08,5016.18000000
2023-11-09,5018.62000000
2023-11-10,4982.03000000
2023-11-13,4972.20000000
2023-11-14,4975.87000000
2023-11-15,5010.86000000
2023-11-16,4962.55000000
2023-11-17,4956.59000000
2023-11-20,4968.05000000
2023-11-21,4974.64000000
2023-11-22,4924.31000000
2023-11-23,4948.07000000
2023-11-24,4915.41000000
2023-11-27,4879.23000000
2023-11-28,4888.38000000
2023-11-29,4846.67000000
2023-11-30,4857.64000000
2023-12-01,4839.13000000
2023-12-04,4807.53000000
2023-12-05,4715.99000000
2023-12-06,4723.41000000
2023-12-07,4711.86000000
2023-12-08,4723.65000000
2023-12-11,4751.44000000
2023-12-12,4761.65000000
2023-12-13,4682.17000000
2023-12-14,4657.65000000
2023-12-15,4643.19000000
2023-12-18,4626.25000000
2023-12-19,4632.75000000
2023-12-20,4586.12000000
2023-12-21,4632.53000000
2023-12-22,4641.37000000
2023-12-25,4655.82000000
2023-12-26,4624.30000000
2023-12-27,4640.39000000
2023-12-28,4749.13000000
2023-12-29,4772.18000000
2024-01-02,4709.92000000
2024-01-03,4698.72000000
2024-01-04,4655.26000000
2024-01-05,4630.31000000
2024-01-08,4570.43000000
2024-01-09,4579.39000000
2024-01-10,4558.01000000
2024-01-11,4583.80000000
2024-01-12,4567.80000000
2024-01-15,4563.28000000
2024-01-16,4591.04000000
2024-01-17,4491.18000000
2024-01-18,4554.67000000
2024-01-19,4547.78000000
2024-01-22,4477.02000000
2024-01-23,4495.15000000
2024-01-24,4557.98000000
2024-01-25,4649.51000000
2024-01-26,4636.86000000
2024-01-29,4595.33000000
2024-01-30,4513.38000000
2024-01-31,4472.09000000
2024-02-01,4475.37000000
2024-02-02,4422.40000000
2024-02-05,4451.32000000
2024-02-06,4606.08000000
2024-02-07,4650.50000000
2024-02-08,4680.13000000
2024-02-19,4734.20000000
2024-02-20,4744.00000000
2024-02-21,4808.01000000
2024-02-22,4849.46000000
2024-02-23,4853.72000000
2024-02-26,4803.12000000
2024-02-27,4860.74000000
2024-02-28,4798.81000000
2024-02-29,4890.36000000
2024-03-01,4920.57000000
2024-03-04,4924.83000000
2024-03-05,4959.11000000
2024-03-06,4938.99000000
2024-03-07,4909.33000000
2024-03-08,4930.45000000
2024-03-11,4992.14000000
2024-03-12,5003.59000000
2024-03-13,4968.64000000
2024-03-14,4954.53000000
2024-03-15,4965.34000000
2024-03-18,5011.98000000
2024-03-19,4975.96000000
2024-03-20,4986.75000000
2024-03-21,4980.78000000
2024-03-22,4930.58000000
2024-03-25,4903.82000000
2024-03-26,4928.84000000
2024-03-27,4871.87000000
2024-03-28,4897.15000000
2024-03-29,4920.26000000
2024-04-01,5001.15000000
2024-04-02,4980.33000000
2024-04-03,4962.43000000
2024-04-08,4918.76000000
2024-04-09,4914.70000000
2024-04-10,4874.67000000
2024-04-11,4874.02000000
2024-04-12,4834.52000000
2024-04-15,4936.38000000
2024-04-16,4883.58000000
2024-04-17,4959.09000000
2024-04-18,4965.60000000
2024-04-19,4926.66000000
2024-04-22,4912.53000000
2024-04-23,4878.56000000
2024-04-24,4899.98000000
2024-04-25,4912.03000000
2024-04-26,4987.35000000
2024-04-29,5042.74000000
2024-04-30,5019.19000000
2024-05-06,5093.66000000
2024-05-07,5095.24000000
2024-05-08,5055.17000000
2024-05-09,5102.99000000
2024-05-10,5106.04000000
2024-05-13,5103.84000000
2024-05-14,5093.77000000
2024-05-15,5054.72000000
2024-05-16,5074.68000000
2024-05-17,5127.69000000
2024-05-20,5145.80000000
2024-05-21,5126.58000000
2024-05-22,5138.80000000
2024-05-23,5079.36000000
2024-05-24,5023.90000000
2024-05-27,5072.07000000
2024-05-28,5035.45000000
2024-05-29,5042.26000000
2024-05-30,5016.31000000
2024-05-31,4996.33000000
2024-06-03,5008.93000000
2024-06-04,5047.05000000
2024-06-05,5020.11000000
2024-06-06,5017.83000000
2024-06-07,4995.57000000
2024-06-11,4952.94000000
2024-06-12,4955.19000000
2024-06-13,4932.59000000
2024-06-14,4961.28000000
2024-06-17,4954.18000000
2024-06-18,4967.52000000
2024-06-19,4951.52000000
2024-06-20,4916.88000000
2024-06-21,4907.30000000
2024-06-24,4881.73000000
2024-06-25,4855.18000000
2024-06-26,4889.74000000
2024-06-27,4856.09000000
2024-06-28,4870.47000000
2024-07-01,4893.82000000
2024-07-02,4884.82000000
2024-07-03,4873.71000000
2024-07-04,4849.40000000
2024-07-05,4829.91000000
2024-07-08,4791.55000000
2024-07-09,4850.10000000
2024-07-10,4840.25000000
2024-07-11,4905.59000000
2024-07-12,4918.72000000
2024-07-15,4925.23000000
2024-07-16,4961.97000000
2024-07-17,4968.26000000
2024-07-18,4997.10000000
2024-07-19,5026.61000000
2024-07-22,4992.51000000
2024-07-23,4886.88000000
2024-07-24,4857.52000000
2024-07-25,4831.03000000
2024-07-26,4851.22000000
2024-07-29,4825.60000000
2024-07-30,4796.31000000
2024-07-31,4899.82000000
2024-08-01,4867.61000000
2024-08-02,4817.96000000
2024-08-05,4759.52000000
2024-08-06,4759.14000000
2024-08-07,4757.02000000
2024-08-08,4759.69000000
2024-08-09,4745.00000000
2024-08-12,4736.80000000
2024-08-13,4748.97000000
2024-08-14,4714.14000000
2024-08-15,4761.49000000
2024-08-16,4768.66000000
2024-08-19,4784.88000000
2024-08-20,4750.72000000
2024-08-21,4735.15000000
2024-08-22,4723.12000000
2024-08-23,4744.35000000
2024-08-26,4741.39000000
2024-08-27,4714.45000000
2024-08-28,4690.48000000
2024-08-29,4677.90000000
2024-08-30,4740.34000000
2024-09-02,4660.41000000
2024-09-03,4672.42000000
2024-09-04,4642.16000000
2024-09-05,4650.47000000
2024-09-06,4612.77000000
2024-09-09,4558.67000000
2024-09-10,4562.68000000
2024-09-11,4549.86000000
2024-09-12,4530.36000000
2024-09-13,4512.07000000
2024-09-18,4528.87000000
2024-09-19,4565.32000000
2024-09-20,4572.77000000
2024-09-23,4589.50000000
2024-09-24,4788.31000000
2024-09-25,4859.48000000
2024-09-26,5065.65000000
2024-09-27,5291.92000000
2024-09-30,5741.03000000
2024-10-08,6081.45000000
2024-10-09,5652.70000000
2024-10-10,5714.22000000
2024-10-11,5556.27000000
2024-10-14,5662.29000000
2024-10-15,5511.74000000
2024-10-16,5476.93000000
2024-10-17,5414.94000000
2024-10-18,5614.78000000
2024-10-21,5629.22000000
2024-10-22,5661.61000000
2024-10-23,5683.99000000
2024-10-24,5620.82000000
2024-10-25,5660.74000000
2024-10-28,5671.81000000
2024-10-29,5615.28000000
2024-10-30,5565.40000000
2024-10-31,5567.99000000
2024-11-01,5567.04000000
2024-11-04,5645.38000000
2024-11-05,5788.22000000
2024-11-06,5759.55000000
2024-11-07,5934.58000000
2024-11-08,5875.05000000
2024-11-11,5913.93000000
2024-11-12,5848.96000000
2024-11-13,5885.83000000
2024-11-14,5783.79000000
2024-11-15,5682.56000000
2024-11-18,5656.36000000
2024-11-19,5694.32000000
2024-11-20,5707.04000000
2024-11-21,5712.27000000
2024-11-22,5535.29000000
2024-11-25,5510.46000000
2024-11-26,5499.13000000
2024-11-27,5594.88000000
2024-11-28,5546.40000000
2024-11-29,5609.78000000
2024-12-02,5654.30000000
2024-12-03,5660.40000000
2024-12-04,5629.85000000
2024-12-05,5617.00000000
2024-12-06,5690.84000000
2024-12-09,5681.43000000
2024-12-10,5723.11000000
2024-12-11,5713.66000000
2024-12-12,5770.54000000
2024-12-13,5634.17000000
2024-12-16,5603.61000000
2024-12-17,5618.21000000
2024-12-18,5646.84000000
2024-12-19,5651.96000000
2024-12-20,5631.33000000
2024-12-23,5639.68000000
2024-12-24,5711.53000000
2024-12-25,5714.38000000
2024-12-26,5717.07000000
2024-12-27,5708.06000000
2024-12-30,5734.58000000
2024-12-31,5642.60000000
2025-01-02,5478.38000000
2025-01-03,5413.52000000
2025-01-06,5404.64000000
2025-01-07,5444.91000000
2025-01-08,5436.57000000
2025-01-09,5423.17000000
2025-01-10,5356.81000000
2025-01-13,5342.51000000
2025-01-14,5483.19000000
2025-01-15,5448.01000000
2025-01-16,5454.27000000
2025-01-17,5471.55000000
2025-01-20,5496.99000000
2025-01-21,5501.25000000
2025-01-22,5451.05000000
2025-01-23,5462.78000000
2025-01-24,5508.03000000
2025-01-27,5485.73000000
2025-02-05,5454.12000000
2025-02-06,5522.74000000
2025-02-07,5594.42000000
2025-02-10,5606.43000000
2025-02-11,5580.67000000
2025-02-12,5633.45000000
2025-02-13,5612.29000000
2025-02-14,5660.96000000
2025-02-17,5673.02000000
2025-02-18,5623.27000000
2025-02-19,5662.62000000
2025-02-20,5646.43000000
2025-02-21,5717.64000000
2025-02-24,5705.10000000
2025-02-25,5641.77000000
2025-02-26,5691.05000000
2025-02-27,5702.80000000
2025-02-28,5590.60000000
2025-03-03,5588.34000000
2025-03-04,5583.66000000
2025-03-05,5608.60000000
2025-03-06,5685.72000000
2025-03-07,5668.16000000
2025-03-10,5646.30000000
2025-03-11,5664.42000000
2025-03-12,5644.04000000
2025-03-13,5621.54000000
2025-03-14,5758.04000000
2025-03-17,5744.00000000
2025-03-18,5759.72000000
2025-03-19,5763.23000000
2025-03-20,5712.68000000
2025-03-21,5626.02000000
2025-03-24,5654.99000000
2025-03-25,5651.32000000
2025-03-26,5632.72000000
2025-03-27,5651.48000000
2025-03-28,5626.88000000
2025-03-31,5586.83000000
2025-04-01,5587.87000000
2025-04-02,5583.13000000
2025-04-03,5550.24000000
2025-04-07,5159.20000000
2025-04-08,5247.33000000
2025-04-09,5299.12000000
2025-04-10,5368.58000000
2025-04-11,5390.71000000
2025-04-14,5403.11000000
2025-04-15,5406.12000000
2025-04-16,5423.53000000
2025-04-17,5422.76000000
2025-04-18,5424.62000000
2025-04-21,5442.39000000
2025-04-22,5444.34000000
2025-04-23,5448.56000000
2025-04-24,5444.93000000
2025-04-25,5449.41000000
2025-04-28,5441.68000000
2025-04-29,5432.28000000
2025-04-30,5427.04000000
2025-05-06,5481.70000000
2025-05-07,5514.93000000
2025-05-08,5545.54000000
2025-05-09,5537.16000000
2025-05-12,5601.37000000
2025-05-13,5610.00000000
2025-05-14,5678.15000000
2025-05-15,5627.52000000
2025-05-16,5601.47000000
2025-05-19,5584.44000000
2025-05-20,5615.60000000
2025-05-21,5643.36000000
2025-05-22,5639.93000000
2025-05-23,5594.98000000
2025-05-26,5563.42000000
2025-05-27,5533.66000000
2025-05-28,5529.53000000
2025-05-29,5562.33000000
2025-05-30,5536.49000000
2025-06-03,5553.47000000
2025-06-04,5577.59000000
2025-06-05,5591.12000000
2025-06-06,5589.55000000
2025-06-09,5606.20000000
2025-06-10,5577.66000000
2025-06-11,5621.83000000
2025-06-12,5625.02000000
2025-06-13,5587.06000000
2025-06-16,5601.24000000
2025-06-17,5596.80000000
2025-06-18,5604.74000000
2025-06-19,5559.32000000
2025-06-20,5569.69000000
2025-06-23,5586.72000000
2025-06-24,5653.70000000
2025-06-25,5739.45000000
2025-06-26,5725.13000000
2025-06-27,5693.88000000
2025-06-30,5719.97000000
2025-07-01,5729.84000000
2025-07-02,5731.18000000
2025-07-03,5767.32000000
2025-07-04,5788.30000000
2025-07-07,5766.06000000
2025-07-08,5814.49000000
2025-07-09,5804.94000000
2025-07-10,5835.13000000
2025-07-11,5850.28000000
2025-07-14,5856.98000000
2025-07-15,5859.99000000
2025-07-16,5845.41000000
2025-07-17,5888.84000000
2025-07-18,5930.93000000
2025-07-21,5971.02000000
2025-07-22,6020.61000000
2025-07-23,6022.19000000
2025-07-24,6065.46000000
2025-07-25,6036.08000000
2025-07-28,6050.25000000
2025-07-29,6074.94000000
2025-07-30,6073.86000000
2025-07-31,5964.36000000
2025-08-01,5934.19000000
2025-08-04,5957.38000000
2025-08-05,6005.31000000
2025-08-06,6019.99000000
2025-08-07,6021.72000000
2025-08-08,6009.78000000
2025-08-11,6035.47000000
2025-08-12,6066.67000000
2025-08-13,6114.81000000
2025-08-14,6110.92000000
2025-08-15,6154.10000000
2025-08-18,6208.37000000
2025-08-19,6185.28000000
2025-08-20,6256.68000000
2025-08-21,6281.17000000
2025-08-22,6414.12000000
2025-08-25,6548.68000000
2025-08-26,6524.31000000
2025-08-27,6427.05000000
2025-08-28,6540.84000000
2025-08-29,6591.65000000
2025-09-01,6631.78000000
2025-09-02,6583.03000000
2025-09-03,6538.13000000
2025-09-04,6400.17000000
2025-09-05,6540.07000000
2025-09-08,6550.87000000
2025-09-09,6504.96000000
2025-09-10,6518.42000000
2025-09-11,6669.26000000
2025-09-12,6631.51000000
2025-09-15,6647.73000000
2025-09-16,6634.83000000
2025-09-17,6676.25000000
2025-09-18,6598.84000000
2025-09-19,6604.49000000
2025-09-22,6634.84000000
2025-09-23,6630.70000000
2025-09-24,6699.32000000
2025-09-25,6739.93000000
2025-09-26,6676.92000000
2025-09-29,6779.71000000
2025-09-30,6811.55000000
2025-10-09,6912.51000000
2025-10-10,6776.93000000
2025-10-13,6743.87000000
2025-10-14,6663.26000000
2025-10-15,6763.28000000
2025-10-16,6782.75000000
2025-10-17,6631.03000000
2025-10-20,6666.75000000
2025-10-21,6769.11000000
2025-10-22,6746.87000000
2025-10-23,6767.21000000
2025-10-24,6852.31000000
2025-10-27,6934.01000000
2025-10-28,6899.53000000
2025-10-29,6981.96000000
2025-10-30,6926.26000000
2025-10-31,6824.43000000
2025-11-03,6843.60000000
2025-11-04,6792.68000000
2025-11-05,6805.38000000
2025-11-06,6902.66000000
2025-11-07,6881.46000000
2025-11-10,6906.26000000
2025-11-11,6843.18000000
2025-11-12,6834.40000000
2025-11-13,6917.02000000
2025-11-14,6808.31000000
2025-11-17,6764.12000000
2025-11-18,6721.39000000
2025-11-19,6750.96000000
2025-11-20,6717.62000000
2025-11-21,6554.04000000
2025-11-24,6546.06000000
2025-11-25,6608.54000000
2025-11-26,6648.68000000
2025-11-27,6645.41000000
2025-11-28,6662.16000000
2025-12-01,6735.49000000
2025-12-02,6702.89000000
2025-12-03,6668.62000000
2025-12-04,6691.47000000
2025-12-05,6747.36000000
2025-12-08,6802.13000000
2025-12-09,6767.60000000
2025-12-10,6758.18000000
2025-12-11,6700.71000000
2025-12-12,6743.99000000
2025-12-15,6703.60000000
2025-12-16,6623.39000000
2025-12-17,6745.78000000
2025-12-18,6707.32000000
2025-12-19,6734.07000000
2025-12-22,6798.12000000
2025-12-23,6811.77000000
2025-12-24,6831.51000000
2025-12-25,6845.16000000
2025-12-26,6866.84000000
2025-12-29,6840.53000000
2025-12-30,6858.09000000
2025-12-31,6826.62000000
2026-01-05,6956.12000000
2026-01-06,7063.68000000
2026-01-07,7043.03000000
2026-01-08,6985.57000000
2026-01-09,7017.31000000
2026-01-12,7063.39000000
2026-01-13,7020.88000000
2026-01-14,6994.02000000
2026-01-15,7008.20000000
2026-01-16,6983.07000000
2026-01-19,6986.89000000
2026-01-20,6963.90000000
2026-01-21,6970.08000000
2026-01-22,6971.03000000
2026-01-23,6941.39000000
2026-01-26,6947.98000000
2026-01-27,6946.10000000
2026-01-28,6964.26000000
2026-01-29,7017.31000000
2026-01-30,6947.51000000
2026-02-02,6799.36000000
2026-02-03,6879.27000000
2026-02-04,6936.26000000
2026-02-05,6895.07000000
2026-02-06,6858.16000000
2026-02-09,6970.39000000
2026-02-10,6978.22000000
2026-02-11,6962.88000000
2026-02-12,6972.31000000
2026-02-13,6884.89000000
2026-02-24,6954.53000000
2026-02-25,6996.40000000
2026-02-26,6983.09000000
2026-02-27,6959.11000000
2026-03-02,6985.74000000
2026-03-03,6878.23000000
2026-03-04,6799.53000000
2026-03-05,6866.11000000
2026-03-06,6884.95000000
2026-03-09,6818.49000000
2026-03-10,6906.10000000
2026-03-11,6950.03000000
2026-03-12,6925.01000000
2026-03-13,6897.80000000
2026-03-16,6901.38000000
2026-03-17,6850.97000000
2026-03-18,6881.84000000
2026-03-19,6770.92000000
2026-03-20,6746.93000000
2026-03-23,6526.78000000
2026-03-24,6610.59000000
2026-03-25,6703.28000000
2026-03-26,6614.74000000
2026-03-27,6651.72000000
2026-03-30,6636.04000000
2026-03-31,6574.14000000
2026-04-01,6686.44000000
2026-04-02,6616.78000000
2026-04-03,6560.45000000
2026-04-07,6560.30000000
