Date,Close
2005-01-04,982.79000000
2005-01-05,992.56000000
2005-01-06,983.17000000
2005-01-07,983.96000000
2005-01-10,993.88000000
2005-01-11,997.14000000
2005-01-12,996.75000000
2005-01-13,996.88000000
2005-01-14,988.31000000
2005-01-17,967.45000000
2005-01-18,974.69000000
2005-01-19,967.21000000
2005-01-20,956.24000000
2005-01-21,982.60000000
2005-01-24,998.13000000
2005-01-25,997.78000000
2005-01-26,989.93000000
2005-01-27,974.63000000
2005-01-28,969.21000000
2005-01-31,954.88000000
2005-02-01,955.95000000
2005-02-02,1006.91000000
2005-02-03,993.22000000
2005-02-04,1016.86000000
2005-02-16,1023.58000000
2005-02-17,1020.61000000
2005-02-18,1006.05000000
2005-02-21,1025.63000000
2005-02-22,1046.74000000
2005-02-23,1043.94000000
2005-02-24,1045.46000000
2005-02-25,1046.76000000
2005-02-28,1039.99000000
2005-03-01,1035.93000000
2005-03-02,1021.32000000
2005-03-03,1027.71000000
2005-03-04,1023.67000000
2005-03-07,1029.87000000
2005-03-08,1048.99000000
2005-03-09,1046.54000000
2005-03-10,1022.41000000
2005-03-11,1027.43000000
2005-03-14,1031.03000000
2005-03-15,1013.52000000
2005-03-16,1003.07000000
2005-03-17,992.86000000
2005-03-18,978.66000000
2005-03-21,981.89000000
2005-03-22,964.02000000
2005-03-23,959.01000000
2005-03-24,964.80000000
2005-03-25,962.96000000
2005-03-28,960.70000000
2005-03-29,955.19000000
2005-03-30,937.03000000
2005-03-31,942.20000000
2005-04-01,978.15000000
2005-04-04,962.17000000
2005-04-05,955.60000000
2005-04-06,973.67000000
2005-04-07,984.73000000
2005-04-08,1003.45000000
2005-04-11,995.42000000
2005-04-12,978.70000000
2005-04-13,1000.90000000
2005-04-14,986.97000000
2005-04-15,974.08000000
2005-04-18,963.77000000
2005-04-19,965.89000000
2005-04-20,950.87000000
2005-04-21,943.98000000
2005-04-22,939.10000000
2005-04-25,930.07000000
2005-04-26,937.08000000
2005-04-27,926.60000000
2005-04-28,942.07000000
2005-04-29,932.40000000
2005-05-09,909.17000000
2005-05-10,913.08000000
2005-05-11,901.85000000
2005-05-12,885.82000000
2005-05-13,887.54000000
2005-05-16,875.27000000
2005-05-17,881.46000000
2005-05-18,883.20000000
2005-05-19,884.17000000
2005-05-20,882.76000000
2005-05-23,863.34000000
2005-05-24,868.46000000
2005-05-25,868.45000000
2005-05-26,857.33000000
2005-05-27,849.51000000
2005-05-30,855.61000000
2005-05-31,855.95000000
2005-06-01,837.53000000
2005-06-02,818.38000000
2005-06-03,818.03000000
2005-06-06,839.00000000
2005-06-07,837.28000000
2005-06-08,905.77000000
2005-06-09,912.60000000
2005-06-10,894.56000000
2005-06-13,892.96000000
2005-06-14,883.54000000
2005-06-15,866.83000000
2005-06-16,879.24000000
2005-06-17,880.34000000
2005-06-20,906.26000000
2005-06-21,896.17000000
2005-06-22,900.65000000
2005-06-23,893.57000000
2005-06-24,898.30000000
2005-06-27,916.04000000
2005-06-28,903.72000000
2005-06-29,898.90000000
2005-06-30,878.69000000
2005-07-01,859.49000000
2005-07-04,855.93000000
2005-07-05,849.68000000
2005-07-06,842.56000000
2005-07-07,844.73000000
2005-07-08,829.49000000
2005-07-11,824.10000000
2005-07-12,851.82000000
2005-07-13,846.23000000
2005-07-14,849.59000000
2005-07-15,841.00000000
2005-07-18,832.99000000
2005-07-19,835.61000000
2005-07-20,842.64000000
2005-07-21,843.99000000
2005-07-22,859.69000000
2005-07-25,856.86000000
2005-07-26,876.48000000
2005-07-27,894.01000000
2005-07-28,890.89000000
2005-07-29,888.16000000
2005-08-01,891.61000000
2005-08-02,903.60000000
2005-08-03,909.57000000
2005-08-04,904.15000000
2005-08-05,923.80000000
2005-08-08,927.47000000
2005-08-09,933.09000000
2005-08-10,940.37000000
2005-08-11,953.99000000
2005-08-12,938.32000000
2005-08-15,954.50000000
2005-08-16,945.06000000
2005-08-17,953.01000000
2005-08-18,920.67000000
2005-08-19,923.04000000
2005-08-22,931.67000000
2005-08-23,923.41000000
2005-08-24,930.65000000
2005-08-25,930.12000000
2005-08-26,928.26000000
2005-08-29,917.37000000
2005-08-30,914.88000000
2005-08-31,927.92000000
2005-09-01,944.56000000
2005-09-02,947.87000000
2005-09-05,952.72000000
2005-09-06,936.61000000
2005-09-07,952.76000000
2005-09-08,955.28000000
2005-09-09,949.07000000
2005-09-12,949.51000000
2005-09-13,963.77000000
2005-09-14,970.19000000
2005-09-15,969.60000000
2005-09-16,967.49000000
2005-09-19,971.14000000
2005-09-20,961.92000000
2005-09-21,944.41000000
2005-09-22,923.27000000
2005-09-23,916.15000000
2005-09-26,918.48000000
2005-09-27,904.21000000
2005-09-28,903.72000000
2005-09-29,915.97000000
2005-09-30,917.39000000
2005-10-10,907.32000000
2005-10-11,919.72000000
2005-10-12,923.48000000
2005-10-13,916.50000000
2005-10-14,904.83000000
2005-10-17,897.62000000
2005-10-18,902.37000000
2005-10-19,898.74000000
2005-10-20,899.91000000
2005-10-21,904.41000000
2005-10-24,906.65000000
2005-10-25,894.27000000
2005-10-26,875.82000000
2005-10-27,875.85000000
2005-10-28,867.73000000
2005-10-31,876.28000000
2005-11-01,872.86000000
2005-11-02,882.48000000
2005-11-03,874.58000000
2005-11-04,878.36000000
2005-11-07,877.28000000
2005-11-08,881.52000000
2005-11-09,879.25000000
2005-11-10,862.97000000
2005-11-11,864.79000000
2005-11-14,862.15000000
2005-11-15,856.64000000
2005-11-16,863.12000000
2005-11-17,862.66000000
2005-11-18,882.24000000
2005-11-21,883.87000000
2005-11-22,869.62000000
2005-11-23,876.23000000
2005-11-24,881.49000000
2005-11-25,884.10000000
2005-11-28,880.17000000
2005-11-29,871.31000000
2005-11-30,873.83000000
2005-12-01,873.07000000
2005-12-02,869.94000000
2005-12-05,859.61000000
2005-12-06,866.08000000
2005-12-07,873.84000000
2005-12-08,874.06000000
2005-12-09,887.36000000
2005-12-12,888.52000000
2005-12-13,889.10000000
2005-12-14,898.15000000
2005-12-15,896.43000000
2005-12-16,902.56000000
2005-12-19,902.91000000
2005-12-20,907.32000000
2005-12-21,903.14000000
2005-12-22,908.75000000
2005-12-23,915.89000000
2005-12-26,922.38000000
2005-12-27,919.36000000
2005-12-28,920.92000000
2005-12-29,932.03000000
2005-12-30,923.45000000
2006-01-04,941.43000000
2006-01-05,959.13000000
2006-01-06,970.03000000
2006-01-09,975.25000000
2006-01-10,978.15000000
2006-01-11,973.48000000
2006-01-12,983.72000000
2006-01-13,978.81000000
2006-01-16,961.44000000
2006-01-17,964.29000000
2006-01-18,983.62000000
2006-01-19,991.22000000
2006-01-20,993.34000000
2006-01-23,996.16000000
2006-01-24,999.09000000
2006-01-25,1009.60000000
2006-02-06,1033.23000000
2006-02-07,1029.94000000
2006-02-08,1033.07000000
2006-02-09,1019.60000000
2006-02-10,1032.34000000
2006-02-13,1031.61000000
2006-02-14,1038.53000000
2006-02-15,1041.66000000
2006-02-16,1020.12000000
2006-02-17,1020.37000000
2006-02-20,1021.64000000
2006-02-21,1038.82000000
2006-02-22,1037.89000000
2006-02-23,1041.37000000
2006-02-24,1049.44000000
2006-02-27,1047.84000000
2006-02-28,1053.01000000
2006-03-01,1056.62000000
2006-03-02,1038.67000000
2006-03-03,1041.68000000
2006-03-06,1038.87000000
2006-03-07,1014.97000000
2006-03-08,1009.27000000
2006-03-09,1004.34000000
2006-03-10,1008.90000000
2006-03-13,1019.86000000
2006-03-14,1018.27000000
2006-03-15,1028.96000000
2006-03-16,1027.62000000
2006-03-17,1024.02000000
2006-03-20,1037.66000000
2006-03-21,1040.76000000
2006-03-22,1047.67000000
2006-03-23,1048.54000000
2006-03-24,1042.60000000
2006-03-27,1050.71000000
2006-03-28,1055.98000000
2006-03-29,1065.29000000
2006-03-30,1055.63000000
2006-03-31,1061.09000000
2006-04-03,1079.32000000
2006-04-04,1089.37000000
2006-04-05,1099.97000000
2006-04-06,1103.24000000
2006-04-07,1103.15000000
2006-04-10,1117.91000000
2006-04-11,1123.31000000
2006-04-12,1117.07000000
2006-04-13,1093.93000000
2006-04-14,1118.61000000
2006-04-17,1124.41000000
2006-04-18,1131.28000000
2006-04-19,1138.24000000
2006-04-20,1134.38000000
2006-04-21,1149.16000000
2006-04-24,1142.70000000
2006-04-25,1141.93000000
2006-04-26,1155.73000000
2006-04-27,1155.27000000
2006-04-28,1172.35000000
2006-05-08,1218.44000000
2006-05-09,1251.61000000
2006-05-10,1265.93000000
2006-05-11,1255.04000000
2006-05-12,1296.26000000
2006-05-15,1352.16000000
2006-05-16,1331.13000000
2006-05-17,1335.52000000
2006-05-18,1331.20000000
2006-05-19,1366.10000000
2006-05-22,1373.67000000
2006-05-23,1317.65000000
2006-05-24,1308.24000000
2006-05-25,1307.70000000
2006-05-26,1331.02000000
2006-05-29,1366.29000000
2006-05-30,1378.76000000
2006-05-31,1365.45000000
2006-06-01,1402.88000000
2006-06-02,1390.12000000
2006-06-05,1403.16000000
2006-06-06,1399.14000000
2006-06-07,1320.23000000
2006-06-08,1325.98000000
2006-06-09,1294.19000000
2006-06-12,1297.67000000
2006-06-13,1298.28000000
2006-06-14,1283.88000000
2006-06-15,1285.39000000
2006-06-16,1318.01000000
2006-06-19,1334.89000000
2006-06-20,1338.22000000
2006-06-21,1333.53000000
2006-06-22,1331.55000000
2006-06-23,1339.45000000
2006-06-26,1363.41000000
2006-06-27,1363.90000000
2006-06-28,1362.89000000
2006-06-29,1395.12000000
2006-06-30,1393.96000000
2006-07-03,1420.33000000
2006-07-04,1411.01000000
2006-07-05,1393.01000000
2006-07-06,1418.68000000
2006-07-07,1410.43000000
2006-07-10,1412.12000000
2006-07-11,1418.57000000
2006-07-12,1419.20000000
2006-07-13,1346.09000000
2006-07-14,1357.13000000
2006-07-17,1372.25000000
2006-07-18,1373.42000000
2006-07-19,1336.64000000
2006-07-20,1345.19000000
2006-07-21,1356.03000000
2006-07-24,1358.12000000
2006-07-25,1374.17000000
2006-07-26,1371.30000000
2006-07-27,1355.55000000
2006-07-28,1341.39000000
2006-07-31,1294.33000000
2006-08-01,1282.06000000
2006-08-02,1275.09000000
2006-08-03,1271.74000000
2006-08-04,1241.91000000
2006-08-07,1224.10000000
2006-08-08,1252.39000000
2006-08-09,1251.30000000
2006-08-10,1271.47000000
2006-08-11,1275.65000000
2006-08-14,1245.72000000
2006-08-15,1265.86000000
2006-08-16,1283.57000000
2006-08-17,1271.63000000
2006-08-18,1267.87000000
2006-08-21,1270.56000000
2006-08-22,1285.27000000
2006-08-23,1285.68000000
2006-08-24,1292.40000000
2006-08-25,1295.44000000
2006-08-28,1325.89000000
2006-08-29,1330.16000000
2006-08-30,1334.67000000
2006-08-31,1338.69000000
2006-09-01,1318.10000000
2006-09-04,1337.24000000
2006-09-05,1340.68000000
2006-09-06,1346.37000000
2006-09-07,1328.38000000
2006-09-08,1332.15000000
2006-09-11,1338.76000000
2006-09-12,1347.64000000
2006-09-13,1338.39000000
2006-09-14,1338.28000000
2006-09-15,1362.32000000
2006-09-18,1375.56000000
2006-09-19,1378.31000000
2006-09-20,1378.46000000
2006-09-21,1387.37000000
2006-09-22,1374.85000000
2006-09-25,1372.40000000
2006-09-26,1357.65000000
2006-09-27,1371.12000000
2006-09-28,1387.00000000
2006-09-29,1403.27000000
2006-10-09,1436.07000000
2006-10-10,1437.24000000
2006-10-11,1435.91000000
2006-10-12,1426.50000000
2006-10-13,1430.88000000
2006-10-16,1418.52000000
2006-10-17,1414.45000000
2006-10-18,1437.59000000
2006-10-19,1439.38000000
2006-10-20,1440.18000000
2006-10-23,1408.71000000
2006-10-24,1440.05000000
2006-10-25,1446.82000000
2006-10-26,1456.09000000
2006-10-27,1439.05000000
2006-10-30,1446.24000000
2006-10-31,1464.47000000
2006-11-01,1479.41000000
2006-11-02,1479.66000000
2006-11-03,1488.29000000
2006-11-06,1507.89000000
2006-11-07,1516.10000000
2006-11-08,1498.17000000
2006-11-09,1524.71000000
2006-11-10,1504.06000000
2006-11-13,1475.78000000
2006-11-14,1493.78000000
2006-11-15,1534.76000000
2006-11-16,1533.29000000
2006-11-17,1562.08000000
2006-11-20,1593.16000000
2006-11-21,1612.25000000
2006-11-22,1624.03000000
2006-11-23,1634.91000000
2006-11-24,1636.58000000
2006-11-27,1651.80000000
2006-11-28,1644.01000000
2006-11-29,1667.14000000
2006-11-30,1714.36000000
2006-12-01,1729.22000000
2006-12-04,1780.74000000
2006-12-05,1794.23000000
2006-12-06,1779.41000000
2006-12-07,1775.71000000
2006-12-08,1711.58000000
2006-12-11,1789.92000000
2006-12-12,1802.79000000
2006-12-13,1803.86000000
2006-12-14,1836.14000000
2006-12-15,1867.64000000
2006-12-18,1916.11000000
2006-12-19,1921.44000000
2006-12-20,1936.55000000
2006-12-21,1908.98000000
2006-12-22,1895.64000000
2006-12-25,1939.10000000
2006-12-26,1938.24000000
2006-12-27,1982.88000000
2006-12-28,1979.93000000
2006-12-29,2041.05000000
2007-01-04,2067.09000000
2007-01-05,2072.88000000
2007-01-08,2131.56000000
2007-01-09,2200.09000000
2007-01-10,2255.97000000
2007-01-11,2231.63000000
2007-01-12,2173.75000000
2007-01-15,2287.34000000
2007-01-16,2353.87000000
2007-01-17,2308.93000000
2007-01-18,2317.09000000
2007-01-19,2396.09000000
2007-01-22,2491.31000000
2007-01-23,2508.13000000
2007-01-24,2536.43000000
2007-01-25,2452.83000000
2007-01-26,2512.92000000
2007-01-29,2576.92000000
2007-01-30,2551.88000000
2007-01-31,2385.33000000
2007-02-01,2395.17000000
2007-02-02,2298.00000000
2007-02-05,2271.80000000
2007-02-06,2316.04000000
2007-02-07,2369.79000000
2007-02-08,2410.60000000
2007-02-09,2397.25000000
2007-02-12,2485.39000000
2007-02-13,2522.63000000
2007-02-14,2588.35000000
2007-02-15,2668.63000000
2007-02-16,2676.74000000
2007-02-26,2707.68000000
2007-02-27,2457.49000000
2007-02-28,2544.57000000
2007-03-01,2473.54000000
2007-03-02,2508.73000000
2007-03-05,2475.61000000
2007-03-06,2520.29000000
2007-03-07,2589.44000000
2007-03-08,2627.63000000
2007-03-09,2611.39000000
2007-03-12,2616.17000000
2007-03-13,2640.17000000
2007-03-14,2597.36000000
2007-03-15,2645.55000000
2007-03-16,2604.23000000
2007-03-19,2659.41000000
2007-03-20,2672.77000000
2007-03-21,2702.60000000
2007-03-22,2711.32000000
2007-03-23,2716.27000000
2007-03-26,2764.03000000
2007-03-27,2784.02000000
2007-03-28,2797.65000000
2007-03-29,2783.30000000
2007-03-30,2781.78000000
2007-04-02,2850.11000000
2007-04-03,2888.11000000
2007-04-04,2911.82000000
2007-04-05,2945.04000000
2007-04-06,2972.01000000
2007-04-09,3038.17000000
2007-04-10,3081.57000000
2007-04-11,3121.32000000
2007-04-12,3176.44000000
2007-04-13,3169.23000000
2007-04-16,3256.00000000
2007-04-17,3283.60000000
2007-04-18,3304.50000000
2007-04-19,3150.30000000
2007-04-20,3289.28000000
2007-04-23,3431.32000000
2007-04-24,3445.20000000
2007-04-25,3448.28000000
2007-04-26,3493.58000000
2007-04-27,3470.52000000
2007-04-30,3558.71000000
2007-05-08,3686.03000000
2007-05-09,3701.28000000
2007-05-10,3724.51000000
2007-05-11,3702.61000000
2007-05-14,3734.42000000
2007-05-15,3604.64000000
2007-05-16,3700.29000000
2007-05-17,3778.60000000
2007-05-18,3776.63000000
2007-05-21,3831.44000000
2007-05-22,3870.49000000
2007-05-23,3938.95000000
2007-05-24,3919.75000000
2007-05-25,3985.25000000
2007-05-28,4072.58000000
2007-05-29,4168.29000000
2007-05-30,3886.46000000
2007-05-31,3927.95000000
2007-06-01,3803.95000000
2007-06-04,3511.43000000
2007-06-05,3634.63000000
2007-06-06,3677.58000000
2007-06-07,3802.30000000
2007-06-08,3837.87000000
2007-06-11,3931.86000000
2007-06-12,4036.11000000
2007-06-13,4118.27000000
2007-06-14,4075.82000000
2007-06-15,4099.38000000
2007-06-18,4227.57000000
2007-06-19,4253.00000000
2007-06-20,4157.60000000
2007-06-21,4197.28000000
2007-06-22,4051.43000000
2007-06-25,3877.59000000
2007-06-26,3928.21000000
2007-06-27,4040.48000000
2007-06-28,3858.52000000
2007-06-29,3764.08000000
2007-07-02,3757.66000000
2007-07-03,3832.23000000
2007-07-04,3743.58000000
2007-07-05,3537.44000000
2007-07-06,3710.28000000
2007-07-09,3821.30000000
2007-07-10,3775.62000000
2007-07-11,3789.87000000
2007-07-12,3816.92000000
2007-07-13,3820.12000000
2007-07-16,3697.97000000
2007-07-17,3789.65000000
2007-07-18,3807.57000000
2007-07-19,3807.00000000
2007-07-20,3971.88000000
2007-07-23,4156.72000000
2007-07-24,4161.35000000
2007-07-25,4255.46000000
2007-07-26,4303.19000000
2007-07-27,4307.14000000
2007-07-30,4410.30000000
2007-07-31,4460.56000000
2007-08-01,4290.48000000
2007-08-02,4436.19000000
2007-08-03,4598.38000000
2007-08-06,4703.98000000
2007-08-07,4724.55000000
2007-08-08,4668.09000000
2007-08-09,4777.29000000
2007-08-10,4726.68000000
2007-08-13,4721.19000000
2007-08-14,4795.57000000
2007-08-15,4798.75000000
2007-08-16,4721.94000000
2007-08-17,4626.58000000
2007-08-20,4885.43000000
2007-08-21,4972.71000000
2007-08-22,5051.69000000
2007-08-23,5135.93000000
2007-08-24,5217.58000000
2007-08-27,5243.15000000
2007-08-28,5251.77000000
2007-08-29,5171.82000000
2007-08-30,5241.23000000
2007-08-31,5296.81000000
2007-09-03,5419.17000000
2007-09-04,5360.33000000
2007-09-05,5363.25000000
2007-09-06,5412.04000000
2007-09-07,5294.79000000
2007-09-10,5377.22000000
2007-09-11,5124.09000000
2007-09-12,5202.86000000
2007-09-13,5349.97000000
2007-09-14,5397.28000000
2007-09-17,5498.91000000
2007-09-18,5476.84000000
2007-09-19,5419.27000000
2007-09-20,5494.92000000
2007-09-21,5468.10000000
2007-09-24,5513.90000000
2007-09-25,5454.62000000
2007-09-26,5361.02000000
2007-09-27,5427.66000000
2007-09-28,5580.81000000
2007-10-08,5653.14000000
2007-10-09,5675.93000000
2007-10-10,5685.76000000
2007-10-11,5760.08000000
2007-10-12,5737.22000000
2007-10-15,5821.45000000
2007-10-16,5877.20000000
2007-10-17,5824.12000000
2007-10-18,5615.75000000
2007-10-19,5614.06000000
2007-10-22,5472.68000000
2007-10-23,5540.09000000
2007-10-24,5588.01000000
2007-10-25,5333.79000000
2007-10-26,5394.81000000
2007-10-29,5508.36000000
2007-10-30,5596.07000000
2007-10-31,5688.54000000
2007-11-01,5605.23000000
2007-11-02,5472.93000000
2007-11-05,5360.31000000
2007-11-06,5317.55000000
2007-11-07,5350.63000000
2007-11-08,5093.67000000
2007-11-09,5040.52000000
2007-11-12,4978.25000000
2007-11-13,4939.24000000
2007-11-14,5145.89000000
2007-11-15,5081.11000000
2007-11-16,5007.66000000
2007-11-19,4994.42000000
2007-11-20,5069.38000000
2007-11-21,4997.62000000
2007-11-22,4772.62000000
2007-11-23,4856.16000000
2007-11-26,4800.08000000
2007-11-27,4711.15000000
2007-11-28,4648.75000000
2007-11-29,4842.07000000
2007-11-30,4737.41000000
2007-12-03,4772.67000000
2007-12-04,4829.21000000
2007-12-05,4965.95000000
2007-12-06,4971.06000000
2007-12-07,5041.35000000
2007-12-10,5133.56000000
2007-12-11,5140.00000000
2007-12-12,5077.39000000
2007-12-13,4884.30000000
2007-12-14,4977.65000000
2007-12-17,4857.29000000
2007-12-18,4829.91000000
2007-12-19,4946.29000000
2007-12-20,5037.19000000
2007-12-21,5101.85000000
2007-12-24,5207.13000000
2007-12-25,5216.81000000
2007-12-26,5265.03000000
2007-12-27,5367.53000000
2007-12-28,5338.27000000
2008-01-02,5385.10000000
2008-01-03,5422.03000000
2008-01-04,5483.65000000
2008-01-07,5556.59000000
2008-01-08,5528.05000000
2008-01-09,5613.76000000
2008-01-10,5672.15000000
2008-01-11,5699.15000000
2008-01-14,5731.76000000
2008-01-15,5696.45000000
2008-01-16,5505.72000000
2008-01-17,5365.62000000
2008-01-18,5414.47000000
2008-01-21,5145.73000000
2008-01-22,4753.87000000
2008-01-23,4975.11000000
2008-01-24,5027.21000000
2008-01-25,5077.43000000
2008-01-28,4731.88000000
2008-01-29,4762.08000000
2008-01-30,4710.65000000
2008-01-31,4620.40000000
2008-02-01,4571.94000000
2008-02-04,4950.12000000
2008-02-05,4921.83000000
2008-02-13,4816.08000000
2008-02-14,4880.25000000
2008-02-15,4813.31000000
2008-02-18,4910.99000000
2008-02-19,5020.75000000
2008-02-20,4908.72000000
2008-02-21,4876.03000000
2008-02-22,4702.24000000
2008-02-25,4519.78000000
2008-02-26,4515.53000000
2008-02-27,4639.77000000
2008-02-28,4622.06000000
2008-02-29,4674.55000000
2008-03-03,4790.74000000
2008-03-04,4671.15000000
2008-03-05,4628.72000000
2008-03-06,4685.03000000
2008-03-07,4621.69000000
2008-03-10,4431.59000000
2008-03-11,4441.18000000
2008-03-12,4309.65000000
2008-03-13,4198.96000000
2008-03-14,4157.87000000
2008-03-17,3965.28000000
2008-03-18,3763.95000000
2008-03-19,3888.86000000
2008-03-20,4001.83000000
2008-03-21,4037.83000000
2008-03-24,3857.09000000
2008-03-25,3905.77000000
2008-03-26,3914.37000000
2008-03-27,3748.92000000
2008-03-28,3918.16000000
2008-03-31,3790.53000000
2008-04-01,3582.85000000
2008-04-02,3547.98000000
2008-04-03,3650.70000000
2008-04-07,3845.82000000
2008-04-08,3891.06000000
2008-04-09,3688.12000000
2008-04-10,3754.72000000
2008-04-11,3783.73000000
2008-04-14,3536.33000000
2008-04-15,3583.30000000
2008-04-16,3494.02000000
2008-04-17,3386.63000000
2008-04-18,3272.50000000
2008-04-21,3267.55000000
2008-04-22,3296.28000000
2008-04-23,3453.73000000
2008-04-24,3774.50000000
2008-04-25,3803.07000000
2008-04-28,3729.15000000
2008-04-29,3776.94000000
2008-04-30,3959.12000000
2008-05-05,4055.78000000
2008-05-06,4010.89000000
2008-05-07,3821.32000000
2008-05-08,3925.04000000
2008-05-09,3878.92000000
2008-05-12,3904.92000000
2008-05-13,3851.69000000
2008-05-14,3975.78000000
2008-05-15,3948.09000000
2008-05-16,3936.12000000
2008-05-19,3914.07000000
2008-05-20,3710.82000000
2008-05-21,3783.05000000
2008-05-22,3711.44000000
2008-05-23,3675.15000000
2008-05-26,3559.22000000
2008-05-27,3576.20000000
2008-05-28,3676.23000000
2008-05-29,3580.87000000
2008-05-30,3611.33000000
2008-06-02,3625.83000000
2008-06-03,3614.11000000
2008-06-04,3546.92000000
2008-06-05,3512.14000000
2008-06-06,3489.50000000
2008-06-10,3206.56000000
2008-06-11,3140.30000000
2008-06-12,3084.63000000
2008-06-13,2979.12000000
2008-06-16,2952.24000000
2008-06-17,2842.68000000
2008-06-18,2991.27000000
2008-06-19,2773.08000000
2008-06-20,2849.67000000
2008-06-23,2789.94000000
2008-06-24,2851.92000000
2008-06-25,2969.54000000
2008-06-26,2980.91000000
2008-06-27,2816.02000000
2008-06-30,2791.82000000
2008-07-01,2698.35000000
2008-07-02,2699.60000000
2008-07-03,2760.61000000
2008-07-04,2741.85000000
2008-07-07,2882.76000000
2008-07-08,2901.84000000
2008-07-09,3015.13000000
2008-07-10,2973.73000000
2008-07-11,2953.50000000
2008-07-14,2975.87000000
2008-07-15,2852.98000000
2008-07-16,2745.60000000
2008-07-17,2718.07000000
2008-07-18,2815.46000000
2008-07-21,2911.05000000
2008-07-22,2904.74000000
2008-07-23,2883.32000000
2008-07-24,2977.36000000
2008-07-25,2939.20000000
2008-07-28,2960.85000000
2008-07-29,2905.63000000
2008-07-30,2884.38000000
2008-07-31,2805.21000000
2008-08-01,2840.79000000
2008-08-04,2773.15000000
2008-08-05,2703.08000000
2008-08-06,2721.69000000
2008-08-07,2720.44000000
2008-08-08,2591.46000000
2008-08-11,2456.81000000
2008-08-12,2444.16000000
2008-08-13,2444.67000000
2008-08-14,2443.51000000
2008-08-15,2447.61000000
2008-08-18,2313.40000000
2008-08-19,2348.47000000
2008-08-20,2532.94000000
2008-08-21,2443.98000000
2008-08-22,2404.93000000
2008-08-25,2400.55000000
2008-08-26,2331.53000000
2008-08-27,2325.29000000
2008-08-28,2335.86000000
2008-08-29,2391.64000000
2008-09-01,2309.17000000
2008-09-02,2285.41000000
2008-09-03,2245.96000000
2008-09-04,2251.15000000
2008-09-05,2183.43000000
2008-09-08,2126.52000000
2008-09-09,2139.15000000
2008-09-10,2143.18000000
2008-09-11,2072.13000000
2008-09-12,2077.85000000
2008-09-16,2000.65000000
2008-09-17,1929.14000000
2008-09-18,1895.99000000
2008-09-19,2073.11000000
2008-09-22,2207.61000000
2008-09-23,2123.48000000
2008-09-24,2138.85000000
2008-09-25,2223.53000000
2008-09-26,2243.66000000
2008-10-06,2128.70000000
2008-10-07,2102.45000000
2008-10-08,2022.88000000
2008-10-09,1995.30000000
2008-10-10,1906.96000000
2008-10-13,1985.49000000
2008-10-14,1934.62000000
2008-10-15,1914.36000000
2008-10-16,1820.90000000
2008-10-17,1833.26000000
2008-10-20,1896.73000000
2008-10-21,1881.41000000
2008-10-22,1833.32000000
2008-10-23,1834.78000000
2008-10-24,1781.60000000
2008-10-27,1654.67000000
2008-10-28,1705.82000000
2008-10-29,1658.22000000
2008-10-30,1697.66000000
2008-10-31,1663.66000000
2008-11-03,1653.54000000
2008-11-04,1627.76000000
2008-11-05,1691.42000000
2008-11-06,1649.78000000
2008-11-07,1677.83000000
2008-11-10,1801.67000000
2008-11-11,1781.36000000
2008-11-12,1801.82000000
2008-11-13,1874.08000000
2008-11-14,1943.65000000
2008-11-17,1987.22000000
2008-11-18,1839.82000000
2008-11-19,1953.16000000
2008-11-20,1932.43000000
2008-11-21,1920.73000000
2008-11-24,1837.64000000
2008-11-25,1834.29000000
2008-11-26,1843.49000000
2008-11-27,1870.47000000
2008-11-28,1829.92000000
2008-12-01,1864.20000000
2008-12-02,1868.63000000
2008-12-03,1952.67000000
2008-12-04,1982.93000000
2008-12-05,2013.18000000
2008-12-08,2095.04000000
2008-12-09,2040.85000000
2008-12-10,2096.39000000
2008-12-11,2046.34000000
2008-12-12,1960.38000000
2008-12-15,1975.03000000
2008-12-16,1994.45000000
2008-12-17,2001.42000000
2008-12-18,2045.10000000
2008-12-19,2052.11000000
2008-12-22,2017.55000000
2008-12-23,1918.95000000
2008-12-24,1887.07000000
2008-12-25,1870.77000000
2008-12-26,1862.10000000
2008-12-29,1854.76000000
2008-12-30,1833.44000000
2008-12-31,1817.72000000
2009-01-05,1882.96000000
2009-01-06,1942.80000000
2009-01-07,1931.18000000
2009-01-08,1887.99000000
2009-01-09,1918.36000000
2009-01-12,1920.69000000
2009-01-13,1876.19000000
2009-01-14,1955.24000000
2009-01-15,1954.87000000
2009-01-16,1990.21000000
2009-01-19,2012.46000000
2009-01-20,2025.19000000
2009-01-21,2021.71000000
2009-01-22,2044.55000000
2009-01-23,2032.68000000
2009-02-02,2057.06000000
2009-02-03,2108.91000000
2009-02-04,2166.41000000
2009-02-05,2150.97000000
2009-02-06,2237.28000000
2009-02-09,2296.67000000
2009-02-10,2326.75000000
2009-02-11,2331.14000000
2009-02-12,2318.34000000
2009-02-13,2399.06000000
2009-02-16,2462.25000000
2009-02-17,2385.29000000
2009-02-18,2275.84000000
2009-02-19,2298.41000000
2009-02-20,2344.32000000
2009-02-23,2410.48000000
2009-02-24,2301.85000000
2009-02-25,2304.25000000
2009-02-26,2190.19000000
2009-02-27,2140.49000000
2009-03-02,2164.67000000
2009-03-03,2142.15000000
2009-03-04,2285.15000000
2009-03-05,2304.92000000
2009-03-06,2286.58000000
2009-03-09,2202.53000000
2009-03-10,2240.78000000
2009-03-11,2220.38000000
2009-03-12,2215.70000000
2009-03-13,2205.42000000
2009-03-16,2241.61000000
2009-03-17,2322.40000000
2009-03-18,2332.65000000
2009-03-19,2382.56000000
2009-03-20,2379.84000000
2009-03-23,2439.40000000
2009-03-24,2451.78000000
2009-03-25,2401.33000000
2009-03-26,2479.79000000
2009-03-27,2498.93000000
2009-03-30,2484.49000000
2009-03-31,2507.79000000
2009-04-01,2548.22000000
2009-04-02,2576.40000000
2009-04-03,2570.50000000
2009-04-07,2576.95000000
2009-04-08,2479.35000000
2009-04-09,2517.67000000
2009-04-10,2595.53000000
2009-04-13,2656.52000000
2009-04-14,2676.87000000
2009-04-15,2686.99000000
2009-04-16,2687.11000000
2009-04-17,2650.69000000
2009-04-20,2707.67000000
2009-04-21,2675.44000000
2009-04-22,2576.28000000
2009-04-23,2593.56000000
2009-04-24,2572.89000000
2009-04-27,2513.29000000
2009-04-28,2518.53000000
2009-04-29,2605.37000000
2009-04-30,2622.93000000
2009-05-04,2714.30000000
2009-05-05,2727.01000000
2009-05-06,2764.98000000
2009-05-07,2767.08000000
2009-05-08,2789.22000000
2009-05-11,2725.32000000
2009-05-12,2788.56000000
2009-05-13,2814.00000000
2009-05-14,2792.60000000
2009-05-15,2796.12000000
2009-05-18,2810.57000000
2009-05-19,2840.08000000
2009-05-20,2812.86000000
2009-05-21,2750.01000000
2009-05-22,2740.68000000
2009-05-25,2752.72000000
2009-05-26,2719.76000000
2009-05-27,2759.71000000
2009-06-01,2858.34000000
2009-06-02,2865.10000000
2009-06-03,2939.39000000
2009-06-04,2953.75000000
2009-06-05,2939.31000000
2009-06-08,2948.48000000
2009-06-09,2960.56000000
2009-06-10,2989.59000000
2009-06-11,2961.63000000
2009-06-12,2906.29000000
2009-06-15,2966.19000000
2009-06-16,2961.22000000
2009-06-17,3010.59000000
2009-06-18,3057.43000000
2009-06-19,3080.00000000
2009-06-22,3082.56000000
2009-06-23,3083.90000000
2009-06-24,3120.73000000
2009-06-25,3117.92000000
2009-06-26,3128.42000000
2009-06-29,3179.97000000
2009-06-30,3166.47000000
2009-07-01,3237.90000000
2009-07-02,3282.36000000
2009-07-03,3327.14000000
2009-07-06,3374.75000000
2009-07-07,3340.49000000
2009-07-08,3352.27000000
2009-07-09,3396.30000000
2009-07-10,3398.31000000
2009-07-13,3361.01000000
2009-07-14,3454.75000000
2009-07-15,3493.30000000
2009-07-16,3501.24000000
2009-07-17,3519.81000000
2009-07-20,3591.12000000
2009-07-21,3539.83000000
2009-07-22,3606.92000000
2009-07-23,3651.97000000
2009-07-24,3667.56000000
2009-07-27,3743.63000000
2009-07-28,3755.82000000
2009-07-29,3558.51000000
2009-07-30,3634.82000000
2009-07-31,3734.62000000
2009-08-03,3787.03000000
2009-08-04,3786.61000000
2009-08-05,3740.94000000
2009-08-06,3663.12000000
2009-08-07,3555.09000000
2009-08-10,3544.54000000
2009-08-11,3556.38000000
2009-08-12,3397.40000000
2009-08-13,3440.82000000
2009-08-14,3344.46000000
2009-08-17,3140.27000000
2009-08-18,3171.99000000
2009-08-19,3014.57000000
2009-08-20,3144.39000000
2009-08-21,3203.62000000
2009-08-24,3229.60000000
2009-08-25,3109.83000000
2009-08-26,3172.39000000
2009-08-27,3156.30000000
2009-08-28,3046.78000000
2009-08-31,2830.27000000
2009-09-01,2843.70000000
2009-09-02,2890.93000000
2009-09-03,3051.96000000
2009-09-04,3077.14000000
2009-09-07,3104.21000000
2009-09-08,3170.97000000
2009-09-09,3194.91000000
2009-09-10,3162.91000000
2009-09-11,3238.13000000
2009-09-14,3293.39000000
2009-09-15,3302.64000000
2009-09-16,3258.24000000
2009-09-17,3320.10000000
2009-09-18,3199.69000000
2009-09-21,3208.60000000
2009-09-22,3131.03000000
2009-09-23,3060.07000000
2009-09-24,3080.93000000
2009-09-25,3058.53000000
2009-09-28,2972.64000000
2009-09-29,2972.29000000
2009-09-30,3004.80000000
2009-10-09,3163.71000000
2009-10-12,3151.63000000
2009-10-13,3198.52000000
2009-10-14,3227.40000000
2009-10-15,3239.64000000
2009-10-16,3241.71000000
2009-10-19,3329.16000000
2009-10-20,3377.57000000
2009-10-21,3369.28000000
2009-10-22,3347.32000000
2009-10-23,3413.25000000
2009-10-26,3414.24000000
2009-10-27,3314.72000000
2009-10-28,3329.33000000
2009-10-29,3247.05000000
2009-10-30,3280.37000000
2009-11-02,3392.80000000
2009-11-03,3435.43000000
2009-11-04,3453.89000000
2009-11-05,3464.32000000
2009-11-06,3483.02000000
2009-11-09,3495.79000000
2009-11-10,3503.78000000
2009-11-11,3495.67000000
2009-11-12,3499.99000000
2009-11-13,3518.72000000
2009-11-16,3625.80000000
2009-11-17,3628.35000000
2009-11-18,3630.23000000
2009-11-19,3642.44000000
2009-11-20,3631.01000000
2009-11-23,3665.51000000
2009-11-24,3548.08000000
2009-11-25,3629.63000000
2009-11-26,3485.77000000
2009-11-27,3382.51000000
2009-11-30,3511.67000000
2009-12-01,3560.83000000
2009-12-02,3597.33000000
2009-12-03,3590.88000000
2009-12-04,3643.49000000
2009-12-07,3668.83000000
2009-12-08,3624.02000000
2009-12-09,3554.48000000
2009-12-10,3577.24000000
2009-12-11,3575.02000000
2009-12-14,3612.75000000
2009-12-15,3583.34000000
2009-12-16,3560.72000000
2009-12-17,3480.15000000
2009-12-18,3391.74000000
2009-12-21,3396.62000000
2009-12-22,3305.54000000
2009-12-23,3336.48000000
2009-12-24,3438.82000000
2009-12-25,3424.78000000
2009-12-28,3478.43000000
2009-12-29,3500.74000000
2009-12-30,3558.86000000
2009-12-31,3575.68000000
2010-01-04,3535.23000000
2010-01-05,3564.04000000
2010-01-06,3541.73000000
2010-01-07,3471.46000000
2010-01-08,3480.13000000
2010-01-11,3482.05000000
2010-01-12,3534.92000000
2010-01-13,3421.14000000
2010-01-14,3469.05000000
2010-01-15,3482.74000000
2010-01-18,3500.68000000
2010-01-19,3507.48000000
2010-01-20,3394.43000000
2010-01-21,3408.57000000
2010-01-22,3366.20000000
2010-01-25,3328.01000000
2010-01-26,3242.80000000
2010-01-27,3198.57000000
2010-01-28,3206.57000000
2010-01-29,3204.16000000
2010-02-01,3152.71000000
2010-02-02,3146.19000000
2010-02-03,3230.72000000
2010-02-04,3218.80000000
2010-02-05,3153.09000000
2010-02-08,3150.99000000
2010-02-09,3169.19000000
2010-02-10,3214.13000000
2010-02-11,3220.40000000
2010-02-12,3251.28000000
2010-02-22,3233.34000000
2010-02-23,3198.63000000
2010-02-24,3244.48000000
2010-02-25,3292.13000000
2010-02-26,3281.67000000
2010-03-01,3324.42000000
2010-03-02,3311.24000000
2010-03-03,3335.08000000
2010-03-04,3250.57000000
2010-03-05,3259.76000000
2010-03-08,3286.18000000
2010-03-09,3305.86000000
2010-03-10,3279.69000000
2010-03-11,3276.71000000
2010-03-12,3233.13000000
2010-03-15,3183.18000000
2010-03-16,3203.97000000
2010-03-17,3273.92000000
2010-03-18,3267.55000000
2010-03-19,3293.87000000
2010-03-22,3302.63000000
2010-03-23,3275.57000000
2010-03-24,3276.67000000
2010-03-25,3229.13000000
2010-03-26,3275.00000000
2010-03-29,3358.54000000
2010-03-30,3366.71000000
2010-03-31,3345.61000000
2010-04-01,3391.94000000
2010-04-02,3407.35000000
2010-04-06,3405.15000000
2010-04-07,3386.95000000
2010-04-08,3346.74000000
2010-04-09,3379.17000000
2010-04-12,3351.48000000
2010-04-13,3391.72000000
2010-04-14,3403.71000000
2010-04-15,3394.57000000
2010-04-16,3356.33000000
2010-04-19,3176.42000000
2010-04-20,3173.37000000
2010-04-21,3236.68000000
2010-04-22,3201.54000000
2010-04-23,3190.00000000
2010-04-26,3172.00000000
2010-04-27,3108.41000000
2010-04-28,3097.35000000
2010-04-29,3060.06000000
2010-04-30,3067.36000000
2010-05-04,3019.45000000
2010-05-05,3036.39000000
2010-05-06,2896.86000000
2010-05-07,2836.79000000
2010-05-10,2858.23000000
2010-05-11,2800.82000000
2010-05-12,2818.16000000
2010-05-13,2886.91000000
2010-05-14,2868.02000000
2010-05-17,2714.72000000
2010-05-18,2771.35000000
2010-05-19,2762.17000000
2010-05-20,2726.02000000
2010-05-21,2768.79000000
2010-05-24,2873.47000000
2010-05-25,2813.94000000
2010-05-26,2813.94000000
2010-05-27,2859.98000000
2010-05-28,2850.30000000
2010-05-31,2773.26000000
2010-06-01,2744.16000000
2010-06-02,2757.53000000
2010-06-03,2736.08000000
2010-06-04,2744.39000000
2010-06-07,2695.72000000
2010-06-08,2699.34000000
2010-06-09,2782.13000000
2010-06-10,2750.02000000
2010-06-11,2758.87000000
2010-06-17,2742.73000000
2010-06-18,2696.17000000
2010-06-21,2780.66000000
2010-06-22,2783.72000000
2010-06-23,2758.50000000
2010-06-24,2757.50000000
2010-06-25,2736.29000000
2010-06-28,2716.78000000
2010-06-29,2592.02000000
2010-06-30,2563.07000000
2010-07-01,2526.07000000
2010-07-02,2534.10000000
2010-07-05,2512.65000000
2010-07-06,2562.90000000
2010-07-07,2580.48000000
2010-07-08,2575.92000000
2010-07-09,2647.10000000
2010-07-12,2676.22000000
2010-07-13,2634.59000000
2010-07-14,2653.61000000
2010-07-15,2608.52000000
2010-07-16,2616.13000000
2010-07-19,2682.47000000
2010-07-20,2741.50000000
2010-07-21,2747.33000000
2010-07-22,2781.29000000
2010-07-23,2793.08000000
2010-07-26,2811.05000000
2010-07-27,2795.72000000
2010-07-28,2863.72000000
2010-07-29,2877.98000000
2010-07-30,2868.85000000
2010-08-02,2917.27000000
2010-08-03,2865.97000000
2010-08-04,2876.43000000
2010-08-05,2850.83000000
2010-08-06,2897.66000000
2010-08-09,2918.24000000
2010-08-10,2832.64000000
2010-08-11,2850.21000000
2010-08-12,2816.39000000
2010-08-13,2855.55000000
2010-08-16,2922.08000000
2010-08-17,2942.29000000
2010-08-18,2937.36000000
2010-08-19,2955.40000000
2010-08-20,2898.33000000
2010-08-23,2896.19000000
2010-08-24,2911.83000000
2010-08-25,2843.02000000
2010-08-26,2850.09000000
2010-08-27,2858.57000000
2010-08-30,2915.01000000
2010-08-31,2903.19000000
2010-09-01,2884.04000000
2010-09-02,2921.39000000
2010-09-03,2920.21000000
2010-09-06,2975.09000000
2010-09-07,2983.11000000
2010-09-08,2980.97000000
2010-09-09,2926.46000000
2010-09-10,2932.55000000
2010-09-13,2962.32000000
2010-09-14,2965.01000000
2010-09-15,2913.19000000
2010-09-16,2857.79000000
2010-09-17,2861.37000000
2010-09-20,2849.83000000
2010-09-21,2857.48000000
2010-09-27,2905.03000000
2010-09-28,2880.91000000
2010-09-29,2874.81000000
2010-09-30,2935.57000000
2010-10-08,3044.23000000
2010-10-11,3132.90000000
2010-10-12,3172.73000000
2010-10-13,3217.58000000
2010-10-14,3224.14000000
2010-10-15,3327.68000000
2010-10-18,3306.16000000
2010-10-19,3375.67000000
2010-10-20,3396.88000000
2010-10-21,3374.69000000
2010-10-22,3378.66000000
2010-10-25,3481.08000000
2010-10-26,3466.08000000
2010-10-27,3403.87000000
2010-10-28,3397.69000000
2010-10-29,3379.98000000
2010-11-01,3473.00000000
2010-11-02,3463.13000000
2010-11-03,3420.34000000
2010-11-04,3480.50000000
2010-11-05,3520.80000000
2010-11-08,3548.57000000
2010-11-09,3523.95000000
2010-11-10,3499.11000000
2010-11-11,3509.98000000
2010-11-12,3291.83000000
2010-11-15,3314.89000000
2010-11-16,3169.54000000
2010-11-17,3103.91000000
2010-11-18,3147.96000000
2010-11-19,3178.85000000
2010-11-22,3171.94000000
2010-11-23,3107.18000000
2010-11-24,3177.04000000
2010-11-25,3223.48000000
2010-11-26,3194.85000000
2010-11-29,3190.05000000
2010-11-30,3136.99000000
2010-12-01,3136.02000000
2010-12-02,3155.06000000
2010-12-03,3158.16000000
2010-12-06,3165.57000000
2010-12-07,3200.34000000
2010-12-08,3171.88000000
2010-12-09,3123.37000000
2010-12-10,3161.98000000
2010-12-13,3261.06000000
2010-12-14,3269.47000000
2010-12-15,3247.64000000
2010-12-16,3230.67000000
2010-12-17,3225.66000000
2010-12-20,3178.66000000
2010-12-21,3249.51000000
2010-12-22,3215.45000000
2010-12-23,3188.61000000
2010-12-24,3162.96000000
2010-12-27,3099.71000000
2010-12-28,3044.93000000
2010-12-29,3061.83000000
2010-12-30,3064.10000000
2010-12-31,3128.26000000
2011-01-04,3189.68000000
2011-01-05,3175.66000000
2011-01-06,3159.64000000
2011-01-07,3166.62000000
2011-01-10,3108.19000000
2011-01-11,3124.92000000
2011-01-12,3142.34000000
2011-01-13,3141.28000000
2011-01-14,3091.86000000
2011-01-17,2974.35000000
2011-01-18,2977.65000000
2011-01-19,3044.85000000
2011-01-20,2944.71000000
2011-01-21,2983.46000000
2011-01-24,2954.23000000
2011-01-25,2938.65000000
2011-01-26,2978.43000000
2011-01-27,3026.47000000
2011-01-28,3036.74000000
2011-01-31,3076.51000000
2011-02-01,3077.28000000
2011-02-09,3040.95000000
2011-02-10,3104.16000000
2011-02-11,3120.96000000
2011-02-14,3219.14000000
2011-02-15,3217.67000000
2011-02-16,3248.53000000
2011-02-17,3245.91000000
2011-02-18,3211.88000000
2011-02-21,3257.91000000
2011-02-22,3163.58000000
2011-02-23,3174.74000000
2011-02-24,3190.94000000
2011-02-25,3197.62000000
2011-02-28,3239.56000000
2011-03-01,3254.89000000
2011-03-02,3243.30000000
2011-03-03,3221.72000000
2011-03-04,3270.67000000
2011-03-07,3334.51000000
2011-03-08,3337.46000000
2011-03-09,3338.86000000
2011-03-10,3280.26000000
2011-03-11,3247.38000000
2011-03-14,3262.92000000
2011-03-15,3203.96000000
2011-03-16,3248.20000000
2011-03-17,3197.10000000
2011-03-18,3215.69000000
2011-03-21,3207.11000000
2011-03-22,3222.96000000
2011-03-23,3264.93000000
2011-03-24,3251.36000000
2011-03-25,3294.48000000
2011-03-28,3290.57000000
2011-03-29,3257.98000000
2011-03-30,3256.08000000
2011-03-31,3223.29000000
2011-04-01,3272.73000000
2011-04-06,3311.07000000
2011-04-07,3324.42000000
2011-04-08,3353.36000000
2011-04-11,3333.43000000
2011-04-12,3326.77000000
2011-04-13,3372.03000000
2011-04-14,3353.56000000
2011-04-15,3358.94000000
2011-04-18,3359.44000000
2011-04-19,3295.81000000
2011-04-20,3295.76000000
2011-04-21,3317.37000000
2011-04-22,3299.94000000
2011-04-25,3249.57000000
2011-04-26,3230.96000000
2011-04-27,3209.50000000
2011-04-28,3161.78000000
2011-04-29,3192.72000000
2011-05-03,3211.13000000
2011-05-04,3129.03000000
2011-05-05,3126.12000000
2011-05-06,3121.40000000
2011-05-09,3129.76000000
2011-05-10,3153.22000000
2011-05-11,3145.08000000
2011-05-12,3101.60000000
2011-05-13,3128.09000000
2011-05-16,3100.46000000
2011-05-17,3116.03000000
2011-05-18,3139.38000000
2011-05-19,3120.64000000
2011-05-20,3121.60000000
2011-05-23,3022.98000000
2011-05-24,3026.22000000
2011-05-25,2990.34000000
2011-05-26,2978.38000000
2011-05-27,2963.31000000
2011-05-30,2954.51000000
2011-05-31,3001.56000000
2011-06-01,3004.17000000
2011-06-02,2955.71000000
2011-06-03,2986.35000000
2011-06-07,3004.26000000
2011-06-08,3008.65000000
2011-06-09,2951.89000000
2011-06-10,2961.93000000
2011-06-13,2950.35000000
2011-06-14,2993.56000000
2011-06-15,2963.12000000
2011-06-16,2917.58000000
2011-06-17,2892.16000000
2011-06-20,2874.90000000
2011-06-21,2909.07000000
2011-06-22,2908.58000000
2011-06-23,2957.63000000
2011-06-24,3027.47000000
2011-06-27,3036.49000000
2011-06-28,3041.73000000
2011-06-29,3000.17000000
2011-06-30,3044.09000000
2011-07-01,3049.75000000
2011-07-04,3121.98000000
2011-07-05,3122.50000000
2011-07-06,3113.71000000
2011-07-07,3101.68000000
2011-07-08,3109.18000000
2011-07-11,3113.21000000
2011-07-12,3056.91000000
2011-07-13,3106.25000000
2011-07-14,3115.75000000
2011-07-15,3128.89000000
2011-07-18,3122.60000000
2011-07-19,3095.12000000
2011-07-20,3091.57000000
2011-07-21,3059.14000000
2011-07-22,3067.99000000
2011-07-25,2968.29000000
2011-07-26,2977.77000000
2011-07-27,3000.05000000
2011-07-28,2981.00000000
2011-07-29,2972.08000000
2011-08-01,2977.72000000
2011-08-02,2956.38000000
2011-08-03,2954.87000000
2011-08-04,2960.31000000
2011-08-05,2897.42000000
2011-08-08,2793.90000000
2011-08-09,2798.19000000
2011-08-10,2824.12000000
2011-08-11,2866.92000000
2011-08-12,2875.36000000
2011-08-15,2917.88000000
2011-08-16,2897.58000000
2011-08-17,2886.01000000
2011-08-18,2834.25000000
2011-08-19,2807.66000000
2011-08-22,2777.79000000
2011-08-23,2821.00000000
2011-08-24,2810.02000000
2011-08-25,2903.84000000
2011-08-26,2901.22000000
2011-08-29,2852.81000000
2011-08-30,2841.74000000
2011-08-31,2846.78000000
2011-09-01,2834.53000000
2011-09-02,2803.85000000
2011-09-05,2743.82000000
2011-09-06,2723.30000000
2011-09-07,2779.09000000
2011-09-08,2756.10000000
2011-09-09,2751.09000000
2011-09-13,2720.28000000
2011-09-14,2733.11000000
2011-09-15,2729.05000000
2011-09-16,2733.99000000
2011-09-19,2679.27000000
2011-09-20,2689.84000000
2011-09-21,2771.01000000
2011-09-22,2685.69000000
2011-09-23,2669.48000000
2011-09-26,2610.92000000
2011-09-27,2637.88000000
2011-09-28,2610.59000000
2011-09-29,2588.19000000
2011-09-30,2581.35000000
2011-10-10,2557.08000000
2011-10-11,2551.99000000
2011-10-12,2644.76000000
2011-10-13,2662.60000000
2011-10-14,2653.78000000
2011-10-17,2666.95000000
2011-10-18,2592.21000000
2011-10-19,2583.08000000
2011-10-20,2520.53000000
2011-10-21,2507.88000000
2011-10-24,2576.67000000
2011-10-25,2625.43000000
2011-10-26,2651.65000000
2011-10-27,2657.48000000
2011-10-28,2709.02000000
2011-10-31,2695.31000000
2011-11-01,2697.53000000
2011-11-02,2742.39000000
2011-11-03,2744.30000000
2011-11-04,2763.75000000
2011-11-07,2736.25000000
2011-11-08,2727.71000000
2011-11-09,2751.65000000
2011-11-10,2699.59000000
2011-11-11,2695.00000000
2011-11-14,2750.20000000
2011-11-15,2744.68000000
2011-11-16,2670.12000000
2011-11-17,2662.02000000
2011-11-18,2606.50000000
2011-11-21,2609.69000000
2011-11-22,2609.48000000
2011-11-23,2584.01000000
2011-11-24,2588.92000000
2011-11-25,2569.97000000
2011-11-28,2573.32000000
2011-11-29,2608.57000000
2011-11-30,2521.52000000
2011-12-01,2583.61000000
2011-12-02,2557.31000000
2011-12-05,2521.39000000
2011-12-06,2516.34000000
2011-12-07,2528.23000000
2011-12-08,2525.00000000
2011-12-09,2503.46000000
2011-12-12,2477.69000000
2011-12-13,2421.93000000
2011-12-14,2397.48000000
2011-12-15,2340.79000000
2011-12-16,2390.13000000
2011-12-19,2384.41000000
2011-12-20,2377.07000000
2011-12-21,2339.11000000
2011-12-22,2341.33000000
2011-12-23,2359.16000000
2011-12-26,2335.70000000
2011-12-27,2305.03000000
2011-12-28,2307.93000000
2011-12-29,2311.36000000
2011-12-30,2345.74000000
2012-01-04,2298.75000000
2012-01-05,2276.39000000
2012-01-06,2290.60000000
2012-01-09,2368.57000000
2012-01-10,2447.35000000
2012-01-11,2435.61000000
2012-01-12,2435.22000000
2012-01-13,2394.33000000
2012-01-16,2345.65000000
2012-01-17,2460.60000000
2012-01-18,2422.19000000
2012-01-19,2468.35000000
2012-01-20,2504.09000000
2012-01-30,2460.72000000
2012-01-31,2464.26000000
2012-02-01,2428.99000000
2012-02-02,2486.24000000
2012-02-03,2506.09000000
2012-02-06,2504.32000000
2012-02-07,2457.95000000
2012-02-08,2528.24000000
2012-02-09,2529.23000000
2012-02-10,2533.62000000
2012-02-13,2531.98000000
2012-02-14,2522.11000000
2012-02-15,2549.61000000
2012-02-16,2536.07000000
2012-02-17,2537.09000000
2012-02-20,2540.71000000
2012-02-21,2562.45000000
2012-02-22,2597.48000000
2012-02-23,2606.26000000
2012-02-24,2648.02000000
2012-02-27,2656.57000000
2012-02-28,2662.46000000
2012-02-29,2634.14000000
2012-03-01,2633.34000000
2012-03-02,2679.93000000
2012-03-05,2662.70000000
2012-03-06,2621.05000000
2012-03-07,2603.00000000
2012-03-08,2635.79000000
2012-03-09,2664.30000000
2012-03-12,2654.40000000
2012-03-13,2681.07000000
2012-03-14,2605.11000000
2012-03-15,2585.55000000
2012-03-16,2623.52000000
2012-03-19,2630.01000000
2012-03-20,2584.45000000
2012-03-21,2587.79000000
2012-03-22,2583.75000000
2012-03-23,2552.94000000
2012-03-26,2555.44000000
2012-03-27,2547.14000000
2012-03-28,2474.90000000
2012-03-29,2443.12000000
2012-03-30,2454.90000000
2012-04-05,2512.83000000
2012-04-06,2519.83000000
2012-04-09,2495.15000000
2012-04-10,2519.79000000
2012-04-11,2520.04000000
2012-04-12,2570.44000000
2012-04-13,2580.45000000
2012-04-16,2574.04000000
2012-04-17,2541.88000000
2012-04-18,2599.91000000
2012-04-19,2596.06000000
2012-04-20,2626.84000000
2012-04-23,2606.04000000
2012-04-24,2604.87000000
2012-04-25,2625.99000000
2012-04-26,2631.49000000
2012-04-27,2626.16000000
2012-05-02,2683.49000000
2012-05-03,2691.52000000
2012-05-04,2715.88000000
2012-05-07,2717.78000000
2012-05-08,2709.12000000
2012-05-09,2657.51000000
2012-05-10,2657.21000000
2012-05-11,2636.92000000
2012-05-14,2615.53000000
2012-05-15,2617.37000000
2012-05-16,2574.65000000
2012-05-17,2613.94000000
2012-05-18,2573.98000000
2012-05-21,2587.23000000
2012-05-22,2627.52000000
2012-05-23,2616.87000000
2012-05-24,2595.26000000
2012-05-25,2573.10000000
2012-05-28,2614.69000000
2012-05-29,2650.85000000
2012-05-30,2642.26000000
2012-05-31,2632.04000000
2012-06-01,2633.00000000
2012-06-04,2559.03000000
2012-06-05,2558.84000000
2012-06-06,2557.40000000
2012-06-07,2542.18000000
2012-06-08,2524.33000000
2012-06-11,2558.26000000
2012-06-12,2540.18000000
2012-06-13,2580.64000000
2012-06-14,2560.42000000
2012-06-15,2568.05000000
2012-06-18,2581.21000000
2012-06-19,2558.62000000
2012-06-20,2552.61000000
2012-06-21,2512.19000000
2012-06-25,2456.52000000
2012-06-26,2454.92000000
2012-06-27,2447.20000000
2012-06-28,2425.73000000
2012-06-29,2461.61000000
2012-07-02,2465.24000000
2012-07-03,2468.72000000
2012-07-04,2464.92000000
2012-07-05,2430.37000000
2012-07-06,2472.61000000
2012-07-09,2416.04000000
2012-07-10,2406.71000000
2012-07-11,2425.57000000
2012-07-12,2449.18000000
2012-07-13,2450.63000000
2012-07-16,2399.73000000
2012-07-17,2414.20000000
2012-07-18,2414.33000000
2012-07-19,2424.32000000
2012-07-20,2398.46000000
2012-07-23,2365.43000000
2012-07-24,2375.99000000
2012-07-25,2360.08000000
2012-07-26,2347.49000000
2012-07-27,2349.11000000
2012-07-30,2335.79000000
2012-07-31,2332.92000000
2012-08-01,2358.65000000
2012-08-02,2334.88000000
2012-08-03,2353.74000000
2012-08-06,2385.61000000
2012-08-07,2388.87000000
2012-08-08,2389.79000000
2012-08-09,2411.70000000
2012-08-10,2399.75000000
2012-08-13,2351.93000000
2012-08-14,2357.02000000
2012-08-15,2331.61000000
2012-08-16,2319.67000000
2012-08-17,2313.48000000
2012-08-20,2301.79000000
2012-08-21,2313.70000000
2012-08-22,2295.59000000
2012-08-23,2302.20000000
2012-08-24,2275.68000000
2012-08-27,2228.20000000
2012-08-28,2238.41000000
2012-08-29,2214.81000000
2012-08-30,2211.37000000
2012-08-31,2204.87000000
2012-09-03,2228.37000000
2012-09-04,2204.41000000
2012-09-05,2199.88000000
2012-09-06,2217.82000000
2012-09-07,2317.18000000
2012-09-10,2326.67000000
2012-09-11,2311.89000000
2012-09-12,2320.07000000
2012-09-13,2298.46000000
2012-09-14,2315.54000000
2012-09-17,2258.71000000
2012-09-18,2235.24000000
2012-09-19,2246.24000000
2012-09-20,2195.95000000
2012-09-21,2199.06000000
2012-09-24,2215.52000000
2012-09-25,2210.15000000
2012-09-26,2184.89000000
2012-09-27,2251.72000000
2012-09-28,2293.11000000
2012-10-08,2270.05000000
2012-10-09,2320.16000000
2012-10-10,2324.12000000
2012-10-11,2302.53000000
2012-10-12,2304.53000000
2012-10-15,2294.86000000
2012-10-16,2298.16000000
2012-10-17,2300.80000000
2012-10-18,2336.08000000
2012-10-19,2332.47000000
2012-10-22,2341.59000000
2012-10-23,2312.08000000
2012-10-24,2307.78000000
2012-10-25,2291.24000000
2012-10-26,2247.91000000
2012-10-29,2235.85000000
2012-10-30,2239.88000000
2012-10-31,2254.82000000
2012-11-01,2297.88000000
2012-11-02,2306.77000000
2012-11-05,2301.88000000
2012-11-06,2292.21000000
2012-11-07,2287.50000000
2012-11-08,2245.41000000
2012-11-09,2240.92000000
2012-11-12,2251.85000000
2012-11-13,2212.44000000
2012-11-14,2223.11000000
2012-11-15,2193.62000000
2012-11-16,2177.24000000
2012-11-19,2174.99000000
2012-11-20,2164.88000000
2012-11-21,2194.90000000
2012-11-22,2177.55000000
2012-11-23,2192.68000000
2012-11-26,2175.60000000
2012-11-27,2150.64000000
2012-11-28,2129.16000000
2012-11-29,2115.68000000
2012-11-30,2139.66000000
2012-12-03,2108.85000000
2012-12-04,2131.47000000
2012-12-05,2207.88000000
2012-12-06,2203.60000000
2012-12-07,2246.76000000
2012-12-10,2271.05000000
2012-12-11,2258.50000000
2012-12-12,2267.77000000
2012-12-13,2242.64000000
2012-12-14,2355.86000000
2012-12-17,2366.70000000
2012-12-18,2368.12000000
2012-12-19,2371.11000000
2012-12-20,2384.82000000
2012-12-21,2372.00000000
2012-12-24,2381.22000000
2012-12-25,2448.40000000
2012-12-26,2457.62000000
2012-12-27,2444.59000000
2012-12-28,2480.05000000
2012-12-31,2522.95000000
2013-01-04,2524.41000000
2013-01-07,2535.99000000
2013-01-08,2525.33000000
2013-01-09,2526.13000000
2013-01-10,2530.57000000
2013-01-11,2483.23000000
2013-01-14,2577.73000000
2013-01-15,2595.86000000
2013-01-16,2577.09000000
2013-01-17,2552.76000000
2013-01-18,2595.44000000
2013-01-21,2610.90000000
2013-01-22,2596.90000000
2013-01-23,2607.46000000
2013-01-24,2582.75000000
2013-01-25,2571.67000000
2013-01-28,2651.86000000
2013-01-29,2675.87000000
2013-01-30,2688.71000000
2013-01-31,2686.88000000
2013-02-01,2743.32000000
2013-02-04,2748.03000000
2013-02-05,2771.68000000
2013-02-06,2775.84000000
2013-02-07,2759.87000000
2013-02-08,2771.73000000
2013-02-18,2737.47000000
2013-02-19,2685.61000000
2013-02-20,2702.64000000
2013-02-21,2610.55000000
2013-02-22,2596.60000000
2013-02-25,2604.96000000
2013-02-26,2567.59000000
2013-02-27,2594.68000000
2013-02-28,2673.33000000
2013-03-01,2668.84000000
2013-03-04,2545.72000000
2013-03-05,2622.81000000
2013-03-06,2650.20000000
2013-03-07,2619.48000000
2013-03-08,2606.93000000
2013-03-11,2592.37000000
2013-03-12,2555.61000000
2013-03-13,2527.49000000
2013-03-14,2534.27000000
2013-03-15,2539.87000000
2013-03-18,2502.49000000
2013-03-19,2525.10000000
2013-03-20,2610.17000000
2013-03-21,2614.99000000
2013-03-22,2618.31000000
2013-03-25,2613.10000000
2013-03-26,2575.05000000
2013-03-27,2583.53000000
2013-03-28,2499.30000000
2013-03-29,2495.08000000
2013-04-01,2493.19000000
2013-04-02,2486.39000000
2013-04-03,2483.55000000
2013-04-08,2472.30000000
2013-04-09,2489.43000000
2013-04-10,2485.31000000
2013-04-11,2477.88000000
2013-04-12,2462.11000000
2013-04-15,2436.82000000
2013-04-16,2459.59000000
2013-04-17,2458.47000000
2013-04-18,2464.85000000
2013-04-19,2533.83000000
2013-04-22,2530.67000000
2013-04-23,2449.47000000
2013-04-24,2495.58000000
2013-04-25,2467.88000000
2013-04-26,2447.31000000
2013-05-02,2449.64000000
2013-05-03,2492.91000000
2013-05-06,2525.98000000
2013-05-07,2529.94000000
2013-05-08,2542.80000000
2013-05-09,2527.79000000
2013-05-10,2540.84000000
2013-05-13,2530.77000000
2013-05-14,2493.34000000
2013-05-15,2506.93000000
2013-05-16,2552.71000000
2013-05-17,2592.05000000
2013-05-20,2609.61000000
2013-05-21,2614.85000000
2013-05-22,2618.03000000
2013-05-23,2582.85000000
2013-05-24,2597.23000000
2013-05-27,2599.59000000
2013-05-28,2644.36000000
2013-05-29,2642.56000000
2013-05-30,2634.32000000
2013-05-31,2606.43000000
2013-06-03,2602.62000000
2013-06-04,2565.67000000
2013-06-05,2560.54000000
2013-06-06,2527.84000000
2013-06-07,2484.16000000
2013-06-13,2399.94000000
2013-06-14,2416.77000000
2013-06-17,2403.84000000
2013-06-18,2418.75000000
2013-06-19,2400.76000000
2013-06-20,2321.47000000
2013-06-21,2317.39000000
2013-06-24,2171.21000000
2013-06-25,2165.42000000
2013-06-26,2168.30000000
2013-06-27,2160.74000000
2013-06-28,2200.64000000
2013-07-01,2213.32000000
2013-07-02,2221.98000000
2013-07-03,2203.83000000
2013-07-04,2221.98000000
2013-07-05,2226.85000000
2013-07-08,2163.62000000
2013-07-09,2162.67000000
2013-07-10,2224.06000000
2013-07-11,2326.69000000
2013-07-12,2275.37000000
2013-07-15,2307.30000000
2013-07-16,2317.85000000
2013-07-17,2282.84000000
2013-07-18,2245.33000000
2013-07-19,2190.48000000
2013-07-22,2202.19000000
2013-07-23,2265.84000000
2013-07-24,2249.15000000
2013-07-25,2237.68000000
2013-07-26,2224.01000000
2013-07-29,2175.97000000
2013-07-30,2189.39000000
2013-07-31,2193.02000000
2013-08-01,2245.36000000
2013-08-02,2247.26000000
2013-08-05,2278.33000000
2013-08-06,2293.64000000
2013-08-07,2280.62000000
2013-08-08,2276.78000000
2013-08-09,2286.01000000
2013-08-12,2352.79000000
2013-08-13,2359.07000000
2013-08-14,2349.08000000
2013-08-15,2321.58000000
2013-08-16,2304.14000000
2013-08-19,2331.43000000
2013-08-20,2312.47000000
2013-08-21,2308.59000000
2013-08-22,2303.93000000
2013-08-23,2286.93000000
2013-08-26,2335.62000000
2013-08-27,2340.88000000
2013-08-28,2328.06000000
2013-08-29,2318.31000000
2013-08-30,2313.91000000
2013-09-02,2320.34000000
2013-09-03,2354.50000000
2013-09-04,2350.70000000
2013-09-05,2341.74000000
2013-09-06,2357.78000000
2013-09-09,2440.61000000
2013-09-10,2474.89000000
2013-09-11,2482.89000000
2013-09-12,2507.46000000
2013-09-13,2488.90000000
2013-09-16,2478.39000000
2013-09-17,2427.32000000
2013-09-18,2432.51000000
2013-09-23,2472.29000000
2013-09-24,2443.89000000
2013-09-25,2429.03000000
2013-09-26,2384.44000000
2013-09-27,2394.97000000
2013-09-30,2409.04000000
2013-10-08,2441.81000000
2013-10-09,2453.58000000
2013-10-10,2429.32000000
2013-10-11,2468.51000000
2013-10-14,2472.54000000
2013-10-15,2467.52000000
2013-10-16,2421.37000000
2013-10-17,2413.33000000
2013-10-18,2426.05000000
2013-10-21,2471.32000000
2013-10-22,2445.89000000
2013-10-23,2418.49000000
2013-10-24,2400.51000000
2013-10-25,2368.56000000
2013-10-28,2365.95000000
2013-10-29,2372.05000000
2013-10-30,2407.47000000
2013-10-31,2373.72000000
2013-11-01,2384.96000000
2013-11-04,2380.45000000
2013-11-05,2383.77000000
2013-11-06,2353.57000000
2013-11-07,2340.55000000
2013-11-08,2307.95000000
2013-11-11,2315.89000000
2013-11-12,2340.00000000
2013-11-13,2288.12000000
2013-11-14,2304.50000000
2013-11-15,2350.73000000
2013-11-18,2428.90000000
2013-11-19,2412.16000000
2013-11-20,2424.85000000
2013-11-21,2409.99000000
2013-11-22,2397.96000000
2013-11-25,2388.63000000
2013-11-26,2387.42000000
2013-11-27,2414.48000000
2013-11-28,2439.53000000
2013-11-29,2438.94000000
2013-12-02,2418.79000000
2013-12-03,2442.78000000
2013-12-04,2475.14000000
2013-12-05,2468.20000000
2013-12-06,2452.29000000
2013-12-09,2450.87000000
2013-12-10,2453.32000000
2013-12-11,2412.76000000
2013-12-12,2410.01000000
2013-12-13,2406.64000000
2013-12-16,2367.92000000
2013-12-17,2356.38000000
2013-12-18,2357.23000000
2013-12-19,2332.41000000
2013-12-20,2278.14000000
2013-12-23,2284.60000000
2013-12-24,2288.25000000
2013-12-25,2305.11000000
2013-12-26,2265.33000000
2013-12-27,2303.48000000
2013-12-30,2299.46000000
2013-12-31,2330.03000000
2014-01-02,2321.98000000
2014-01-03,2290.78000000
2014-01-06,2238.64000000
2014-01-07,2238.00000000
2014-01-08,2241.91000000
2014-01-09,2222.22000000
2014-01-10,2204.85000000
2014-01-13,2193.68000000
2014-01-14,2212.85000000
2014-01-15,2208.94000000
2014-01-16,2211.84000000
2014-01-17,2178.49000000
2014-01-20,2165.99000000
2014-01-21,2187.41000000
2014-01-22,2243.80000000
2014-01-23,2231.89000000
2014-01-24,2245.68000000
2014-01-27,2215.92000000
2014-01-28,2219.85000000
2014-01-29,2227.78000000
2014-01-30,2202.45000000
2014-02-07,2212.48000000
2014-02-10,2267.53000000
2014-02-11,2285.56000000
2014-02-12,2291.25000000
2014-02-13,2279.55000000
2014-02-14,2295.57000000
2014-02-17,2311.65000000
2014-02-18,2282.44000000
2014-02-19,2308.66000000
2014-02-20,2287.44000000
2014-02-21,2264.29000000
2014-02-24,2214.51000000
2014-02-25,2157.91000000
2014-02-26,2163.41000000
2014-02-27,2154.11000000
2014-02-28,2178.97000000
2014-03-03,2190.37000000
2014-03-04,2184.27000000
2014-03-05,2163.98000000
2014-03-06,2173.63000000
2014-03-07,2168.36000000
2014-03-10,2097.79000000
2014-03-11,2108.66000000
2014-03-12,2114.13000000
2014-03-13,2140.33000000
2014-03-14,2122.84000000
2014-03-17,2143.04000000
2014-03-18,2138.13000000
2014-03-19,2120.87000000
2014-03-20,2086.97000000
2014-03-21,2158.80000000
2014-03-24,2176.55000000
2014-03-25,2174.44000000
2014-03-26,2171.05000000
2014-03-27,2155.71000000
2014-03-28,2151.97000000
2014-03-31,2146.30000000
2014-04-01,2163.11000000
2014-04-02,2180.73000000
2014-04-03,2165.01000000
2014-04-04,2185.47000000
2014-04-08,2237.32000000
2014-04-09,2238.62000000
2014-04-10,2273.76000000
2014-04-11,2270.67000000
2014-04-14,2268.61000000
2014-04-15,2229.46000000
2014-04-16,2232.53000000
2014-04-17,2224.80000000
2014-04-18,2224.48000000
2014-04-21,2187.25000000
2014-04-22,2196.79000000
2014-04-23,2194.67000000
2014-04-24,2190.47000000
2014-04-25,2167.83000000
2014-04-28,2134.97000000
2014-04-29,2158.47000000
2014-04-30,2158.66000000
2014-05-05,2156.47000000
2014-05-06,2157.33000000
2014-05-07,2137.32000000
2014-05-08,2135.50000000
2014-05-09,2133.91000000
2014-05-12,2180.05000000
2014-05-13,2174.85000000
2014-05-14,2172.37000000
2014-05-15,2144.08000000
2014-05-16,2145.95000000
2014-05-19,2115.14000000
2014-05-20,2115.77000000
2014-05-21,2135.91000000
2014-05-22,2130.87000000
2014-05-23,2148.41000000
2014-05-26,2155.98000000
2014-05-27,2147.28000000
2014-05-28,2169.35000000
2014-05-29,2155.16000000
2014-05-30,2156.46000000
2014-06-03,2149.92000000
2014-06-04,2128.27000000
2014-06-05,2150.60000000
2014-06-06,2134.72000000
2014-06-09,2134.28000000
2014-06-10,2161.27000000
2014-06-11,2160.77000000
2014-06-12,2153.41000000
2014-06-13,2176.24000000
2014-06-16,2191.85000000
2014-06-17,2169.67000000
2014-06-18,2160.24000000
2014-06-19,2126.91000000
2014-06-20,2136.73000000
2014-06-23,2134.11000000
2014-06-24,2144.82000000
2014-06-25,2133.37000000
2014-06-26,2149.08000000
2014-06-27,2150.26000000
2014-06-30,2165.12000000
2014-07-01,2164.56000000
2014-07-02,2170.87000000
2014-07-03,2180.19000000
2014-07-04,2178.70000000
2014-07-07,2176.29000000
2014-07-08,2180.47000000
2014-07-09,2148.71000000
2014-07-10,2142.85000000
2014-07-11,2148.01000000
2014-07-14,2171.76000000
2014-07-15,2174.98000000
2014-07-16,2170.87000000
2014-07-17,2157.07000000
2014-07-18,2164.14000000
2014-07-21,2166.29000000
2014-07-22,2192.70000000
2014-07-23,2197.83000000
2014-07-24,2237.01000000
2014-07-25,2260.45000000
2014-07-28,2323.90000000
2014-07-29,2331.37000000
2014-07-30,2322.01000000
2014-07-31,2350.25000000
2014-08-01,2329.40000000
2014-08-04,2375.62000000
2014-08-05,2369.35000000
2014-08-06,2363.22000000
2014-08-07,2327.46000000
2014-08-08,2331.13000000
2014-08-11,2365.35000000
2014-08-12,2357.05000000
2014-08-13,2358.90000000
2014-08-14,2335.95000000
2014-08-15,2360.64000000
2014-08-18,2374.56000000
2014-08-19,2374.77000000
2014-08-20,2366.14000000
2014-08-21,2354.24000000
2014-08-22,2365.36000000
2014-08-25,2342.86000000
2014-08-26,2324.09000000
2014-08-27,2327.59000000
2014-08-28,2311.28000000
2014-08-29,2338.29000000
2014-09-01,2355.32000000
2014-09-02,2386.46000000
2014-09-03,2408.84000000
2014-09-04,2426.22000000
2014-09-05,2449.26000000
2014-09-09,2445.22000000
2014-09-10,2432.43000000
2014-09-11,2423.45000000
2014-09-12,2438.36000000
2014-09-15,2437.19000000
2014-09-16,2388.76000000
2014-09-17,2401.33000000
2014-09-18,2408.66000000
2014-09-19,2425.21000000
2014-09-22,2378.92000000
2014-09-23,2399.46000000
2014-09-24,2441.86000000
2014-09-25,2436.97000000
2014-09-26,2437.20000000
2014-09-29,2447.80000000
2014-09-30,2450.99000000
2014-10-08,2478.38000000
2014-10-09,2481.96000000
2014-10-10,2466.79000000
2014-10-13,2454.95000000
2014-10-14,2446.56000000
2014-10-15,2463.87000000
2014-10-16,2444.40000000
2014-10-17,2441.73000000
2014-10-20,2454.71000000
2014-10-21,2433.39000000
2014-10-22,2418.64000000
2014-10-23,2395.94000000
2014-10-24,2390.71000000
2014-10-27,2368.83000000
2014-10-28,2416.65000000
2014-10-29,2451.38000000
2014-10-30,2468.93000000
2014-10-31,2508.32000000
2014-11-03,2512.55000000
2014-11-04,2513.17000000
2014-11-05,2503.45000000
2014-11-06,2506.07000000
2014-11-07,2502.15000000
2014-11-10,2565.73000000
2014-11-11,2558.61000000
2014-11-12,2594.32000000
2014-11-13,2579.75000000
2014-11-14,2581.09000000
2014-11-17,2567.10000000
2014-11-18,2541.42000000
2014-11-19,2537.22000000
2014-11-20,2537.10000000
2014-11-21,2583.46000000
2014-11-24,2649.26000000
2014-11-25,2685.56000000
2014-11-26,2723.02000000
2014-11-27,2754.49000000
2014-11-28,2808.82000000
2014-12-01,2819.81000000
2014-12-02,2923.94000000
2014-12-03,2967.55000000
2014-12-04,3104.35000000
2014-12-05,3124.89000000
2014-12-08,3252.88000000
2014-12-09,3106.91000000
2014-12-10,3221.55000000
2014-12-11,3183.01000000
2014-12-12,3193.23000000
2014-12-15,3217.23000000
2014-12-16,3303.40000000
2014-12-17,3360.60000000
2014-12-18,3345.93000000
2014-12-19,3383.17000000
2014-12-22,3394.48000000
2014-12-23,3324.92000000
2014-12-24,3230.39000000
2014-12-25,3335.42000000
2014-12-26,3445.84000000
2014-12-29,3455.46000000
2014-12-30,3457.55000000
2014-12-31,3533.71000000
2015-01-05,3641.54000000
2015-01-06,3641.06000000
2015-01-07,3643.79000000
2015-01-08,3559.26000000
2015-01-09,3546.72000000
2015-01-12,3513.58000000
2015-01-13,3514.04000000
2015-01-14,3502.42000000
2015-01-15,3604.12000000
2015-01-16,3635.15000000
2015-01-19,3355.16000000
2015-01-20,3396.22000000
2015-01-21,3548.89000000
2015-01-22,3567.61000000
2015-01-23,3571.73000000
2015-01-26,3607.99000000
2015-01-27,3574.93000000
2015-01-28,3525.32000000
2015-01-29,3481.80000000
2015-01-30,3434.39000000
2015-02-02,3353.96000000
2015-02-03,3437.45000000
2015-02-04,3401.77000000
2015-02-05,3366.95000000
2015-02-06,3312.42000000
2015-02-09,3345.92000000
2015-02-10,3406.94000000
2015-02-11,3434.12000000
2015-02-12,3442.87000000
2015-02-13,3469.83000000
2015-02-16,3499.48000000
2015-02-17,3522.32000000
2015-02-25,3478.73000000
2015-02-26,3566.29000000
2015-02-27,3572.84000000
2015-03-02,3601.26000000
2015-03-03,3507.90000000
2015-03-04,3530.82000000
2015-03-05,3496.34000000
2015-03-06,3478.52000000
2015-03-09,3537.75000000
2015-03-10,3520.61000000
2015-03-11,3524.65000000
2015-03-12,3592.84000000
2015-03-13,3617.66000000
2015-03-16,3705.67000000
2015-03-17,3757.12000000
2015-03-18,3846.05000000
2015-03-19,3839.74000000
2015-03-20,3892.57000000
2015-03-23,3972.06000000
2015-03-24,3973.05000000
2015-03-25,3940.41000000
2015-03-26,3950.00000000
2015-03-27,3971.70000000
2015-03-30,4088.18000000
2015-03-31,4051.20000000
2015-04-01,4123.90000000
2015-04-02,4124.78000000
2015-04-03,4170.54000000
2015-04-07,4260.04000000
2015-04-08,4295.80000000
2015-04-09,4262.14000000
2015-04-10,4344.42000000
2015-04-13,4421.07000000
2015-04-14,4438.18000000
2015-04-15,4380.51000000
2015-04-16,4513.55000000
2015-04-17,4596.14000000
2015-04-20,4521.92000000
2015-04-21,4619.16000000
2015-04-22,4739.81000000
2015-04-23,4740.89000000
2015-04-24,4702.64000000
2015-04-27,4807.59000000
2015-04-28,4741.86000000
2015-04-29,4774.33000000
2015-04-30,4749.89000000
2015-05-04,4787.74000000
2015-05-05,4596.84000000
2015-05-06,4553.33000000
2015-05-07,4470.09000000
2015-05-08,4558.40000000
2015-05-11,4690.53000000
2015-05-12,4747.42000000
2015-05-13,4718.44000000
2015-05-14,4700.78000000
2015-05-15,4617.47000000
2015-05-18,4575.14000000
2015-05-19,4731.22000000
2015-05-20,4754.92000000
2015-05-21,4840.98000000
2015-05-22,4951.33000000
2015-05-25,5099.50000000
2015-05-26,5198.92000000
2015-05-27,5181.43000000
2015-05-28,4834.01000000
2015-05-29,4840.83000000
2015-06-01,5076.18000000
2015-06-02,5161.87000000
2015-06-03,5143.59000000
2015-06-04,5181.42000000
2015-06-05,5230.55000000
2015-06-08,5353.75000000
2015-06-09,5317.46000000
2015-06-10,5309.11000000
2015-06-11,5306.59000000
2015-06-12,5335.12000000
2015-06-15,5221.17000000
2015-06-16,5064.82000000
2015-06-17,5138.83000000
2015-06-18,4930.55000000
2015-06-19,4637.05000000
2015-06-23,4786.09000000
2015-06-24,4880.13000000
2015-06-25,4706.52000000
2015-06-26,4336.19000000
2015-06-29,4191.55000000
2015-06-30,4473.00000000
2015-07-01,4253.02000000
2015-07-02,4108.00000000
2015-07-03,3885.92000000
2015-07-06,3998.54000000
2015-07-07,3928.00000000
2015-07-08,3663.04000000
2015-07-09,3897.63000000
2015-07-10,4106.56000000
2015-07-13,4211.81000000
2015-07-14,4112.15000000
2015-07-15,3966.76000000
2015-07-16,3997.36000000
2015-07-17,4151.50000000
2015-07-20,4160.61000000
2015-07-21,4166.01000000
2015-07-22,4157.16000000
2015-07-23,4250.81000000
2015-07-24,4176.28000000
2015-07-27,3818.73000000
2015-07-28,3811.09000000
2015-07-29,3930.38000000
2015-07-30,3815.41000000
2015-07-31,3816.70000000
2015-08-03,3829.24000000
2015-08-04,3948.16000000
2015-08-05,3866.90000000
2015-08-06,3831.85000000
2015-08-07,3906.94000000
2015-08-10,4084.36000000
2015-08-11,4066.67000000
2015-08-12,4016.13000000
2015-08-13,4075.46000000
2015-08-14,4073.54000000
2015-08-17,4077.87000000
2015-08-18,3825.41000000
2015-08-19,3886.14000000
2015-08-20,3761.45000000
2015-08-21,3589.54000000
2015-08-24,3275.53000000
2015-08-25,3042.93000000
2015-08-26,3025.69000000
2015-08-27,3205.64000000
2015-08-28,3342.29000000
2015-08-31,3366.54000000
2015-09-01,3362.08000000
2015-09-02,3365.83000000
2015-09-07,3250.49000000
2015-09-08,3334.02000000
2015-09-09,3399.31000000
2015-09-10,3357.56000000
2015-09-11,3347.19000000
2015-09-14,3281.13000000
2015-09-15,3152.23000000
2015-09-16,3309.25000000
2015-09-17,3237.00000000
2015-09-18,3251.27000000
2015-09-21,3308.25000000
2015-09-22,3339.03000000
2015-09-23,3263.03000000
2015-09-24,3285.00000000
2015-09-25,3231.95000000
2015-09-28,3242.75000000
2015-09-29,3178.85000000
2015-09-30,3202.95000000
2015-10-08,3296.48000000
2015-10-09,3340.12000000
2015-10-12,3447.69000000
2015-10-13,3445.04000000
2015-10-14,3406.11000000
2015-10-15,3486.81000000
2015-10-16,3534.07000000
2015-10-19,3534.18000000
2015-10-20,3577.70000000
2015-10-21,3473.25000000
2015-10-22,3524.53000000
2015-10-23,3571.24000000
2015-10-26,3589.26000000
2015-10-27,3592.88000000
2015-10-28,3524.92000000
2015-10-29,3533.31000000
2015-10-30,3534.08000000
2015-11-02,3475.96000000
2015-11-03,3465.49000000
2015-11-04,3628.54000000
2015-11-05,3705.97000000
2015-11-06,3793.37000000
2015-11-09,3840.35000000
2015-11-10,3833.24000000
2015-11-11,3833.65000000
2015-11-12,3795.32000000
2015-11-13,3746.24000000
2015-11-16,3764.13000000
2015-11-17,3758.39000000
2015-11-18,3715.58000000
2015-11-19,3774.97000000
2015-11-20,3774.38000000
2015-11-23,3753.34000000
2015-11-24,3753.89000000
2015-11-25,3781.61000000
2015-11-26,3759.43000000
2015-11-27,3556.99000000
2015-11-30,3566.41000000
2015-12-01,3591.70000000
2015-12-02,3721.95000000
2015-12-03,3749.30000000
2015-12-04,3677.59000000
2015-12-07,3687.61000000
2015-12-08,3623.02000000
2015-12-09,3635.94000000
2015-12-10,3623.08000000
2015-12-11,3608.06000000
2015-12-14,3711.32000000
2015-12-15,3694.39000000
2015-12-16,3685.44000000
2015-12-17,3755.89000000
2015-12-18,3767.91000000
2015-12-21,3865.96000000
2015-12-22,3876.73000000
2015-12-23,3866.38000000
2015-12-24,3829.40000000
2015-12-25,3838.20000000
2015-12-28,3727.63000000
2015-12-29,3761.87000000
2015-12-30,3765.18000000
2015-12-31,3731.00000000
2016-01-04,3469.07000000
2016-01-05,3478.78000000
2016-01-06,3539.81000000
2016-01-07,3294.38000000
2016-01-08,3361.56000000
2016-01-11,3192.45000000
2016-01-12,3215.71000000
2016-01-13,3155.88000000
2016-01-14,3221.57000000
2016-01-15,3118.73000000
2016-01-18,3130.73000000
2016-01-19,3223.12000000
2016-01-20,3174.38000000
2016-01-21,3081.35000000
2016-01-22,3113.46000000
2016-01-25,3128.89000000
2016-01-26,2940.51000000
2016-01-27,2930.35000000
2016-01-28,2853.76000000
2016-01-29,2946.09000000
2016-02-01,2901.05000000
2016-02-02,2961.33000000
2016-02-03,2948.64000000
2016-02-04,2984.76000000
2016-02-05,2963.79000000
2016-02-15,2946.71000000
2016-02-16,3037.04000000
2016-02-17,3063.32000000
2016-02-18,3053.70000000
2016-02-19,3051.58000000
2016-02-22,3118.87000000
2016-02-23,3089.36000000
2016-02-24,3109.55000000
2016-02-25,2918.75000000
2016-02-26,2948.03000000
2016-02-29,2877.47000000
2016-03-01,2930.69000000
2016-03-02,3051.33000000
2016-03-03,3058.42000000
2016-03-04,3093.89000000
2016-03-07,3104.84000000
2016-03-08,3107.67000000
2016-03-09,3071.91000000
2016-03-10,3013.15000000
2016-03-11,3018.28000000
2016-03-14,3065.69000000
2016-03-15,3074.78000000
2016-03-16,3090.03000000
2016-03-17,3124.20000000
2016-03-18,3171.96000000
2016-03-21,3249.44000000
2016-03-22,3225.79000000
2016-03-23,3236.09000000
2016-03-24,3181.85000000
2016-03-25,3197.82000000
2016-03-28,3169.73000000
2016-03-29,3135.41000000
2016-03-30,3216.28000000
2016-03-31,3218.09000000
2016-04-01,3221.89000000
2016-04-05,3264.49000000
2016-04-06,3257.53000000
2016-04-07,3209.29000000
2016-04-08,3185.73000000
2016-04-11,3230.10000000
2016-04-12,3218.45000000
2016-04-13,3261.38000000
2016-04-14,3275.83000000
2016-04-15,3272.21000000
2016-04-18,3228.45000000
2016-04-19,3238.30000000
2016-04-20,3181.03000000
2016-04-21,3160.60000000
2016-04-22,3174.90000000
2016-04-25,3162.03000000
2016-04-26,3179.16000000
2016-04-27,3165.92000000
2016-04-28,3160.58000000
2016-04-29,3156.75000000
2016-05-03,3213.54000000
2016-05-04,3209.46000000
2016-05-05,3213.92000000
2016-05-06,3130.35000000
2016-05-09,3065.62000000
2016-05-10,3069.11000000
2016-05-11,3082.81000000
2016-05-12,3090.14000000
2016-05-13,3074.94000000
2016-05-16,3095.31000000
2016-05-17,3086.02000000
2016-05-18,3068.04000000
2016-05-19,3062.50000000
2016-05-20,3078.22000000
2016-05-23,3087.22000000
2016-05-24,3063.56000000
2016-05-25,3059.23000000
2016-05-26,3064.21000000
2016-05-27,3062.50000000
2016-05-30,3066.71000000
2016-05-31,3169.56000000
2016-06-01,3160.55000000
2016-06-02,3167.10000000
2016-06-03,3189.33000000
2016-06-06,3178.79000000
2016-06-07,3177.05000000
2016-06-08,3163.99000000
2016-06-13,3066.34000000
2016-06-14,3075.98000000
2016-06-15,3116.37000000
2016-06-16,3094.67000000
2016-06-17,3110.36000000
2016-06-20,3112.67000000
2016-06-21,3106.32000000
2016-06-22,3133.96000000
2016-06-23,3117.32000000
2016-06-24,3077.16000000
2016-06-27,3120.54000000
2016-06-28,3136.40000000
2016-06-29,3151.39000000
2016-06-30,3153.92000000
2016-07-01,3154.20000000
2016-07-04,3204.70000000
2016-07-05,3207.38000000
2016-07-06,3216.80000000
2016-07-07,3209.95000000
2016-07-08,3192.28000000
2016-07-11,3203.33000000
2016-07-12,3273.18000000
2016-07-13,3282.87000000
2016-07-14,3276.76000000
2016-07-15,3276.28000000
2016-07-18,3262.02000000
2016-07-19,3248.23000000
2016-07-20,3237.60000000
2016-07-21,3252.52000000
2016-07-22,3225.16000000
2016-07-25,3230.89000000
2016-07-26,3269.59000000
2016-07-27,3218.24000000
2016-07-28,3221.14000000
2016-07-29,3203.93000000
2016-08-01,3176.81000000
2016-08-02,3189.05000000
2016-08-03,3193.51000000
2016-08-04,3201.29000000
2016-08-05,3205.11000000
2016-08-08,3234.18000000
2016-08-09,3256.98000000
2016-08-10,3243.34000000
2016-08-11,3233.36000000
2016-08-12,3294.23000000
2016-08-15,3393.42000000
2016-08-16,3378.25000000
2016-08-17,3373.05000000
2016-08-18,3364.49000000
2016-08-19,3365.02000000
2016-08-22,3336.79000000
2016-08-23,3341.83000000
2016-08-24,3329.86000000
2016-08-25,3308.97000000
2016-08-26,3307.09000000
2016-08-29,3307.78000000
2016-08-30,3311.99000000
2016-08-31,3327.79000000
2016-09-01,3301.58000000
2016-09-02,3314.11000000
2016-09-05,3319.68000000
2016-09-06,3342.63000000
2016-09-07,3340.82000000
2016-09-08,3339.56000000
2016-09-09,3318.04000000
2016-09-12,3262.60000000
2016-09-13,3260.33000000
2016-09-14,3238.73000000
2016-09-19,3263.12000000
2016-09-20,3257.40000000
2016-09-21,3266.64000000
2016-09-22,3291.12000000
2016-09-23,3275.67000000
2016-09-26,3220.28000000
2016-09-27,3240.75000000
2016-09-28,3230.89000000
2016-09-29,3244.39000000
2016-09-30,3253.28000000
2016-10-10,3293.87000000
2016-10-11,3306.56000000
2016-10-12,3300.01000000
2016-10-13,3302.65000000
2016-10-14,3305.85000000
2016-10-17,3277.88000000
2016-10-18,3321.33000000
2016-10-19,3316.24000000
2016-10-20,3318.60000000
2016-10-21,3327.74000000
2016-10-24,3367.58000000
2016-10-25,3367.45000000
2016-10-26,3354.80000000
2016-10-27,3345.70000000
2016-10-28,3340.13000000
2016-10-31,3336.28000000
2016-11-01,3359.05000000
2016-11-02,3333.35000000
2016-11-03,3365.08000000
2016-11-04,3354.17000000
2016-11-07,3356.59000000
2016-11-08,3371.12000000
2016-11-09,3353.05000000
2016-11-10,3390.61000000
2016-11-11,3417.22000000
2016-11-14,3430.25000000
2016-11-15,3429.87000000
2016-11-16,3429.59000000
2016-11-17,3436.53000000
2016-11-18,3417.46000000
2016-11-21,3441.11000000
2016-11-22,3468.36000000
2016-11-23,3474.73000000
2016-11-24,3488.74000000
2016-11-25,3521.30000000
2016-11-28,3535.08000000
2016-11-29,3564.04000000
2016-11-30,3538.00000000
2016-12-01,3565.04000000
2016-12-02,3528.95000000
2016-12-05,3469.41000000
2016-12-06,3459.15000000
2016-12-07,3475.75000000
2016-12-08,3470.14000000
2016-12-09,3493.70000000
2016-12-12,3409.18000000
2016-12-13,3405.04000000
2016-12-14,3378.95000000
2016-12-15,3340.43000000
2016-12-16,3346.03000000
2016-12-19,3328.98000000
2016-12-20,3309.06000000
2016-12-21,3338.54000000
2016-12-22,3335.67000000
2016-12-23,3307.60000000
2016-12-26,3322.40000000
2016-12-27,3316.39000000
2016-12-28,3301.89000000
2016-12-29,3297.76000000
2016-12-30,3310.08000000
2017-01-03,3342.23000000
2017-01-04,3368.31000000
2017-01-05,3367.79000000
2017-01-06,3347.67000000
2017-01-09,3363.90000000
2017-01-10,3358.27000000
2017-01-11,3334.50000000
2017-01-12,3317.62000000
2017-01-13,3319.91000000
2017-01-16,3319.45000000
2017-01-17,3326.36000000
2017-01-18,3339.37000000
2017-01-19,3329.29000000
2017-01-20,3354.89000000
2017-01-23,3364.08000000
2017-01-24,3364.45000000
2017-01-25,3375.90000000
2017-01-26,3387.96000000
2017-02-03,3364.49000000
2017-02-06,3373.21000000
2017-02-07,3365.68000000
2017-02-08,3383.29000000
2017-02-09,3396.29000000
2017-02-10,3413.49000000
2017-02-13,3436.27000000
2017-02-14,3435.80000000
2017-02-15,3421.71000000
2017-02-16,3440.93000000
2017-02-17,3421.44000000
2017-02-20,3471.39000000
2017-02-21,3482.82000000
2017-02-22,3489.76000000
2017-02-23,3473.32000000
2017-02-24,3473.85000000
2017-02-27,3446.22000000
2017-02-28,3452.81000000
2017-03-01,3458.44000000
2017-03-02,3435.10000000
2017-03-03,3427.86000000
2017-03-06,3446.48000000
2017-03-07,3453.96000000
2017-03-08,3448.73000000
2017-03-09,3426.94000000
2017-03-10,3427.89000000
2017-03-13,3458.10000000
2017-03-14,3456.69000000
2017-03-15,3463.64000000
2017-03-16,3481.51000000
2017-03-17,3445.81000000
2017-03-20,3449.61000000
2017-03-21,3466.35000000
2017-03-22,3450.05000000
2017-03-23,3461.98000000
2017-03-24,3489.60000000
2017-03-27,3478.04000000
2017-03-28,3469.81000000
2017-03-29,3465.19000000
2017-03-30,3436.76000000
2017-03-31,3456.05000000
2017-04-05,3503.89000000
2017-04-06,3514.05000000
2017-04-07,3517.46000000
2017-04-10,3505.14000000
2017-04-11,3517.33000000
2017-04-12,3509.44000000
2017-04-13,3514.57000000
2017-04-14,3486.50000000
2017-04-17,3479.94000000
2017-04-18,3462.74000000
2017-04-19,3445.88000000
2017-04-20,3461.55000000
2017-04-21,3466.79000000
2017-04-24,3431.26000000
2017-04-25,3440.97000000
2017-04-26,3445.18000000
2017-04-27,3446.72000000
2017-04-28,3439.75000000
2017-05-02,3426.58000000
2017-05-03,3413.13000000
2017-05-04,3404.39000000
2017-05-05,3382.55000000
2017-05-08,3358.81000000
2017-05-09,3352.53000000
2017-05-10,3337.70000000
2017-05-11,3356.65000000
2017-05-12,3385.38000000
2017-05-15,3399.19000000
2017-05-16,3428.65000000
2017-05-17,3409.97000000
2017-05-18,3398.11000000
2017-05-19,3403.85000000
2017-05-22,3411.24000000
2017-05-23,3424.19000000
2017-05-24,3424.17000000
2017-05-25,3485.66000000
2017-05-26,3480.43000000
2017-05-31,3492.88000000
2017-06-01,3497.74000000
2017-06-02,3486.51000000
2017-06-05,3468.75000000
2017-06-06,3492.88000000
2017-06-07,3533.87000000
2017-06-08,3560.98000000
2017-06-09,3576.17000000
2017-06-12,3574.39000000
2017-06-13,3582.27000000
2017-06-14,3535.30000000
2017-06-15,3528.79000000
2017-06-16,3518.76000000
2017-06-19,3553.67000000
2017-06-20,3546.49000000
2017-06-21,3587.96000000
2017-06-22,3590.34000000
2017-06-23,3622.88000000
2017-06-26,3668.09000000
2017-06-27,3674.72000000
2017-06-28,3646.17000000
2017-06-29,3668.83000000
2017-06-30,3666.80000000
2017-07-03,3650.85000000
2017-07-04,3619.98000000
2017-07-05,3659.68000000
2017-07-06,3660.10000000
2017-07-07,3655.93000000
2017-07-10,3653.69000000
2017-07-11,3670.81000000
2017-07-12,3658.82000000
2017-07-13,3686.92000000
2017-07-14,3703.09000000
2017-07-17,3663.56000000
2017-07-18,3667.18000000
2017-07-19,3729.75000000
2017-07-20,3747.88000000
2017-07-21,3728.60000000
2017-07-24,3743.47000000
2017-07-25,3719.56000000
2017-07-26,3705.39000000
2017-07-27,3712.19000000
2017-07-28,3721.89000000
2017-07-31,3737.87000000
2017-08-01,3770.38000000
2017-08-02,3760.85000000
2017-08-03,3727.83000000
2017-08-04,3707.58000000
2017-08-07,3726.79000000
2017-08-08,3732.21000000
2017-08-09,3731.04000000
2017-08-10,3715.92000000
2017-08-11,3647.35000000
2017-08-14,3694.68000000
2017-08-15,3706.06000000
2017-08-16,3701.42000000
2017-08-17,3721.28000000
2017-08-18,3724.67000000
2017-08-21,3740.99000000
2017-08-22,3752.30000000
2017-08-23,3756.09000000
2017-08-24,3734.65000000
2017-08-25,3795.75000000
2017-08-28,3842.71000000
2017-08-29,3834.54000000
2017-08-30,3834.30000000
2017-08-31,3822.09000000
2017-09-01,3830.54000000
2017-09-04,3845.62000000
2017-09-05,3857.05000000
2017-09-06,3849.45000000
2017-09-07,3829.87000000
2017-09-08,3825.99000000
2017-09-11,3825.65000000
2017-09-12,3837.93000000
2017-09-13,3842.61000000
2017-09-14,3829.96000000
2017-09-15,3831.30000000
2017-09-18,3843.14000000
2017-09-19,3832.12000000
2017-09-20,3842.44000000
2017-09-21,3837.82000000
2017-09-22,3837.73000000
2017-09-25,3817.79000000
2017-09-26,3820.78000000
2017-09-27,3821.20000000
2017-09-28,3822.54000000
2017-09-29,3836.50000000
2017-10-09,3882.21000000
2017-10-10,3889.86000000
2017-10-11,3902.69000000
2017-10-12,3912.95000000
2017-10-13,3921.00000000
2017-10-16,3913.45000000
2017-10-17,3913.07000000
2017-10-18,3944.16000000
2017-10-19,3931.25000000
2017-10-20,3926.85000000
2017-10-23,3930.80000000
2017-10-24,3959.40000000
2017-10-25,3976.95000000
2017-10-26,3993.58000000
2017-10-27,4021.97000000
2017-10-30,4009.72000000
2017-10-31,4006.72000000
2017-11-01,3996.62000000
2017-11-02,3997.13000000
2017-11-03,3992.70000000
2017-11-06,4020.89000000
2017-11-07,4054.25000000
2017-11-08,4048.01000000
2017-11-09,4075.90000000
2017-11-10,4111.91000000
2017-11-13,4128.07000000
2017-11-14,4099.35000000
2017-11-15,4073.67000000
2017-11-16,4105.01000000
2017-11-17,4120.85000000
2017-11-20,4143.83000000
2017-11-21,4217.70000000
2017-11-22,4227.57000000
2017-11-23,4102.40000000
2017-11-24,4104.20000000
2017-11-27,4049.95000000
2017-11-28,4055.82000000
2017-11-29,4053.75000000
2017-11-30,4006.10000000
2017-12-01,3998.14000000
2017-12-04,4018.86000000
2017-12-05,4040.17000000
2017-12-06,4015.82000000
2017-12-07,3971.06000000
2017-12-08,4003.38000000
2017-12-11,4069.50000000
2017-12-12,4016.02000000
2017-12-13,4050.09000000
2017-12-14,4026.15000000
2017-12-15,3980.86000000
2017-12-18,3985.29000000
2017-12-19,4035.33000000
2017-12-20,4030.49000000
2017-12-21,4067.85000000
2017-12-22,4054.60000000
2017-12-25,4041.54000000
2017-12-26,4053.62000000
2017-12-27,3991.21000000
2017-12-28,4018.90000000
2017-12-29,4030.85000000
2018-01-02,4087.40000000
2018-01-03,4111.39000000
2018-01-04,4128.81000000
2018-01-05,4138.75000000
2018-01-08,4160.16000000
2018-01-09,4189.30000000
2018-01-10,4207.81000000
2018-01-11,4205.59000000
2018-01-12,4225.00000000
2018-01-15,4225.24000000
2018-01-16,4258.47000000
2018-01-17,4248.12000000
2018-01-18,4271.42000000
2018-01-19,4285.40000000
2018-01-22,4336.60000000
2018-01-23,4382.61000000
2018-01-24,4389.89000000
2018-01-25,4365.08000000
2018-01-26,4381.30000000
2018-01-29,4302.02000000
2018-01-30,4256.10000000
2018-01-31,4275.90000000
2018-02-01,4245.90000000
2018-02-02,4271.23000000
2018-02-05,4274.15000000
2018-02-06,4148.89000000
2018-02-07,4050.50000000
2018-02-08,4012.05000000
2018-02-09,3840.65000000
2018-02-12,3890.10000000
2018-02-13,3935.63000000
2018-02-14,3966.96000000
2018-02-22,4052.73000000
2018-02-23,4071.09000000
2018-02-26,4118.42000000
2018-02-27,4058.98000000
2018-02-28,4023.64000000
2018-03-01,4049.09000000
2018-03-02,4016.46000000
2018-03-05,4018.10000000
2018-03-06,4066.56000000
2018-03-07,4036.65000000
2018-03-08,4077.60000000
2018-03-09,4108.87000000
2018-03-12,4127.67000000
2018-03-13,4091.25000000
2018-03-14,4073.34000000
2018-03-15,4096.16000000
2018-03-16,4056.42000000
2018-03-19,4074.25000000
2018-03-20,4077.70000000
2018-03-21,4061.05000000
2018-03-22,4020.35000000
2018-03-23,3904.94000000
2018-03-26,3879.89000000
2018-03-27,3913.27000000
2018-03-28,3842.72000000
2018-03-29,3894.05000000
2018-03-30,3898.50000000
2018-04-02,3886.92000000
2018-04-03,3862.48000000
2018-04-04,3854.86000000
2018-04-09,3852.93000000
2018-04-10,3927.17000000
2018-04-11,3938.34000000
2018-04-12,3898.64000000
2018-04-13,3871.14000000
2018-04-16,3808.86000000
2018-04-17,3748.64000000
2018-04-18,3766.28000000
2018-04-19,3811.84000000
2018-04-20,3760.85000000
2018-04-23,3766.33000000
2018-04-24,3843.49000000
2018-04-25,3828.70000000
2018-04-26,3755.49000000
2018-04-27,3756.88000000
2018-05-02,3763.65000000
2018-05-03,3793.00000000
2018-05-04,3774.60000000
2018-05-07,3834.19000000
2018-05-08,3878.68000000
2018-05-09,3871.62000000
2018-05-10,3893.06000000
2018-05-11,3872.84000000
2018-05-14,3909.29000000
2018-05-15,3924.10000000
2018-05-16,3892.84000000
2018-05-17,3864.05000000
2018-05-18,3903.06000000
2018-05-21,3921.24000000
2018-05-22,3906.21000000
2018-05-23,3854.58000000
2018-05-24,3827.22000000
2018-05-25,3816.50000000
2018-05-28,3833.26000000
2018-05-29,3804.01000000
2018-05-30,3723.37000000
2018-05-31,3802.38000000
2018-06-01,3770.59000000
2018-06-04,3807.58000000
2018-06-05,3845.32000000
2018-06-06,3837.35000000
2018-06-07,3831.01000000
2018-06-08,3779.62000000
2018-06-11,3779.98000000
2018-06-12,3825.95000000
2018-06-13,3788.34000000
2018-06-14,3773.37000000
2018-06-15,3753.43000000
2018-06-19,3621.12000000
2018-06-20,3635.44000000
2018-06-21,3592.97000000
2018-06-22,3608.90000000
2018-06-25,3560.48000000
2018-06-26,3531.11000000
2018-06-27,3459.26000000
2018-06-28,3423.53000000
2018-06-29,3510.98000000
2018-07-02,3407.96000000
2018-07-03,3409.28000000
2018-07-04,3363.75000000
2018-07-05,3342.44000000
2018-07-06,3365.12000000
2018-07-09,3459.18000000
2018-07-10,3467.52000000
2018-07-11,3407.53000000
2018-07-12,3481.06000000
2018-07-13,3492.69000000
2018-07-16,3472.09000000
2018-07-17,3449.38000000
2018-07-18,3431.32000000
2018-07-19,3428.34000000
2018-07-20,3492.89000000
2018-07-23,3525.75000000
2018-07-24,3581.71000000
2018-07-25,3577.75000000
2018-07-26,3536.25000000
2018-07-27,3521.23000000
2018-07-30,3515.08000000
2018-07-31,3517.66000000
2018-08-01,3447.39000000
2018-08-02,3370.96000000
2018-08-03,3315.28000000
2018-08-06,3273.27000000
2018-08-07,3368.87000000
2018-08-08,3314.51000000
2018-08-09,3397.53000000
2018-08-10,3405.02000000
2018-08-13,3390.34000000
2018-08-14,3372.91000000
2018-08-15,3291.98000000
2018-08-16,3276.73000000
2018-08-17,3229.62000000
2018-08-20,3267.25000000
2018-08-21,3326.65000000
2018-08-22,3307.95000000
2018-08-23,3320.03000000
2018-08-24,3325.33000000
2018-08-27,3406.57000000
2018-08-28,3400.17000000
2018-08-29,3386.57000000
2018-08-30,3351.09000000
2018-08-31,3334.50000000
2018-09-03,3321.82000000
2018-09-04,3363.90000000
2018-09-05,3298.14000000
2018-09-06,3262.88000000
2018-09-07,3277.64000000
2018-09-10,3230.07000000
2018-09-11,3224.21000000
2018-09-12,3202.02000000
2018-09-13,3236.57000000
2018-09-14,3242.09000000
2018-09-17,3204.92000000
2018-09-18,3269.43000000
2018-09-19,3312.48000000
2018-09-20,3310.13000000
2018-09-21,3410.49000000
2018-09-25,3379.80000000
2018-09-26,3417.24000000
2018-09-27,3403.59000000
2018-09-28,3438.86000000
2018-10-08,3290.90000000
2018-10-09,3288.69000000
2018-10-10,3281.60000000
2018-10-11,3124.11000000
2018-10-12,3170.73000000
2018-10-15,3126.45000000
2018-10-16,3100.97000000
2018-10-17,3118.25000000
2018-10-18,3044.39000000
2018-10-19,3134.95000000
2018-10-22,3270.27000000
2018-10-23,3183.43000000
2018-10-24,3188.20000000
2018-10-25,3194.31000000
2018-10-26,3173.64000000
2018-10-29,3076.89000000
2018-10-30,3110.26000000
2018-10-31,3153.82000000
2018-11-01,3177.03000000
2018-11-02,3290.25000000
2018-11-05,3262.84000000
2018-11-06,3243.15000000
2018-11-07,3221.91000000
2018-11-08,3212.77000000
2018-11-09,3167.44000000
2018-11-12,3205.14000000
2018-11-13,3237.38000000
2018-11-14,3204.94000000
2018-11-15,3242.37000000
2018-11-16,3257.67000000
2018-11-19,3294.60000000
2018-11-20,3218.41000000
2018-11-21,3226.49000000
2018-11-22,3214.43000000
2018-11-23,3143.48000000
2018-11-26,3141.24000000
2018-11-27,3137.24000000
2018-11-28,3178.93000000
2018-11-29,3137.65000000
2018-11-30,3172.69000000
2018-12-03,3260.95000000
2018-12-04,3267.71000000
2018-12-05,3252.00000000
2018-12-06,3181.67000000
2018-12-07,3181.56000000
2018-12-10,3144.76000000
2018-12-11,3159.82000000
2018-12-12,3170.61000000
2018-12-13,3219.69000000
2018-12-14,3165.91000000
2018-12-17,3161.20000000
2018-12-18,3128.43000000
2018-12-19,3091.13000000
2018-12-20,3067.42000000
2018-12-21,3029.40000000
2018-12-24,3038.20000000
2018-12-25,3017.28000000
2018-12-26,3002.03000000
2018-12-27,2990.51000000
2018-12-28,3010.65000000
2019-01-02,2969.54000000
2019-01-03,2964.84000000
2019-01-04,3035.87000000
2019-01-07,3054.30000000
2019-01-08,3047.70000000
2019-01-09,3078.48000000
2019-01-10,3072.69000000
2019-01-11,3094.78000000
2019-01-14,3067.78000000
2019-01-15,3127.99000000
2019-01-16,3128.65000000
2019-01-17,3111.42000000
2019-01-18,3168.17000000
2019-01-21,3185.64000000
2019-01-22,3143.32000000
2019-01-23,3141.05000000
2019-01-24,3158.78000000
2019-01-25,3184.47000000
2019-01-28,3183.78000000
2019-01-29,3193.97000000
2019-01-30,3168.48000000
2019-01-31,3201.63000000
2019-02-01,3247.40000000
2019-02-11,3306.47000000
2019-02-12,3330.34000000
2019-02-13,3397.03000000
2019-02-14,3402.14000000
2019-02-15,3338.70000000
2019-02-18,3445.74000000
2019-02-19,3439.61000000
2019-02-20,3451.93000000
2019-02-21,3442.71000000
2019-02-22,3520.12000000
2019-02-25,3729.48000000
2019-02-26,3684.69000000
2019-02-27,3678.39000000
2019-02-28,3669.37000000
2019-03-01,3749.71000000
2019-03-04,3794.10000000
2019-03-05,3816.01000000
2019-03-06,3848.09000000
2019-03-07,3808.85000000
2019-03-08,3657.58000000
2019-03-11,3729.95000000
2019-03-12,3755.35000000
2019-03-13,3724.19000000
2019-03-14,3698.49000000
2019-03-15,3745.01000000
2019-03-18,3851.75000000
2019-03-19,3833.96000000
2019-03-20,3835.44000000
2019-03-21,3836.89000000
2019-03-22,3833.80000000
2019-03-25,3742.83000000
2019-03-26,3700.44000000
2019-03-27,3743.39000000
2019-03-28,3728.40000000
2019-03-29,3872.34000000
2019-04-01,3973.93000000
2019-04-02,3971.29000000
2019-04-03,4022.16000000
2019-04-04,4062.23000000
2019-04-08,4057.23000000
2019-04-09,4075.43000000
2019-04-10,4085.85000000
2019-04-11,3997.58000000
2019-04-12,3988.62000000
2019-04-15,3975.52000000
2019-04-16,4085.79000000
2019-04-17,4087.24000000
2019-04-18,4072.08000000
2019-04-19,4120.61000000
2019-04-22,4025.61000000
2019-04-23,4019.01000000
2019-04-24,4030.09000000
2019-04-25,3941.82000000
2019-04-26,3889.27000000
2019-04-29,3900.33000000
2019-04-30,3913.21000000
2019-05-06,3684.62000000
2019-05-07,3720.67000000
2019-05-08,3667.46000000
2019-05-09,3599.70000000
2019-05-10,3730.45000000
2019-05-13,3668.73000000
2019-05-14,3645.15000000
2019-05-15,3727.09000000
2019-05-16,3743.96000000
2019-05-17,3648.76000000
2019-05-20,3617.79000000
2019-05-21,3666.78000000
2019-05-22,3649.38000000
2019-05-23,3583.96000000
2019-05-24,3593.91000000
2019-05-27,3637.20000000
2019-05-28,3672.26000000
2019-05-29,3663.91000000
2019-05-30,3641.18000000
2019-05-31,3629.79000000
2019-06-03,3632.01000000
2019-06-04,3598.47000000
2019-06-05,3597.11000000
2019-06-06,3564.68000000
2019-06-10,3610.74000000
2019-06-11,3719.28000000
2019-06-12,3691.10000000
2019-06-13,3685.39000000
2019-06-14,3654.88000000
2019-06-17,3654.82000000
2019-06-18,3667.62000000
2019-06-19,3715.94000000
2019-06-20,3828.52000000
2019-06-21,3833.94000000
2019-06-24,3841.27000000
2019-06-25,3801.31000000
2019-06-26,3794.33000000
2019-06-27,3834.82000000
2019-06-28,3825.59000000
2019-07-01,3935.81000000
2019-07-02,3937.17000000
2019-07-03,3893.53000000
2019-07-04,3873.10000000
2019-07-05,3893.20000000
2019-07-08,3802.79000000
2019-07-09,3793.13000000
2019-07-10,3786.74000000
2019-07-11,3785.22000000
2019-07-12,3808.73000000
2019-07-15,3824.19000000
2019-07-16,3806.84000000
2019-07-17,3804.64000000
2019-07-18,3768.40000000
2019-07-19,3807.96000000
2019-07-22,3781.68000000
2019-07-23,3789.91000000
2019-07-24,3819.83000000
2019-07-25,3851.07000000
2019-07-26,3858.57000000
2019-07-29,3854.27000000
2019-07-30,3870.32000000
2019-07-31,3835.36000000
2019-08-01,3803.47000000
2019-08-02,3747.44000000
2019-08-05,3675.69000000
2019-08-06,3636.33000000
2019-08-07,3621.43000000
2019-08-08,3669.29000000
2019-08-09,3633.53000000
2019-08-12,3699.10000000
2019-08-13,3665.75000000
2019-08-14,3682.40000000
2019-08-15,3694.00000000
2019-08-16,3710.54000000
2019-08-19,3791.09000000
2019-08-20,3787.73000000
2019-08-21,3781.76000000
2019-08-22,3793.51000000
2019-08-23,3820.86000000
2019-08-26,3765.91000000
2019-08-27,3816.95000000
2019-08-28,3802.58000000
2019-08-29,3790.19000000
2019-08-30,3799.59000000
2019-09-02,3848.32000000
2019-09-03,3853.61000000
2019-09-04,3886.00000000
2019-09-05,3925.32000000
2019-09-06,3948.51000000
2019-09-09,3972.95000000
2019-09-10,3959.27000000
2019-09-11,3930.10000000
2019-09-12,3972.38000000
2019-09-16,3957.72000000
2019-09-17,3891.22000000
2019-09-18,3910.08000000
2019-09-19,3924.38000000
2019-09-20,3935.65000000
2019-09-23,3890.66000000
2019-09-24,3901.08000000
2019-09-25,3870.98000000
2019-09-26,3841.14000000
2019-09-27,3852.65000000
2019-09-30,3814.53000000
2019-10-08,3837.68000000
2019-10-09,3843.24000000
2019-10-10,3874.64000000
2019-10-11,3911.73000000
2019-10-14,3953.24000000
2019-10-15,3936.25000000
2019-10-16,3922.69000000
2019-10-17,3925.22000000
2019-10-18,3869.38000000
2019-10-21,3880.84000000
2019-10-22,3895.88000000
2019-10-23,3871.08000000
2019-10-24,3870.67000000
2019-10-25,3896.79000000
2019-10-28,3926.59000000
2019-10-29,3910.23000000
2019-10-30,3891.23000000
2019-10-31,3886.75000000
2019-11-01,3952.39000000
2019-11-04,3978.12000000
2019-11-05,4002.81000000
2019-11-06,3984.88000000
2019-11-07,3991.87000000
2019-11-08,3973.01000000
2019-11-11,3902.98000000
2019-11-12,3903.69000000
2019-11-13,3899.98000000
2019-11-14,3905.86000000
2019-11-15,3877.09000000
2019-11-18,3907.93000000
2019-11-19,3947.04000000
2019-11-20,3907.86000000
2019-11-21,3889.60000000
2019-11-22,3849.99000000
2019-11-25,3878.21000000
2019-11-26,3891.65000000
2019-11-27,3875.62000000
2019-11-28,3862.30000000
2019-11-29,3828.67000000
2019-12-02,3836.06000000
2019-12-03,3851.09000000
2019-12-04,3849.82000000
2019-12-05,3879.36000000
2019-12-06,3902.39000000
2019-12-09,3895.45000000
2019-12-10,3900.38000000
2019-12-11,3902.75000000
2019-12-12,3891.02000000
2019-12-13,3968.22000000
2019-12-16,3987.55000000
2019-12-17,4041.80000000
2019-12-18,4032.78000000
2019-12-19,4027.15000000
2019-12-20,4017.25000000
2019-12-23,3967.10000000
2019-12-24,3992.96000000
2019-12-25,3990.87000000
2019-12-26,4025.99000000
2019-12-27,4022.03000000
2019-12-30,4081.63000000
2019-12-31,4096.58000000
2020-01-02,4152.24000000
2020-01-03,4144.96000000
2020-01-06,4129.30000000
2020-01-07,4160.23000000
2020-01-08,4112.32000000
2020-01-09,4164.37000000
2020-01-10,4163.18000000
2020-01-13,4203.99000000
2020-01-14,4189.89000000
2020-01-15,4166.73000000
2020-01-16,4149.04000000
2020-01-17,4154.85000000
2020-01-20,4185.83000000
2020-01-21,4114.31000000
2020-01-22,4131.93000000
2020-01-23,4003.90000000
2020-02-03,3688.36000000
2020-02-04,3785.64000000
2020-02-05,3828.53000000
2020-02-06,3899.78000000
2020-02-07,3899.87000000
2020-02-10,3916.01000000
2020-02-11,3952.46000000
2020-02-12,3984.43000000
2020-02-13,3959.92000000
2020-02-14,3987.73000000
2020-02-17,4077.42000000
2020-02-18,4057.51000000
2020-02-19,4051.31000000
2020-02-20,4144.66000000
2020-02-21,4149.49000000
2020-02-24,4132.84000000
2020-02-25,4123.85000000
2020-02-26,4073.02000000
2020-02-27,4084.88000000
2020-02-28,3940.05000000
2020-03-02,4069.67000000
2020-03-03,4091.36000000
2020-03-04,4115.05000000
2020-03-05,4206.73000000
2020-03-06,4138.51000000
2020-03-09,3997.13000000
2020-03-10,4082.73000000
2020-03-11,4028.43000000
2020-03-12,3950.91000000
2020-03-13,3895.31000000
2020-03-16,3727.84000000
2020-03-17,3709.68000000
2020-03-18,3636.26000000
2020-03-19,3589.09000000
2020-03-20,3653.22000000
2020-03-23,3530.31000000
2020-03-24,3625.11000000
2020-03-25,3722.52000000
2020-03-26,3698.05000000
2020-03-27,3710.06000000
2020-03-30,3674.11000000
2020-03-31,3686.16000000
2020-04-01,3675.08000000
2020-04-02,3734.53000000
2020-04-03,3713.22000000
2020-04-07,3798.02000000
2020-04-08,3780.34000000
2020-04-09,3792.81000000
2020-04-10,3769.18000000
2020-04-13,3753.26000000
2020-04-14,3825.70000000
2020-04-15,3797.36000000
2020-04-16,3802.38000000
2020-04-17,3839.49000000
2020-04-20,3853.46000000
2020-04-21,3808.05000000
2020-04-22,3839.38000000
2020-04-23,3829.75000000
2020-04-24,3796.97000000
2020-04-27,3822.77000000
2020-04-28,3849.15000000
2020-04-29,3867.03000000
2020-04-30,3912.58000000
2020-05-06,3936.25000000
2020-05-07,3924.89000000
2020-05-08,3963.62000000
2020-05-11,3960.18000000
2020-05-12,3960.24000000
2020-05-13,3968.25000000
2020-05-14,3925.22000000
2020-05-15,3912.82000000
2020-05-18,3922.91000000
2020-05-19,3956.25000000
2020-05-20,3935.22000000
2020-05-21,3913.79000000
2020-05-22,3824.06000000
2020-05-25,3829.32000000
2020-05-26,3872.77000000
2020-05-27,3845.61000000
2020-05-28,3856.63000000
2020-05-29,3867.02000000
2020-06-01,3971.34000000
2020-06-02,3983.57000000
2020-06-03,3983.65000000
2020-06-04,3982.19000000
2020-06-05,4001.25000000
2020-06-08,4021.95000000
2020-06-09,4047.03000000
2020-06-10,4039.71000000
2020-06-11,3995.88000000
2020-06-12,4003.08000000
2020-06-15,3954.99000000
2020-06-16,4014.57000000
2020-06-17,4017.59000000
2020-06-18,4044.38000000
2020-06-19,4098.71000000
2020-06-22,4102.05000000
2020-06-23,4121.79000000
2020-06-24,4138.99000000
2020-06-29,4109.72000000
2020-06-30,4163.96000000
2020-07-01,4247.78000000
2020-07-02,4335.84000000
2020-07-03,4419.60000000
2020-07-06,4670.09000000
2020-07-07,4698.13000000
2020-07-08,4774.00000000
2020-07-09,4840.77000000
2020-07-10,4753.13000000
2020-07-13,4852.96000000
2020-07-14,4806.69000000
2020-07-15,4744.47000000
2020-07-16,4516.25000000
2020-07-17,4544.70000000
2020-07-20,4680.30000000
2020-07-21,4691.04000000
2020-07-22,4714.45000000
2020-07-23,4712.44000000
2020-07-24,4505.59000000
2020-07-27,4528.45000000
2020-07-28,4568.26000000
2020-07-29,4679.01000000
2020-07-30,4656.15000000
2020-07-31,4695.05000000
2020-08-03,4771.31000000
2020-08-04,4775.80000000
2020-08-05,4777.11000000
2020-08-06,4762.76000000
2020-08-07,4707.93000000
2020-08-10,4724.87000000
2020-08-11,4681.78000000
2020-08-12,4647.64000000
2020-08-13,4635.71000000
2020-08-14,4704.63000000
2020-08-17,4815.23000000
2020-08-18,4812.76000000
2020-08-19,4740.68000000
2020-08-20,4679.15000000
2020-08-21,4718.84000000
2020-08-24,4755.85000000
2020-08-25,4761.95000000
2020-08-26,4706.13000000
2020-08-27,4731.35000000
2020-08-28,4844.27000000
2020-08-31,4816.22000000
2020-09-01,4842.12000000
2020-09-02,4843.89000000
2020-09-03,4817.10000000
2020-09-04,4770.22000000
2020-09-07,4669.37000000
2020-09-08,4694.39000000
2020-09-09,4584.59000000
2020-09-10,4581.98000000
2020-09-11,4627.28000000
2020-09-14,4651.05000000
2020-09-15,4688.48000000
2020-09-16,4657.36000000
2020-09-17,4632.71000000
2020-09-18,4737.09000000
2020-09-21,4691.43000000
2020-09-22,4635.76000000
2020-09-23,4652.33000000
2020-09-24,4563.07000000
2020-09-25,4570.02000000
2020-09-28,4581.91000000
2020-09-29,4591.80000000
2020-09-30,4587.40000000
2020-10-09,4681.14000000
2020-10-12,4823.16000000
2020-10-13,4839.20000000
2020-10-14,4807.10000000
2020-10-15,4798.74000000
2020-10-16,4791.68000000
2020-10-19,4755.49000000
2020-10-20,4793.47000000
2020-10-21,4792.83000000
2020-10-22,4777.98000000
2020-10-23,4718.49000000
2020-10-26,4691.24000000
2020-10-27,4699.28000000
2020-10-28,4737.27000000
2020-10-29,4772.92000000
2020-10-30,4695.33000000
2020-11-02,4720.83000000
2020-11-03,4777.56000000
2020-11-04,4813.66000000
2020-11-05,4885.11000000
2020-11-06,4885.72000000
2020-11-09,4981.35000000
2020-11-10,4953.88000000
2020-11-11,4904.90000000
2020-11-12,4908.46000000
2020-11-13,4856.85000000
2020-11-16,4904.17000000
2020-11-17,4894.79000000
2020-11-18,4891.67000000
2020-11-19,4927.99000000
2020-11-20,4943.29000000
2020-11-23,5005.03000000
2020-11-24,4974.29000000
2020-11-25,4910.70000000
2020-11-26,4919.59000000
2020-11-27,4980.77000000
2020-11-30,4960.25000000
2020-12-01,5067.10000000
2020-12-02,5067.14000000
2020-12-03,5057.06000000
2020-12-04,5065.92000000
2020-12-07,5022.24000000
2020-12-08,5009.88000000
2020-12-09,4942.70000000
2020-12-10,4940.52000000
2020-12-11,4889.63000000
2020-12-14,4934.84000000
2020-12-15,4945.10000000
2020-12-16,4953.87000000
2020-12-17,5017.48000000
2020-12-18,4999.97000000
2020-12-21,5046.84000000
2020-12-22,4964.77000000
2020-12-23,5007.12000000
2020-12-24,5000.02000000
2020-12-25,5042.01000000
2020-12-28,5064.41000000
2020-12-29,5042.94000000
2020-12-30,5113.71000000
2020-12-31,5211.29000000
2021-01-04,5267.72000000
2021-01-05,5368.50000000
2021-01-06,5417.67000000
2021-01-07,5513.66000000
2021-01-08,5495.43000000
2021-01-11,5441.16000000
2021-01-12,5596.35000000
2021-01-13,5577.97000000
2021-01-14,5470.46000000
2021-01-15,5458.08000000
2021-01-18,5518.52000000
2021-01-19,5437.52000000
2021-01-20,5476.43000000
2021-01-21,5564.97000000
2021-01-22,5569.78000000
2021-01-25,5625.92000000
2021-01-26,5512.97000000
2021-01-27,5528.00000000
2021-01-28,5377.14000000
2021-01-29,5351.96000000
2021-02-01,5417.65000000
2021-02-02,5501.09000000
2021-02-03,5485.20000000
2021-02-04,5473.95000000
2021-02-05,5483.41000000
2021-02-08,5564.56000000
2021-02-09,5686.25000000
2021-02-10,5807.72000000
2021-02-18,5768.38000000
2021-02-19,5778.84000000
2021-02-22,5597.33000000
2021-02-23,5579.67000000
2021-02-24,5437.57000000
2021-02-25,5469.56000000
2021-02-26,5336.76000000
2021-03-01,5418.78000000
2021-03-02,5349.63000000
2021-03-03,5452.21000000
2021-03-04,5280.71000000
2021-03-05,5262.80000000
2021-03-08,5080.02000000
2021-03-09,4971.00000000
2021-03-10,5003.61000000
2021-03-11,5128.22000000
2021-03-12,5146.38000000
2021-03-15,5035.54000000
2021-03-16,5079.36000000
2021-03-17,5100.86000000
2021-03-18,5141.77000000
2021-03-19,5007.09000000
2021-03-22,5057.15000000
2021-03-23,5009.25000000
2021-03-24,4928.69000000
2021-03-25,4926.35000000
2021-03-26,5037.99000000
2021-03-29,5046.88000000
2021-03-30,5094.73000000
2021-03-31,5048.36000000
2021-04-01,5110.78000000
2021-04-02,5161.56000000
2021-04-06,5140.34000000
2021-04-07,5103.74000000
2021-04-08,5112.21000000
2021-04-09,5035.34000000
2021-04-12,4947.75000000
2021-04-13,4939.64000000
2021-04-14,4980.63000000
2021-04-15,4948.97000000
2021-04-16,4966.18000000
2021-04-19,5087.02000000
2021-04-20,5083.37000000
2021-04-21,5098.74000000
2021-04-22,5089.24000000
2021-04-23,5135.45000000
2021-04-26,5077.24000000
2021-04-27,5090.52000000
2021-04-28,5119.24000000
2021-04-29,5164.17000000
2021-04-30,5123.49000000
2021-05-06,5061.12000000
2021-05-07,4996.05000000
2021-05-10,4992.42000000
2021-05-11,5023.06000000
2021-05-12,5044.55000000
2021-05-13,4992.97000000
2021-05-14,5110.59000000
2021-05-17,5184.99000000
2021-05-18,5187.60000000
2021-05-19,5172.27000000
2021-05-20,5186.41000000
2021-05-21,5134.15000000
2021-05-24,5155.59000000
2021-05-25,5318.48000000
2021-05-26,5320.59000000
2021-05-27,5338.23000000
2021-05-28,5321.09000000
2021-05-31,5331.57000000
2021-06-01,5341.68000000
2021-06-02,5289.97000000
2021-06-03,5255.29000000
2021-06-04,5282.28000000
2021-06-07,5277.63000000
2021-06-08,5232.12000000
2021-06-09,5236.45000000
2021-06-10,5271.47000000
2021-06-11,5224.70000000
2021-06-15,5166.56000000
2021-06-16,5080.49000000
2021-06-17,5101.89000000
2021-06-18,5102.47000000
2021-06-21,5090.39000000
2021-06-22,5122.16000000
2021-06-23,5147.39000000
2021-06-24,5155.97000000
2021-06-25,5239.97000000
2021-06-28,5251.76000000
2021-06-29,5190.54000000
2021-06-30,5224.04000000
2021-07-01,5229.66000000
2021-07-02,5081.12000000
2021-07-05,5085.79000000
2021-07-06,5083.10000000
2021-07-07,5140.49000000
2021-07-08,5088.26000000
2021-07-09,5069.44000000
2021-07-12,5132.71000000
2021-07-13,5142.10000000
2021-07-14,5083.08000000
2021-07-15,5151.46000000
2021-07-16,5094.77000000
2021-07-19,5113.49000000
2021-07-20,5108.99000000
2021-07-21,5144.04000000
2021-07-22,5151.75000000
2021-07-23,5089.23000000
2021-07-26,4925.30000000
2021-07-27,4751.31000000
2021-07-28,4760.48000000
2021-07-29,4850.27000000
2021-07-30,4811.17000000
2021-08-02,4933.74000000
2021-08-03,4934.46000000
2021-08-04,4978.85000000
2021-08-05,4948.67000000
2021-08-06,4921.56000000
2021-08-09,4985.56000000
2021-08-10,5043.15000000
2021-08-11,5015.34000000
2021-08-12,4973.35000000
2021-08-13,4945.98000000
2021-08-16,4941.07000000
2021-08-17,4837.40000000
2021-08-18,4894.24000000
2021-08-19,4862.14000000
2021-08-20,4769.27000000
2021-08-23,4835.88000000
2021-08-24,4888.39000000
2021-08-25,4898.16000000
2021-08-26,4801.61000000
2021-08-27,4827.04000000
2021-08-30,4813.27000000
2021-08-31,4805.61000000
2021-09-01,4869.46000000
2021-09-02,4869.41000000
2021-09-03,4843.06000000
2021-09-06,4933.73000000
2021-09-07,4992.83000000
2021-09-08,4972.13000000
2021-09-09,4970.01000000
2021-09-10,5013.52000000
2021-09-13,4991.66000000
2021-09-14,4917.16000000
2021-09-15,4867.32000000
2021-09-16,4807.70000000
2021-09-17,4855.94000000
2021-09-22,4821.77000000
2021-09-23,4853.20000000
2021-09-24,4849.43000000
2021-09-27,4877.37000000
2021-09-28,4883.83000000
2021-09-29,4833.93000000
2021-09-30,4866.38000000
2021-10-08,4929.94000000
2021-10-11,4936.19000000
2021-10-12,4883.84000000
2021-10-13,4940.11000000
2021-10-14,4913.61000000
2021-10-15,4932.11000000
2021-10-18,4874.78000000
2021-10-19,4922.72000000
2021-10-20,4910.18000000
2021-10-21,4928.02000000
2021-10-22,4959.73000000
2021-10-25,4979.52000000
2021-10-26,4963.10000000
2021-10-27,4898.16000000
2021-10-28,4864.14000000
2021-10-29,4908.77000000
2021-11-01,4890.69000000
2021-11-02,4839.85000000
2021-11-03,4821.11000000
2021-11-04,4868.74000000
2021-11-05,4842.35000000
2021-11-08,4848.18000000
2021-11-09,4846.74000000
2021-11-10,4821.19000000
2021-11-11,4898.65000000
2021-11-12,4888.37000000
2021-11-15,4882.38000000
2021-11-16,4883.32000000
2021-11-17,4885.75000000
2021-11-18,4837.62000000
2021-11-19,4890.06000000
2021-11-22,4912.40000000
2021-11-23,4913.35000000
2021-11-24,4916.66000000
2021-11-25,4896.44000000
2021-11-26,4860.13000000
2021-11-29,4851.42000000
2021-11-30,4832.03000000
2021-12-01,4843.85000000
2021-12-02,4856.16000000
2021-12-03,4901.02000000
2021-12-06,4892.62000000
2021-12-07,4922.10000000
2021-12-08,4995.93000000
2021-12-09,5078.69000000
2021-12-10,5055.12000000
2021-12-13,5083.80000000
2021-12-14,5049.70000000
2021-12-15,5005.90000000
2021-12-16,5034.73000000
2021-12-17,4954.76000000
2021-12-20,4880.42000000
2021-12-21,4913.49000000
2021-12-22,4914.45000000
2021-12-23,4948.74000000
2021-12-24,4921.34000000
2021-12-27,4919.32000000
2021-12-28,4955.96000000
2021-12-29,4883.48000000
2021-12-30,4921.51000000
2021-12-31,4940.37000000
2022-01-04,4917.77000000
2022-01-05,4868.12000000
2022-01-06,4818.23000000
2022-01-07,4822.37000000
2022-01-10,4844.05000000
2022-01-11,4797.77000000
2022-01-12,4845.58000000
2022-01-13,4765.92000000
2022-01-14,4726.73000000
2022-01-17,4767.28000000
2022-01-18,4813.35000000
2022-01-19,4780.38000000
2022-01-20,4823.51000000
2022-01-21,4779.31000000
2022-01-24,4786.74000000
2022-01-25,4678.45000000
2022-01-26,4712.31000000
2022-01-27,4619.88000000
2022-01-28,4563.77000000
2022-02-07,4634.09000000
2022-02-08,4608.77000000
2022-02-09,4652.06000000
2022-02-10,4639.86000000
2022-02-11,4601.40000000
2022-02-14,4551.69000000
2022-02-15,4600.10000000
2022-02-16,4617.99000000
2022-02-17,4629.16000000
2022-02-18,4651.24000000
2022-02-21,4634.31000000
2022-02-22,4574.15000000
2022-02-23,4623.05000000
2022-02-24,4529.32000000
2022-02-25,4573.42000000
2022-02-28,4581.65000000
2022-03-01,4619.69000000
2022-03-02,4578.60000000
2022-03-03,4551.63000000
2022-03-04,4496.43000000
2022-03-07,4352.78000000
2022-03-08,4265.39000000
2022-03-09,4226.35000000
2022-03-10,4292.84000000
2022-03-11,4306.52000000
2022-03-14,4174.76000000
2022-03-15,3983.81000000
2022-03-16,4156.08000000
2022-03-17,4237.70000000
2022-03-18,4265.90000000
2022-03-21,4258.75000000
2022-03-22,4255.30000000
2022-03-23,4276.52000000
2022-03-24,4251.31000000
2022-03-25,4174.57000000
2022-03-28,4148.47000000
2022-03-29,4134.14000000
2022-03-30,4254.10000000
2022-03-31,4222.60000000
2022-04-01,4276.16000000
2022-04-06,4263.84000000
2022-04-07,4209.10000000
2022-04-08,4230.77000000
2022-04-11,4100.07000000
2022-04-12,4179.97000000
2022-04-13,4139.74000000
2022-04-14,4191.57000000
2022-04-15,4188.75000000
2022-04-18,4166.38000000
2022-04-19,4134.90000000
2022-04-20,4070.79000000
2022-04-21,3995.83000000
2022-04-22,4013.25000000
2022-04-25,3814.91000000
2022-04-26,3784.12000000
2022-04-27,3895.54000000
2022-04-28,3921.11000000
2022-04-29,4016.24000000
2022-05-05,4010.21000000
2022-05-06,3908.82000000
2022-05-09,3877.44000000
2022-05-10,3919.87000000
2022-05-11,3976.42000000
2022-05-12,3958.74000000
2022-05-13,3988.60000000
2022-05-16,3956.54000000
2022-05-17,4005.89000000
2022-05-18,3991.91000000
2022-05-19,3999.60000000
2022-05-20,4077.60000000
2022-05-23,4053.98000000
2022-05-24,3959.15000000
2022-05-25,3983.18000000
2022-05-26,3993.04000000
2022-05-27,4001.30000000
2022-05-30,4029.02000000
2022-05-31,4091.52000000
2022-06-01,4083.18000000
2022-06-02,4089.57000000
2022-06-06,4166.09000000
2022-06-07,4179.13000000
2022-06-08,4219.81000000
2022-06-09,4175.67000000
2022-06-10,4238.99000000
2022-06-13,4189.35000000
2022-06-14,4222.31000000
2022-06-15,4278.22000000
2022-06-16,4250.06000000
2022-06-17,4309.04000000
2022-06-20,4330.43000000
2022-06-21,4325.57000000
2022-06-22,4270.62000000
2022-06-23,4343.88000000
2022-06-24,4394.77000000
2022-06-27,4444.26000000
2022-06-28,4490.52000000
2022-06-29,4421.36000000
2022-06-30,4485.01000000
2022-07-01,4466.72000000
2022-07-04,4496.03000000
2022-07-05,4489.54000000
2022-07-06,4423.97000000
2022-07-07,4443.47000000
2022-07-08,4428.78000000
2022-07-11,4354.62000000
2022-07-12,4313.62000000
2022-07-13,4321.46000000
2022-07-14,4322.07000000
2022-07-15,4248.53000000
2022-07-18,4292.59000000
2022-07-19,4269.34000000
2022-07-20,4283.80000000
2022-07-21,4236.06000000
2022-07-22,4238.23000000
2022-07-25,4212.64000000
2022-07-26,4245.98000000
2022-07-27,4225.04000000
2022-07-28,4225.67000000
2022-07-29,4170.10000000
2022-08-01,4188.68000000
2022-08-02,4107.02000000
2022-08-03,4066.98000000
2022-08-04,4101.54000000
2022-08-05,4156.91000000
2022-08-08,4148.07000000
2022-08-09,4156.29000000
2022-08-10,4109.74000000
2022-08-11,4193.54000000
2022-08-12,4191.15000000
2022-08-15,4185.68000000
2022-08-16,4177.84000000
2022-08-17,4216.96000000
2022-08-18,4180.10000000
2022-08-19,4151.07000000
2022-08-22,4181.40000000
2022-08-23,4161.08000000
2022-08-24,4082.42000000
2022-08-25,4116.24000000
2022-08-26,4107.55000000
2022-08-29,4089.52000000
2022-08-30,4075.79000000
2022-08-31,4078.84000000
2022-09-01,4043.74000000
2022-09-02,4023.61000000
2022-09-05,4015.43000000
2022-09-06,4052.28000000
2022-09-07,4054.98000000
2022-09-08,4037.68000000
2022-09-09,4093.79000000
2022-09-13,4111.11000000
2022-09-14,4065.36000000
2022-09-15,4027.12000000
2022-09-16,3932.68000000
2022-09-19,3928.00000000
2022-09-20,3932.84000000
2022-09-21,3903.73000000
2022-09-22,3869.34000000
2022-09-23,3856.02000000
2022-09-26,3836.68000000
2022-09-27,3892.30000000
2022-09-28,3828.71000000
2022-09-29,3827.14000000
2022-09-30,3804.89000000
2022-10-10,3720.94000000
2022-10-11,3727.69000000
2022-10-12,3784.31000000
2022-10-13,3752.67000000
2022-10-14,3842.47000000
2022-10-17,3846.41000000
2022-10-18,3838.27000000
2022-10-19,3776.53000000
2022-10-20,3754.93000000
2022-10-21,3742.89000000
2022-10-24,3633.37000000
2022-10-25,3627.45000000
2022-10-26,3656.90000000
2022-10-27,3631.14000000
2022-10-28,3541.33000000
2022-10-31,3508.70000000
2022-11-01,3634.17000000
2022-11-02,3677.81000000
2022-11-03,3647.90000000
2022-11-04,3767.17000000
2022-11-07,3775.30000000
2022-11-08,3749.33000000
2022-11-09,3714.27000000
2022-11-10,3685.69000000
2022-11-11,3788.44000000
2022-11-14,3794.02000000
2022-11-15,3865.97000000
2022-11-16,3834.39000000
2022-11-17,3818.66000000
2022-11-18,3801.57000000
2022-11-21,3769.13000000
2022-11-22,3769.57000000
2022-11-23,3773.53000000
2022-11-24,3756.81000000
2022-11-25,3775.78000000
2022-11-28,3733.24000000
2022-11-29,3848.42000000
2022-11-30,3853.04000000
2022-12-01,3894.77000000
2022-12-02,3870.95000000
2022-12-05,3946.88000000
2022-12-06,3968.20000000
2022-12-07,3958.44000000
2022-12-08,3959.18000000
2022-12-09,3998.24000000
2022-12-12,3953.44000000
2022-12-13,3945.68000000
2022-12-14,3954.89000000
2022-12-15,3951.99000000
2022-12-16,3954.23000000
2022-12-19,3893.22000000
2022-12-20,3829.02000000
2022-12-21,3830.54000000
2022-12-22,3836.03000000
2022-12-23,3828.22000000
2022-12-26,3843.49000000
2022-12-27,3887.85000000
2022-12-28,3871.26000000
2022-12-29,3856.70000000
2022-12-30,3871.63000000
2023-01-03,3887.90000000
2023-01-04,3892.95000000
2023-01-05,3968.58000000
2023-01-06,3980.89000000
2023-01-09,4013.12000000
2023-01-10,4017.47000000
2023-01-11,4010.03000000
2023-01-12,4017.87000000
2023-01-13,4074.38000000
2023-01-16,4137.96000000
2023-01-17,4137.24000000
2023-01-18,4130.31000000
2023-01-19,4156.01000000
2023-01-20,4181.53000000
2023-01-30,4201.35000000
2023-01-31,4156.86000000
2023-02-01,4195.93000000
2023-02-02,4181.15000000
2023-02-03,4141.63000000
2023-02-06,4086.88000000
2023-02-07,4094.23000000
2023-02-08,4076.14000000
2023-02-09,4130.86000000
2023-02-10,4106.31000000
2023-02-13,4143.57000000
2023-02-14,4145.29000000
2023-02-15,4123.69000000
2023-02-16,4093.49000000
2023-02-17,4034.51000000
2023-02-20,4133.49000000
2023-02-21,4144.35000000
2023-02-22,4106.95000000
2023-02-23,4103.65000000
2023-02-24,4061.05000000
2023-02-27,4043.84000000
2023-02-28,4069.46000000
2023-03-01,4126.94000000
2023-03-02,4117.74000000
2023-03-03,4130.55000000
2023-03-06,4109.01000000
2023-03-07,4048.85000000
2023-03-08,4034.11000000
2023-03-09,4019.85000000
2023-03-10,3967.14000000
2023-03-13,4008.69000000
2023-03-14,3984.70000000
2023-03-15,3986.90000000
2023-03-16,3939.15000000
2023-03-17,3958.82000000
2023-03-20,3939.08000000
2023-03-21,3982.38000000
2023-03-22,3999.44000000
2023-03-23,4039.09000000
2023-03-24,4027.05000000
2023-03-27,4012.48000000
2023-03-28,3999.51000000
2023-03-29,4006.14000000
2023-03-30,4038.53000000
2023-03-31,4050.93000000
2023-04-03,4090.57000000
2023-04-04,4103.11000000
2023-04-06,4096.64000000
2023-04-07,4123.28000000
2023-04-10,4104.81000000
2023-04-11,4100.15000000
2023-04-12,4097.29000000
2023-04-13,4068.98000000
2023-04-14,4092.00000000
2023-04-17,4149.38000000
2023-04-18,4162.03000000
2023-04-19,4124.56000000
2023-04-20,4113.02000000
2023-04-21,4032.57000000
2023-04-24,3982.64000000
2023-04-25,3962.67000000
2023-04-26,3959.23000000
2023-04-27,3988.42000000
2023-04-28,4029.09000000
2023-05-04,4030.25000000
2023-05-05,4016.88000000
2023-05-08,4062.66000000
2023-05-09,4027.88000000
2023-05-10,3996.87000000
2023-05-11,3990.66000000
2023-05-12,3937.76000000
2023-05-15,3998.89000000
2023-05-16,3978.21000000
2023-05-17,3960.17000000
2023-05-18,3956.07000000
2023-05-19,3944.54000000
2023-05-22,3969.33000000
2023-05-23,3913.19000000
2023-05-24,3859.09000000
2023-05-25,3850.50000000
2023-05-26,3850.95000000
2023-05-29,3833.94000000
2023-05-30,3837.75000000
2023-05-31,3798.54000000
2023-06-01,3806.87000000
2023-06-02,3861.83000000
2023-06-05,3844.25000000
2023-06-06,3808.16000000
2023-06-07,3789.34000000
2023-06-08,3820.19000000
2023-06-09,3836.70000000
2023-06-12,3844.43000000
2023-06-13,3864.91000000
2023-06-14,3864.02000000
2023-06-15,3925.50000000
2023-06-16,3963.35000000
2023-06-19,3930.91000000
2023-06-20,3924.24000000
2023-06-21,3864.03000000
2023-06-26,3809.70000000
2023-06-27,3845.43000000
2023-06-28,3840.80000000
2023-06-29,3821.84000000
2023-06-30,3842.45000000
2023-07-03,3892.88000000
2023-07-04,3899.01000000
2023-07-05,3868.81000000
2023-07-06,3842.75000000
2023-07-07,3825.70000000
2023-07-10,3844.33000000
2023-07-11,3869.49000000
2023-07-12,3843.44000000
2023-07-13,3898.42000000
2023-07-14,3899.10000000
2023-07-17,3867.17000000
2023-07-18,3854.94000000
2023-07-19,3850.87000000
2023-07-20,3823.69000000
2023-07-21,3821.91000000
2023-07-24,3805.22000000
2023-07-25,3915.12000000
2023-07-26,3907.01000000
2023-07-27,3902.35000000
2023-07-28,3992.74000000
2023-07-31,4014.63000000
2023-08-01,3998.00000000
2023-08-02,3969.90000000
2023-08-03,4004.98000000
2023-08-04,4020.58000000
2023-08-07,3990.15000000
2023-08-08,3979.73000000
2023-08-09,3967.57000000
2023-08-10,3975.72000000
2023-08-11,3884.25000000
2023-08-14,3855.91000000
2023-08-15,3846.54000000
2023-08-16,3818.33000000
2023-08-17,3831.10000000
2023-08-18,3784.00000000
2023-08-21,3729.56000000
2023-08-22,3758.23000000
2023-08-23,3696.63000000
2023-08-24,3723.43000000
2023-08-25,3709.15000000
2023-08-28,3752.62000000
2023-08-29,3790.11000000
2023-08-30,3788.51000000
2023-08-31,3765.27000000
2023-09-01,3791.49000000
2023-09-04,3848.95000000
2023-09-05,3820.32000000
2023-09-06,3812.03000000
2023-09-07,3758.47000000
2023-09-08,3739.99000000
2023-09-11,3767.54000000
2023-09-12,3760.60000000
2023-09-13,3736.65000000
2023-09-14,3733.51000000
2023-09-15,3708.78000000
2023-09-18,3727.71000000
2023-09-19,3720.50000000
2023-09-20,3705.69000000
2023-09-21,3672.44000000
2023-09-22,3738.93000000
2023-09-25,3714.60000000
2023-09-26,3692.89000000
2023-09-27,3700.50000000
2023-09-28,3689.52000000
2023-10-09,3684.73000000
2023-10-10,3657.13000000
2023-10-11,3667.55000000
2023-10-12,3702.38000000
2023-10-13,3663.41000000
2023-10-16,3626.60000000
2023-10-17,3639.40000000
2023-10-18,3610.58000000
2023-10-19,3533.54000000
2023-10-20,3510.59000000
2023-10-23,3474.24000000
2023-10-24,3487.13000000
2023-10-25,3504.46000000
2023-10-26,3514.14000000
2023-10-27,3562.39000000
2023-10-30,3583.77000000
2023-10-31,3572.51000000
2023-11-01,3571.03000000
2023-11-02,3554.19000000
2023-11-03,3584.14000000
2023-11-06,3632.61000000
2023-11-07,3619.76000000
2023-11-08,3611.07000000
2023-11-09,3612.83000000
2023-11-10,3586.49000000
2023-11-13,3579.41000000
2023-11-14,3582.06000000
2023-11-15,3607.25000000
2023-11-16,3572.36000000
2023-11-17,3568.07000000
2023-11-20,3576.32000000
2023-11-21,3581.07000000
2023-11-22,3544.42000000
2023-11-23,3561.52000000
2023-11-24,3538.01000000
2023-11-27,3511.94000000
2023-11-28,3518.52000000
2023-11-29,3488.31000000
2023-11-30,3496.20000000
2023-12-01,3482.88000000
2023-12-04,3460.14000000
2023-12-05,3394.26000000
2023-12-06,3399.60000000
2023-12-07,3391.28000000
2023-12-08,3399.46000000
2023-12-11,3419.45000000
2023-12-12,3426.80000000
2023-12-13,3369.61000000
2023-12-14,3351.96000000
2023-12-15,3341.55000000
2023-12-18,3329.37000000
2023-12-19,3334.04000000
2023-12-20,3297.50000000
2023-12-21,3330.87000000
2023-12-22,3337.23000000
2023-12-25,3347.45000000
2023-12-26,3324.79000000
2023-12-27,3336.36000000
2023-12-28,3414.54000000
2023-12-29,3431.11000000
2024-01-02,3386.35000000
2024-01-03,3378.30000000
2024-01-04,3347.05000000
2024-01-05,3329.11000000
2024-01-08,3286.06000000
2024-01-09,3292.50000000
2024-01-10,3277.13000000
2024-01-11,3295.67000000
2024-01-12,3284.17000000
2024-01-15,3280.92000000
2024-01-16,3300.88000000
2024-01-17,3229.08000000
2024-01-18,3274.73000000
2024-01-19,3269.78000000
2024-01-22,3218.90000000
2024-01-23,3231.93000000
2024-01-24,3277.11000000
2024-01-25,3342.92000000
2024-01-26,3333.82000000
2024-01-29,3303.96000000
2024-01-30,3245.04000000
2024-01-31,3215.35000000
2024-02-01,3217.71000000
2024-02-02,3179.63000000
2024-02-05,3200.42000000
2024-02-06,3311.69000000
2024-02-07,3343.63000000
2024-02-08,3364.93000000
2024-02-19,3403.81000000
2024-02-20,3410.85000000
2024-02-21,3456.87000000
2024-02-22,3486.67000000
2024-02-23,3489.74000000
2024-02-26,3453.36000000
2024-02-27,3494.79000000
2024-02-28,3450.26000000
2024-02-29,3516.08000000
2024-03-01,3537.80000000
2024-03-04,3540.87000000
2024-03-05,3565.51000000
2024-03-06,3551.05000000
2024-03-07,3529.72000000
2024-03-08,3544.91000000
2024-03-11,3589.26000000
2024-03-12,3597.49000000
2024-03-13,3572.36000000
2024-03-14,3562.22000000
2024-03-15,3569.99000000
2024-03-18,3603.53000000
2024-03-19,3577.63000000
2024-03-20,3585.38000000
2024-03-21,3581.09000000
2024-03-22,3545.00000000
2024-03-25,3525.76000000
2024-03-26,3543.75000000
2024-03-27,3502.79000000
2024-03-28,3520.96000000
2024-03-29,3537.48000000
2024-04-01,3595.65000000
2024-04-02,3580.68000000
2024-04-03,3567.80000000
2024-04-08,3536.41000000
2024-04-09,3533.49000000
2024-04-10,3504.71000000
2024-04-11,3504.24000000
2024-04-12,3475.84000000
2024-04-15,3549.08000000
2024-04-16,3511.11000000
2024-04-17,3565.40000000
2024-04-18,3569.80000000
2024-04-19,3541.66000000
2024-04-22,3530.90000000
2024-04-23,3506.22000000
2024-04-24,3521.62000000
2024-04-25,3530.28000000
2024-04-26,3584.27000000
2024-04-29,3623.91000000
2024-04-30,3604.39000000
2024-05-06,3657.88000000
2024-05-07,3659.01000000
2024-05-08,3630.22000000
2024-05-09,3664.56000000
2024-05-10,3666.28000000
2024-05-13,3664.69000000
2024-05-14,3657.05000000
2024-05-15,3626.06000000
2024-05-16,3640.36000000
2024-05-17,3677.97000000
2024-05-20,3690.96000000
2024-05-21,3676.16000000
2024-05-22,3684.45000000
2024-05-23,3641.79000000
2024-05-24,3601.48000000
2024-05-27,3635.71000000
2024-05-28,3609.17000000
2024-05-29,3613.52000000
2024-05-30,3594.31000000
2024-05-31,3579.92000000
2024-06-03,3588.75000000
2024-06-04,3615.67000000
2024-06-05,3594.79000000
2024-06-06,3592.25000000
2024-06-07,3574.11000000
2024-06-11,3542.88000000
2024-06-12,3544.12000000
2024-06-13,3526.13000000
2024-06-14,3541.53000000
2024-06-17,3536.20000000
2024-06-18,3545.59000000
2024-06-19,3528.75000000
2024-06-20,3503.28000000
2024-06-21,3495.62000000
2024-06-24,3476.81000000
2024-06-25,3457.90000000
2024-06-26,3480.26000000
2024-06-27,3454.12000000
2024-06-28,3461.66000000
2024-07-01,3478.18000000
2024-07-02,3471.79000000
2024-07-03,3463.41000000
2024-07-04,3445.81000000
2024-07-05,3431.06000000
2024-07-08,3401.76000000
2024-07-09,3439.81000000
2024-07-10,3428.97000000
2024-07-11,3468.17000000
2024-07-12,3472.40000000
2024-07-15,3476.25000000
2024-07-16,3498.28000000
2024-07-17,3501.58000000
2024-07-18,3520.93000000
2024-07-19,3539.02000000
2024-07-22,3514.92000000
2024-07-23,3439.88000000
2024-07-24,3418.17000000
2024-07-25,3399.27000000
2024-07-26,3409.29000000
2024-07-29,3390.74000000
2024-07-30,3369.38000000
2024-07-31,3442.08000000
2024-08-01,3419.27000000
2024-08-02,3384.39000000
2024-08-05,3343.32000000
2024-08-06,3342.98000000
2024-08-07,3341.49000000
2024-08-08,3342.94000000
2024-08-09,3331.63000000
2024-08-12,3325.86000000
2024-08-13,3334.39000000
2024-08-14,3309.24000000
2024-08-15,3341.95000000
2024-08-16,3345.63000000
2024-08-19,3356.97000000
2024-08-20,3332.70000000
2024-08-21,3321.64000000
2024-08-22,3313.14000000
2024-08-23,3327.19000000
2024-08-26,3324.22000000
2024-08-27,3305.33000000
2024-08-28,3286.50000000
2024-08-29,3277.68000000
2024-08-30,3321.43000000
2024-09-02,3265.01000000
2024-09-03,3273.43000000
2024-09-04,3252.16000000
2024-09-05,3257.76000000
2024-09-06,3231.35000000
2024-09-09,3192.95000000
2024-09-10,3195.76000000
2024-09-11,3186.13000000
2024-09-12,3172.47000000
2024-09-13,3159.25000000
2024-09-18,3171.01000000
2024-09-19,3196.04000000
2024-09-20,3201.05000000
2024-09-23,3212.76000000
2024-09-24,3351.91000000
2024-09-25,3401.53000000
2024-09-26,3545.32000000
2024-09-27,3703.68000000
2024-09-30,4017.85000000
2024-10-08,4256.10000000
2024-10-09,3955.98000000
2024-10-10,3997.79000000
2024-10-11,3887.17000000
2024-10-14,3961.34000000
2024-10-15,3855.99000000
2024-10-16,3831.59000000
2024-10-17,3788.22000000
2024-10-18,3925.23000000
2024-10-21,3935.20000000
2024-10-22,3957.78000000
2024-10-23,3973.21000000
2024-10-24,3928.83000000
2024-10-25,3956.42000000
2024-10-28,3964.16000000
2024-10-29,3924.65000000
2024-10-30,3889.45000000
2024-10-31,3891.04000000
2024-11-01,3890.02000000
2024-11-04,3944.76000000
2024-11-05,4044.57000000
2024-11-06,4024.28000000
2024-11-07,4145.70000000
2024-11-08,4104.05000000
2024-11-11,4131.13000000
2024-11-12,4085.74000000
2024-11-13,4110.89000000
2024-11-14,4039.62000000
2024-11-15,3968.83000000
2024-11-18,3950.38000000
2024-11-19,3976.89000000
2024-11-20,3985.77000000
2024-11-21,3989.30000000
2024-11-22,3865.70000000
2024-11-25,3848.09000000
2024-11-26,3840.18000000
2024-11-27,3907.04000000
2024-11-28,3872.55000000
2024-11-29,3916.58000000
2024-12-02,3947.63000000
2024-12-03,3951.89000000
2024-12-04,3930.56000000
2024-12-05,3921.59000000
2024-12-06,3973.14000000
2024-12-09,3966.57000000
2024-12-10,3995.64000000
2024-12-11,3988.83000000
2024-12-12,4028.50000000
2024-12-13,3933.18000000
2024-12-16,3911.84000000
2024-12-17,3922.03000000
2024-12-18,3941.89000000
2024-12-19,3945.46000000
2024-12-20,3927.74000000
2024-12-23,3933.57000000
2024-12-24,3983.69000000
2024-12-25,3985.63000000
2024-12-26,3987.48000000
2024-12-27,3981.03000000
2024-12-30,3999.05000000
2024-12-31,3934.91000000
2025-01-02,3820.40000000
2025-01-03,3775.16000000
2025-01-06,3768.97000000
2025-01-07,3796.11000000
2025-01-08,3789.22000000
2025-01-09,3779.88000000
2025-01-10,3732.48000000
2025-01-13,3722.51000000
2025-01-14,3820.54000000
2025-01-15,3796.03000000
2025-01-16,3800.38000000
2025-01-17,3812.34000000
2025-01-20,3829.68000000
2025-01-21,3832.61000000
2025-01-22,3797.02000000
2025-01-23,3803.74000000
2025-01-24,3832.86000000
2025-01-27,3817.08000000
2025-02-05,3795.08000000
2025-02-06,3842.83000000
2025-02-07,3892.70000000
2025-02-10,3901.06000000
2025-02-11,3883.14000000
2025-02-12,3919.86000000
2025-02-13,3905.14000000
2025-02-14,3939.01000000
2025-02-17,3947.40000000
2025-02-18,3912.78000000
2025-02-19,3940.16000000
2025-02-20,3928.90000000
2025-02-21,3978.44000000
2025-02-24,3969.72000000
2025-02-25,3925.65000000
2025-02-26,3959.94000000
2025-02-27,3968.12000000
2025-02-28,3890.05000000
2025-03-03,3888.47000000
2025-03-04,3885.22000000
2025-03-05,3902.57000000
2025-03-06,3956.24000000
2025-03-07,3944.01000000
2025-03-10,3928.80000000
2025-03-11,3941.42000000
2025-03-12,3927.23000000
2025-03-13,3911.58000000
2025-03-14,4006.56000000
2025-03-17,3996.79000000
2025-03-18,4007.72000000
2025-03-19,4010.17000000
2025-03-20,3974.99000000
2025-03-21,3914.70000000
2025-03-24,3934.85000000
2025-03-25,3932.30000000
2025-03-26,3919.36000000
2025-03-27,3932.41000000
2025-03-28,3915.17000000
2025-03-31,3887.31000000
2025-04-01,3887.68000000
2025-04-02,3884.39000000
2025-04-03,3861.50000000
2025-04-07,3589.44000000
2025-04-08,3650.76000000
2025-04-09,3686.79000000
2025-04-10,3735.12000000
2025-04-11,3750.52000000
2025-04-14,3759.14000000
2025-04-15,3761.23000000
2025-04-16,3772.82000000
2025-04-17,3772.22000000
2025-04-18,3772.52000000
2025-04-21,3784.88000000
2025-04-22,3783.95000000
2025-04-23,3786.88000000
2025-04-24,3784.36000000
2025-04-25,3786.99000000
2025-04-28,3781.62000000
2025-04-29,3775.08000000
2025-04-30,3770.57000000
2025-05-06,3808.54000000
2025-05-07,3831.63000000
2025-05-08,3852.90000000
2025-05-09,3846.16000000
2025-05-12,3890.61000000
2025-05-13,3896.26000000
2025-05-14,3943.21000000
2025-05-15,3907.20000000
2025-05-16,3889.09000000
2025-05-19,3877.15000000
2025-05-20,3898.17000000
2025-05-21,3916.38000000
2025-05-22,3913.87000000
2025-05-23,3882.27000000
2025-05-26,3860.11000000
2025-05-27,3839.40000000
2025-05-28,3836.24000000
2025-05-29,3858.70000000
2025-05-30,3840.23000000
2025-06-03,3852.01000000
2025-06-04,3868.74000000
2025-06-05,3877.56000000
2025-06-06,3873.98000000
2025-06-09,3885.25000000
2025-06-10,3865.47000000
2025-06-11,3894.63000000
2025-06-12,3892.20000000
2025-06-13,3864.18000000
2025-06-16,3873.80000000
2025-06-17,3870.38000000
2025-06-18,3874.97000000
2025-06-19,3843.09000000
2025-06-20,3846.64000000
2025-06-23,3857.90000000
2025-06-24,3904.03000000
2025-06-25,3960.07000000
2025-06-26,3946.02000000
2025-06-27,3921.76000000
2025-06-30,3936.08000000
2025-07-01,3942.76000000
2025-07-02,3943.68000000
2025-07-03,3968.07000000
2025-07-04,3982.20000000
2025-07-07,3965.17000000
2025-07-08,3998.45000000
2025-07-09,3991.40000000
2025-07-10,4010.02000000
2025-07-11,4014.81000000
2025-07-14,4017.67000000
2025-07-15,4019.06000000
2025-07-16,4007.20000000
2025-07-17,4034.49000000
2025-07-18,4058.55000000
2025-07-21,4085.61000000
2025-07-22,4118.96000000
2025-07-23,4119.77000000
2025-07-24,4149.04000000
2025-07-25,4127.16000000
2025-07-28,4135.82000000
2025-07-29,4152.02000000
2025-07-30,4151.24000000
2025-07-31,4075.59000000
2025-08-01,4054.93000000
2025-08-04,4070.70000000
2025-08-05,4103.45000000
2025-08-06,4113.49000000
2025-08-07,4114.67000000
2025-08-08,4104.97000000
2025-08-11,4122.51000000
2025-08-12,4143.83000000
2025-08-13,4176.58000000
2025-08-14,4173.31000000
2025-08-15,4202.35000000
2025-08-18,4239.41000000
2025-08-19,4223.37000000
2025-08-20,4271.40000000
2025-08-21,4288.07000000
2025-08-22,4378.00000000
2025-08-25,4469.22000000
2025-08-26,4452.59000000
2025-08-27,4386.13000000
2025-08-28,4463.78000000
2025-08-29,4496.76000000
2025-09-01,4523.71000000
2025-09-02,4490.45000000
2025-09-03,4459.83000000
2025-09-04,4365.21000000
2025-09-05,4460.32000000
2025-09-08,4467.57000000
2025-09-09,4436.26000000
2025-09-10,4445.36000000
2025-09-11,4548.03000000
2025-09-12,4522.00000000
2025-09-15,4533.06000000
2025-09-16,4523.34000000
2025-09-17,4551.02000000
2025-09-18,4498.11000000
2025-09-19,4501.92000000
2025-09-22,4522.61000000
2025-09-23,4519.78000000
2025-09-24,4566.07000000
2025-09-25,4593.49000000
2025-09-26,4550.05000000
2025-09-29,4620.05000000
2025-09-30,4640.69000000
2025-10-09,4709.48000000
2025-10-10,4616.83000000
2025-10-13,4593.98000000
2025-10-14,4539.06000000
2025-10-15,4606.29000000
2025-10-16,4618.42000000
2025-10-17,4514.23000000
2025-10-20,4538.22000000
2025-10-21,4607.87000000
2025-10-22,4592.57000000
2025-10-23,4606.34000000
2025-10-24,4660.68000000
2025-10-27,4716.02000000
2025-10-28,4691.97000000
2025-10-29,4747.84000000
2025-10-30,4709.91000000
2025-10-31,4640.67000000
2025-11-03,4653.40000000
2025-11-04,4618.70000000
2025-11-05,4627.26000000
2025-11-06,4693.40000000
2025-11-07,4678.79000000
2025-11-10,4695.05000000
2025-11-11,4652.17000000
2025-11-12,4645.91000000
2025-11-13,4702.07000000
2025-11-14,4628.14000000
2025-11-17,4598.05000000
2025-11-18,4568.19000000
2025-11-19,4588.29000000
2025-11-20,4564.95000000
2025-11-21,4453.61000000
2025-11-24,4448.05000000
2025-11-25,4490.40000000
2025-11-26,4517.63000000
2025-11-27,4515.40000000
2025-11-28,4526.66000000
2025-12-01,4576.49000000
2025-12-02,4554.33000000
2025-12-03,4531.05000000
2025-12-04,4546.57000000
2025-12-05,4584.54000000
2025-12-08,4621.75000000
2025-12-09,4598.22000000
2025-12-10,4591.83000000
2025-12-11,4552.18000000
2025-12-12,4580.95000000
2025-12-15,4552.06000000
2025-12-16,4497.55000000
2025-12-17,4579.88000000
2025-12-18,4552.79000000
2025-12-19,4568.18000000
2025-12-22,4611.62000000
2025-12-23,4620.73000000
2025-12-24,4634.06000000
2025-12-25,4642.54000000
2025-12-26,4657.24000000
2025-12-29,4639.37000000
2025-12-30,4651.28000000
2025-12-31,4629.94000000
2026-01-05,4717.75000000
2026-01-06,4790.69000000
2026-01-07,4776.67000000
2026-01-08,4737.65000000
2026-01-09,4758.92000000
2026-01-12,4789.92000000
2026-01-13,4761.03000000
2026-01-14,4741.93000000
2026-01-15,4751.43000000
2026-01-16,4731.87000000
2026-01-19,4734.46000000
2026-01-20,4718.88000000
2026-01-21,4723.07000000
2026-01-22,4723.71000000
2026-01-23,4702.50000000
2026-01-26,4706.96000000
2026-01-27,4705.69000000
2026-01-28,4717.99000000
2026-01-29,4753.87000000
2026-01-30,4706.34000000
2026-02-02,4605.98000000
2026-02-03,4660.11000000
2026-02-04,4698.68000000
2026-02-05,4670.42000000
2026-02-06,4643.60000000
2026-02-09,4719.06000000
2026-02-10,4724.30000000
2026-02-11,4713.82000000
2026-02-12,4719.58000000
2026-02-13,4660.41000000
2026-02-24,4707.54000000
2026-02-25,4735.89000000
2026-02-26,4726.87000000
2026-02-27,4710.65000000
2026-03-02,4728.67000000
2026-03-03,4655.90000000
2026-03-04,4602.62000000
2026-03-05,4647.69000000
2026-03-06,4660.44000000
2026-03-09,4615.46000000
2026-03-10,4674.76000000
2026-03-11,4704.50000000
2026-03-12,4687.56000000
2026-03-13,4669.14000000
2026-03-16,4671.56000000
2026-03-17,4637.44000000
2026-03-18,4658.33000000
2026-03-19,4583.25000000
2026-03-20,4567.02000000
2026-03-23,4418.00000000
2026-03-24,4474.72000000
2026-03-25,4537.47000000
2026-03-26,4477.53000000
2026-03-27,4502.57000000
2026-03-30,4491.95000000
2026-03-31,4450.05000000
2026-04-01,4526.07000000
2026-04-02,4478.91000000
2026-04-03,4440.79000000
2026-04-07,4440.62000000
2026-04-08,4595.56000000
2026-04-09,4566.22000000
2026-04-10,4636.57000000
2026-04-13,4646.15000000
2026-04-14,4701.28000000
2026-04-15,4685.25000000
2026-04-16,4736.61000000
2026-04-17,4728.67000000
2026-04-20,4757.44000000
2026-04-21,4768.00000000
2026-04-22,4799.63000000
2026-04-23,4786.33000000
2026-04-24,4769.37000000
2026-04-27,4770.95000000
2026-04-28,4758.21000000
2026-04-29,4810.35000000
2026-04-30,4807.31000000
2026-05-06,4877.09000000
2026-05-07,4900.51000000
2026-05-08,4871.91000000
2026-05-11,4951.84000000
2026-05-12,4948.05000000
2026-05-13,4998.34000000
2026-05-14,4914.60000000
2026-05-15,4859.59000000
2026-05-18,4833.52000000
2026-05-19,4852.88000000
2026-05-20,4850.70000000
2026-05-21,4783.10000000
2026-05-22,4845.10000000
2026-05-25,4921.60000000
2026-05-26,4947.85000000
2026-05-27,4908.17000000
2026-05-28,4914.21000000
2026-05-29,4892.12000000
2026-06-01,4844.26000000
2026-06-02,4914.56000000
2026-06-03,4938.81000000
2026-06-04,4904.75000000
2026-06-05,4816.92000000
2026-06-08,4713.64000000
2026-06-09,4801.81000000
2026-06-10,4748.59000000
2026-06-11,4722.41000000
2026-06-12,4777.32000000
2026-06-15,4891.71000000
2026-06-16,4884.23000000
2026-06-17,4931.39000000
2026-06-18,4941.60000000
2026-06-22,5059.66000000
2026-06-23,4919.39000000
2026-06-24,4943.02000000
2026-06-25,5020.10000000
2026-06-26,4868.22000000
2026-06-29,4926.92000000
2026-06-30,4979.43000000
2026-07-01,4958.98000000
2026-07-02,4812.30000000
2026-07-03,4842.17000000
2026-07-06,4842.00000000
2026-07-07,4792.26000000
2026-07-08,4755.53000000
2026-07-09,4876.31000000
2026-07-10,4780.79000000
2026-07-13,4695.38000000
2026-07-14,4796.50000000
2026-07-15,4786.78000000
2026-07-16,4698.43000000
2026-07-17,4529.10000000
2026-07-20,4598.32000000
2026-07-21,4739.23000000
2026-07-22,4717.24000000
2026-07-23,4728.00000000
2026-07-24,4649.19000000
2026-07-27,4702.43000000
2026-07-28,4569.52000000
2026-07-29,4600.26000000
2026-07-30,4549.72000000
2026-07-31,4588.20000000
2026-08-03,4543.18000000
