Date,Close
1999-03-10,2038.54000000
1999-03-11,2043.78000000
1999-03-12,2008.98000000
1999-03-15,2060.36000000
1999-03-16,2073.33000000
1999-03-17,2064.59000000
1999-03-18,2102.86000000
1999-03-19,2053.78000000
1999-03-22,2027.22000000
1999-03-23,1961.40000000
1999-03-24,2013.78000000
1999-03-25,2083.59000000
1999-03-26,2067.53000000
1999-03-29,2144.93000000
1999-03-30,2125.96000000
1999-03-31,2106.66000000
1999-04-01,2146.41000000
1999-04-05,2219.93000000
1999-04-06,2219.12000000
1999-04-07,2192.58000000
1999-04-08,2225.05000000
1999-04-09,2232.77000000
1999-04-12,2219.51000000
1999-04-13,2175.47000000
1999-04-14,2103.91000000
1999-04-15,2136.09000000
1999-04-16,2086.74000000
1999-04-19,1967.84000000
1999-04-20,2030.55000000
1999-04-21,2106.12000000
1999-04-22,2183.77000000
1999-04-23,2210.78000000
1999-04-26,2261.00000000
1999-04-27,2207.36000000
1999-04-28,2150.76000000
1999-04-29,2119.64000000
1999-04-30,2136.74000000
1999-05-03,2138.30000000
1999-05-04,2097.90000000
1999-05-05,2156.20000000
1999-05-06,2079.06000000
1999-05-07,2118.16000000
1999-05-10,2135.19000000
1999-05-11,2176.30000000
1999-05-12,2218.13000000
1999-05-13,2179.50000000
1999-05-14,2125.58000000
1999-05-17,2176.18000000
1999-05-18,2159.73000000
1999-05-19,2186.68000000
1999-05-20,2140.44000000
1999-05-21,2114.86000000
1999-05-24,2061.04000000
1999-05-25,1999.49000000
1999-05-26,2053.54000000
1999-05-27,2050.60000000
1999-05-28,2090.22000000
1999-06-01,2026.30000000
1999-06-02,2075.06000000
1999-06-03,2030.91000000
1999-06-04,2109.94000000
1999-06-07,2153.23000000
1999-06-08,2087.29000000
1999-06-09,2136.05000000
1999-06-10,2098.35000000
1999-06-11,2062.83000000
1999-06-14,2029.45000000
1999-06-15,2058.71000000
1999-06-16,2168.06000000
1999-06-17,2191.40000000
1999-06-18,2206.03000000
1999-06-21,2269.26000000
1999-06-22,2210.47000000
1999-06-23,2239.92000000
1999-06-24,2185.44000000
1999-06-25,2186.33000000
1999-06-28,2244.53000000
1999-06-29,2280.67000000
1999-06-30,2297.38000000
1999-07-01,2322.94000000
1999-07-02,2348.51000000
1999-07-06,2331.35000000
1999-07-07,2341.35000000
1999-07-08,2375.27000000
1999-07-09,2393.72000000
1999-07-12,2384.93000000
1999-07-13,2374.35000000
1999-07-14,2417.75000000
1999-07-15,2429.99000000
1999-07-16,2460.22000000
1999-07-19,2425.34000000
1999-07-20,2330.02000000
1999-07-21,2364.33000000
1999-07-22,2282.60000000
1999-07-23,2302.70000000
1999-07-26,2234.17000000
1999-07-27,2309.46000000
1999-07-28,2334.50000000
1999-07-29,2263.78000000
1999-07-30,2271.66000000
1999-08-02,2265.54000000
1999-08-03,2239.90000000
1999-08-04,2205.13000000
1999-08-05,2233.04000000
1999-08-06,2212.95000000
1999-08-09,2188.40000000
1999-08-10,2164.56000000
1999-08-11,2242.61000000
1999-08-12,2215.14000000
1999-08-13,2307.90000000
1999-08-16,2313.92000000
1999-08-17,2338.22000000
1999-08-18,2318.27000000
1999-08-19,2279.66000000
1999-08-20,2315.95000000
1999-08-23,2386.78000000
1999-08-24,2405.74000000
1999-08-25,2461.86000000
1999-08-26,2418.22000000
1999-08-27,2403.48000000
1999-08-30,2367.80000000
1999-08-31,2397.80000000
1999-09-01,2405.88000000
1999-09-02,2393.53000000
1999-09-03,2507.68000000
1999-09-07,2492.82000000
1999-09-08,2455.65000000
1999-09-09,2506.51000000
1999-09-10,2535.63000000
1999-09-13,2484.10000000
1999-09-14,2523.47000000
1999-09-15,2464.08000000
1999-09-16,2467.87000000
1999-09-17,2537.93000000
1999-09-20,2546.43000000
1999-09-21,2474.73000000
1999-09-22,2514.95000000
1999-09-23,2404.04000000
1999-09-24,2400.54000000
1999-09-27,2427.49000000
1999-09-28,2429.10000000
1999-09-29,2399.76000000
1999-09-30,2408.88000000
1999-10-01,2405.42000000
1999-10-04,2468.92000000
1999-10-05,2472.50000000
1999-10-06,2533.43000000
1999-10-07,2533.03000000
1999-10-08,2556.41000000
1999-10-11,2579.93000000
1999-10-12,2527.85000000
1999-10-13,2455.50000000
1999-10-14,2472.00000000
1999-10-15,2404.79000000
1999-10-18,2363.08000000
1999-10-19,2363.22000000
1999-10-20,2467.31000000
1999-10-21,2478.17000000
1999-10-22,2486.93000000
1999-10-25,2485.22000000
1999-10-26,2467.43000000
1999-10-27,2458.48000000
1999-10-28,2541.03000000
1999-10-29,2638.59000000
1999-11-01,2617.50000000
1999-11-02,2628.13000000
1999-11-03,2673.95000000
1999-11-04,2704.36000000
1999-11-05,2756.97000000
1999-11-08,2787.55000000
1999-11-09,2764.85000000
1999-11-10,2798.90000000
1999-11-11,2851.12000000
1999-11-12,2890.24000000
1999-11-15,2877.19000000
1999-11-16,2941.65000000
1999-11-17,2913.07000000
1999-11-18,3004.91000000
1999-11-19,3030.29000000
1999-11-22,3051.05000000
1999-11-23,3001.20000000
1999-11-24,3109.99000000
1999-11-26,3118.09000000
1999-11-29,3064.68000000
1999-11-30,2968.11000000
1999-12-01,2998.71000000
1999-12-02,3109.95000000
1999-12-03,3173.89000000
1999-12-06,3192.61000000
1999-12-07,3206.61000000
1999-12-08,3165.59000000
1999-12-09,3169.03000000
1999-12-10,3204.81000000
1999-12-13,3243.96000000
1999-12-14,3168.83000000
1999-12-15,3240.76000000
1999-12-16,3333.94000000
1999-12-17,3361.79000000
1999-12-20,3391.96000000
1999-12-21,3530.56000000
1999-12-22,3564.34000000
1999-12-23,3592.34000000
1999-12-27,3600.58000000
1999-12-28,3582.02000000
1999-12-29,3691.80000000
1999-12-30,3685.79000000
1999-12-31,3709.96000000
2000-01-03,3792.73000000
2000-01-04,3548.24000000
2000-01-05,3509.33000000
2000-01-06,3342.73000000
2000-01-07,3531.63000000
2000-01-10,3719.55000000
2000-01-11,3546.39000000
2000-01-12,3480.15000000
2000-01-13,3614.16000000
2000-01-14,3706.87000000
2000-01-18,3759.95000000
2000-01-19,3793.07000000
2000-01-20,3843.95000000
2000-01-21,3852.18000000
2000-01-24,3663.06000000
2000-01-25,3761.28000000
2000-01-26,3623.31000000
2000-01-27,3595.23000000
2000-01-28,3448.15000000
2000-01-31,3572.17000000
2000-02-01,3703.98000000
2000-02-02,3726.74000000
2000-02-03,3853.59000000
2000-02-04,3876.80000000
2000-02-07,3935.81000000
2000-02-08,4065.32000000
2000-02-09,3970.96000000
2000-02-10,4092.57000000
2000-02-11,3971.39000000
2000-02-14,3988.64000000
2000-02-15,3999.54000000
2000-02-16,4000.53000000
2000-02-17,4128.02000000
2000-02-18,3968.30000000
2000-02-22,3971.68000000
2000-02-23,4172.76000000
2000-02-24,4255.78000000
2000-02-25,4181.26000000
2000-02-28,4164.81000000
2000-02-29,4269.69000000
2000-03-01,4311.79000000
2000-03-02,4236.99000000
2000-03-03,4445.74000000
2000-03-06,4460.06000000
2000-03-07,4393.66000000
2000-03-08,4448.55000000
2000-03-09,4589.22000000
2000-03-10,4590.12000000
2000-03-13,4429.66000000
2000-03-14,4229.72000000
2000-03-15,4132.68000000
2000-03-16,4356.14000000
2000-03-17,4443.32000000
2000-03-20,4263.90000000
2000-03-21,4452.20000000
2000-03-22,4599.78000000
2000-03-23,4663.63000000
2000-03-24,4694.65000000
2000-03-27,4707.78000000
2000-03-28,4586.35000000
2000-03-29,4416.78000000
2000-03-30,4252.95000000
2000-03-31,4400.69000000
2000-04-03,4079.77000000
2000-04-04,4036.89000000
2000-04-05,4032.98000000
2000-04-06,4089.49000000
2000-04-07,4294.43000000
2000-04-10,4000.96000000
2000-04-11,3911.85000000
2000-04-12,3636.08000000
2000-04-13,3556.21000000
2000-04-14,3210.12000000
2000-04-17,3531.83000000
2000-04-18,3718.32000000
2000-04-19,3585.49000000
2000-04-20,3507.66000000
2000-04-24,3355.80000000
2000-04-25,3624.00000000
2000-04-26,3508.10000000
2000-04-27,3695.13000000
2000-04-28,3775.79000000
2000-05-01,3832.49000000
2000-05-02,3629.82000000
2000-05-03,3564.69000000
2000-05-04,3573.26000000
2000-05-05,3690.97000000
2000-05-08,3524.10000000
2000-05-09,3447.08000000
2000-05-10,3247.03000000
2000-05-11,3383.98000000
2000-05-12,3408.66000000
2000-05-15,3514.60000000
2000-05-16,3649.53000000
2000-05-17,3553.07000000
2000-05-18,3428.83000000
2000-05-19,3263.00000000
2000-05-22,3267.07000000
2000-05-23,3025.60000000
2000-05-24,3182.61000000
2000-05-25,3101.52000000
2000-05-26,3103.68000000
2000-05-30,3416.52000000
2000-05-31,3326.50000000
2000-06-01,3521.55000000
2000-06-02,3758.41000000
2000-06-05,3733.03000000
2000-06-06,3648.98000000
2000-06-07,3738.74000000
2000-06-08,3710.01000000
2000-06-09,3762.99000000
2000-06-12,3641.07000000
2000-06-13,3768.55000000
2000-06-14,3680.17000000
2000-06-15,3754.74000000
2000-06-16,3790.12000000
2000-06-19,3936.56000000
2000-06-20,3936.70000000
2000-06-21,3972.89000000
2000-06-22,3806.88000000
2000-06-23,3687.98000000
2000-06-26,3774.20000000
2000-06-27,3701.69000000
2000-06-28,3773.81000000
2000-06-29,3668.51000000
2000-06-30,3766.54000000
2000-07-03,3807.56000000
2000-07-05,3652.46000000
2000-07-06,3796.30000000
2000-07-07,3844.13000000
2000-07-10,3775.00000000
2000-07-11,3747.31000000
2000-07-12,3904.01000000
2000-07-13,3959.60000000
2000-07-14,4044.15000000
2000-07-17,4064.90000000
2000-07-18,3963.90000000
2000-07-19,3846.84000000
2000-07-20,3998.43000000
2000-07-21,3911.66000000
2000-07-24,3793.44000000
2000-07-25,3868.26000000
2000-07-26,3821.11000000
2000-07-27,3684.36000000
2000-07-28,3479.93000000
2000-07-31,3612.07000000
2000-08-01,3523.80000000
2000-08-02,3493.00000000
2000-08-03,3626.32000000
2000-08-04,3621.44000000
2000-08-07,3713.28000000
2000-08-08,3689.23000000
2000-08-09,3695.91000000
2000-08-10,3597.98000000
2000-08-11,3647.44000000
2000-08-14,3722.50000000
2000-08-15,3725.52000000
2000-08-16,3724.19000000
2000-08-17,3833.62000000
2000-08-18,3810.52000000
2000-08-21,3830.64000000
2000-08-22,3830.91000000
2000-08-23,3900.00000000
2000-08-24,3952.69000000
2000-08-25,3934.35000000
2000-08-28,3957.36000000
2000-08-29,3955.06000000
2000-08-30,3971.88000000
2000-08-31,4080.83000000
2000-09-01,4102.55000000
2000-09-05,3990.19000000
2000-09-06,3840.67000000
2000-09-07,3956.49000000
2000-09-08,3816.46000000
2000-09-11,3709.68000000
2000-09-12,3669.78000000
2000-09-13,3744.72000000
2000-09-14,3740.39000000
2000-09-15,3679.25000000
2000-09-18,3588.36000000
2000-09-19,3759.38000000
2000-09-20,3793.45000000
2000-09-21,3721.10000000
2000-09-22,3704.11000000
2000-09-25,3624.97000000
2000-09-26,3585.43000000
2000-09-27,3574.73000000
2000-09-28,3728.12000000
2000-09-29,3573.46000000
2000-10-02,3460.72000000
2000-10-03,3356.01000000
2000-10-04,3456.11000000
2000-10-05,3427.04000000
2000-10-06,3314.58000000
2000-10-09,3321.54000000
2000-10-10,3190.82000000
2000-10-11,3103.00000000
2000-10-12,3006.84000000
2000-10-13,3280.38000000
2000-10-16,3252.04000000
2000-10-17,3174.71000000
2000-10-18,3141.81000000
2000-10-19,3405.65000000
2000-10-20,3459.37000000
2000-10-23,3424.73000000
2000-10-24,3355.93000000
2000-10-25,3110.11000000
2000-10-26,3169.68000000
2000-10-27,3177.80000000
2000-10-30,3083.60000000
2000-10-31,3284.99000000
2000-11-01,3227.91000000
2000-11-02,3311.19000000
2000-11-03,3324.71000000
2000-11-06,3293.24000000
2000-11-07,3282.33000000
2000-11-08,3061.67000000
2000-11-09,3059.64000000
2000-11-10,2892.70000000
2000-11-13,2839.01000000
2000-11-14,3042.07000000
2000-11-15,3079.29000000
2000-11-16,2927.67000000
2000-11-17,2937.33000000
2000-11-20,2794.80000000
2000-11-21,2788.92000000
2000-11-22,2670.54000000
2000-11-24,2832.51000000
2000-11-27,2771.69000000
2000-11-28,2623.35000000
2000-11-29,2605.08000000
2000-11-30,2508.69000000
2000-12-01,2551.93000000
2000-12-04,2556.59000000
2000-12-05,2855.33000000
2000-12-06,2746.06000000
2000-12-07,2722.25000000
2000-12-08,2897.87000000
2000-12-11,2975.46000000
2000-12-12,2865.67000000
2000-12-13,2751.25000000
2000-12-14,2641.54000000
2000-12-15,2551.68000000
2000-12-18,2545.28000000
2000-12-19,2401.83000000
2000-12-20,2212.35000000
2000-12-21,2226.89000000
2000-12-22,2438.49000000
2000-12-26,2406.81000000
2000-12-27,2462.47000000
2000-12-28,2466.89000000
2000-12-29,2343.85000000
2001-01-02,2130.74000000
2001-01-03,2530.71000000
2001-01-04,2462.31000000
2001-01-05,2269.94000000
2001-01-08,2283.64000000
2001-01-09,2313.53000000
2001-01-10,2415.94000000
2001-01-11,2526.62000000
2001-01-12,2508.36000000
2001-01-16,2472.99000000
2001-01-17,2561.03000000
2001-01-18,2672.93000000
2001-01-19,2658.12000000
2001-01-22,2645.56000000
2001-01-23,2732.56000000
2001-01-24,2728.98000000
2001-01-25,2598.26000000
2001-01-26,2634.23000000
2001-01-29,2697.03000000
2001-01-30,2688.68000000
2001-01-31,2595.52000000
2001-02-01,2609.69000000
2001-02-02,2474.58000000
2001-02-05,2469.77000000
2001-02-06,2475.72000000
2001-02-07,2412.08000000
2001-02-08,2358.03000000
2001-02-09,2264.03000000
2001-02-12,2289.14000000
2001-02-13,2210.61000000
2001-02-14,2308.17000000
2001-02-15,2373.45000000
2001-02-16,2214.76000000
2001-02-20,2097.24000000
2001-02-21,2060.63000000
2001-02-22,2034.49000000
2001-02-23,2058.15000000
2001-02-26,2099.77000000
2001-02-27,1966.52000000
2001-02-28,1910.26000000
2001-03-01,1970.02000000
2001-03-02,1883.26000000
2001-03-05,1918.63000000
2001-03-06,1978.32000000
2001-03-07,1998.26000000
2001-03-08,1940.12000000
2001-03-09,1814.87000000
2001-03-12,1682.35000000
2001-03-13,1791.52000000
2001-03-14,1746.86000000
2001-03-15,1699.65000000
2001-03-16,1649.19000000
2001-03-19,1732.22000000
2001-03-20,1616.12000000
2001-03-21,1606.67000000
2001-03-22,1703.63000000
2001-03-23,1706.76000000
2001-03-26,1678.61000000
2001-03-27,1737.47000000
2001-03-28,1603.86000000
2001-03-29,1564.81000000
2001-03-30,1574.93000000
2001-04-02,1518.19000000
2001-04-03,1400.54000000
2001-04-04,1372.21000000
2001-04-05,1520.67000000
2001-04-06,1449.71000000
2001-04-09,1482.80000000
2001-04-10,1599.57000000
2001-04-11,1649.12000000
2001-04-12,1716.12000000
2001-04-16,1651.97000000
2001-04-17,1673.29000000
2001-04-18,1832.75000000
2001-04-19,1955.37000000
2001-04-20,1935.64000000
2001-04-23,1813.83000000
2001-04-24,1764.09000000
2001-04-25,1816.29000000
2001-04-26,1765.24000000
2001-04-27,1812.47000000
2001-04-30,1857.20000000
2001-05-01,1921.13000000
2001-05-02,1964.59000000
2001-05-03,1879.95000000
2001-05-04,1926.02000000
2001-05-07,1897.58000000
2001-05-08,1931.45000000
2001-05-09,1879.02000000
2001-05-10,1840.42000000
2001-05-11,1823.28000000
2001-05-14,1797.12000000
2001-05-15,1798.87000000
2001-05-16,1901.64000000
2001-05-17,1927.38000000
2001-05-18,1929.94000000
2001-05-21,2054.96000000
2001-05-22,2045.31000000
2001-05-23,1959.84000000
2001-05-24,2005.70000000
2001-05-25,1963.02000000
2001-05-29,1875.71000000
2001-05-30,1781.07000000
2001-05-31,1801.99000000
2001-06-01,1842.98000000
2001-06-04,1840.98000000
2001-06-05,1926.14000000
2001-06-06,1906.06000000
2001-06-07,1965.60000000
2001-06-08,1898.43000000
2001-06-11,1848.64000000
2001-06-12,1854.19000000
2001-06-13,1792.29000000
2001-06-14,1713.38000000
2001-06-15,1703.51000000
2001-06-18,1668.43000000
2001-06-19,1677.85000000
2001-06-20,1723.57000000
2001-06-21,1753.29000000
2001-06-22,1729.48000000
2001-06-25,1745.94000000
2001-06-26,1753.66000000
2001-06-27,1758.08000000
2001-06-28,1811.05000000
2001-06-29,1832.33000000
2001-07-02,1829.20000000
2001-07-03,1824.29000000
2001-07-05,1753.05000000
2001-07-06,1670.54000000
2001-07-09,1699.03000000
2001-07-10,1626.85000000
2001-07-11,1643.48000000
2001-07-12,1752.17000000
2001-07-13,1753.16000000
2001-07-16,1687.71000000
2001-07-17,1731.57000000
2001-07-18,1668.87000000
2001-07-19,1697.92000000
2001-07-20,1678.47000000
2001-07-23,1631.88000000
2001-07-24,1606.79000000
2001-07-25,1629.81000000
2001-07-26,1675.39000000
2001-07-27,1685.19000000
2001-07-30,1672.08000000
2001-07-31,1685.68000000
2001-08-01,1731.68000000
2001-08-02,1753.63000000
2001-08-03,1728.11000000
2001-08-06,1705.02000000
2001-08-07,1698.55000000
2001-08-08,1628.28000000
2001-08-09,1631.01000000
2001-08-10,1619.52000000
2001-08-13,1655.38000000
2001-08-14,1632.04000000
2001-08-15,1574.04000000
2001-08-16,1584.01000000
2001-08-17,1518.56000000
2001-08-20,1538.00000000
2001-08-21,1482.67000000
2001-08-22,1517.39000000
2001-08-23,1498.93000000
2001-08-24,1581.68000000
2001-08-27,1580.39000000
2001-08-28,1528.29000000
2001-08-29,1501.72000000
2001-08-30,1455.80000000
2001-08-31,1471.62000000
2001-09-04,1425.98000000
2001-09-05,1417.15000000
2001-09-06,1363.47000000
2001-09-07,1356.04000000
2001-09-10,1367.17000000
2001-09-17,1254.33000000
2001-09-18,1226.24000000
2001-09-19,1209.81000000
2001-09-20,1167.80000000
2001-09-21,1128.43000000
2001-09-24,1192.58000000
2001-09-25,1189.32000000
2001-09-26,1144.98000000
2001-09-27,1145.77000000
2001-09-28,1169.91000000
2001-10-01,1152.75000000
2001-10-02,1160.90000000
2001-10-03,1251.06000000
2001-10-04,1262.32000000
2001-10-05,1273.41000000
2001-10-08,1281.32000000
2001-10-09,1246.20000000
2001-10-10,1306.40000000
2001-10-11,1391.70000000
2001-10-12,1395.68000000
2001-10-15,1380.74000000
2001-10-16,1406.66000000
2001-10-17,1316.54000000
2001-10-18,1332.08000000
2001-10-19,1349.37000000
2001-10-22,1384.90000000
2001-10-23,1385.89000000
2001-10-24,1426.60000000
2001-10-25,1481.03000000
2001-10-26,1456.84000000
2001-10-29,1376.42000000
2001-10-30,1344.11000000
2001-10-31,1366.66000000
2001-11-01,1426.12000000
2001-11-02,1427.74000000
2001-11-05,1482.32000000
2001-11-06,1525.26000000
2001-11-07,1526.85000000
2001-11-08,1512.75000000
2001-11-09,1517.12000000
2001-11-12,1530.93000000
2001-11-13,1583.02000000
2001-11-14,1588.15000000
2001-11-15,1584.83000000
2001-11-16,1584.43000000
2001-11-19,1619.92000000
2001-11-20,1551.95000000
2001-11-21,1554.26000000
2001-11-23,1579.75000000
2001-11-26,1622.00000000
2001-11-27,1612.21000000
2001-11-28,1559.29000000
2001-11-29,1601.62000000
2001-11-30,1598.36000000
2001-12-03,1569.81000000
2001-12-04,1636.64000000
2001-12-05,1723.40000000
2001-12-06,1720.46000000
2001-12-07,1676.32000000
2001-12-10,1647.75000000
2001-12-11,1663.68000000
2001-12-12,1672.37000000
2001-12-13,1604.24000000
2001-12-14,1607.99000000
2001-12-17,1642.75000000
2001-12-18,1660.11000000
2001-12-19,1631.08000000
2001-12-20,1559.65000000
2001-12-21,1580.59000000
2001-12-24,1579.63000000
2001-12-26,1593.18000000
2001-12-27,1608.84000000
2001-12-28,1623.51000000
2001-12-31,1579.37000000
2002-01-02,1612.76000000
2002-01-03,1669.11000000
2002-01-04,1677.51000000
2002-01-07,1652.27000000
2002-01-08,1669.05000000
2002-01-09,1656.20000000
2002-01-10,1659.13000000
2002-01-11,1636.58000000
2002-01-14,1606.13000000
2002-01-15,1614.84000000
2002-01-16,1561.28000000
2002-01-17,1604.69000000
2002-01-18,1550.50000000
2002-01-22,1504.00000000
2002-01-23,1551.52000000
2002-01-24,1567.46000000
2002-01-25,1560.58000000
2002-01-28,1567.19000000
2002-01-29,1521.60000000
2002-01-30,1541.29000000
2002-01-31,1552.54000000
2002-02-01,1530.48000000
2002-02-04,1481.43000000
2002-02-05,1465.16000000
2002-02-06,1448.24000000
2002-02-07,1416.09000000
2002-02-08,1454.45000000
2002-02-11,1479.97000000
2002-02-12,1467.06000000
2002-02-13,1489.16000000
2002-02-14,1477.13000000
2002-02-15,1439.06000000
2002-02-19,1389.55000000
2002-02-20,1410.58000000
2002-02-21,1350.46000000
2002-02-22,1358.39000000
2002-02-25,1410.30000000
2002-02-26,1403.49000000
2002-02-27,1380.75000000
2002-02-28,1361.46000000
2002-03-01,1437.77000000
2002-03-04,1497.16000000
2002-03-05,1501.42000000
2002-03-06,1522.45000000
2002-03-07,1509.28000000
2002-03-08,1557.66000000
2002-03-11,1556.35000000
2002-03-12,1523.04000000
2002-03-13,1488.72000000
2002-03-14,1479.62000000
2002-03-15,1497.87000000
2002-03-18,1508.37000000
2002-03-19,1507.14000000
2002-03-20,1453.41000000
2002-03-21,1491.42000000
2002-03-22,1472.52000000
2002-03-25,1429.95000000
2002-03-26,1441.93000000
2002-03-27,1438.88000000
2002-03-28,1455.20000000
2002-04-01,1480.96000000
2002-04-02,1412.73000000
2002-04-03,1396.51000000
2002-04-04,1399.27000000
2002-04-05,1378.99000000
2002-04-08,1395.26000000
2002-04-09,1347.54000000
2002-04-10,1365.53000000
2002-04-11,1326.83000000
2002-04-12,1354.08000000
2002-04-15,1357.33000000
2002-04-16,1416.26000000
2002-04-17,1406.02000000
2002-04-18,1398.21000000
2002-04-19,1387.30000000
2002-04-22,1352.06000000
2002-04-23,1324.99000000
2002-04-24,1304.50000000
2002-04-25,1304.50000000
2002-04-26,1252.98000000
2002-04-29,1248.89000000
2002-04-30,1279.26000000
2002-05-01,1269.61000000
2002-05-02,1227.47000000
2002-05-03,1192.84000000
2002-05-06,1163.21000000
2002-05-07,1161.30000000
2002-05-08,1284.68000000
2002-05-09,1242.61000000
2002-05-10,1190.88000000
2002-05-13,1243.74000000
2002-05-14,1307.86000000
2002-05-15,1313.37000000
2002-05-16,1318.18000000
2002-05-17,1328.15000000
2002-05-20,1294.49000000
2002-05-21,1258.13000000
2002-05-22,1266.75000000
2002-05-23,1289.05000000
2002-05-24,1255.25000000
2002-05-28,1247.02000000
2002-05-29,1220.83000000
2002-05-30,1230.11000000
2002-05-31,1210.53000000
2002-06-03,1161.24000000
2002-06-04,1180.92000000
2002-06-05,1197.75000000
2002-06-06,1159.70000000
2002-06-07,1142.29000000
2002-06-10,1137.67000000
2002-06-11,1102.95000000
2002-06-12,1125.36000000
2002-06-13,1108.53000000
2002-06-14,1111.60000000
2002-06-17,1151.98000000
2002-06-18,1140.52000000
2002-06-19,1099.52000000
2002-06-20,1064.37000000
2002-06-21,1037.50000000
2002-06-24,1059.59000000
2002-06-25,1024.59000000
2002-06-26,1029.08000000
2002-06-27,1052.54000000
2002-06-28,1053.31000000
2002-07-01,999.97000000
2002-07-02,965.40000000
2002-07-03,997.53000000
2002-07-05,1062.86000000
2002-07-08,1016.21000000
2002-07-09,992.06000000
2002-07-10,960.83000000
2002-07-11,999.88000000
2002-07-12,1002.68000000
2002-07-15,1022.91000000
2002-07-16,1013.18000000
2002-07-17,1030.64000000
2002-07-18,996.46000000
2002-07-19,967.24000000
2002-07-22,940.85000000
2002-07-23,898.49000000
2002-07-24,953.35000000
2002-07-25,896.10000000
2002-07-26,912.60000000
2002-07-29,971.93000000
2002-07-30,982.24000000
2002-07-31,963.97000000
2002-08-01,915.36000000
2002-08-02,894.24000000
2002-08-05,858.80000000
2002-08-06,903.73000000
2002-08-07,920.93000000
2002-08-08,949.15000000
2002-08-09,939.22000000
2002-08-12,940.88000000
2002-08-13,909.45000000
2002-08-14,970.80000000
2002-08-15,982.96000000
2002-08-16,998.07000000
2002-08-19,1028.05000000
2002-08-20,1010.08000000
2002-08-21,1037.59000000
2002-08-22,1051.18000000
2002-08-23,1012.56000000
2002-08-26,1018.87000000
2002-08-27,976.47000000
2002-08-28,946.78000000
2002-08-29,963.73000000
2002-08-30,944.32000000
2002-09-03,901.49000000
2002-09-04,922.88000000
2002-09-05,884.74000000
2002-09-06,924.12000000
2002-09-09,934.15000000
2002-09-10,949.67000000
2002-09-11,948.35000000
2002-09-12,916.90000000
2002-09-13,925.73000000
2002-09-16,910.35000000
2002-09-17,899.38000000
2002-09-18,897.04000000
2002-09-19,867.71000000
2002-09-20,873.40000000
2002-09-23,844.81000000
2002-09-24,845.35000000
2002-09-25,882.26000000
2002-09-26,875.55000000
2002-09-27,862.13000000
2002-09-30,834.24000000
2002-10-01,872.43000000
2002-10-02,851.32000000
2002-10-03,834.93000000
2002-10-04,817.09000000
2002-10-07,806.31000000
2002-10-08,813.15000000
2002-10-09,809.09000000
2002-10-10,851.32000000
2002-10-11,892.45000000
2002-10-14,902.61000000
2002-10-15,952.39000000
2002-10-16,912.02000000
2002-10-17,947.01000000
2002-10-18,958.11000000
2002-10-21,981.38000000
2002-10-22,965.86000000
2002-10-23,991.40000000
2002-10-24,966.94000000
2002-10-25,997.64000000
2002-10-28,981.52000000
2002-10-29,962.84000000
2002-10-30,988.21000000
2002-10-31,991.67000000
2002-11-01,1021.25000000
2002-11-04,1049.24000000
2002-11-05,1052.72000000
2002-11-06,1068.23000000
2002-11-07,1028.08000000
2002-11-08,1010.69000000
2002-11-11,974.65000000
2002-11-12,1004.18000000
2002-11-13,1014.19000000
2002-11-14,1060.19000000
2002-11-15,1063.65000000
2002-11-18,1047.55000000
2002-11-19,1028.28000000
2002-11-20,1072.95000000
2002-11-21,1120.67000000
2002-11-22,1118.54000000
2002-11-25,1129.61000000
2002-11-26,1089.95000000
2002-11-27,1128.21000000
2002-11-29,1118.63000000
2002-12-02,1123.02000000
2002-12-03,1091.26000000
2002-12-04,1071.91000000
2002-12-05,1055.45000000
2002-12-06,1068.38000000
2002-12-09,1017.14000000
2002-12-10,1035.41000000
2002-12-11,1038.70000000
2002-12-12,1042.31000000
2002-12-13,1008.13000000
2002-12-16,1044.93000000
2002-12-17,1042.50000000
2002-12-18,1016.14000000
2002-12-19,1008.45000000
2002-12-20,1015.84000000
2002-12-23,1034.77000000
2002-12-24,1025.74000000
2002-12-26,1018.89000000
2002-12-27,1000.24000000
2002-12-30,992.26000000
2002-12-31,986.72000000
2003-01-02,1030.32000000
2003-01-03,1034.10000000
2003-01-06,1064.03000000
2003-01-07,1074.42000000
2003-01-08,1045.02000000
2003-01-09,1078.64000000
2003-01-10,1089.97000000
2003-01-13,1085.60000000
2003-01-14,1097.49000000
2003-01-15,1076.16000000
2003-01-16,1064.01000000
2003-01-17,1020.03000000
2003-01-21,1011.35000000
2003-01-22,1008.95000000
2003-01-23,1035.17000000
2003-01-24,998.60000000
2003-01-27,988.80000000
2003-01-28,1003.84000000
2003-01-29,1019.03000000
2003-01-30,987.95000000
2003-01-31,985.48000000
2003-02-03,989.52000000
2003-02-04,974.14000000
2003-02-05,971.51000000
2003-02-06,973.11000000
2003-02-07,959.57000000
2003-02-10,972.51000000
2003-02-11,974.17000000
2003-02-12,959.29000000
2003-02-13,954.44000000
2003-02-14,984.71000000
2003-02-18,1017.62000000
2003-02-19,1008.96000000
2003-02-20,1004.52000000
2003-02-21,1019.02000000
2003-02-24,997.74000000
2003-02-25,1002.34000000
2003-02-26,977.51000000
2003-02-27,997.86000000
2003-02-28,1012.85000000
2003-03-03,994.12000000
2003-03-04,986.01000000
2003-03-05,993.29000000
2003-03-06,987.00000000
2003-03-07,989.87000000
2003-03-10,967.27000000
2003-03-11,961.78000000
2003-03-12,973.60000000
2003-03-13,1033.03000000
2003-03-14,1033.70000000
2003-03-17,1080.40000000
2003-03-18,1085.60000000
2003-03-19,1078.36000000
2003-03-20,1083.65000000
2003-03-21,1096.57000000
2003-03-24,1050.40000000
2003-03-25,1069.94000000
2003-03-26,1069.67000000
2003-03-27,1065.29000000
2003-03-28,1050.02000000
2003-03-31,1021.89000000
2003-04-01,1025.87000000
2003-04-02,1066.82000000
2003-04-03,1067.43000000
2003-04-04,1054.04000000
2003-04-07,1056.61000000
2003-04-08,1049.61000000
2003-04-09,1026.75000000
2003-04-10,1036.41000000
2003-04-11,1029.40000000
2003-04-14,1051.63000000
2003-04-15,1056.41000000
2003-04-16,1058.23000000
2003-04-17,1086.99000000
2003-04-21,1084.46000000
2003-04-22,1105.93000000
2003-04-23,1116.48000000
2003-04-24,1111.66000000
2003-04-25,1086.65000000
2003-04-28,1110.66000000
2003-04-29,1120.41000000
2003-04-30,1109.64000000
2003-05-01,1116.81000000
2003-05-02,1140.19000000
2003-05-05,1140.00000000
2003-05-06,1156.58000000
2003-05-07,1139.60000000
2003-05-08,1122.49000000
2003-05-09,1147.36000000
2003-05-12,1164.28000000
2003-05-13,1159.82000000
2003-05-14,1151.96000000
2003-05-15,1166.84000000
2003-05-16,1158.37000000
2003-05-19,1116.23000000
2003-05-20,1116.59000000
2003-05-21,1117.43000000
2003-05-22,1135.25000000
2003-05-23,1133.85000000
2003-05-27,1176.52000000
2003-05-28,1177.33000000
2003-05-29,1185.88000000
2003-05-30,1201.99000000
2003-06-02,1189.19000000
2003-06-03,1202.68000000
2003-06-04,1228.97000000
2003-06-05,1235.96000000
2003-06-06,1217.28000000
2003-06-09,1199.66000000
2003-06-10,1217.16000000
2003-06-11,1232.46000000
2003-06-12,1233.56000000
2003-06-13,1208.05000000
2003-06-16,1245.85000000
2003-06-17,1243.90000000
2003-06-18,1252.25000000
2003-06-19,1230.16000000
2003-06-20,1227.39000000
2003-06-23,1204.35000000
2003-06-24,1195.85000000
2003-06-25,1192.56000000
2003-06-26,1218.92000000
2003-06-27,1209.46000000
2003-06-30,1205.88000000
2003-07-01,1221.62000000
2003-07-02,1250.09000000
2003-07-03,1235.63000000
2003-07-07,1286.36000000
2003-07-08,1302.90000000
2003-07-09,1299.74000000
2003-07-10,1273.15000000
2003-07-11,1285.11000000
2003-07-14,1300.33000000
2003-07-15,1299.06000000
2003-07-16,1296.57000000
2003-07-17,1260.39000000
2003-07-18,1264.37000000
2003-07-21,1245.17000000
2003-07-22,1262.08000000
2003-07-23,1273.01000000
2003-07-24,1258.21000000
2003-07-25,1282.84000000
2003-07-28,1285.07000000
2003-07-29,1279.69000000
2003-07-30,1268.34000000
2003-07-31,1281.55000000
2003-08-01,1268.90000000
2003-08-04,1271.95000000
2003-08-05,1234.22000000
2003-08-06,1219.57000000
2003-08-07,1221.63000000
2003-08-08,1211.72000000
2003-08-11,1227.64000000
2003-08-12,1245.25000000
2003-08-13,1244.92000000
2003-08-14,1256.53000000
2003-08-15,1258.27000000
2003-08-18,1289.57000000
2003-08-19,1304.50000000
2003-08-20,1304.59000000
2003-08-21,1319.59000000
2003-08-22,1309.44000000
2003-08-25,1311.55000000
2003-08-26,1313.96000000
2003-08-27,1323.97000000
2003-08-28,1337.43000000
2003-08-29,1346.34000000
2003-09-02,1366.30000000
2003-09-03,1365.41000000
2003-09-04,1378.54000000
2003-09-05,1367.13000000
2003-09-08,1392.05000000
2003-09-09,1375.82000000
2003-09-10,1337.43000000
2003-09-11,1356.02000000
2003-09-12,1362.88000000
2003-09-15,1352.97000000
2003-09-16,1388.16000000
2003-09-17,1382.12000000
2003-09-18,1405.54000000
2003-09-19,1397.65000000
2003-09-22,1371.60000000
2003-09-23,1393.52000000
2003-09-24,1344.83000000
2003-09-25,1330.88000000
2003-09-26,1314.37000000
2003-09-29,1340.67000000
2003-09-30,1308.74000000
2003-10-01,1340.52000000
2003-10-02,1342.29000000
2003-10-03,1380.66000000
2003-10-06,1387.06000000
2003-10-07,1397.97000000
2003-10-08,1387.76000000
2003-10-09,1402.37000000
2003-10-10,1410.32000000
2003-10-13,1420.21000000
2003-10-14,1426.17000000
2003-10-15,1423.85000000
2003-10-16,1433.00000000
2003-10-17,1400.18000000
2003-10-20,1415.53000000
2003-10-21,1428.41000000
2003-10-22,1393.55000000
2003-10-23,1384.23000000
2003-10-24,1376.69000000
2003-10-27,1383.53000000
2003-10-28,1426.33000000
2003-10-29,1426.23000000
2003-10-30,1423.73000000
2003-10-31,1422.73000000
2003-11-03,1449.59000000
2003-11-04,1435.78000000
2003-11-05,1436.02000000
2003-11-06,1446.65000000
2003-11-07,1443.28000000
2003-11-10,1421.06000000
2003-11-11,1416.06000000
2003-11-12,1450.09000000
2003-11-13,1446.44000000
2003-11-14,1413.98000000
2003-11-17,1400.15000000
2003-11-18,1370.96000000
2003-11-19,1385.23000000
2003-11-20,1369.75000000
2003-11-21,1379.63000000
2003-11-24,1425.85000000
2003-11-25,1417.95000000
2003-11-26,1426.76000000
2003-11-28,1430.93000000
2003-12-01,1453.86000000
2003-12-02,1438.60000000
2003-12-03,1426.43000000
2003-12-04,1439.11000000
2003-12-05,1413.51000000
2003-12-08,1424.71000000
2003-12-09,1390.16000000
2003-12-10,1395.48000000
2003-12-11,1423.61000000
2003-12-12,1423.92000000
2003-12-15,1403.38000000
2003-12-16,1409.87000000
2003-12-17,1406.77000000
2003-12-18,1438.23000000
2003-12-19,1433.07000000
2003-12-22,1438.63000000
2003-12-23,1455.17000000
2003-12-24,1450.18000000
2003-12-26,1450.85000000
2003-12-29,1477.50000000
2003-12-30,1477.13000000
2003-12-31,1475.03000000
2004-01-02,1470.67000000
2004-01-05,1503.84000000
2004-01-06,1508.56000000
2004-01-07,1521.62000000
2004-01-08,1538.09000000
2004-01-09,1527.86000000
2004-01-12,1547.26000000
2004-01-13,1532.20000000
2004-01-14,1541.54000000
2004-01-15,1539.46000000
2004-01-16,1561.18000000
2004-01-20,1560.42000000
2004-01-21,1554.16000000
2004-01-22,1537.91000000
2004-01-23,1538.70000000
2004-01-26,1561.26000000
2004-01-27,1526.66000000
2004-01-28,1498.87000000
2004-01-29,1503.77000000
2004-01-30,1500.44000000
2004-02-02,1495.18000000
2004-02-03,1499.20000000
2004-02-04,1469.94000000
2004-02-05,1472.37000000
2004-02-06,1506.53000000
2004-02-09,1498.45000000
2004-02-10,1507.88000000
2004-02-11,1521.89000000
2004-02-12,1508.99000000
2004-02-13,1492.07000000
2004-02-17,1514.28000000
2004-02-18,1515.20000000
2004-02-19,1492.42000000
2004-02-20,1489.73000000
2004-02-23,1471.30000000
2004-02-24,1469.58000000
2004-02-25,1477.90000000
2004-02-26,1484.85000000
2004-02-27,1478.07000000
2004-03-01,1497.28000000
2004-03-02,1480.93000000
2004-03-03,1473.75000000
2004-03-04,1489.10000000
2004-03-05,1480.69000000
2004-03-08,1448.66000000
2004-03-09,1444.99000000
2004-03-10,1424.91000000
2004-03-11,1409.54000000
2004-03-12,1438.90000000
2004-03-15,1407.20000000
2004-03-16,1414.44000000
2004-03-17,1436.37000000
2004-03-18,1425.20000000
2004-03-19,1405.90000000
2004-03-22,1388.62000000
2004-03-23,1377.21000000
2004-03-24,1389.09000000
2004-03-25,1433.33000000
2004-03-26,1422.81000000
2004-03-29,1450.06000000
2004-03-30,1452.84000000
2004-03-31,1445.96000000
2004-04-01,1460.86000000
2004-04-02,1498.14000000
2004-04-05,1516.30000000
2004-04-06,1501.45000000
2004-04-07,1489.76000000
2004-04-08,1493.33000000
2004-04-12,1503.80000000
2004-04-13,1480.64000000
2004-04-14,1483.42000000
2004-04-15,1467.13000000
2004-04-16,1456.68000000
2004-04-19,1481.24000000
2004-04-20,1444.46000000
2004-04-21,1458.69000000
2004-04-22,1493.44000000
2004-04-23,1505.01000000
2004-04-26,1488.45000000
2004-04-27,1487.39000000
2004-04-28,1460.81000000
2004-04-29,1439.07000000
2004-04-30,1408.91000000
2004-05-03,1422.92000000
2004-05-04,1429.78000000
2004-05-05,1436.28000000
2004-05-06,1423.42000000
2004-05-07,1413.96000000
2004-05-10,1404.87000000
2004-05-11,1429.81000000
2004-05-12,1422.70000000
2004-05-13,1424.99000000
2004-05-14,1407.64000000
2004-05-17,1387.63000000
2004-05-18,1405.30000000
2004-05-19,1404.12000000
2004-05-20,1404.69000000
2004-05-21,1416.06000000
2004-05-24,1421.92000000
2004-05-25,1455.85000000
2004-05-26,1462.16000000
2004-05-27,1471.48000000
2004-05-28,1474.61000000
2004-06-01,1476.96000000
2004-06-02,1472.61000000
2004-06-03,1453.49000000
2004-06-04,1463.38000000
2004-06-07,1499.99000000
2004-06-08,1504.55000000
2004-06-09,1477.92000000
2004-06-10,1489.77000000
2004-06-14,1467.04000000
2004-06-15,1487.72000000
2004-06-16,1488.52000000
2004-06-17,1472.47000000
2004-06-18,1473.08000000
2004-06-21,1461.60000000
2004-06-22,1483.37000000
2004-06-23,1502.13000000
2004-06-24,1496.88000000
2004-06-25,1507.02000000
2004-06-28,1501.68000000
2004-06-29,1514.34000000
2004-06-30,1525.39000000
2004-07-01,1498.16000000
2004-07-02,1489.74000000
2004-07-06,1454.07000000
2004-07-07,1460.89000000
2004-07-08,1439.41000000
2004-07-09,1448.33000000
2004-07-12,1440.40000000
2004-07-13,1436.95000000
2004-07-14,1424.33000000
2004-07-15,1424.20000000
2004-07-16,1400.31000000
2004-07-19,1404.93000000
2004-07-20,1429.37000000
2004-07-21,1394.71000000
2004-07-22,1416.78000000
2004-07-23,1383.55000000
2004-07-26,1376.43000000
2004-07-27,1399.67000000
2004-07-28,1391.92000000
2004-07-29,1406.85000000
2004-07-30,1408.71000000
2004-08-02,1414.69000000
2004-08-03,1387.33000000
2004-08-04,1387.51000000
2004-08-05,1361.59000000
2004-08-06,1323.23000000
2004-08-09,1326.80000000
2004-08-10,1354.85000000
2004-08-11,1332.66000000
2004-08-12,1312.37000000
2004-08-13,1315.78000000
2004-08-16,1335.00000000
2004-08-17,1343.93000000
2004-08-18,1372.11000000
2004-08-19,1361.58000000
2004-08-20,1375.15000000
2004-08-23,1379.72000000
2004-08-24,1378.61000000
2004-08-25,1398.30000000
2004-08-26,1393.08000000
2004-08-27,1397.69000000
2004-08-30,1376.95000000
2004-08-31,1377.70000000
2004-09-01,1387.05000000
2004-09-02,1407.57000000
2004-09-03,1380.87000000
2004-09-07,1390.95000000
2004-09-08,1385.85000000
2004-09-09,1400.71000000
2004-09-10,1422.32000000
2004-09-13,1436.76000000
2004-09-14,1443.83000000
2004-09-15,1424.64000000
2004-09-16,1427.33000000
2004-09-17,1435.71000000
2004-09-20,1434.12000000
2004-09-21,1445.39000000
2004-09-22,1413.48000000
2004-09-23,1415.05000000
2004-09-24,1408.29000000
2004-09-27,1394.70000000
2004-09-28,1398.88000000
2004-09-29,1420.18000000
2004-09-30,1422.07000000
2004-10-01,1462.54000000
2004-10-04,1468.65000000
2004-10-05,1471.43000000
2004-10-06,1484.13000000
2004-10-07,1465.42000000
2004-10-08,1440.44000000
2004-10-11,1447.25000000
2004-10-12,1444.51000000
2004-10-13,1443.97000000
2004-10-14,1434.66000000
2004-10-15,1440.46000000
2004-10-18,1466.97000000
2004-10-19,1453.37000000
2004-10-20,1461.93000000
2004-10-21,1484.60000000
2004-10-22,1447.82000000
2004-10-25,1442.10000000
2004-10-26,1451.73000000
2004-10-27,1489.89000000
2004-10-28,1497.08000000
2004-10-29,1496.68000000
2004-11-01,1498.76000000
2004-11-02,1504.84000000
2004-11-03,1514.10000000
2004-11-04,1526.50000000
2004-11-05,1535.60000000
2004-11-08,1537.51000000
2004-11-09,1537.40000000
2004-11-10,1527.46000000
2004-11-11,1552.27000000
2004-11-12,1569.09000000
2004-11-15,1572.07000000
2004-11-16,1559.59000000
2004-11-17,1582.35000000
2004-11-18,1592.10000000
2004-11-19,1563.20000000
2004-11-22,1579.51000000
2004-11-23,1573.79000000
2004-11-24,1593.88000000
2004-11-26,1589.56000000
2004-11-29,1591.85000000
2004-11-30,1582.85000000
2004-12-01,1618.77000000
2004-12-02,1624.81000000
2004-12-03,1626.07000000
2004-12-06,1631.47000000
2004-12-07,1600.99000000
2004-12-08,1613.67000000
2004-12-09,1621.60000000
2004-12-10,1616.94000000
2004-12-13,1633.06000000
2004-12-14,1639.41000000
2004-12-15,1635.55000000
2004-12-16,1619.91000000
2004-12-17,1608.81000000
2004-12-20,1604.13000000
2004-12-21,1621.55000000
2004-12-22,1625.90000000
2004-12-23,1626.11000000
2004-12-27,1619.88000000
2004-12-28,1636.62000000
2004-12-29,1637.39000000
2004-12-30,1636.18000000
2004-12-31,1633.53000000
2005-01-03,1615.78000000
2005-01-04,1583.86000000
2005-01-05,1575.74000000
2005-01-06,1569.45000000
2005-01-07,1576.80000000
2005-01-10,1576.91000000
2005-01-11,1565.31000000
2005-01-12,1577.78000000
2005-01-13,1557.02000000
2005-01-14,1573.07000000
2005-01-18,1585.55000000
2005-01-19,1557.49000000
2005-01-20,1526.16000000
2005-01-21,1515.16000000
2005-01-24,1492.01000000
2005-01-25,1501.99000000
2005-01-26,1520.63000000
2005-01-27,1519.16000000
2005-01-28,1511.06000000
2005-01-31,1531.39000000
2005-02-01,1535.45000000
2005-02-02,1536.89000000
2005-02-03,1520.12000000
2005-02-04,1546.69000000
2005-02-07,1541.20000000
2005-02-08,1544.88000000
2005-02-09,1518.80000000
2005-02-10,1518.88000000
2005-02-11,1542.76000000
2005-02-14,1550.54000000
2005-02-15,1560.07000000
2005-02-16,1555.21000000
2005-02-17,1531.94000000
2005-02-18,1528.02000000
2005-02-22,1506.51000000
2005-02-23,1509.73000000
2005-02-24,1530.54000000
2005-02-25,1539.99000000
2005-02-28,1523.98000000
2005-03-01,1540.35000000
2005-03-02,1538.36000000
2005-03-03,1524.85000000
2005-03-04,1533.62000000
2005-03-07,1558.46000000
2005-03-08,1541.76000000
2005-03-09,1535.05000000
2005-03-10,1537.47000000
2005-03-11,1518.57000000
2005-03-14,1528.10000000
2005-03-15,1514.96000000
2005-03-16,1498.99000000
2005-03-17,1500.41000000
2005-03-18,1497.14000000
2005-03-21,1497.19000000
2005-03-22,1477.68000000
2005-03-23,1484.52000000
2005-03-24,1482.68000000
2005-03-28,1485.47000000
2005-03-29,1477.03000000
2005-03-30,1504.67000000
2005-03-31,1495.38000000
2005-04-01,1482.09000000
2005-04-04,1489.52000000
2005-04-05,1496.61000000
2005-04-06,1493.50000000
2005-04-07,1512.76000000
2005-04-08,1498.53000000
2005-04-11,1491.42000000
2005-04-12,1502.12000000
2005-04-13,1474.42000000
2005-04-14,1453.69000000
2005-04-15,1420.86000000
2005-04-18,1422.27000000
2005-04-19,1433.18000000
2005-04-20,1419.11000000
2005-04-21,1459.98000000
2005-04-22,1433.60000000
2005-04-25,1449.83000000
2005-04-26,1432.82000000
2005-04-27,1436.22000000
2005-04-28,1421.71000000
2005-04-29,1433.32000000
2005-05-02,1436.26000000
2005-05-03,1440.20000000
2005-05-04,1465.25000000
2005-05-05,1463.22000000
2005-05-06,1469.12000000
2005-05-09,1476.60000000
2005-05-10,1463.46000000
2005-05-11,1472.75000000
2005-05-12,1468.01000000
2005-05-13,1484.00000000
2005-05-16,1494.53000000
2005-05-17,1504.13000000
2005-05-18,1523.42000000
2005-05-19,1535.73000000
2005-05-20,1542.43000000
2005-05-23,1549.66000000
2005-05-24,1554.95000000
2005-05-25,1547.34000000
2005-05-26,1563.58000000
2005-05-27,1564.63000000
2005-05-31,1557.39000000
2005-06-01,1574.41000000
2005-06-02,1583.97000000
2005-06-03,1559.25000000
2005-06-06,1560.05000000
2005-06-07,1545.77000000
2005-06-08,1542.31000000
2005-06-09,1554.21000000
2005-06-10,1535.59000000
2005-06-13,1543.78000000
2005-06-14,1539.07000000
2005-06-15,1544.19000000
2005-06-16,1552.19000000
2005-06-17,1552.91000000
2005-06-20,1552.09000000
2005-06-21,1551.25000000
2005-06-22,1549.11000000
2005-06-23,1530.52000000
2005-06-24,1514.60000000
2005-06-27,1508.11000000
2005-06-28,1523.14000000
2005-06-29,1518.59000000
2005-06-30,1507.90000000
2005-07-01,1504.89000000
2005-07-05,1520.86000000
2005-07-06,1512.47000000
2005-07-07,1518.26000000
2005-07-08,1548.03000000
2005-07-11,1562.56000000
2005-07-12,1570.57000000
2005-07-13,1572.74000000
2005-07-14,1588.71000000
2005-07-15,1593.14000000
2005-07-18,1585.33000000
2005-07-19,1605.93000000
2005-07-20,1618.31000000
2005-07-21,1617.44000000
2005-07-22,1616.30000000
2005-07-25,1609.03000000
2005-07-26,1614.45000000
2005-07-27,1627.60000000
2005-07-28,1634.41000000
2005-07-29,1620.78000000
2005-08-01,1625.80000000
2005-08-02,1642.86000000
2005-08-03,1643.34000000
2005-08-04,1624.71000000
2005-08-05,1617.48000000
2005-08-08,1605.74000000
2005-08-09,1617.04000000
2005-08-10,1601.48000000
2005-08-11,1616.69000000
2005-08-12,1607.69000000
2005-08-15,1617.18000000
2005-08-16,1590.26000000
2005-08-17,1598.63000000
2005-08-18,1592.06000000
2005-08-19,1590.02000000
2005-08-22,1591.91000000
2005-08-23,1587.57000000
2005-08-24,1578.11000000
2005-08-25,1582.32000000
2005-08-26,1575.20000000
2005-08-29,1588.02000000
2005-08-30,1582.19000000
2005-08-31,1598.34000000
2005-09-01,1593.83000000
2005-09-02,1589.66000000
2005-09-06,1614.07000000
2005-09-07,1616.70000000
2005-09-08,1614.49000000
2005-09-09,1624.75000000
2005-09-12,1629.17000000
2005-09-13,1624.29000000
2005-09-14,1606.36000000
2005-09-15,1605.27000000
2005-09-16,1616.27000000
2005-09-19,1602.74000000
2005-09-20,1594.81000000
2005-09-21,1578.28000000
2005-09-22,1583.86000000
2005-09-23,1588.30000000
2005-09-26,1589.42000000
2005-09-27,1585.36000000
2005-09-28,1585.33000000
2005-09-29,1606.68000000
2005-09-30,1618.53000000
2005-10-03,1622.50000000
2005-10-04,1612.35000000
2005-10-05,1588.07000000
2005-10-06,1569.30000000
2005-10-07,1572.31000000
2005-10-10,1563.28000000
2005-10-11,1555.52000000
2005-10-12,1537.24000000
2005-10-13,1549.98000000
2005-10-14,1560.58000000
2005-10-17,1566.23000000
2005-10-18,1554.66000000
2005-10-19,1586.17000000
2005-10-20,1571.99000000
2005-10-21,1581.62000000
2005-10-24,1607.43000000
2005-10-25,1602.54000000
2005-10-26,1591.81000000
2005-10-27,1559.71000000
2005-10-28,1573.66000000
2005-10-31,1595.96000000
2005-11-01,1593.31000000
2005-11-02,1614.31000000
2005-11-03,1637.13000000
2005-11-04,1645.59000000
2005-11-07,1646.84000000
2005-11-08,1645.96000000
2005-11-09,1647.87000000
2005-11-10,1668.88000000
2005-11-11,1671.34000000
2005-11-14,1669.86000000
2005-11-15,1662.69000000
2005-11-16,1669.94000000
2005-11-17,1695.19000000
2005-11-18,1698.69000000
2005-11-21,1705.14000000
2005-11-22,1713.14000000
2005-11-23,1715.80000000
2005-11-25,1720.13000000
2005-11-28,1703.28000000
2005-11-29,1695.74000000
2005-11-30,1691.42000000
2005-12-01,1723.49000000
2005-12-02,1728.37000000
2005-12-05,1714.10000000
2005-12-06,1720.76000000
2005-12-07,1716.43000000
2005-12-08,1704.85000000
2005-12-09,1711.96000000
2005-12-12,1717.76000000
2005-12-13,1725.26000000
2005-12-14,1718.40000000
2005-12-15,1721.62000000
2005-12-16,1708.45000000
2005-12-19,1683.85000000
2005-12-20,1684.57000000
2005-12-21,1690.17000000
2005-12-22,1703.07000000
2005-12-23,1702.63000000
2005-12-27,1687.91000000
2005-12-28,1686.63000000
2005-12-29,1674.75000000
2005-12-30,1664.48000000
2006-01-03,1699.61000000
2006-01-04,1715.69000000
2006-01-05,1725.26000000
2006-01-06,1755.31000000
2006-01-09,1762.31000000
2006-01-10,1764.45000000
2006-01-11,1778.86000000
2006-01-12,1767.84000000
2006-01-13,1767.26000000
2006-01-17,1756.75000000
2006-01-18,1736.75000000
2006-01-19,1750.20000000
2006-01-20,1696.04000000
2006-01-23,1695.96000000
2006-01-24,1706.00000000
2006-01-25,1696.75000000
2006-01-26,1710.40000000
2006-01-27,1731.25000000
2006-01-30,1733.69000000
2006-01-31,1731.00000000
2006-02-01,1733.29000000
2006-02-02,1705.72000000
2006-02-03,1684.56000000
2006-02-06,1677.53000000
2006-02-07,1671.79000000
2006-02-08,1690.65000000
2006-02-09,1674.13000000
2006-02-10,1683.91000000
2006-02-13,1665.81000000
2006-02-14,1682.16000000
2006-02-15,1694.00000000
2006-02-16,1709.65000000
2006-02-17,1696.09000000
2006-02-21,1676.31000000
2006-02-22,1698.65000000
2006-02-23,1693.35000000
2006-02-24,1697.61000000
2006-02-27,1717.03000000
2006-02-28,1691.63000000
2006-03-01,1715.94000000
2006-03-02,1715.13000000
2006-03-03,1705.54000000
2006-03-06,1691.02000000
2006-03-07,1682.01000000
2006-03-08,1681.35000000
2006-03-09,1665.90000000
2006-03-10,1669.08000000
2006-03-13,1674.72000000
2006-03-14,1702.42000000
2006-03-15,1715.90000000
2006-03-16,1700.29000000
2006-03-17,1706.99000000
2006-03-20,1710.35000000
2006-03-21,1693.64000000
2006-03-22,1697.53000000
2006-03-23,1691.88000000
2006-03-24,1701.08000000
2006-03-27,1701.91000000
2006-03-28,1694.21000000
2006-03-29,1725.54000000
2006-03-30,1730.44000000
2006-03-31,1725.36000000
2006-04-03,1728.50000000
2006-04-04,1738.41000000
2006-04-05,1754.80000000
2006-04-06,1761.34000000
2006-04-07,1744.97000000
2006-04-10,1740.75000000
2006-04-11,1726.19000000
2006-04-12,1726.54000000
2006-04-13,1733.95000000
2006-04-17,1715.97000000
2006-04-18,1748.70000000
2006-04-19,1756.20000000
2006-04-20,1750.99000000
2006-04-21,1730.86000000
2006-04-24,1728.25000000
2006-04-25,1723.22000000
2006-04-26,1724.03000000
2006-04-27,1739.23000000
2006-04-28,1722.59000000
2006-05-01,1708.31000000
2006-05-02,1711.67000000
2006-05-03,1708.24000000
2006-05-04,1723.17000000
2006-05-05,1736.18000000
2006-05-08,1737.68000000
2006-05-09,1733.57000000
2006-05-10,1717.01000000
2006-05-11,1679.27000000
2006-05-12,1657.37000000
2006-05-15,1656.71000000
2006-05-16,1645.58000000
2006-05-17,1620.48000000
2006-05-18,1608.51000000
2006-05-19,1622.45000000
2006-05-22,1605.94000000
2006-05-23,1590.17000000
2006-05-24,1601.80000000
2006-05-25,1621.57000000
2006-05-26,1628.35000000
2006-05-30,1592.83000000
2006-05-31,1601.24000000
2006-06-01,1638.73000000
2006-06-02,1635.01000000
2006-06-05,1599.12000000
2006-06-06,1596.98000000
2006-06-07,1586.72000000
2006-06-08,1583.01000000
2006-06-09,1572.28000000
2006-06-12,1541.20000000
2006-06-13,1537.71000000
2006-06-14,1551.36000000
2006-06-15,1594.77000000
2006-06-16,1584.39000000
2006-06-19,1570.30000000
2006-06-20,1569.67000000
2006-06-21,1595.25000000
2006-06-22,1575.93000000
2006-06-23,1572.44000000
2006-06-26,1577.63000000
2006-06-27,1548.06000000
2006-06-28,1559.46000000
2006-06-29,1607.42000000
2006-06-30,1596.95000000
2006-07-03,1608.13000000
2006-07-05,1575.39000000
2006-07-06,1572.95000000
2006-07-07,1554.86000000
2006-07-10,1541.88000000
2006-07-11,1554.21000000
2006-07-12,1522.31000000
2006-07-13,1498.69000000
2006-07-14,1482.47000000
2006-07-17,1488.90000000
2006-07-18,1492.78000000
2006-07-19,1511.30000000
2006-07-20,1487.26000000
2006-07-21,1472.05000000
2006-07-24,1502.93000000
2006-07-25,1510.20000000
2006-07-26,1508.55000000
2006-07-27,1499.07000000
2006-07-28,1531.39000000
2006-07-31,1530.51000000
2006-08-01,1505.72000000
2006-08-02,1521.56000000
2006-08-03,1532.06000000
2006-08-04,1525.20000000
2006-08-07,1515.36000000
2006-08-08,1505.90000000
2006-08-09,1506.75000000
2006-08-10,1517.54000000
2006-08-11,1507.94000000
2006-08-14,1515.69000000
2006-08-15,1556.78000000
2006-08-16,1593.00000000
2006-08-17,1596.70000000
2006-08-18,1599.62000000
2006-08-21,1584.05000000
2006-08-22,1586.40000000
2006-08-23,1573.47000000
2006-08-24,1578.34000000
2006-08-25,1580.89000000
2006-08-28,1593.67000000
2006-08-29,1597.09000000
2006-08-30,1605.53000000
2006-08-31,1603.28000000
2006-09-01,1613.16000000
2006-09-05,1627.60000000
2006-09-06,1595.68000000
2006-09-07,1588.21000000
2006-09-08,1598.24000000
2006-09-11,1607.44000000
2006-09-12,1639.90000000
2006-09-13,1648.27000000
2006-09-14,1650.28000000
2006-09-15,1656.85000000
2006-09-18,1656.57000000
2006-09-19,1645.30000000
2006-09-20,1669.95000000
2006-09-21,1659.31000000
2006-09-22,1646.63000000
2006-09-25,1675.05000000
2006-09-26,1684.01000000
2006-09-27,1680.43000000
2006-09-28,1686.44000000
2006-09-29,1678.86000000
2006-10-02,1657.23000000
2006-10-03,1664.82000000
2006-10-04,1706.28000000
2006-10-05,1714.69000000
2006-10-06,1710.08000000
2006-10-09,1716.37000000
2006-10-10,1718.61000000
2006-10-11,1716.59000000
2006-10-12,1744.26000000
2006-10-13,1753.06000000
2006-10-16,1753.47000000
2006-10-17,1735.20000000
2006-10-18,1726.21000000
2006-10-19,1731.92000000
2006-10-20,1735.17000000
2006-10-23,1751.76000000
2006-10-24,1739.53000000
2006-10-25,1752.68000000
2006-10-26,1770.25000000
2006-10-27,1743.39000000
2006-10-30,1753.83000000
2006-10-31,1758.64000000
2006-11-01,1733.38000000
2006-11-02,1735.94000000
2006-11-03,1729.89000000
2006-11-06,1758.65000000
2006-11-07,1768.07000000
2006-11-08,1776.41000000
2006-11-09,1766.66000000
2006-11-10,1777.85000000
2006-11-13,1795.07000000
2006-11-14,1815.05000000
2006-11-15,1821.85000000
2006-11-16,1830.12000000
2006-11-17,1828.89000000
2006-11-20,1832.08000000
2006-11-21,1837.23000000
2006-11-22,1848.28000000
2006-11-24,1844.01000000
2006-11-27,1803.02000000
2006-11-28,1808.26000000
2006-11-29,1821.05000000
2006-11-30,1819.51000000
2006-12-01,1803.15000000
2006-12-04,1828.35000000
2006-12-05,1833.64000000
2006-12-06,1827.87000000
2006-12-07,1805.85000000
2006-12-08,1814.74000000
2006-12-11,1820.36000000
2006-12-12,1810.45000000
2006-12-13,1811.94000000
2006-12-14,1832.90000000
2006-12-15,1838.14000000
2006-12-18,1820.28000000
2006-12-19,1814.33000000
2006-12-20,1807.01000000
2006-12-21,1795.18000000
2006-12-22,1777.23000000
2006-12-26,1782.25000000
2006-12-27,1792.27000000
2006-12-28,1787.73000000
2006-12-29,1785.66000000
2007-01-03,1788.17000000
2007-01-04,1822.26000000
2007-01-05,1814.53000000
2007-01-08,1816.39000000
2007-01-09,1825.02000000
2007-01-10,1845.91000000
2007-01-11,1864.93000000
2007-01-12,1875.03000000
2007-01-16,1872.63000000
2007-01-17,1857.63000000
2007-01-18,1823.07000000
2007-01-19,1826.25000000
2007-01-22,1808.17000000
2007-01-23,1802.46000000
2007-01-24,1832.26000000
2007-01-25,1806.97000000
2007-01-26,1802.11000000
2007-01-29,1804.26000000
2007-01-30,1807.06000000
2007-01-31,1821.83000000
2007-02-01,1820.98000000
2007-02-02,1827.87000000
2007-02-05,1825.40000000
2007-02-06,1823.03000000
2007-02-07,1841.22000000
2007-02-08,1840.80000000
2007-02-09,1815.37000000
2007-02-12,1808.24000000
2007-02-13,1814.21000000
2007-02-14,1846.04000000
2007-02-15,1854.62000000
2007-02-16,1852.72000000
2007-02-20,1865.16000000
2007-02-21,1870.68000000
2007-02-22,1878.05000000
2007-02-23,1871.37000000
2007-02-26,1862.03000000
2007-02-27,1786.45000000
2007-02-28,1792.21000000
2007-03-01,1783.88000000
2007-03-02,1755.99000000
2007-03-05,1742.68000000
2007-03-06,1773.35000000
2007-03-07,1766.27000000
2007-03-08,1776.79000000
2007-03-09,1775.07000000
2007-03-12,1786.96000000
2007-03-13,1752.43000000
2007-03-14,1773.47000000
2007-03-15,1775.22000000
2007-03-16,1772.53000000
2007-03-19,1788.81000000
2007-03-20,1797.99000000
2007-03-21,1837.77000000
2007-03-22,1831.05000000
2007-03-23,1825.25000000
2007-03-26,1834.31000000
2007-03-27,1821.07000000
2007-03-28,1801.50000000
2007-03-29,1802.70000000
2007-03-30,1803.36000000
2007-04-02,1804.35000000
2007-04-03,1827.73000000
2007-04-04,1833.25000000
2007-04-05,1844.64000000
2007-04-09,1839.81000000
2007-04-10,1848.70000000
2007-04-11,1829.56000000
2007-04-12,1845.31000000
2007-04-13,1848.73000000
2007-04-16,1866.13000000
2007-04-17,1867.11000000
2007-04-18,1864.54000000
2007-04-19,1864.62000000
2007-04-20,1878.28000000
2007-04-23,1882.64000000
2007-04-24,1891.48000000
2007-04-25,1914.47000000
2007-04-26,1922.85000000
2007-04-27,1924.46000000
2007-04-30,1900.74000000
2007-05-01,1906.51000000
2007-05-02,1923.11000000
2007-05-03,1929.39000000
2007-05-04,1929.45000000
2007-05-07,1929.78000000
2007-05-08,1933.80000000
2007-05-09,1939.81000000
2007-05-10,1908.87000000
2007-05-11,1932.92000000
2007-05-14,1922.02000000
2007-05-15,1905.89000000
2007-05-16,1926.11000000
2007-05-17,1919.09000000
2007-05-18,1931.57000000
2007-05-21,1946.06000000
2007-05-22,1951.44000000
2007-05-23,1939.18000000
2007-05-24,1908.83000000
2007-05-25,1923.75000000
2007-05-29,1934.48000000
2007-05-30,1953.49000000
2007-05-31,1963.78000000
2007-06-01,1963.88000000
2007-06-04,1969.45000000
2007-06-05,1968.06000000
2007-06-06,1950.28000000
2007-06-07,1916.99000000
2007-06-08,1941.54000000
2007-06-11,1937.17000000
2007-06-12,1925.68000000
2007-06-13,1949.32000000
2007-06-14,1960.19000000
2007-06-15,1978.40000000
2007-06-18,1980.39000000
2007-06-19,1977.73000000
2007-06-20,1957.72000000
2007-06-21,1977.28000000
2007-06-22,1957.55000000
2007-06-25,1948.33000000
2007-06-26,1944.01000000
2007-06-27,1968.88000000
2007-06-28,1967.46000000
2007-06-29,1969.94000000
2007-07-02,1990.33000000
2007-07-03,2001.62000000
2007-07-05,2017.77000000
2007-07-06,2025.15000000
2007-07-09,2026.06000000
2007-07-10,2008.42000000
2007-07-11,2020.87000000
2007-07-12,2058.51000000
2007-07-13,2069.84000000
2007-07-16,2065.63000000
2007-07-17,2079.64000000
2007-07-18,2075.77000000
2007-07-19,2091.06000000
2007-07-20,2073.63000000
2007-07-23,2074.09000000
2007-07-24,2037.65000000
2007-07-25,2048.48000000
2007-07-26,2023.49000000
2007-07-27,1992.51000000
2007-07-30,2010.71000000
2007-07-31,1968.06000000
2007-08-01,1981.33000000
2007-08-02,2003.25000000
2007-08-03,1954.58000000
2007-08-06,1991.07000000
2007-08-07,1998.54000000
2007-08-08,2024.82000000
2007-08-09,1973.29000000
2007-08-10,1961.51000000
2007-08-13,1971.19000000
2007-08-14,1937.92000000
2007-08-15,1900.90000000
2007-08-16,1881.79000000
2007-08-17,1925.31000000
2007-08-20,1929.66000000
2007-08-21,1948.06000000
2007-08-22,1974.33000000
2007-08-23,1969.35000000
2007-08-24,1999.42000000
2007-08-27,1985.27000000
2007-08-28,1936.07000000
2007-08-29,1993.13000000
2007-08-30,2002.20000000
2007-08-31,2027.68000000
2007-09-04,2060.08000000
2007-09-05,2033.50000000
2007-09-06,2037.87000000
2007-09-07,1996.75000000
2007-09-10,1998.69000000
2007-09-11,2028.03000000
2007-09-12,2028.01000000
2007-09-13,2037.86000000
2007-09-14,2040.11000000
2007-09-17,2022.01000000
2007-09-18,2075.34000000
2007-09-19,2081.44000000
2007-09-20,2072.51000000
2007-09-21,2089.72000000
2007-09-24,2097.64000000
2007-09-25,2117.62000000
2007-09-26,2129.39000000
2007-09-27,2137.55000000
2007-09-28,2132.17000000
2007-10-01,2158.54000000
2007-10-02,2157.44000000
2007-10-03,2144.31000000
2007-10-04,2146.91000000
2007-10-05,2191.88000000
2007-10-08,2205.73000000
2007-10-09,2213.85000000
2007-10-10,2219.76000000
2007-10-11,2182.99000000
2007-10-12,2220.78000000
2007-10-15,2201.34000000
2007-10-16,2193.43000000
2007-10-17,2221.98000000
2007-10-18,2230.53000000
2007-10-19,2172.97000000
2007-10-22,2199.87000000
2007-10-23,2248.53000000
2007-10-24,2231.62000000
2007-10-25,2204.02000000
2007-10-26,2237.74000000
2007-10-29,2246.74000000
2007-10-30,2251.15000000
2007-10-31,2283.14000000
2007-11-01,2240.40000000
2007-11-02,2257.65000000
2007-11-05,2244.29000000
2007-11-06,2268.25000000
2007-11-07,2212.64000000
2007-11-08,2148.11000000
2007-11-09,2074.88000000
2007-11-12,2021.70000000
2007-11-13,2107.78000000
2007-11-14,2079.24000000
2007-11-15,2065.08000000
2007-11-16,2090.17000000
2007-11-19,2062.12000000
2007-11-20,2071.11000000
2007-11-21,2047.07000000
2007-11-23,2070.05000000
2007-11-26,2029.70000000
2007-11-27,2075.01000000
2007-11-28,2138.82000000
2007-11-29,2146.03000000
2007-11-30,2132.44000000
2007-12-03,2110.35000000
2007-12-04,2101.79000000
2007-12-05,2143.26000000
2007-12-06,2172.20000000
2007-12-07,2174.60000000
2007-12-10,2179.63000000
2007-12-11,2127.40000000
2007-12-12,2145.41000000
2007-12-13,2138.59000000
2007-12-14,2116.06000000
2007-12-17,2063.66000000
2007-12-18,2072.54000000
2007-12-19,2074.07000000
2007-12-20,2113.58000000
2007-12-21,2156.56000000
2007-12-24,2173.77000000
2007-12-26,2182.27000000
2007-12-27,2150.78000000
2007-12-28,2151.76000000
2007-12-31,2129.17000000
2008-01-02,2093.21000000
2008-01-03,2095.30000000
2008-01-04,2005.19000000
2008-01-07,1998.98000000
2008-01-08,1950.87000000
2008-01-09,1990.59000000
2008-01-10,1995.13000000
2008-01-11,1953.43000000
2008-01-14,1990.55000000
2008-01-15,1934.32000000
2008-01-16,1912.05000000
2008-01-17,1881.23000000
2008-01-18,1883.26000000
2008-01-22,1833.74000000
2008-01-23,1827.54000000
2008-01-24,1865.72000000
2008-01-25,1827.17000000
2008-01-28,1843.41000000
2008-01-29,1846.06000000
2008-01-30,1847.05000000
2008-01-31,1880.67000000
2008-02-01,1894.81000000
2008-02-04,1867.94000000
2008-02-05,1811.83000000
2008-02-06,1778.59000000
2008-02-07,1791.23000000
2008-02-08,1812.11000000
2008-02-11,1831.87000000
2008-02-12,1819.11000000
2008-02-13,1862.60000000
2008-02-14,1826.51000000
2008-02-15,1819.23000000
2008-02-19,1803.75000000
2008-02-20,1826.89000000
2008-02-21,1805.35000000
2008-02-22,1812.65000000
2008-02-25,1824.94000000
2008-02-26,1830.92000000
2008-02-27,1840.09000000
2008-02-28,1834.49000000
2008-02-29,1784.20000000
2008-03-03,1771.95000000
2008-03-04,1782.61000000
2008-03-05,1792.75000000
2008-03-06,1750.76000000
2008-03-07,1745.65000000
2008-03-10,1710.42000000
2008-03-11,1779.87000000
2008-03-12,1773.97000000
2008-03-13,1789.52000000
2008-03-14,1752.14000000
2008-03-17,1724.90000000
2008-03-18,1800.41000000
2008-03-19,1753.94000000
2008-03-20,1791.15000000
2008-03-24,1854.95000000
2008-03-25,1865.34000000
2008-03-26,1858.09000000
2008-03-27,1817.84000000
2008-03-28,1807.29000000
2008-03-31,1822.09000000
2008-04-01,1897.30000000
2008-04-02,1890.47000000
2008-04-03,1897.00000000
2008-04-04,1907.92000000
2008-04-07,1902.76000000
2008-04-08,1887.74000000
2008-04-09,1867.37000000
2008-04-10,1894.76000000
2008-04-11,1839.29000000
2008-04-14,1831.32000000
2008-04-15,1835.21000000
2008-04-16,1888.55000000
2008-04-17,1882.40000000
2008-04-18,1943.14000000
2008-04-21,1956.27000000
2008-04-22,1924.09000000
2008-04-23,1949.66000000
2008-04-24,1967.98000000
2008-04-25,1961.85000000
2008-04-28,1966.64000000
2008-04-29,1977.33000000
2008-04-30,1961.08000000
2008-05-01,2025.25000000
2008-05-02,2026.70000000
2008-05-05,2020.92000000
2008-05-06,2036.05000000
2008-05-07,1995.97000000
2008-05-08,2011.84000000
2008-05-09,2005.13000000
2008-05-12,2042.70000000
2008-05-13,2046.93000000
2008-05-14,2043.66000000
2008-05-15,2078.61000000
2008-05-16,2078.54000000
2008-05-19,2063.53000000
2008-05-20,2047.23000000
2008-05-21,2002.34000000
2008-05-22,2010.65000000
2008-05-23,2004.55000000
2008-05-27,2041.88000000
2008-05-28,2047.10000000
2008-05-29,2066.53000000
2008-05-30,2080.40000000
2008-06-02,2054.07000000
2008-06-03,2043.80000000
2008-06-04,2069.09000000
2008-06-05,2103.54000000
2008-06-06,2037.29000000
2008-06-09,2026.36000000
2008-06-10,2019.04000000
2008-06-11,1969.69000000
2008-06-12,1969.62000000
2008-06-13,2012.38000000
2008-06-16,2031.57000000
2008-06-17,2019.35000000
2008-06-18,1997.12000000
2008-06-19,2029.45000000
2008-06-20,1973.87000000
2008-06-23,1958.43000000
2008-06-24,1948.64000000
2008-06-25,1979.48000000
2008-06-26,1899.18000000
2008-06-27,1899.52000000
2008-06-30,1880.46000000
2008-07-01,1906.68000000
2008-07-02,1859.02000000
2008-07-03,1859.22000000
2008-07-07,1870.16000000
2008-07-08,1915.56000000
2008-07-09,1862.25000000
2008-07-10,1883.13000000
2008-07-11,1853.76000000
2008-07-14,1840.61000000
2008-07-15,1840.94000000
2008-07-16,1887.54000000
2008-07-17,1897.36000000
2008-07-18,1866.40000000
2008-07-21,1862.85000000
2008-07-22,1864.75000000
2008-07-23,1889.26000000
2008-07-24,1860.01000000
2008-07-25,1890.27000000
2008-07-28,1845.69000000
2008-07-29,1889.25000000
2008-07-30,1896.81000000
2008-07-31,1893.07000000
2008-08-01,1870.03000000
2008-08-04,1847.85000000
2008-08-05,1914.71000000
2008-08-06,1940.81000000
2008-08-07,1925.36000000
2008-08-08,1972.61000000
2008-08-11,1987.97000000
2008-08-12,1987.86000000
2008-08-13,1988.90000000
2008-08-14,2011.97000000
2008-08-15,2004.99000000
2008-08-18,1979.52000000
2008-08-19,1955.34000000
2008-08-20,1959.79000000
2008-08-21,1953.36000000
2008-08-22,1978.69000000
2008-08-25,1935.92000000
2008-08-26,1932.43000000
2008-08-27,1947.13000000
2008-08-28,1962.33000000
2008-08-29,1918.71000000
2008-09-02,1895.75000000
2008-09-03,1878.35000000
2008-09-04,1818.60000000
2008-09-05,1811.89000000
2008-09-08,1806.48000000
2008-09-09,1764.05000000
2008-09-10,1781.00000000
2008-09-11,1817.46000000
2008-09-12,1810.77000000
2008-09-15,1747.58000000
2008-09-16,1766.67000000
2008-09-17,1672.77000000
2008-09-18,1739.37000000
2008-09-19,1788.18000000
2008-09-22,1707.11000000
2008-09-23,1689.14000000
2008-09-24,1702.40000000
2008-09-25,1729.26000000
2008-09-26,1713.40000000
2008-09-29,1533.15000000
2008-09-30,1634.07000000
2008-10-01,1602.48000000
2008-10-02,1527.99000000
2008-10-03,1507.22000000
2008-10-06,1446.29000000
2008-10-07,1362.98000000
2008-10-08,1363.62000000
2008-10-09,1306.73000000
2008-10-10,1301.30000000
2008-10-13,1465.00000000
2008-10-14,1398.47000000
2008-10-15,1275.12000000
2008-10-16,1345.56000000
2008-10-17,1344.29000000
2008-10-20,1386.34000000
2008-10-21,1315.29000000
2008-10-22,1267.80000000
2008-10-23,1269.93000000
2008-10-24,1232.12000000
2008-10-27,1198.82000000
2008-10-28,1329.79000000
2008-10-29,1334.58000000
2008-10-30,1367.19000000
2008-10-31,1368.05000000
2008-11-03,1368.08000000
2008-11-04,1412.82000000
2008-11-05,1332.78000000
2008-11-06,1273.33000000
2008-11-07,1303.80000000
2008-11-10,1282.71000000
2008-11-11,1256.65000000
2008-11-12,1195.10000000
2008-11-13,1272.58000000
2008-11-14,1209.80000000
2008-11-17,1181.42000000
2008-11-18,1185.79000000
2008-11-19,1115.88000000
2008-11-20,1063.49000000
2008-11-21,1113.83000000
2008-11-24,1184.39000000
2008-11-25,1172.32000000
2008-11-26,1224.38000000
2008-11-28,1216.88000000
2008-12-01,1119.80000000
2008-12-02,1159.66000000
2008-12-03,1196.88000000
2008-12-04,1157.41000000
2008-12-05,1208.85000000
2008-12-08,1257.29000000
2008-12-09,1244.73000000
2008-12-10,1254.93000000
2008-12-11,1211.90000000
2008-12-12,1238.79000000
2008-12-15,1213.34000000
2008-12-16,1276.61000000
2008-12-17,1258.56000000
2008-12-18,1236.83000000
2008-12-19,1249.65000000
2008-12-22,1220.87000000
2008-12-23,1214.75000000
2008-12-24,1215.89000000
2008-12-26,1217.07000000
2008-12-29,1204.47000000
2008-12-30,1233.41000000
2008-12-31,1244.00000000
2009-01-02,1297.44000000
2009-01-05,1296.33000000
2009-01-06,1308.62000000
2009-01-07,1271.78000000
2009-01-08,1286.06000000
2009-01-09,1255.77000000
2009-01-12,1233.30000000
2009-01-13,1234.85000000
2009-01-14,1194.58000000
2009-01-15,1215.22000000
2009-01-16,1230.23000000
2009-01-20,1167.05000000
2009-01-21,1217.51000000
2009-01-22,1199.36000000
2009-01-23,1207.38000000
2009-01-26,1216.29000000
2009-01-27,1226.40000000
2009-01-28,1269.13000000
2009-01-29,1236.21000000
2009-01-30,1211.97000000
2009-02-02,1228.04000000
2009-02-03,1248.50000000
2009-02-04,1248.58000000
2009-02-05,1279.08000000
2009-02-06,1312.37000000
2009-02-09,1316.64000000
2009-02-10,1262.91000000
2009-02-11,1260.84000000
2009-02-12,1277.05000000
2009-02-13,1270.94000000
2009-02-17,1220.29000000
2009-02-18,1222.16000000
2009-02-19,1200.69000000
2009-02-20,1205.65000000
2009-02-23,1160.77000000
2009-02-24,1204.45000000
2009-02-25,1193.90000000
2009-02-26,1159.27000000
2009-02-27,1148.86000000
2009-03-02,1107.39000000
2009-03-03,1111.53000000
2009-03-04,1142.04000000
2009-03-05,1105.24000000
2009-03-06,1095.14000000
2009-03-09,1073.81000000
2009-03-10,1144.35000000
2009-03-11,1158.41000000
2009-03-12,1198.28000000
2009-03-13,1202.20000000
2009-03-16,1178.47000000
2009-03-17,1226.53000000
2009-03-18,1241.74000000
2009-03-19,1238.91000000
2009-03-20,1221.40000000
2009-03-23,1296.12000000
2009-03-24,1269.93000000
2009-03-25,1272.36000000
2009-03-26,1318.28000000
2009-03-27,1287.61000000
2009-03-30,1256.07000000
2009-03-31,1272.73000000
2009-04-01,1288.69000000
2009-04-02,1331.68000000
2009-04-03,1354.18000000
2009-04-06,1351.26000000
2009-04-07,1312.48000000
2009-04-08,1338.55000000
2009-04-09,1379.23000000
2009-04-13,1375.51000000
2009-04-14,1360.73000000
2009-04-15,1354.77000000
2009-04-16,1392.30000000
2009-04-17,1393.26000000
2009-04-20,1347.42000000
2009-04-21,1367.68000000
2009-04-22,1374.53000000
2009-04-23,1383.48000000
2009-04-24,1413.18000000
2009-04-27,1409.75000000
2009-04-28,1401.49000000
2009-04-29,1422.67000000
2009-04-30,1434.97000000
2009-05-01,1437.32000000
2009-05-04,1469.58000000
2009-05-05,1465.63000000
2009-05-06,1465.66000000
2009-05-07,1430.67000000
2009-05-08,1435.22000000
2009-05-11,1436.96000000
2009-05-12,1418.07000000
2009-05-13,1379.56000000
2009-05-14,1399.99000000
2009-05-15,1395.38000000
2009-05-18,1434.12000000
2009-05-19,1440.11000000
2009-05-20,1435.72000000
2009-05-21,1408.60000000
2009-05-22,1404.25000000
2009-05-26,1455.18000000
2009-05-27,1444.54000000
2009-05-28,1463.60000000
2009-05-29,1479.32000000
2009-06-01,1522.13000000
2009-06-02,1525.42000000
2009-06-03,1520.51000000
2009-06-04,1538.34000000
2009-06-05,1538.84000000
2009-06-08,1533.97000000
2009-06-09,1547.42000000
2009-06-10,1541.09000000
2009-06-11,1542.91000000
2009-06-12,1535.65000000
2009-06-15,1501.63000000
2009-06-16,1487.50000000
2009-06-17,1500.53000000
2009-06-18,1498.36000000
2009-06-19,1516.34000000
2009-06-22,1470.35000000
2009-06-23,1468.13000000
2009-06-24,1491.48000000
2009-06-25,1521.11000000
2009-06-26,1525.65000000
2009-06-29,1529.39000000
2009-06-30,1522.61000000
2009-07-01,1526.82000000
2009-07-02,1490.69000000
2009-07-06,1485.37000000
2009-07-07,1448.03000000
2009-07-08,1454.98000000
2009-07-09,1458.53000000
2009-07-10,1463.54000000
2009-07-13,1492.38000000
2009-07-14,1497.68000000
2009-07-15,1547.31000000
2009-07-16,1565.75000000
2009-07-17,1574.40000000
2009-07-20,1591.65000000
2009-07-21,1600.94000000
2009-07-22,1613.30000000
2009-07-23,1650.95000000
2009-07-24,1648.41000000
2009-07-27,1648.67000000
2009-07-28,1655.02000000
2009-07-29,1649.00000000
2009-07-30,1659.70000000
2009-07-31,1652.98000000
2009-08-03,1678.67000000
2009-08-04,1679.05000000
2009-08-05,1664.88000000
2009-08-06,1650.33000000
2009-08-07,1670.13000000
2009-08-10,1660.79000000
2009-08-11,1644.61000000
2009-08-12,1670.41000000
2009-08-13,1679.85000000
2009-08-14,1662.28000000
2009-08-17,1614.12000000
2009-08-18,1636.93000000
2009-08-19,1647.43000000
2009-08-20,1665.59000000
2009-08-21,1689.90000000
2009-08-24,1686.81000000
2009-08-25,1692.10000000
2009-08-26,1689.49000000
2009-08-27,1693.59000000
2009-08-28,1695.95000000
2009-08-31,1677.33000000
2009-09-01,1647.05000000
2009-09-02,1645.50000000
2009-09-03,1657.58000000
2009-09-04,1690.79000000
2009-09-08,1708.08000000
2009-09-09,1723.10000000
2009-09-10,1740.57000000
2009-09-11,1739.87000000
2009-09-14,1748.44000000
2009-09-15,1754.39000000
2009-09-16,1779.37000000
2009-09-17,1776.65000000
2009-09-18,1780.94000000
2009-09-21,1787.47000000
2009-09-22,1790.06000000
2009-09-23,1779.98000000
2009-09-24,1765.00000000
2009-09-25,1748.89000000
2009-09-28,1780.33000000
2009-09-29,1773.19000000
2009-09-30,1774.55000000
2009-10-01,1720.27000000
2009-10-02,1716.22000000
2009-10-05,1729.91000000
2009-10-06,1760.48000000
2009-10-07,1765.85000000
2009-10-08,1773.43000000
2009-10-09,1783.84000000
2009-10-12,1785.77000000
2009-10-13,1786.46000000
2009-10-14,1811.23000000
2009-10-15,1810.30000000
2009-10-16,1795.80000000
2009-10-19,1813.72000000
2009-10-20,1813.21000000
2009-10-21,1810.54000000
2009-10-22,1820.44000000
2009-10-23,1810.61000000
2009-10-26,1803.51000000
2009-10-27,1778.43000000
2009-10-28,1736.72000000
2009-10-29,1767.00000000
2009-10-30,1721.42000000
2009-11-02,1727.46000000
2009-11-03,1733.96000000
2009-11-04,1735.79000000
2009-11-05,1777.54000000
2009-11-06,1787.66000000
2009-11-09,1826.58000000
2009-11-10,1831.58000000
2009-11-11,1841.68000000
2009-11-12,1831.60000000
2009-11-13,1847.60000000
2009-11-16,1867.23000000
2009-11-17,1872.53000000
2009-11-18,1861.78000000
2009-11-19,1832.28000000
2009-11-20,1823.19000000
2009-11-23,1853.08000000
2009-11-24,1846.17000000
2009-11-25,1853.84000000
2009-11-27,1824.91000000
2009-11-30,1826.95000000
2009-12-01,1847.91000000
2009-12-02,1851.19000000
2009-12-03,1843.01000000
2009-12-04,1852.33000000
2009-12-07,1843.79000000
2009-12-08,1832.50000000
2009-12-09,1850.18000000
2009-12-10,1860.18000000
2009-12-11,1852.64000000
2009-12-14,1870.25000000
2009-12-15,1859.00000000
2009-12-16,1861.70000000
2009-12-17,1838.39000000
2009-12-18,1868.46000000
2009-12-21,1890.66000000
2009-12-22,1901.74000000
2009-12-23,1914.79000000
2009-12-24,1933.25000000
2009-12-28,1941.87000000
2009-12-29,1935.50000000
2009-12-30,1942.35000000
2009-12-31,1923.39000000
2010-01-04,1950.83000000
2010-01-05,1952.62000000
2010-01-06,1942.27000000
2010-01-07,1940.51000000
2010-01-08,1956.92000000
2010-01-11,1950.35000000
2010-01-12,1925.07000000
2010-01-13,1950.24000000
2010-01-14,1950.76000000
2010-01-15,1928.01000000
2010-01-19,1960.02000000
2010-01-20,1931.55000000
2010-01-21,1913.58000000
2010-01-22,1855.93000000
2010-01-25,1863.76000000
2010-01-26,1865.28000000
2010-01-27,1880.83000000
2010-01-28,1831.52000000
2010-01-29,1800.43000000
2010-02-01,1820.78000000
2010-02-02,1837.53000000
2010-02-03,1845.92000000
2010-02-04,1792.44000000
2010-02-05,1806.02000000
2010-02-08,1794.58000000
2010-02-09,1814.19000000
2010-02-10,1810.17000000
2010-02-11,1837.10000000
2010-02-12,1840.59000000
2010-02-16,1864.84000000
2010-02-17,1874.11000000
2010-02-18,1887.27000000
2010-02-19,1887.34000000
2010-02-22,1881.50000000
2010-02-23,1856.85000000
2010-02-24,1876.58000000
2010-02-25,1877.02000000
2010-02-26,1882.99000000
2010-03-01,1911.69000000
2010-03-02,1916.67000000
2010-03-03,1917.11000000
2010-03-04,1925.55000000
2010-03-05,1955.41000000
2010-03-08,1957.94000000
2010-03-09,1968.82000000
2010-03-10,1985.51000000
2010-03-11,1992.20000000
2010-03-12,1992.84000000
2010-03-15,1988.35000000
2010-03-16,2000.93000000
2010-03-17,2005.05000000
2010-03-18,2013.04000000
2010-03-19,2001.12000000
2010-03-22,2018.89000000
2010-03-23,2032.98000000
2010-03-24,2021.27000000
2010-03-25,2018.48000000
2010-03-26,2022.08000000
2010-03-29,2030.98000000
2010-03-30,2037.97000000
2010-03-31,2028.01000000
2010-04-01,2029.27000000
2010-04-05,2048.46000000
2010-04-06,2052.73000000
2010-04-07,2047.91000000
2010-04-08,2051.46000000
2010-04-09,2065.65000000
2010-04-12,2067.03000000
2010-04-13,2075.80000000
2010-04-14,2101.71000000
2010-04-15,2111.88000000
2010-04-16,2085.15000000
2010-04-19,2085.86000000
2010-04-20,2096.29000000
2010-04-21,2107.61000000
2010-04-22,2118.62000000
2010-04-23,2129.16000000
2010-04-26,2122.70000000
2010-04-27,2078.32000000
2010-04-28,2079.71000000
2010-04-29,2116.40000000
2010-04-30,2072.62000000
2010-05-03,2104.70000000
2010-05-04,2039.82000000
2010-05-05,2029.12000000
2010-05-06,1962.30000000
2010-05-07,1916.39000000
2010-05-10,2013.11000000
2010-05-11,2010.90000000
2010-05-12,2047.37000000
2010-05-13,2016.25000000
2010-05-14,1976.43000000
2010-05-17,1985.25000000
2010-05-18,1956.27000000
2010-05-19,1942.20000000
2010-05-20,1866.21000000
2010-05-21,1889.69000000
2010-05-24,1881.98000000
2010-05-25,1882.42000000
2010-05-26,1863.17000000
2010-05-27,1931.94000000
2010-05-28,1921.24000000
2010-06-01,1903.25000000
2010-06-02,1950.14000000
2010-06-03,1966.84000000
2010-06-04,1900.83000000
2010-06-07,1865.68000000
2010-06-08,1863.13000000
2010-06-09,1845.87000000
2010-06-10,1898.97000000
2010-06-11,1916.67000000
2010-06-14,1914.94000000
2010-06-15,1968.90000000
2010-06-16,1977.02000000
2010-06-17,1982.56000000
2010-06-18,1985.50000000
2010-06-21,1967.20000000
2010-06-22,1951.32000000
2010-06-23,1945.03000000
2010-06-24,1914.08000000
2010-06-25,1907.78000000
2010-06-28,1905.17000000
2010-06-29,1830.52000000
2010-06-30,1804.66000000
2010-07-01,1799.75000000
2010-07-02,1793.61000000
2010-07-06,1800.19000000
2010-07-07,1857.32000000
2010-07-08,1866.23000000
2010-07-09,1883.33000000
2010-07-12,1889.92000000
2010-07-13,1914.83000000
2010-07-14,1923.53000000
2010-07-15,1926.47000000
2010-07-16,1871.71000000
2010-07-19,1888.11000000
2010-07-20,1910.31000000
2010-07-21,1886.06000000
2010-07-22,1933.59000000
2010-07-23,1946.33000000
2010-07-26,1961.92000000
2010-07-27,1960.27000000
2010-07-28,1943.48000000
2010-07-29,1930.81000000
2010-07-30,1934.65000000
2010-08-02,1971.26000000
2010-08-03,1963.81000000
2010-08-04,1982.26000000
2010-08-05,1977.87000000
2010-08-06,1975.75000000
2010-08-09,1988.58000000
2010-08-10,1972.08000000
2010-08-11,1916.23000000
2010-08-12,1902.57000000
2010-08-13,1888.69000000
2010-08-16,1891.50000000
2010-08-17,1916.82000000
2010-08-18,1922.60000000
2010-08-19,1893.72000000
2010-08-20,1896.58000000
2010-08-23,1878.52000000
2010-08-24,1844.22000000
2010-08-25,1860.90000000
2010-08-26,1838.19000000
2010-08-27,1861.69000000
2010-08-30,1841.38000000
2010-08-31,1836.58000000
2010-09-01,1891.33000000
2010-09-02,1912.66000000
2010-09-03,1943.68000000
2010-09-07,1929.33000000
2010-09-08,1953.89000000
2010-09-09,1960.29000000
2010-09-10,1966.73000000
2010-09-13,1997.21000000
2010-09-14,2004.40000000
2010-09-15,2015.84000000
2010-09-16,2024.68000000
2010-09-17,2032.70000000
2010-09-20,2067.62000000
2010-09-21,2067.29000000
2010-09-22,2060.74000000
2010-09-23,2060.11000000
2010-09-24,2103.44000000
2010-09-27,2090.09000000
2010-09-28,2091.59000000
2010-09-29,2088.11000000
2010-09-30,2076.64000000
2010-10-01,2075.14000000
2010-10-04,2053.31000000
2010-10-05,2104.56000000
2010-10-06,2085.75000000
2010-10-07,2091.06000000
2010-10-08,2107.07000000
2010-10-11,2107.02000000
2010-10-12,2122.17000000
2010-10-13,2138.49000000
2010-10-14,2135.64000000
2010-10-15,2180.57000000
2010-10-18,2187.24000000
2010-10-19,2151.57000000
2010-10-20,2168.22000000
2010-10-21,2172.74000000
2010-10-22,2187.41000000
2010-10-25,2197.12000000
2010-10-26,2202.84000000
2010-10-27,2209.99000000
2010-10-28,2214.11000000
2010-10-29,2208.62000000
2010-11-01,2212.75000000
2010-11-02,2236.97000000
2010-11-03,2244.22000000
2010-11-04,2274.83000000
2010-11-05,2273.70000000
2010-11-08,2276.27000000
2010-11-09,2263.91000000
2010-11-10,2275.28000000
2010-11-11,2260.06000000
2010-11-12,2223.49000000
2010-11-15,2216.76000000
2010-11-16,2178.17000000
2010-11-17,2185.23000000
2010-11-18,2221.41000000
2010-11-19,2223.23000000
2010-11-22,2240.00000000
2010-11-23,2204.37000000
2010-11-24,2250.10000000
2010-11-26,2243.22000000
2010-11-29,2233.55000000
2010-11-30,2205.19000000
2010-12-01,2252.97000000
2010-12-02,2276.40000000
2010-12-03,2282.54000000
2010-12-06,2281.12000000
2010-12-07,2280.64000000
2010-12-08,2292.50000000
2010-12-09,2293.61000000
2010-12-10,2308.01000000
2010-12-13,2299.79000000
2010-12-14,2305.09000000
2010-12-15,2294.67000000
2010-12-16,2310.95000000
2010-12-17,2311.23000000
2010-12-20,2316.18000000
2010-12-21,2328.24000000
2010-12-22,2329.64000000
2010-12-23,2323.76000000
2010-12-27,2323.34000000
2010-12-28,2320.80000000
2010-12-29,2325.20000000
2010-12-30,2319.03000000
2010-12-31,2310.84000000
2011-01-03,2348.89000000
2011-01-04,2346.00000000
2011-01-05,2365.74000000
2011-01-06,2373.17000000
2011-01-07,2372.33000000
2011-01-10,2380.33000000
2011-01-11,2384.86000000
2011-01-12,2401.69000000
2011-01-13,2402.37000000
2011-01-14,2421.14000000
2011-01-18,2426.73000000
2011-01-19,2400.19000000
2011-01-20,2382.22000000
2011-01-21,2363.71000000
2011-01-24,2397.13000000
2011-01-25,2400.92000000
2011-01-26,2411.51000000
2011-01-27,2428.06000000
2011-01-28,2366.11000000
2011-01-31,2377.99000000
2011-02-01,2422.84000000
2011-02-02,2418.82000000
2011-02-03,2421.28000000
2011-02-04,2437.05000000
2011-02-07,2448.73000000
2011-02-08,2463.78000000
2011-02-09,2461.06000000
2011-02-10,2464.80000000
2011-02-11,2480.31000000
2011-02-14,2487.03000000
2011-02-15,2483.78000000
2011-02-16,2500.64000000
2011-02-17,2500.39000000
2011-02-18,2495.07000000
2011-02-22,2422.58000000
2011-02-23,2400.14000000
2011-02-24,2413.04000000
2011-02-25,2447.47000000
2011-02-28,2452.43000000
2011-03-01,2415.16000000
2011-03-02,2427.24000000
2011-03-03,2474.17000000
2011-03-04,2461.86000000
2011-03-07,2428.59000000
2011-03-08,2438.48000000
2011-03-09,2423.14000000
2011-03-10,2383.09000000
2011-03-11,2398.71000000
2011-03-14,2390.12000000
2011-03-15,2357.67000000
2011-03-16,2298.56000000
2011-03-17,2321.80000000
2011-03-18,2317.45000000
2011-03-21,2360.89000000
2011-03-22,2355.94000000
2011-03-23,2369.08000000
2011-03-24,2412.48000000
2011-03-25,2416.94000000
2011-03-28,2403.10000000
2011-03-29,2426.66000000
2011-03-30,2438.12000000
2011-03-31,2440.70000000
2011-04-01,2444.80000000
2011-04-04,2436.24000000
2011-04-05,2429.28000000
2011-04-06,2433.94000000
2011-04-07,2434.50000000
2011-04-08,2422.31000000
2011-04-11,2415.48000000
2011-04-12,2398.57000000
2011-04-13,2417.74000000
2011-04-14,2412.13000000
2011-04-15,2408.30000000
2011-04-18,2392.39000000
2011-04-19,2407.45000000
2011-04-20,2460.67000000
2011-04-21,2481.06000000
2011-04-25,2487.76000000
2011-04-26,2500.61000000
2011-04-27,2518.94000000
2011-04-28,2515.30000000
2011-04-29,2509.30000000
2011-05-02,2509.47000000
2011-05-03,2497.53000000
2011-05-04,2492.95000000
2011-05-05,2480.11000000
2011-05-06,2488.45000000
2011-05-09,2496.68000000
2011-05-10,2517.96000000
2011-05-11,2498.98000000
2011-05-12,2514.48000000
2011-05-13,2484.56000000
2011-05-16,2441.38000000
2011-05-17,2448.67000000
2011-05-18,2469.08000000
2011-05-19,2476.28000000
2011-05-20,2457.28000000
2011-05-23,2421.15000000
2011-05-24,2407.32000000
2011-05-25,2415.45000000
2011-05-26,2431.11000000
2011-05-27,2441.90000000
2011-05-31,2480.00000000
2011-06-01,2428.50000000
2011-06-02,2432.93000000
2011-06-03,2396.99000000
2011-06-06,2378.35000000
2011-06-07,2372.58000000
2011-06-08,2355.95000000
2011-06-09,2359.89000000
2011-06-10,2322.70000000
2011-06-13,2324.10000000
2011-06-14,2353.45000000
2011-06-15,2310.23000000
2011-06-16,2300.73000000
2011-06-17,2293.44000000
2011-06-20,2305.36000000
2011-06-21,2354.99000000
2011-06-22,2338.27000000
2011-06-23,2358.45000000
2011-06-24,2318.72000000
2011-06-27,2355.51000000
2011-06-28,2390.56000000
2011-06-29,2399.64000000
2011-06-30,2431.68000000
2011-07-01,2469.89000000
2011-07-05,2480.47000000
2011-07-06,2488.18000000
2011-07-07,2524.07000000
2011-07-08,2516.75000000
2011-07-11,2471.13000000
2011-07-12,2452.08000000
2011-07-13,2461.12000000
2011-07-14,2432.49000000
2011-07-15,2465.56000000
2011-07-18,2452.32000000
2011-07-19,2508.98000000
2011-07-20,2498.13000000
2011-07-21,2515.37000000
2011-07-22,2541.80000000
2011-07-25,2536.20000000
2011-07-26,2541.80000000
2011-07-27,2476.63000000
2011-07-28,2481.56000000
2011-07-29,2472.19000000
2011-08-01,2463.02000000
2011-08-02,2398.99000000
2011-08-03,2421.07000000
2011-08-04,2310.70000000
2011-08-05,2297.28000000
2011-08-08,2157.07000000
2011-08-09,2262.29000000
2011-08-10,2170.47000000
2011-08-11,2268.92000000
2011-08-12,2284.63000000
2011-08-15,2318.21000000
2011-08-16,2299.08000000
2011-08-17,2285.88000000
2011-08-18,2172.11000000
2011-08-19,2135.70000000
2011-08-22,2142.52000000
2011-08-23,2231.10000000
2011-08-24,2248.02000000
2011-08-25,2209.42000000
2011-08-26,2265.76000000
2011-08-29,2330.90000000
2011-08-30,2345.31000000
2011-08-31,2348.88000000
2011-09-01,2325.86000000
2011-09-02,2272.17000000
2011-09-06,2271.93000000
2011-09-07,2330.95000000
2011-09-08,2321.05000000
2011-09-09,2267.98000000
2011-09-12,2297.68000000
2011-09-13,2327.89000000
2011-09-14,2361.61000000
2011-09-15,2397.07000000
2011-09-16,2417.54000000
2011-09-19,2420.34000000
2011-09-20,2406.85000000
2011-09-21,2367.51000000
2011-09-22,2290.24000000
2011-09-23,2313.59000000
2011-09-26,2342.34000000
2011-09-27,2362.54000000
2011-09-28,2328.25000000
2011-09-29,2303.97000000
2011-09-30,2242.64000000
2011-10-03,2186.11000000
2011-10-04,2232.74000000
2011-10-05,2288.95000000
2011-10-06,2325.88000000
2011-10-07,2310.20000000
2011-10-10,2389.79000000
2011-10-11,2406.85000000
2011-10-12,2419.71000000
2011-10-13,2440.37000000
2011-10-14,2487.63000000
2011-10-17,2448.24000000
2011-10-18,2480.22000000
2011-10-19,2429.84000000
2011-10-20,2418.81000000
2011-10-21,2449.90000000
2011-10-24,2500.80000000
2011-10-25,2449.88000000
2011-10-26,2448.75000000
2011-10-27,2516.96000000
2011-10-28,2518.60000000
2011-10-31,2475.44000000
2011-11-01,2410.79000000
2011-11-02,2431.72000000
2011-11-03,2484.58000000
2011-11-04,2472.63000000
2011-11-07,2488.12000000
2011-11-08,2518.65000000
2011-11-09,2428.70000000
2011-11-10,2426.57000000
2011-11-11,2472.44000000
2011-11-14,2457.26000000
2011-11-15,2485.38000000
2011-11-16,2441.95000000
2011-11-17,2387.10000000
2011-11-18,2368.07000000
2011-11-21,2324.20000000
2011-11-22,2329.66000000
2011-11-23,2277.32000000
2011-11-25,2260.88000000
2011-11-28,2338.05000000
2011-11-29,2324.64000000
2011-11-30,2412.78000000
2011-12-01,2427.51000000
2011-12-02,2419.98000000
2011-12-05,2446.17000000
2011-12-06,2440.43000000
2011-12-07,2439.62000000
2011-12-08,2399.73000000
2011-12-09,2437.67000000
2011-12-12,2409.87000000
2011-12-13,2384.85000000
2011-12-14,2347.70000000
2011-12-15,2341.30000000
2011-12-16,2353.41000000
2011-12-19,2329.32000000
2011-12-20,2399.42000000
2011-12-21,2364.88000000
2011-12-22,2383.53000000
2011-12-23,2405.40000000
2011-12-27,2411.24000000
2011-12-28,2383.87000000
2011-12-29,2402.79000000
2011-12-30,2395.40000000
2012-01-03,2442.12000000
2012-01-04,2450.27000000
2012-01-05,2470.54000000
2012-01-06,2478.14000000
2012-01-09,2472.62000000
2012-01-10,2490.22000000
2012-01-11,2495.37000000
2012-01-12,2505.62000000
2012-01-13,2495.09000000
2012-01-17,2517.45000000
2012-01-18,2551.87000000
2012-01-19,2568.43000000
2012-01-20,2563.51000000
2012-01-23,2563.72000000
2012-01-24,2560.29000000
2012-01-25,2593.64000000
2012-01-26,2582.04000000
2012-01-27,2589.55000000
2012-01-30,2593.44000000
2012-01-31,2596.21000000
2012-02-01,2617.49000000
2012-02-02,2625.54000000
2012-02-03,2661.64000000
2012-02-06,2660.89000000
2012-02-07,2664.85000000
2012-02-08,2679.35000000
2012-02-09,2698.52000000
2012-02-10,2681.16000000
2012-02-13,2704.91000000
2012-02-14,2712.64000000
2012-02-15,2692.58000000
2012-02-16,2730.92000000
2012-02-17,2722.50000000
2012-02-21,2729.02000000
2012-02-22,2718.00000000
2012-02-23,2734.14000000
2012-02-24,2743.92000000
2012-02-27,2746.61000000
2012-02-28,2774.77000000
2012-02-29,2764.26000000
2012-03-01,2785.80000000
2012-03-02,2783.73000000
2012-03-05,2755.64000000
2012-03-06,2728.27000000
2012-03-07,2748.37000000
2012-03-08,2779.30000000
2012-03-09,2789.49000000
2012-03-12,2789.63000000
2012-03-13,2843.01000000
2012-03-14,2854.58000000
2012-03-15,2861.34000000
2012-03-16,2859.22000000
2012-03-19,2881.00000000
2012-03-20,2885.61000000
2012-03-21,2884.89000000
2012-03-22,2879.22000000
2012-03-23,2876.11000000
2012-03-26,2928.26000000
2012-03-27,2932.58000000
2012-03-28,2920.83000000
2012-03-29,2911.43000000
2012-03-30,2904.28000000
2012-04-02,2935.34000000
2012-04-03,2934.05000000
2012-04-04,2894.22000000
2012-04-05,2912.71000000
2012-04-09,2889.26000000
2012-04-10,2841.96000000
2012-04-11,2855.68000000
2012-04-12,2889.56000000
2012-04-13,2846.04000000
2012-04-16,2815.58000000
2012-04-17,2871.97000000
2012-04-18,2864.12000000
2012-04-19,2833.20000000
2012-04-20,2821.83000000
2012-04-23,2798.06000000
2012-04-24,2782.49000000
2012-04-25,2857.24000000
2012-04-26,2873.88000000
2012-04-27,2890.87000000
2012-04-30,2872.40000000
2012-05-01,2875.82000000
2012-05-02,2884.10000000
2012-05-03,2853.27000000
2012-05-04,2783.04000000
2012-05-07,2784.60000000
2012-05-08,2774.70000000
2012-05-09,2765.71000000
2012-05-10,2760.40000000
2012-05-11,2760.13000000
2012-05-14,2733.34000000
2012-05-15,2724.94000000
2012-05-16,2704.80000000
2012-05-17,2649.64000000
2012-05-18,2617.53000000
2012-05-21,2688.28000000
2012-05-22,2681.84000000
2012-05-23,2690.28000000
2012-05-24,2673.67000000
2012-05-25,2669.14000000
2012-05-29,2702.85000000
2012-05-30,2680.65000000
2012-05-31,2667.41000000
2012-06-01,2597.67000000
2012-06-04,2618.06000000
2012-06-05,2627.96000000
2012-06-06,2691.13000000
2012-06-07,2679.60000000
2012-06-08,2704.76000000
2012-06-11,2660.34000000
2012-06-12,2691.01000000
2012-06-13,2671.39000000
2012-06-14,2684.67000000
2012-06-15,2717.71000000
2012-06-18,2740.21000000
2012-06-19,2770.17000000
2012-06-20,2772.88000000
2012-06-21,2702.73000000
2012-06-22,2732.93000000
2012-06-25,2677.98000000
2012-06-26,2695.21000000
2012-06-27,2711.83000000
2012-06-28,2681.30000000
2012-06-29,2765.21000000
2012-07-02,2775.46000000
2012-07-03,2797.46000000
2012-07-05,2799.18000000
2012-07-06,2762.03000000
2012-07-09,2759.94000000
2012-07-10,2733.73000000
2012-07-11,2718.65000000
2012-07-12,2691.48000000
2012-07-13,2733.43000000
2012-07-16,2725.06248502
2012-07-17,2740.49560020
2012-07-18,2776.68820536
2012-07-19,2808.34315117
2012-07-20,2768.40757279
2012-07-23,2738.67667896
2012-07-24,2714.91827827
2012-07-25,2695.66626232
2012-07-26,2733.35287966
2012-07-27,2799.33958708
2012-07-30,2794.25113590
2012-07-31,2794.68815137
2012-08-01,2786.85922002
2012-08-02,2776.69657588
2012-08-03,2831.13397137
2012-08-06,2850.45143720
2012-08-07,2874.85781892
2012-08-08,2871.68027011
2012-08-09,2879.95538741
2012-08-10,2883.73660518
2012-08-13,2889.79407258
2012-08-14,2890.68746086
2012-08-15,2898.94088896
2012-08-16,2933.51058726
2012-08-17,2946.44725970
2012-08-20,2950.84948226
2012-08-21,2938.10271216
2012-08-22,2949.99016251
2012-08-23,2927.31449694
2012-08-24,2944.31915567
2012-08-27,2949.17958899
2012-08-28,2949.33092430
2012-08-29,2950.82264482
2012-08-30,2918.75338440
2012-08-31,2938.35724485
2012-09-04,2938.13532556
2012-09-05,2933.20867320
2012-09-06,2999.73285923
2012-09-07,2994.86560068
2012-09-10,2956.03055521
2012-09-11,2952.39587195
2012-09-12,2959.98573892
2012-09-13,3002.03842829
2012-09-14,3027.36613128
2012-09-17,3029.12398704
2012-09-18,3030.16140678
2012-09-19,3037.21328650
2012-09-20,3034.73585309
2012-09-21,3034.67273316
2012-09-24,3015.95240529
2012-09-25,2974.10991770
2012-09-26,2949.92993743
2012-09-27,2992.44316327
2012-09-28,2968.68363930
2012-10-01,2963.79025577
2012-10-02,2969.81496952
2012-10-03,2990.55570717
2012-10-04,3000.91091158
2012-10-05,2983.28866893
2012-10-08,2956.74417475
2012-10-09,2908.99742982
2012-10-10,2895.08276070
2012-10-11,2885.17566455
2012-10-12,2886.16945134
2012-10-15,2907.10568937
2012-10-16,2947.97882064
2012-10-17,2945.05687128
2012-10-18,2911.68178918
2012-10-19,2841.80778195
2012-10-22,2859.04071076
2012-10-23,2828.76189928
2012-10-24,2817.65726566
2012-10-25,2819.94762908
2012-10-26,2828.62219942
2012-10-31,2809.95163633
2012-11-01,2851.97097162
2012-11-02,2818.81935307
2012-11-05,2837.63498357
2012-11-06,2846.27741093
2012-11-07,2776.04873190
2012-11-08,2733.45132106
2012-11-09,2745.82537548
2012-11-12,2744.41915232
2012-11-13,2724.43188600
2012-11-14,2692.78796904
2012-11-15,2684.85951556
2012-11-16,2695.39321579
2012-11-19,2761.22579342
2012-11-20,2760.54574730
2012-11-21,2766.73056388
2012-11-23,2808.34426187
2012-11-26,2821.29504821
2012-11-27,2811.11082566
2012-11-28,2836.57262255
2012-11-29,2852.34078051
2012-11-30,2850.04713077
2012-12-03,2843.64619261
2012-12-04,2839.44347216
2012-12-05,2807.91975208
2012-12-06,2827.51692587
2012-12-07,2810.74968431
2012-12-10,2818.23505652
2012-12-11,2854.98797061
2012-12-12,2848.44143865
2012-12-13,2826.70096540
2012-12-14,2799.09142976
2012-12-17,2837.61378924
2012-12-18,2881.64063876
2012-12-19,2866.30703700
2012-12-20,2869.03512284
2012-12-21,2838.27582351
2012-12-24,2831.21670302
2012-12-26,2808.99979265
2012-12-27,2804.69258957
2012-12-28,2776.82632370
2012-12-31,2834.96688160
2013-01-02,2926.10521073
2013-01-03,2910.95893039
2013-01-04,2902.68431126
2013-01-07,2902.39416768
2013-01-08,2896.58204874
2013-01-09,2906.09668202
2013-01-10,2923.70891845
2013-01-11,2928.05605405
2013-01-14,2914.67631372
2013-01-15,2901.12390406
2013-01-16,2913.66951874
2013-01-17,2926.90310934
2013-01-18,2922.73970254
2013-01-22,2925.87890598
2013-01-23,2942.90833410
2013-01-24,2901.74245228
2013-01-25,2915.80492386
2013-01-28,2921.88171803
2013-01-29,2923.32078504
2013-01-30,2918.16348472
2013-01-31,2910.51260773
2013-02-01,2945.06601472
2013-02-04,2893.67839927
2013-02-05,2936.74145650
2013-02-06,2927.63760763
2013-02-07,2930.14411559
2013-02-08,2961.14314253
2013-02-11,2960.49471179
2013-02-12,2947.76661891
2013-02-13,2959.77904164
2013-02-14,2957.34523127
2013-02-15,2950.29576828
2013-02-19,2971.65994244
2013-02-20,2926.03465895
2013-02-21,2895.62325111
2013-02-22,2923.14479886
2013-02-25,2884.36290753
2013-02-26,2897.27288680
2013-02-27,2927.60953720
2013-02-28,2924.75555090
2013-03-01,2934.54737551
2013-03-04,2947.12949402
2013-03-05,2989.54182354
2013-03-06,2982.98853483
2013-03-07,2990.40386763
2013-03-08,2995.35297987
2013-03-11,3003.74743619
2013-03-12,2991.94547269
2013-03-13,2989.86874856
2013-03-14,2999.07546580
2013-03-15,2990.64538308
2013-03-18,2983.24328794
2013-03-19,2977.87383882
2013-03-20,2997.78645596
2013-03-21,2964.64674334
2013-03-22,2992.37667902
2013-03-25,2980.24177889
2013-03-26,2998.86538064
2013-03-27,3002.93234735
2013-03-28,3012.23515177
2013-04-01,2989.50817728
2013-04-02,3014.68533817
2013-04-03,2987.33805618
2013-04-04,2988.05011450
2013-04-05,2963.27552819
2013-04-08,2978.69310538
2013-04-09,2998.51043880
2013-04-10,3056.85783309
2013-04-11,3056.70833968
2013-04-12,3053.94134893
2013-04-15,2990.85537306
2013-04-16,3034.61921987
2013-04-17,2974.28723923
2013-04-18,2931.49212728
2013-04-19,2972.66898572
2013-04-22,3004.32194995
2013-04-23,3031.36769836
2013-04-24,3030.03194079
2013-04-25,3045.57419242
2013-04-26,3037.18901935
2013-04-29,3065.41600154
2013-04-30,3087.38577270
2013-05-01,3072.31354651
2013-05-02,3112.71921212
2013-05-03,3149.51349244
2013-05-06,3161.03510489
2013-05-07,3158.62929369
2013-05-08,3175.10910796
2013-05-09,3170.18403709
2013-05-10,3191.48919332
2013-05-13,3192.82058146
2013-05-14,3209.85879309
2013-05-15,3217.14843660
2013-05-16,3213.63455314
2013-05-17,3245.42800166
2013-05-20,3236.93723402
2013-05-21,3243.18053828
2013-05-22,3213.90006454
2013-05-23,3205.67417480
2013-05-24,3205.21619600
2013-05-28,3227.64392946
2013-05-29,3209.47909034
2013-05-30,3227.76699602
2013-05-31,3195.53511309
2013-06-03,3205.76751235
2013-06-04,3187.44529504
2013-06-05,3148.31636215
2013-06-06,3162.42536979
2013-06-07,3205.94240012
2013-06-10,3205.53695402
2013-06-11,3172.68600416
2013-06-12,3137.82225906
2013-06-13,3177.29297779
2013-06-14,3156.95706147
2013-06-17,3186.43143359
2013-06-18,3213.06094434
2013-06-19,3173.82506665
2013-06-20,3099.64496463
2013-06-21,3086.36077289
2013-06-24,3054.45982660
2013-06-25,3074.08363986
2013-06-26,3103.83173789
2013-06-27,3118.10268138
2013-06-28,3121.06219529
2013-07-01,3141.31994201
2013-07-02,3143.80903937
2013-07-03,3156.44622113
2013-07-05,3179.84963665
2013-07-08,3183.02396801
2013-07-09,3202.59220265
2013-07-10,3220.64072395
2013-07-11,3283.75016147
2013-07-12,3304.80624119
2013-07-15,3305.64048525
2013-07-16,3303.08224620
2013-07-17,3311.46407069
2013-07-18,3303.45648330
2013-07-19,3268.15427667
2013-07-22,3279.20932205
2013-07-23,3253.63650395
2013-07-24,3264.17886734
2013-07-25,3286.19988445
2013-07-26,3301.82367383
2013-07-29,3294.31175012
2013-07-30,3312.01463686
2013-07-31,3317.22481678
2013-08-01,3355.99362202
2013-08-02,3374.47848462
2013-08-05,3375.38145919
2013-08-06,3352.99298940
2013-08-07,3349.35901427
2013-08-08,3364.56428213
2013-08-09,3352.14597597
2013-08-12,3360.04954958
2013-08-13,3378.15959225
2013-08-14,3366.19890884
2013-08-15,3308.95748235
2013-08-16,3306.46550343
2013-08-19,3302.06318510
2013-08-20,3315.74923148
2013-08-21,3304.23571214
2013-08-22,3336.98786352
2013-08-23,3361.13776347
2013-08-26,3359.55942658
2013-08-27,3291.67829205
2013-08-28,3305.41023505
2013-08-29,3328.20452786
2013-08-30,3307.75151884
2013-09-03,3327.06336247
2013-09-04,3362.42981312
2013-09-05,3368.23856215
2013-09-06,3371.93820748
2013-09-09,3411.45422975
2013-09-10,3427.74870107
2013-09-11,3422.47295133
2013-09-12,3417.93297893
2013-09-13,3420.84824396
2013-09-16,3410.52977409
2013-09-17,3434.41720065
2013-09-18,3477.98406083
2013-09-19,3484.76790238
2013-09-20,3470.90719264
2013-09-23,3465.10411688
2013-09-24,3464.36895545
2013-09-25,3453.60814150
2013-09-26,3481.33828107
2013-09-27,3477.45646456
2013-09-30,3464.82267360
2013-10-01,3503.21299494
2013-10-02,3503.43855604
2013-10-03,3460.98464404
2013-10-04,3491.93685481
2013-10-07,3462.98901446
2013-10-08,3396.46357527
2013-10-09,3384.55888418
2013-10-10,3458.12727045
2013-10-11,3482.88075931
2013-10-14,3506.78491081
2013-10-15,3494.55179902
2013-10-16,3534.40707276
2013-10-17,3555.57649011
2013-10-18,3612.22566262
2013-10-21,3620.09163032
2013-10-22,3626.28460161
2013-10-23,3603.86827749
2013-10-24,3621.45035583
2013-10-25,3644.55652271
2013-10-28,3643.31588314
2013-10-29,3653.40336201
2013-10-30,3646.66668736
2013-10-31,3638.48146509
2013-11-01,3640.67162486
2013-11-04,3646.10239565
2013-11-05,3651.67025236
2013-11-06,3650.62839267
2013-11-07,3581.84197872
2013-11-08,3630.83453458
2013-11-11,3626.66504362
2013-11-12,3629.62099904
2013-11-13,3673.38709961
2013-11-14,3684.50127316
2013-11-15,3692.52958765
2013-11-18,3656.16351726
2013-11-19,3647.30170680
2013-11-20,3636.00598239
2013-11-21,3674.57055947
2013-11-22,3695.39218109
2013-11-25,3701.42137095
2013-11-26,3721.18195167
2013-11-27,3748.50764465
2013-11-29,3767.24073748
2013-12-02,3760.03667231
2013-12-03,3758.07641826
2013-12-04,3762.14232444
2013-12-05,3756.44024521
2013-12-06,3785.09727487
2013-12-09,3798.00219599
2013-12-10,3795.87676364
2013-12-11,3747.38895631
2013-12-12,3738.07287427
2013-12-13,3733.92340261
2013-12-16,3754.87414948
2013-12-17,3747.87843048
2013-12-18,3791.48267648
2013-12-19,3779.59821851
2013-12-20,3814.77652655
2013-12-23,3856.05112781
2013-12-24,3860.16777490
2013-12-26,3872.89630075
2013-12-27,3861.72654188
2013-12-30,3857.87029084
2013-12-31,3881.55262583
2014-01-02,3851.70480405
2014-01-03,3824.86083199
2014-01-06,3812.13638624
2014-01-07,3845.57979809
2014-01-08,3856.09619656
2014-01-09,3839.92552522
2014-01-10,3853.44337448
2014-01-13,3796.92938300
2014-01-14,3870.26682944
2014-01-15,3901.90112343
2014-01-16,3903.46478714
2014-01-17,3881.80246717
2014-01-21,3910.40051003
2014-01-22,3921.22771210
2014-01-23,3906.13298086
2014-01-24,3828.01092674
2014-01-27,3792.92415125
2014-01-28,3789.35276635
2014-01-29,3748.77630083
2014-01-30,3818.77088416
2014-01-31,3807.43384579
2014-02-03,3719.41373333
2014-02-04,3751.77577245
2014-02-05,3736.30007932
2014-02-06,3785.29839920
2014-02-07,3854.90007216
2014-02-10,3876.76623226
2014-02-11,3920.19712166
2014-02-12,3926.61975057
2014-02-13,3961.55356866
2014-02-14,3966.34076139
2014-02-18,3985.72757590
2014-02-19,3956.93117642
2014-02-20,3977.72420697
2014-02-21,3967.61979536
2014-02-24,3992.76362058
2014-02-25,3985.58337015
2014-02-26,3983.01678639
2014-02-27,4008.14959131
2014-02-28,4004.13929857
2014-03-03,3974.67006394
2014-03-04,4030.53389589
2014-03-05,4038.44930822
2014-03-06,4031.73107460
2014-03-07,4012.74091157
2014-03-10,4016.10529881
2014-03-11,4000.02260865
2014-03-12,4017.22413870
2014-03-13,3957.09183784
2014-03-14,3931.49017159
2014-03-17,3969.16366359
2014-03-18,4017.03618830
2014-03-19,3991.14652142
2014-03-20,4003.32216131
2014-03-21,3958.99659087
2014-03-24,3920.33034674
2014-03-25,3933.70299867
2014-03-26,3883.08383599
2014-03-27,3861.91242004
2014-03-28,3870.96326661
2014-03-31,3897.71533747
2014-04-01,3966.58764772
2014-04-02,3974.86345082
2014-04-03,3944.05471788
2014-04-04,3837.58070233
2014-04-07,3803.29077245
2014-04-08,3836.43338613
2014-04-09,3904.23627567
2014-04-10,3782.05406711
2014-04-11,3737.68359955
2014-04-14,3767.81563630
2014-04-15,3782.15141869
2014-04-16,3831.20129076
2014-04-17,3832.76965122
2014-04-21,3860.32909811
2014-04-22,3891.62142835
2014-04-23,3857.24414910
2014-04-24,3894.10565019
2014-04-25,3831.28325013
2014-04-28,3844.53525787
2014-04-29,3875.94746543
2014-04-30,3884.65563590
2014-05-01,3898.09028220
2014-05-02,3890.80404167
2014-05-05,3910.81302843
2014-05-06,3858.30065872
2014-05-07,3847.41363928
2014-05-08,3843.86679378
2014-05-09,3860.45558218
2014-05-12,3922.58312715
2014-05-13,3923.68159172
2014-05-14,3904.46655671
2014-05-15,3874.12982713
2014-05-16,3898.06412653
2014-05-19,3928.94454149
2014-05-20,3912.54474135
2014-05-21,3951.09684960
2014-05-22,3967.66815485
2014-05-23,3996.43686462
2014-05-27,4046.24472200
2014-05-28,4034.72205511
2014-05-29,4060.28308410
2014-05-30,4061.47826291
2014-06-02,4057.97424707
2014-06-03,4054.83298382
2014-06-04,4069.58458501
2014-06-05,4105.84581262
2014-06-06,4125.14283405
2014-06-09,4126.41794505
2014-06-10,4131.98000706
2014-06-11,4129.69933082
2014-06-12,4092.67756360
2014-06-13,4105.55718531
2014-06-16,4110.30882367
2014-06-17,4111.88598367
2014-06-18,4137.20863226
2014-06-19,4133.06703450
2014-06-20,4135.06893256
2014-06-23,4137.97786809
2014-06-24,4131.68931767
2014-06-25,4162.08538945
2014-06-26,4161.86184440
2014-06-27,4180.92246518
2014-06-30,4186.87378219
2014-07-01,4235.73840187
2014-07-02,4242.05969767
2014-07-03,4267.88625530
2014-07-07,4254.50225743
2014-07-08,4203.86575463
2014-07-09,4235.70684267
2014-07-10,4221.69733599
2014-07-11,4248.39991584
2014-07-14,4275.47548590
2014-07-15,4259.14476345
2014-07-16,4278.59859894
2014-07-17,4219.48839904
2014-07-18,4286.82381202
2014-07-21,4280.55971437
2014-07-22,4310.46692508
2014-07-23,4337.27116096
2014-07-24,4334.00256748
2014-07-25,4314.39179241
2014-07-28,4316.65447455
2014-07-29,4308.03594727
2014-07-30,4326.70510106
2014-07-31,4235.83083390
2014-08-01,4221.87318689
2014-08-04,4253.61580849
2014-08-05,4218.08423980
2014-08-06,4217.48688812
2014-08-07,4202.52701519
2014-08-08,4235.49752892
2014-08-11,4259.86555237
2014-08-12,4254.61130704
2014-08-13,4302.66285641
2014-08-14,4324.45752984
2014-08-15,4344.50220089
2014-08-18,4380.44025307
2014-08-19,4404.49361491
2014-08-20,4405.12032839
2014-08-21,4412.01218322
2014-08-22,4418.25404826
2014-08-25,4434.55372043
2014-08-26,4439.12608691
2014-08-27,4440.85837270
2014-08-28,4433.33140875
2014-08-29,4451.77881597
2014-09-02,4466.22792697
2014-09-03,4439.33359277
2014-09-04,4434.07101297
2014-09-05,4460.01059542
2014-09-08,4466.23314440
2014-09-09,4429.60821794
2014-09-10,4465.91974743
2014-09-11,4463.59843055
2014-09-12,4438.06317406
2014-09-15,4395.14955729
2014-09-16,4435.92604698
2014-09-17,4442.86780907
2014-09-18,4475.05958689
2014-09-19,4471.79847584
2014-09-22,4429.41708644
2014-09-23,4418.87961884
2014-09-24,4465.61245238
2014-09-25,4371.27713844
2014-09-26,4421.58509768
2014-09-29,4414.92120841
2014-09-30,4418.34996967
2014-10-01,4347.88547964
2014-10-02,4349.11186931
2014-10-03,4394.32861322
2014-10-06,4382.28129374
2014-10-07,4319.34797636
2014-10-08,4409.52480630
2014-10-09,4331.17740058
2014-10-10,4223.73444294
2014-10-13,4155.14454150
2014-10-14,4157.82510841
2014-10-15,4131.43454038
2014-10-16,4108.85303199
2014-10-17,4163.62259824
2014-10-20,4223.21243557
2014-10-21,4333.77168558
2014-10-22,4310.04918684
2014-10-23,4378.45101262
2014-10-24,4410.91482763
2014-10-27,4415.27809739
2014-10-28,4481.41987149
2014-10-29,4464.23539579
2014-10-30,4475.44078574
2014-10-31,4538.27713208
2014-11-03,4550.43918181
2014-11-04,4536.18906680
2014-11-05,4534.04872975
2014-11-06,4548.83220021
2014-11-07,4545.07457309
2014-11-10,4562.63263633
2014-11-11,4574.88825198
2014-11-12,4584.18014544
2014-11-13,4604.04286409
2014-11-14,4616.61028656
2014-11-17,4604.37475068
2014-11-18,4638.28824103
2014-11-19,4616.98688305
2014-11-20,4638.66468509
2014-11-21,4648.76101531
2014-11-24,4684.96554632
2014-11-25,4689.24236814
2014-11-26,4722.62654388
2014-11-28,4744.27820875
2014-12-01,4689.62310850
2014-12-02,4709.47312153
2014-12-03,4717.21094159
2014-12-04,4716.11546771
2014-12-05,4715.72402603
2014-12-08,4679.41486831
2014-12-09,4697.27574140
2014-12-10,4621.16833736
2014-12-11,4645.06545747
2014-12-12,4593.44372214
2014-12-15,4547.64384906
2014-12-16,4473.46505751
2014-12-17,4556.13522362
2014-12-18,4668.45063890
2014-12-19,4683.77422468
2014-12-22,4696.78082268
2014-12-23,4681.44549360
2014-12-24,4685.59801375
2014-12-26,4719.50777290
2014-12-29,4718.16315344
2014-12-30,4685.10707938
2014-12-31,4634.70535473
2015-01-02,4629.02888187
2015-01-05,4553.78114139
2015-01-06,4498.91397551
2015-01-07,4552.84324723
2015-01-08,4640.99988629
2015-01-09,4611.19540808
2015-01-12,4563.80007198
2015-01-13,4559.67626781
2015-01-14,4537.43715537
2015-01-15,4475.93624686
2015-01-16,4533.38624631
2015-01-20,4565.20666690
2015-01-21,4588.05788042
2015-01-22,4673.72027309
2015-01-23,4682.23462728
2015-01-26,4679.57843119
2015-01-27,4558.95449302
2015-01-28,4531.88019877
2015-01-29,4576.86309811
2015-01-30,4540.82793196
2015-02-02,4584.85585650
2015-02-03,4629.48680334
2015-02-04,4621.89974357
2015-02-05,4662.92425496
2015-02-06,4633.01967571
2015-02-09,4619.22005087
2015-02-10,4691.08888729
2015-02-11,4709.27336810
2015-02-12,4764.90260493
2015-02-13,4804.53302297
2015-02-17,4808.66652612
2015-02-18,4814.77379583
2015-02-19,4837.76903771
2015-02-20,4871.97000088
2015-02-23,4879.02892721
2015-02-24,4880.86007268
2015-02-25,4869.61622100
2015-02-26,4893.45584609
2015-02-27,4869.76890724
2015-03-02,4916.91349508
2015-03-03,4890.29340791
2015-03-04,4875.63023315
2015-03-05,4883.02310946
2015-03-06,4825.08367793
2015-03-09,4840.60220265
2015-03-10,4748.56449833
2015-03-11,4722.91002969
2015-03-12,4756.83591314
2015-03-13,4733.43994582
2015-03-16,4794.39808241
2015-03-17,4800.05516274
2015-03-18,4851.57175935
2015-03-19,4856.31389051
2015-03-20,4891.10442565
2015-03-23,4876.85009125
2015-03-24,4860.87835930
2015-03-25,4749.38657242
2015-03-26,4734.15438057
2015-03-27,4753.74681999
2015-03-30,4809.15994435
2015-03-31,4756.38206769
2015-04-01,4731.76318079
2015-04-02,4736.97562380
2015-04-06,4775.35974597
2015-04-07,4767.78670709
2015-04-08,4803.24454173
2015-04-09,4833.97080181
2015-04-10,4853.80415988
2015-04-13,4839.73882303
2015-04-14,4827.04629050
2015-04-15,4856.55605107
2015-04-16,4850.30131781
2015-04-17,4776.72359141
2015-04-20,4848.72687384
2015-04-21,4869.12067584
2015-04-22,4896.38284030
2015-04-23,4914.22356684
2015-04-24,4979.84398799
2015-04-27,4966.95428479
2015-04-28,4956.56872773
2015-04-29,4927.14237732
2015-04-30,4846.14145784
2015-05-01,4917.28589718
2015-05-04,4921.18699584
2015-05-05,4842.11835818
2015-05-06,4809.56296805
2015-05-07,4836.62323808
2015-05-08,4899.36552231
2015-05-11,4877.44963813
2015-05-12,4858.25420605
2015-05-13,4864.82115440
2015-05-14,4940.18140166
2015-05-15,4939.43509163
2015-05-18,4959.94073663
2015-05-19,4952.73954115
2015-05-20,4954.66759109
2015-05-21,4981.24491725
2015-05-22,4978.70451701
2015-05-26,4919.20756696
2015-05-27,4999.79262535
2015-05-28,4988.44369168
2015-05-29,4958.30337677
2015-06-01,4974.00953717
2015-06-02,4959.75263115
2015-06-03,4971.88064302
2015-06-04,4935.76479728
2015-06-05,4924.98132718
2015-06-08,4874.88634761
2015-06-09,4870.58895654
2015-06-10,4934.94166683
2015-06-11,4938.38583499
2015-06-12,4900.93812734
2015-06-15,4877.96411715
2015-06-16,4903.25247228
2015-06-17,4917.74928612
2015-06-18,4986.92763596
2015-06-19,4966.65401243
2015-06-22,5000.34427701
2015-06-23,5005.51656067
2015-06-24,4979.02261817
2015-06-25,4967.36957523
2015-06-26,4934.93392941
2015-06-29,4820.62411047
2015-06-30,4839.37591954
2015-07-01,4876.13219345
2015-07-02,4880.72066823
2015-07-06,4864.50296808
2015-07-07,4875.95046040
2015-07-08,4790.77016192
2015-07-09,4791.27052623
2015-07-10,4866.26518068
2015-07-13,4948.08301601
2015-07-14,4980.00596068
2015-07-15,4985.39162676
2015-07-16,5058.64490393
2015-07-17,5132.07802181
2015-07-20,5151.98098513
2015-07-21,5146.17936754
2015-07-22,5089.85173752
2015-07-23,5068.01883354
2015-07-24,5018.04852710
2015-07-27,4975.89738572
2015-07-28,5021.19590552
2015-07-29,5045.06759359
2015-07-30,5063.98107660
2015-07-31,5053.31514655
2015-08-03,5044.01667292
2015-08-04,5030.05868247
2015-08-05,5069.44622319
2015-08-06,4991.22313101
2015-08-07,4982.14830578
2015-08-10,5040.60309758
2015-08-11,4975.43855485
2015-08-12,4991.40677224
2015-08-13,4982.30937469
2015-08-14,4994.90235800
2015-08-17,5034.55991143
2015-08-18,5010.41291505
2015-08-19,4976.02770348
2015-08-20,4837.28586047
2015-08-21,4630.06014224
2015-08-24,4455.25314090
2015-08-25,4430.78186320
2015-08-26,4655.22908537
2015-08-27,4771.31420885
2015-08-28,4776.05780462
2015-08-31,4716.64260442
2015-09-01,4571.04668965
2015-09-02,4696.49064324
2015-09-03,4672.68219110
2015-09-04,4617.92732482
2015-09-08,4749.03092549
2015-09-09,4693.98969786
2015-09-10,4741.27849697
2015-09-11,4771.22667538
2015-09-14,4755.86515653
2015-09-15,4812.73027290
2015-09-16,4838.65128932
2015-09-17,4840.07701523
2015-09-18,4772.63155472
2015-09-21,4786.17697708
2015-09-22,4717.70717092
2015-09-23,4717.15606326
2015-09-24,4703.43957851
2015-09-25,4663.34325986
2015-09-28,4529.74738164
2015-09-29,4507.56140356
2015-09-30,4615.55399732
2015-10-01,4629.72731886
2015-10-02,4711.97290402
2015-10-05,4783.21930625
2015-10-06,4755.90752980
2015-10-07,4785.59574026
2015-10-08,4804.02207878
2015-10-09,4825.95390483
2015-10-12,4839.81759830
2015-10-13,4807.10228674
2015-10-14,4800.45848935
2015-10-15,4879.19587236
2015-10-16,4901.72525190
2015-10-19,4927.61554299
2015-10-20,4901.23795232
2015-10-21,4874.00940090
2015-10-22,4973.05883950
2015-10-23,5106.62237694
2015-10-26,5114.08368120
2015-10-27,5123.34661086
2015-10-28,5167.17030048
2015-10-29,5158.69099739
2015-10-30,5134.46545004
2015-11-02,5195.30410290
2015-11-03,5212.16604497
2015-11-04,5211.79505541
2015-11-05,5198.46934787
2015-11-06,5203.26160494
2015-11-09,5146.43180777
2015-11-10,5131.51334704
2015-11-11,5126.21599649
2015-11-12,5074.87871511
2015-11-13,4978.89420365
2015-11-16,5048.93156336
2015-11-17,5052.42903531
2015-11-18,5149.66902651
2015-11-19,5151.94164204
2015-11-20,5186.25153641
2015-11-23,5173.57707983
2015-11-24,5167.61885523
2015-11-25,5171.46432610
2015-11-27,5180.64828490
2015-11-30,5162.98782856
2015-12-01,5220.15569952
2015-12-02,5187.14280581
2015-12-03,5099.17982250
2015-12-04,5220.23502510
2015-12-07,5195.42359929
2015-12-08,5196.69219035
2015-12-09,5116.53710940
2015-12-10,5139.74260720
2015-12-11,5023.20117389
2015-12-14,5059.89332886
2015-12-15,5089.97488015
2015-12-16,5164.52758194
2015-12-17,5090.98091786
2015-12-18,4998.73877718
2015-12-21,5050.03867744
2015-12-22,5081.82324588
2015-12-23,5120.94594226
2015-12-24,5118.93635319
2015-12-28,5117.36187092
2015-12-29,5194.94413136
2015-12-30,5151.67926545
2015-12-31,5086.63222716
2016-01-04,4982.58414755
2016-01-05,4967.43324823
2016-01-06,4922.95791578
2016-01-07,4769.87171415
2016-01-08,4731.16307361
2016-01-11,4745.30414621
2016-01-12,4800.88238902
2016-01-13,4634.09073899
2016-01-14,4733.62836450
2016-01-15,4587.52534485
2016-01-19,4594.16408158
2016-01-20,4582.20654357
2016-01-21,4589.20581608
2016-01-22,4719.01254811
2016-01-25,4648.95281041
2016-01-26,4690.29433458
2016-01-27,4574.07023236
2016-01-28,4637.95415624
2016-01-29,4741.11396834
2016-02-01,4749.29829779
2016-02-02,4646.03931279
2016-02-03,4623.80406687
2016-02-04,4621.94298080
2016-02-05,4463.21026192
2016-02-08,4392.51337405
2016-02-09,4378.29120062
2016-02-10,4399.10042922
2016-02-11,4395.41184621
2016-02-12,4458.73082337
2016-02-16,4556.50107062
2016-02-17,4661.71477633
2016-02-18,4608.98222385
2016-02-19,4622.96569805
2016-02-22,4697.54940344
2016-02-23,4621.42476413
2016-02-24,4663.87188914
2016-02-25,4708.89504793
2016-02-26,4702.85204867
2016-02-29,4665.37692444
2016-03-01,4812.51534368
2016-03-02,4813.37279074
2016-03-03,4803.90645538
2016-03-04,4807.39164984
2016-03-07,4779.21796781
2016-03-08,4737.24295873
2016-03-09,4768.40015930
2016-03-10,4761.49355494
2016-03-11,4844.64375659
2016-03-14,4851.34733845
2016-03-15,4851.07267009
2016-03-16,4893.10822319
2016-03-17,4888.73234082
2016-03-18,4900.46982095
2016-03-21,4918.41172104
2016-03-22,4930.23489946
2016-03-23,4891.28290649
2016-03-24,4894.58646093
2016-03-28,4886.47559994
2016-03-29,4964.12162210
2016-03-30,4989.96425732
2016-03-31,4981.94126722
2016-04-01,5035.75002132
2016-04-04,5015.01950126
2016-04-05,4969.49486345
2016-04-06,5050.76855276
2016-04-07,4974.70444433
2016-04-08,4974.30420021
2016-04-11,4956.27411838
2016-04-12,4997.78028968
2016-04-13,5063.00576316
2016-04-14,5062.89738446
2016-04-15,5050.15478917
2016-04-18,5074.89912945
2016-04-19,5043.40577184
2016-04-20,5047.12792315
2016-04-21,5047.52845317
2016-04-22,4973.57263751
2016-04-25,4973.50532936
2016-04-26,4949.97711377
2016-04-27,4909.78223920
2016-04-28,4851.63157819
2016-04-29,4826.40218645
2016-05-02,4870.93547099
2016-05-03,4826.84892841
2016-05-04,4795.37258860
2016-05-05,4795.76098255
2016-05-06,4818.95905258
2016-05-09,4831.27029478
2016-05-10,4898.98976861
2016-05-11,4853.43006821
2016-05-12,4833.17897377
2016-05-13,4815.79013287
2016-05-16,4876.30159847
2016-05-17,4814.86273630
2016-05-18,4832.39727451
2016-05-19,4807.16312730
2016-05-20,4859.87801056
2016-05-23,4851.23877196
2016-05-24,4950.90216499
2016-05-25,4987.50423406
2016-05-26,5000.51466478
2016-05-27,5028.66992263
2016-05-31,5041.31987027
2016-06-01,5037.05787040
2016-06-02,5049.62897947
2016-06-03,5025.65975006
2016-06-06,5041.17730402
2016-06-07,5029.42428329
2016-06-08,5038.48995647
2016-06-09,5029.64120601
2016-06-10,4972.08574356
2016-06-13,4929.54351453
2016-06-14,4932.56451022
2016-06-15,4915.60461460
2016-06-16,4932.01835135
2016-06-17,4876.44366155
2016-06-20,4905.17991655
2016-06-21,4919.94627966
2016-06-22,4910.28986228
2016-06-23,4980.24793342
2016-06-24,4777.60304081
2016-06-27,4683.24113613
2016-06-28,4783.17064530
2016-06-29,4866.14699144
2016-06-30,4925.19181934
2016-07-01,4947.84617730
2016-07-05,4919.33690815
2016-07-06,4957.20760205
2016-07-07,4973.80552095
2016-07-08,5050.59018495
2016-07-11,5079.97379048
2016-07-12,5105.51718566
2016-07-13,5092.31024338
2016-07-14,5126.62352208
2016-07-15,5119.19519621
2016-07-18,5152.49008385
2016-07-19,5134.20304314
2016-07-20,5194.33709340
2016-07-21,5182.97848367
2016-07-22,5204.31524497
2016-07-25,5204.15558378
2016-07-26,5211.05257813
2016-07-27,5245.37481335
2016-07-28,5266.56220258
2016-07-29,5276.40280473
2016-08-01,5305.19114715
2016-08-02,5264.44530878
2016-08-03,5282.54475328
2016-08-04,5296.13002671
2016-08-05,5349.04587526
2016-08-08,5341.82648377
2016-08-09,5354.19405554
2016-08-10,5340.74442579
2016-08-11,5363.01750712
2016-08-12,5367.21772346
2016-08-15,5390.31556583
2016-08-16,5359.71063471
2016-08-17,5369.33566324
2016-08-18,5373.06482001
2016-08-19,5370.34465361
2016-08-22,5373.04851715
2016-08-23,5384.43550957
2016-08-24,5346.15828992
2016-08-25,5337.14981422
2016-08-26,5346.39123125
2016-08-29,5355.62676063
2016-08-30,5338.75717555
2016-08-31,5333.28698831
2016-09-01,5347.68908467
2016-09-02,5364.23593998
2016-09-06,5398.63321967
2016-09-07,5401.49220075
2016-09-08,5370.34392360
2016-09-09,5233.44348870
2016-09-12,5326.73443423
2016-09-13,5279.99482092
2016-09-14,5306.57441658
2016-09-15,5389.31976083
2016-09-16,5387.25890204
2016-09-19,5362.86186227
2016-09-20,5373.09173018
2016-09-21,5427.42897045
2016-09-22,5469.55651876
2016-09-23,5433.26605749
2016-09-26,5386.59074063
2016-09-27,5441.98542826
2016-09-28,5452.00036108
2016-09-29,5410.70015225
2016-09-30,5452.52161612
2016-10-03,5444.28004705
2016-10-04,5436.27243220
2016-10-05,5456.85965829
2016-10-06,5452.58044377
2016-10-07,5442.06288138
2016-10-10,5474.77986067
2016-10-11,5394.39511125
2016-10-12,5391.84595483
2016-10-13,5373.35002369
2016-10-14,5379.37230054
2016-10-17,5365.59470092
2016-10-18,5414.31671262
2016-10-19,5410.83603776
2016-10-20,5406.47320797
2016-10-21,5427.98155815
2016-10-24,5492.98931475
2016-10-25,5472.27676523
2016-10-26,5437.75052984
2016-10-27,5410.73782584
2016-10-28,5376.38008698
2016-10-31,5371.54420866
2016-11-01,5333.13209660
2016-11-02,5288.53772781
2016-11-03,5239.74283553
2016-11-04,5218.94258943
2016-11-07,5345.83637839
2016-11-08,5380.76548582
2016-11-09,5403.48895407
2016-11-10,5315.96570666
2016-11-11,5321.47884208
2016-11-14,5266.31493950
2016-11-15,5340.10995291
2016-11-16,5371.34345733
2016-11-17,5409.92960327
2016-11-18,5389.26723337
2016-11-21,5446.49715465
2016-11-22,5463.49245774
2016-11-23,5441.16813084
2016-11-25,5459.27773184
2016-11-28,5445.62936767
2016-11-29,5463.87018787
2016-11-30,5394.74387451
2016-12-01,5308.71414310
2016-12-02,5314.63101547
2016-12-05,5358.15725453
2016-12-06,5369.96614473
2016-12-07,5441.16587177
2016-12-08,5449.29239067
2016-12-09,5490.46912155
2016-12-12,5466.30893462
2016-12-13,5535.99085230
2016-12-14,5520.00338166
2016-12-15,5533.67460678
2016-12-16,5512.87578597
2016-12-19,5535.46979519
2016-12-20,5556.73256676
2016-12-21,5551.23853618
2016-12-22,5534.95819980
2016-12-23,5541.27613570
2016-12-27,5570.19832340
2016-12-28,5526.30574461
2016-12-29,5517.32754907
2016-12-30,5456.64061817
2017-01-03,5510.17247095
2017-01-04,5540.46082884
2017-01-05,5571.59874829
2017-01-06,5618.95416174
2017-01-09,5638.95497427
2017-01-10,5650.47807551
2017-01-11,5667.35883680
2017-01-12,5657.50176662
2017-01-13,5677.79456185
2017-01-17,5661.12188844
2017-01-18,5673.68930822
2017-01-19,5668.43332936
2017-01-20,5681.93250137
2017-01-23,5684.74192874
2017-01-24,5724.42726653
2017-01-25,5780.99437419
2017-01-26,5787.11096984
2017-01-27,5800.09416145
2017-01-30,5756.93767938
2017-01-31,5742.89014441
2017-02-01,5783.20500263
2017-02-02,5777.60947943
2017-02-03,5794.44646526
2017-02-06,5801.67266426
2017-02-07,5822.13820198
2017-02-08,5834.36700587
2017-02-09,5854.86565415
2017-02-10,5871.26908370
2017-02-13,5906.42509454
2017-02-14,5925.62645990
2017-02-15,5960.88155788
2017-02-16,5958.98589953
2017-02-17,5986.16408841
2017-02-21,6015.39890627
2017-02-22,6017.30523039
2017-02-23,5995.11876887
2017-02-24,6007.58483761
2017-02-27,6013.10885025
2017-02-28,5993.80953989
2017-03-01,6062.83430063
2017-03-02,6031.64784482
2017-03-03,6043.14062151
2017-03-06,6028.40626523
2017-03-07,6018.28642248
2017-03-08,6028.24592219
2017-03-09,6032.94440470
2017-03-10,6057.59470656
2017-03-13,6067.74362248
2017-03-14,6054.45782754
2017-03-15,6092.79973366
2017-03-16,6088.50144828
2017-03-17,6084.77113109
2017-03-20,6090.06510253
2017-03-21,5999.19146982
2017-03-22,6038.59218265
2017-03-23,6024.62861672
2017-03-24,6034.58763352
2017-03-27,6046.15024930
2017-03-28,6083.42346080
2017-03-29,6109.81070318
2017-03-30,6120.47037512
2017-03-31,6116.52183655
2017-04-03,6112.71365554
2017-04-04,6123.36896659
2017-04-05,6098.73887169
2017-04-06,6101.47512936
2017-04-07,6098.64951557
2017-04-10,6102.37501954
2017-04-11,6076.17173139
2017-04-12,6052.12024938
2017-04-13,6025.73242431
2017-04-17,6077.06857159
2017-04-18,6068.58196129
2017-04-19,6077.56395570
2017-04-20,6126.97087554
2017-04-21,6125.30191450
2017-04-24,6199.66106478
2017-04-25,6244.86434052
2017-04-26,6236.86383684
2017-04-27,6271.40957459
2017-04-28,6285.19565242
2017-05-01,6337.09114731
2017-05-02,6353.34205622
2017-05-03,6333.33857484
2017-05-04,6334.64229650
2017-05-05,6356.91031705
2017-05-08,6371.72579111
2017-05-09,6393.79508959
2017-05-10,6397.80522724
2017-05-11,6392.71481717
2017-05-12,6407.08625984
2017-05-15,6427.82169269
2017-05-16,6453.65309133
2017-05-17,6292.48627566
2017-05-18,6344.20968278
2017-05-19,6372.83990619
2017-05-22,6426.78570462
2017-05-23,6431.47828253
2017-05-24,6461.95424574
2017-05-25,6516.16517336
2017-05-26,6528.42991009
2017-05-30,6535.59599060
2017-05-31,6529.02028381
2017-06-01,6560.27347854
2017-06-02,6633.58688431
2017-06-05,6629.93505764
2017-06-06,6605.85642833
2017-06-07,6630.23168907
2017-06-08,6638.92496476
2017-06-09,6477.21651199
2017-06-12,6439.12844682
2017-06-13,6488.42209573
2017-06-14,6461.16681040
2017-06-15,6432.03036143
2017-06-16,6410.13529393
2017-06-19,6512.70057248
2017-06-20,6460.89910941
2017-06-21,6524.17654978
2017-06-22,6521.32867280
2017-06-23,6547.54527260
2017-06-26,6518.75458742
2017-06-27,6399.16792900
2017-06-28,6491.50222962
2017-06-29,6378.65350351
2017-06-30,6372.50083751
2017-07-03,6316.11941892
2017-07-05,6376.07194924
2017-07-06,6318.69136341
2017-07-07,6384.79722011
2017-07-10,6427.33164091
2017-07-11,6444.99361951
2017-07-12,6523.04855790
2017-07-13,6539.30904415
2017-07-14,6589.79529705
2017-07-17,6591.66147704
2017-07-18,6637.21680945
2017-07-19,6677.92780338
2017-07-20,6683.64051740
2017-07-21,6683.98095439
2017-07-24,6706.47154075
2017-07-25,6694.36716470
2017-07-26,6717.04232024
2017-07-27,6679.48643818
2017-07-28,6670.57631138
2017-07-31,6638.30214842
2017-08-01,6655.05983588
2017-08-02,6676.57586931
2017-08-03,6651.86363527
2017-08-04,6661.75400752
2017-08-07,6701.07368772
2017-08-08,6692.15456614
2017-08-09,6684.29477304
2017-08-10,6539.42869455
2017-08-11,6588.48493961
2017-08-14,6675.15338060
2017-08-15,6678.46365397
2017-08-16,6690.81182291
2017-08-17,6554.04286194
2017-08-18,6548.01423958
2017-08-21,6543.12157926
2017-08-22,6641.72353943
2017-08-23,6617.41734801
2017-08-24,6597.80547608
2017-08-25,6584.33970892
2017-08-28,6602.75417405
2017-08-29,6630.24332732
2017-08-30,6710.27841898
2017-08-31,6773.28083870
2017-09-01,6772.48491822
2017-09-05,6710.08667345
2017-09-06,6730.95400835
2017-09-07,6746.29423589
2017-09-08,6688.67188818
2017-09-11,6764.63351629
2017-09-12,6782.12511811
2017-09-13,6792.01751550
2017-09-14,6752.53032199
2017-09-15,6774.23030324
2017-09-18,6766.85606935
2017-09-19,6778.30425144
2017-09-20,6758.53478998
2017-09-21,6714.75949967
2017-09-22,6711.82615280
2017-09-25,6638.31585881
2017-09-26,6654.14237121
2017-09-27,6718.01478927
2017-09-28,6713.17293200
2017-09-29,6765.48120938
2017-10-02,6768.44489751
2017-10-03,6784.04859635
2017-10-04,6789.75657609
2017-10-05,6855.75107006
2017-10-06,6864.25792075
2017-10-09,6857.42077957
2017-10-10,6863.06962876
2017-10-11,6883.13570631
2017-10-12,6870.38886325
2017-10-13,6895.81578193
2017-10-16,6920.79929371
2017-10-17,6929.95014110
2017-10-18,6920.60217128
2017-10-19,6896.00014497
2017-10-20,6914.33681304
2017-10-23,6867.94831777
2017-10-24,6882.05910465
2017-10-25,6853.56197761
2017-10-26,6834.12819944
2017-10-27,7032.88091143
2017-10-30,7049.47312372
2017-10-31,7073.45485508
2017-11-01,7073.55502134
2017-11-02,7059.70743756
2017-11-03,7126.71204878
2017-11-06,7148.38377721
2017-11-07,7156.50151572
2017-11-08,7184.89561586
2017-11-09,7147.01732537
2017-11-10,7147.14972964
2017-11-13,7155.29229602
2017-11-14,7129.94096401
2017-11-15,7093.69069743
2017-11-16,7187.05639628
2017-11-17,7159.29894477
2017-11-20,7152.74939499
2017-11-21,7232.25972229
2017-11-22,7241.20793609
2017-11-24,7267.47725299
2017-11-27,7263.71139331
2017-11-28,7283.35799660
2017-11-29,7157.66200744
2017-11-30,7219.39653909
2017-12-01,7187.99268567
2017-12-04,7103.87088740
2017-12-05,7105.55016622
2017-12-06,7137.24111754
2017-12-07,7163.85813320
2017-12-08,7195.94517469
2017-12-11,7251.88302106
2017-12-12,7240.27346310
2017-12-13,7252.76580762
2017-12-14,7248.11003927
2017-12-15,7334.78636573
2017-12-18,7388.74702825
2017-12-19,7351.94481533
2017-12-20,7342.65924745
2017-12-21,7342.89202104
2017-12-22,7334.35875168
2017-12-26,7298.05244909
2017-12-27,7300.31010473
2017-12-28,7307.91996117
2017-12-29,7256.86843717
2018-01-02,7387.97594017
2018-01-03,7461.11462952
2018-01-04,7472.49240138
2018-01-05,7550.47088352
2018-01-08,7576.95920946
2018-01-09,7578.53807159
2018-01-10,7561.20048697
2018-01-11,7613.21574914
2018-01-12,7670.01416027
2018-01-16,7645.72373760
2018-01-17,7728.73467657
2018-01-18,7729.97702770
2018-01-19,7756.02355789
2018-01-22,7837.67542524
2018-01-23,7902.57242376
2018-01-24,7852.51305101
2018-01-25,7849.05384728
2018-01-26,7970.10605159
2018-01-29,7930.77653857
2018-01-30,7866.13316409
2018-01-31,7888.24041188
2018-02-01,7833.21226715
2018-02-02,7672.93420876
2018-02-05,7372.92036024
2018-02-06,7567.46914695
2018-02-07,7472.58204096
2018-02-08,7159.35277421
2018-02-09,7283.56211390
2018-02-12,7409.91802685
2018-02-13,7444.00736041
2018-02-14,7586.33298061
2018-02-15,7722.80827752
2018-02-16,7695.23711490
2018-02-20,7705.69205064
2018-02-21,7682.79355999
2018-02-22,7685.98098818
2018-02-23,7839.14303777
2018-02-26,7944.28015031
2018-02-27,7844.23901668
2018-02-28,7792.33549593
2018-03-01,7674.24653722
2018-03-02,7743.02255693
2018-03-05,7822.87732337
2018-03-06,7859.03961351
2018-03-07,7877.68379006
2018-03-08,7921.07073934
2018-03-09,8074.28916067
2018-03-12,8108.33274535
2018-03-13,8012.45988574
2018-03-14,8006.17155209
2018-03-15,7995.52795852
2018-03-16,7983.08152899
2018-03-19,7806.73982741
2018-03-20,7830.84265917
2018-03-21,7794.63595846
2018-03-22,7599.92859678
2018-03-23,7401.84444206
2018-03-26,7681.33531050
2018-03-27,7426.58364112
2018-03-28,7348.82466244
2018-03-29,7485.67765235
2018-04-02,7269.23381424
2018-04-03,7347.45194526
2018-04-04,7464.19373824
2018-04-05,7503.76552939
2018-04-06,7319.86476506
2018-04-09,7364.48886485
2018-04-10,7527.80073226
2018-04-11,7490.90214770
2018-04-12,7573.74967573
2018-04-13,7541.98949439
2018-04-16,7595.28177745
2018-04-17,7755.93319803
2018-04-18,7775.09903755
2018-04-19,7708.73429237
2018-04-20,7586.83015033
2018-04-23,7565.27047262
2018-04-24,7406.35855273
2018-04-25,7411.92482174
2018-04-26,7566.34682345
2018-04-27,7574.09673010
2018-04-30,7516.38930494
2018-05-01,7603.31367534
2018-05-02,7560.66297309
2018-05-03,7559.55256723
2018-05-04,7704.51936792
2018-05-07,7764.61487277
2018-05-08,7757.54119258
2018-05-09,7846.48733495
2018-05-10,7926.79715848
2018-05-11,7917.99071724
2018-05-14,7931.74750220
2018-05-15,7845.37656058
2018-05-16,7896.92404987
2018-05-17,7865.94150740
2018-05-18,7825.70487195
2018-05-21,7870.64763927
2018-05-22,7857.07064075
2018-05-23,7925.81073765
2018-05-24,7921.32887516
2018-05-25,7934.11775785
2018-05-29,7895.85436785
2018-05-30,7952.96273503
2018-05-31,7943.13351867
2018-06-01,8075.59539217
2018-06-04,8143.58999600
2018-06-05,8170.19666174
2018-06-06,8219.59268021
2018-06-07,8155.43609410
2018-06-08,8155.19743054
2018-06-11,8173.36420688
2018-06-12,8219.77403587
2018-06-13,8215.29644286
2018-06-14,8300.79978519
2018-06-15,8273.61985952
2018-06-18,8268.66157952
2018-06-19,8242.92587951
2018-06-20,8302.98122742
2018-06-21,8230.88852816
2018-06-22,8208.10742582
2018-06-25,8026.39323201
2018-06-26,8060.63375512
2018-06-27,7948.27864315
2018-06-28,8019.40202375
2018-06-29,8029.89195082
2018-07-02,8095.79842101
2018-07-03,8000.82586945
2018-07-05,8101.04292650
2018-07-06,8222.29767491
2018-07-09,8300.73610643
2018-07-10,8308.26285607
2018-07-11,8264.20462495
2018-07-12,8403.69536972
2018-07-13,8414.60892619
2018-07-16,8394.16748756
2018-07-17,8446.63781591
2018-07-18,8430.93367744
2018-07-19,8387.84599490
2018-07-20,8385.41532953
2018-07-23,8410.00409155
2018-07-24,8449.43988026
2018-07-25,8566.19312737
2018-07-26,8443.16554566
2018-07-27,8324.55428509
2018-07-30,8206.87306304
2018-07-31,8251.50985467
2018-08-01,8298.18047316
2018-08-02,8411.46046801
2018-08-03,8438.09140580
2018-08-06,8489.22833502
2018-08-07,8516.31704930
2018-08-08,8524.67341673
2018-08-09,8521.77430567
2018-08-10,8458.37947217
2018-08-13,8450.33112090
2018-08-14,8502.96586563
2018-08-15,8400.61863414
2018-08-16,8424.66355988
2018-08-17,8428.85400970
2018-08-20,8421.93942133
2018-08-21,8451.54127421
2018-08-22,8483.30404228
2018-08-23,8471.05862516
2018-08-24,8552.83000271
2018-08-27,8637.07265081
2018-08-28,8649.76994103
2018-08-29,8752.74638352
2018-08-30,8733.35400918
2018-08-31,8746.93357261
2018-09-04,8711.01315748
2018-09-05,8597.80131783
2018-09-06,8519.01170878
2018-09-07,8492.82943751
2018-09-10,8512.73536428
2018-09-11,8582.04904567
2018-09-12,8559.49186275
2018-09-13,8644.68349230
2018-09-14,8626.17447087
2018-09-17,8499.54340826
2018-09-18,8568.65087320
2018-09-19,8563.99024387
2018-09-20,8653.98428355
2018-09-21,8610.58000400
2018-09-24,8630.79292325
2018-09-25,8647.30637713
2018-09-26,8647.18358463
2018-09-27,8723.74346558
2018-09-28,8721.54524267
2018-10-01,8741.90159920
2018-10-02,8723.12829482
2018-10-03,8733.58871908
2018-10-04,8566.55234189
2018-10-05,8462.47682398
2018-10-08,8409.65472201
2018-10-09,8431.26901258
2018-10-10,8057.12641330
2018-10-11,7965.09011848
2018-10-12,8186.04168611
2018-10-15,8084.77659784
2018-10-16,8322.39675414
2018-10-17,8324.91851032
2018-10-18,8139.01052316
2018-10-19,8128.88224149
2018-10-22,8167.74641977
2018-10-23,8142.08268415
2018-10-24,7765.18942422
2018-10-25,8025.09264346
2018-10-26,7837.53252411
2018-10-29,7679.11829829
2018-10-30,7789.91566013
2018-10-31,7969.75453900
2018-11-01,8086.52000366
2018-11-02,7967.69353257
2018-11-05,7935.47568043
2018-11-06,7996.05842395
2018-11-07,8241.22592402
2018-11-08,8194.75051001
2018-11-09,8058.20875807
2018-11-12,7817.74801282
2018-11-13,7819.81786971
2018-11-14,7753.99213732
2018-11-15,7893.82283728
2018-11-16,7867.02555335
2018-11-19,7610.40778569
2018-11-20,7477.87451831
2018-11-21,7534.12317503
2018-11-23,7478.76507367
2018-11-26,7651.83277728
2018-11-27,7677.83855334
2018-11-28,7921.37858444
2018-11-29,7897.71986263
2018-11-30,7962.59175181
2018-12-03,8092.21052888
2018-12-04,7786.53054503
2018-12-06,7838.71833905
2018-12-07,7580.16348378
2018-12-10,7659.78723495
2018-12-11,7684.42416647
2018-12-12,7752.87549153
2018-12-13,7758.64569772
2018-12-14,7560.31077161
2018-12-17,7392.27857626
2018-12-18,7443.04114702
2018-12-19,7272.71877009
2018-12-20,7158.32069654
2018-12-21,6932.85929949
2018-12-24,6764.08054344
2018-12-26,7180.76131029
2018-12-27,7210.39578312
2018-12-28,7207.39255853
2018-12-31,7259.55199960
2019-01-02,7294.99505897
2019-01-03,7051.52412867
2019-01-04,7367.60996411
2019-01-07,7442.83824209
2019-01-08,7515.78821866
2019-01-09,7571.94968311
2019-01-10,7595.17624790
2019-01-11,7572.75373932
2019-01-14,7503.51490055
2019-01-15,7651.03801981
2019-01-16,7649.80364673
2019-01-17,7707.03588680
2019-01-18,7782.92499318
2019-01-22,7624.85442752
2019-01-23,7638.56326750
2019-01-24,7688.78928990
2019-01-25,7786.09517720
2019-01-28,7682.52575217
2019-01-29,7608.77073923
2019-01-30,7810.55887928
2019-01-31,7924.35378339
2019-02-01,7888.41808051
2019-02-04,7985.29664045
2019-02-05,8058.36844522
2019-02-06,8030.62861902
2019-02-07,7924.60253790
2019-02-08,7937.28464476
2019-02-11,7932.87228574
2019-02-12,8053.98549720
2019-02-13,8055.37109768
2019-02-14,8064.49721604
2019-02-15,8102.16911199
2019-02-19,8115.29845874
2019-02-20,8114.14747148
2019-02-21,8082.92580074
2019-02-22,8146.64678952
2019-02-25,8175.21228265
2019-02-26,8184.16210601
2019-02-27,8177.37246404
2019-02-28,8156.98177106
2019-03-01,8219.09591827
2019-03-04,8218.24694781
2019-03-05,8225.08710157
2019-03-06,8174.98931137
2019-03-07,8077.58066588
2019-03-08,8064.71446212
2019-03-11,8235.22402887
2019-03-12,8278.05637671
2019-03-13,8342.08516608
2019-03-14,8327.14648968
2019-03-15,8400.88199458
2019-03-18,8423.06473612
2019-03-19,8449.68158292
2019-03-20,8486.98850266
2019-03-21,8616.36812968
2019-03-22,8424.09339512
2019-03-25,8413.63068292
2019-03-26,8452.94795969
2019-03-27,8403.85365139
2019-03-28,8418.61844827
2019-03-29,8485.66310294
2019-04-01,8600.25486257
2019-04-02,8625.67285644
2019-04-03,8677.81202952
2019-04-04,8674.49474412
2019-04-05,8718.52238549
2019-04-08,8742.56802534
2019-04-09,8706.74161371
2019-04-10,8756.21031390
2019-04-11,8737.11621760
2019-04-12,8775.37809571
2019-04-15,8776.49399420
2019-04-16,8805.95739451
2019-04-17,8835.85172060
2019-04-18,8846.20248674
2019-04-22,8873.55855911
2019-04-23,8985.52109105
2019-04-24,8955.27265980
2019-04-25,8992.66845730
2019-04-26,9004.07899756
2019-04-29,9018.29743084
2019-04-30,8952.14365212
2019-05-01,8918.08034084
2019-05-02,8886.13874937
2019-05-03,9026.88804444
2019-05-06,8968.98870241
2019-05-07,8791.88709941
2019-05-08,8766.35830914
2019-05-09,8726.66781833
2019-05-10,8734.51360941
2019-05-13,8432.52725543
2019-05-14,8522.40400228
2019-05-15,8642.60432982
2019-05-16,8732.14105755
2019-05-17,8644.64989387
2019-05-20,8498.52936618
2019-05-21,8584.38517762
2019-05-22,8549.66199268
2019-05-23,8419.96414163
2019-05-24,8411.93045838
2019-05-28,8385.90886765
2019-05-29,8315.16505798
2019-05-30,8349.29003428
2019-05-31,8213.94940350
2019-06-03,8041.16653805
2019-06-04,8258.65077558
2019-06-05,8321.85907459
2019-06-06,8386.75425798
2019-06-07,8549.75234996
2019-06-10,8647.41330297
2019-06-11,8661.33299159
2019-06-12,8613.43220987
2019-06-13,8659.26414859
2019-06-14,8622.86399126
2019-06-17,8677.58423887
2019-06-18,8803.11661711
2019-06-19,8840.40057244
2019-06-20,8921.47062323
2019-06-21,8911.90107031
2019-06-24,8905.25919859
2019-06-25,8753.64636717
2019-06-26,8794.59745844
2019-06-27,8829.83588937
2019-06-28,8846.01081384
2019-07-01,8957.94084947
2019-07-02,8995.49957257
2019-07-03,9063.97112790
2019-07-05,9045.06638744
2019-07-08,8981.02967252
2019-07-09,9028.53722488
2019-07-10,9116.83135532
2019-07-11,9109.18930969
2019-07-12,9162.78861620
2019-07-15,9190.11012314
2019-07-16,9144.14283459
2019-07-17,9099.94508472
2019-07-18,9117.67510693
2019-07-19,9037.80981998
2019-07-22,9118.81378644
2019-07-23,9175.85019417
2019-07-24,9240.63020603
2019-07-25,9147.49467179
2019-07-26,9247.95268490
2019-07-29,9215.80225590
2019-07-30,9174.34695538
2019-07-31,9055.05290524
2019-08-01,9000.12907834
2019-08-02,8875.13125606
2019-08-05,8555.43156467
2019-08-06,8678.95960843
2019-08-07,8714.71201642
2019-08-08,8914.32893759
2019-08-09,8827.09677962
2019-08-12,8729.44871761
2019-08-13,8921.74493236
2019-08-14,8651.43677000
2019-08-15,8645.49675499
2019-08-16,8783.20403372
2019-08-19,8916.73160287
2019-08-20,8853.98609340
2019-08-21,8933.95304662
2019-08-22,8904.24144766
2019-08-23,8624.21339638
2019-08-26,8751.40423906
2019-08-27,8741.01657632
2019-08-28,8766.52603474
2019-08-29,8899.44168443
2019-08-30,8886.50000637
2019-09-03,8792.49889966
2019-09-04,8919.29146496
2019-09-05,9086.34374968
2019-09-06,9074.78658441
2019-09-09,9051.51717405
2019-09-10,9031.10733025
2019-09-11,9116.19063030
2019-09-12,9152.07890476
2019-09-13,9124.02286574
2019-09-16,9077.15720464
2019-09-17,9119.20438079
2019-09-18,9118.93840661
2019-09-19,9134.23871877
2019-09-20,9044.92088461
2019-09-23,9039.20591158
2019-09-24,8913.75337992
2019-09-25,9021.84721843
2019-09-26,8985.37248371
2019-09-27,8881.37590838
2019-09-30,8960.02567685
2019-10-01,8885.54254875
2019-10-02,8731.33655262
2019-10-03,8834.53751535
2019-10-04,8968.36482037
2019-10-07,8934.85476385
2019-10-08,8795.06884211
2019-10-09,8894.98464186
2019-10-10,8952.62232402
2019-10-11,9072.34674477
2019-10-14,9070.56410389
2019-10-15,9186.82380606
2019-10-16,9160.63562533
2019-10-17,9186.00566481
2019-10-18,9100.81774489
2019-10-21,9183.90910770
2019-10-22,9107.90180988
2019-10-23,9125.08566051
2019-10-24,9214.56544788
2019-10-25,9286.85328023
2019-10-28,9381.06318478
2019-10-29,9308.00975922
2019-10-30,9350.09518120
2019-10-31,9351.56798385
2019-11-01,9441.03045438
2019-11-04,9498.38098239
2019-11-05,9497.86304689
2019-11-06,9483.00057353
2019-11-07,9514.08278372
2019-11-08,9556.24965348
2019-11-11,9540.07455156
2019-11-12,9565.92640604
2019-11-13,9561.44046595
2019-11-14,9560.61001989
2019-11-15,9627.99580994
2019-11-18,9643.16578012
2019-11-19,9655.04357580
2019-11-20,9595.63924264
2019-11-21,9574.63248638
2019-11-22,9582.16953564
2019-11-25,9697.86314439
2019-11-26,9714.00979147
2019-11-27,9782.62611094
2019-11-29,9735.22980899
2019-12-02,9625.92538251
2019-12-03,9562.76275620
2019-12-04,9611.99406171
2019-12-05,9627.88368330
2019-12-06,9730.98390246
2019-12-09,9690.86157282
2019-12-10,9681.24846080
2019-12-11,9737.23921626
2019-12-12,9813.07217481
2019-12-13,9837.30937274
2019-12-16,9933.07329996
2019-12-17,9939.29207090
2019-12-18,9944.99934015
2019-12-19,10015.31296552
2019-12-20,10059.83021335
2019-12-23,10080.13436911
2019-12-24,10084.43883198
2019-12-26,10175.85802375
2019-12-27,10167.35566602
2019-12-30,10096.91907217
2019-12-31,10123.98297555
2020-01-02,10287.29172745
2020-01-03,10196.48596406
2020-01-06,10259.80778272
2020-01-07,10258.50632433
2020-01-08,10334.94971411
2020-01-09,10424.70023116
2020-01-10,10398.03579900
2020-01-13,10518.64984755
2020-01-14,10475.48105934
2020-01-15,10478.08643949
2020-01-16,10581.67932657
2020-01-17,10638.19220716
2020-01-21,10629.95291838
2020-01-22,10655.40375080
2020-01-23,10688.34820784
2020-01-24,10600.77601668
2020-01-27,10381.26991401
2020-01-28,10542.17419867
2020-01-29,10554.56000021
2020-01-30,10595.66794894
2020-01-31,10428.24980220
2020-02-03,10584.49730345
2020-02-04,10825.57857606
2020-02-05,10864.90171285
2020-02-06,10957.85360531
2020-02-07,10908.94161563
2020-02-10,11043.56921390
2020-02-11,11044.82140007
2020-02-12,11155.45679171
2020-02-13,11136.24295713
2020-02-14,11168.73543189
2020-02-18,11176.64860642
2020-02-19,11283.78955143
2020-02-20,11178.51064858
2020-02-21,10968.19311115
2020-02-24,10542.08164500
2020-02-25,10257.89034722
2020-02-26,10303.19555984
2020-02-27,9796.48479357
2020-02-28,9825.85950972
2020-03-02,10309.08399114
2020-03-03,9980.06466098
2020-03-04,10392.86572961
2020-03-05,10072.04468505
2020-03-06,9907.90121580
2020-03-09,9231.60883679
2020-03-10,9724.36031351
2020-03-11,9299.08201666
2020-03-12,8439.11598422
2020-03-13,9289.24175173
2020-03-16,8156.69573763
2020-03-17,8683.68453443
2020-03-18,8336.55081288
2020-03-19,8468.24429095
2020-03-20,8127.87099613
2020-03-23,8142.54377670
2020-03-24,8778.28142999
2020-03-25,8680.42199594
2020-03-26,9177.23394813
2020-03-27,8818.42984683
2020-03-30,9168.36745199
2020-03-31,9081.81728857
2020-04-01,8701.49091876
2020-04-02,8877.22891260
2020-04-03,8752.19764704
2020-04-06,9395.75456844
2020-04-07,9358.13748337
2020-04-08,9567.67913374
2020-04-09,9578.28616911
2020-04-13,9687.81600044
2020-04-14,10106.04442160
2020-04-15,9989.54876800
2020-04-16,10182.40378644
2020-04-17,10269.11836478
2020-04-20,10145.99046925
2020-04-21,9769.85813657
2020-04-22,10074.04714863
2020-04-23,10047.14647761
2020-04-24,10215.98272229
2020-04-27,10275.50619881
2020-04-28,10089.40889052
2020-04-29,10444.21855368
2020-04-30,10465.21007470
2020-05-01,10137.90454550
2020-05-04,10272.71492387
2020-05-05,10384.93763551
2020-05-06,10449.63857670
2020-05-07,10586.35499742
2020-05-08,10727.39929854
2020-05-11,10818.93779417
2020-05-12,10602.09035171
2020-05-13,10471.35028324
2020-05-14,10581.80828123
2020-05-15,10650.78436436
2020-05-18,10859.41806387
2020-05-19,10821.17944100
2020-05-20,11042.10074579
2020-05-21,10917.56522374
2020-05-22,10959.47135527
2020-05-26,10931.51784063
2020-05-27,10992.28338905
2020-05-28,10963.84590605
2020-05-29,11125.59280628
2020-06-01,11176.08031110
2020-06-02,11244.09887572
2020-06-03,11300.11802504
2020-06-04,11214.61975653
2020-06-05,11441.39592324
2020-06-08,11531.22100314
2020-06-09,11607.68027049
2020-06-10,11755.67872228
2020-06-11,11168.19204339
2020-06-12,11256.32298049
2020-06-15,11388.07982638
2020-06-16,11589.17045636
2020-06-17,11627.74090365
2020-06-18,11662.18936427
2020-06-19,11659.71060470
2020-06-22,11801.47062110
2020-06-23,11894.07023529
2020-06-24,11652.78310940
2020-06-25,11768.27375629
2020-06-26,11474.14616386
2020-06-29,11604.86584697
2020-06-30,11834.05082515
2020-07-01,11976.65824694
2020-07-02,12051.39685433
2020-07-06,12356.89875514
2020-07-07,12263.61963377
2020-07-08,12429.89631003
2020-07-09,12532.59685937
2020-07-10,12627.85234665
2020-07-13,12355.02041061
2020-07-14,12456.76784836
2020-07-15,12470.93652145
2020-07-16,12383.28206324
2020-07-17,12405.14316446
2020-07-20,12762.73013461
2020-07-21,12624.05403931
2020-07-22,12667.96365145
2020-07-23,12329.82957324
2020-07-24,12216.25853559
2020-07-27,12439.28367625
2020-07-28,12273.95242728
2020-07-29,12426.00742573
2020-07-30,12488.52183730
2020-07-31,12710.65188986
2020-08-03,12884.53666504
2020-08-04,12932.86106175
2020-08-05,12966.54326452
2020-08-06,13133.85595745
2020-08-07,12988.20705423
2020-08-10,12925.21296915
2020-08-11,12681.41765542
2020-08-12,13009.91713487
2020-08-13,13034.42177899
2020-08-14,13019.43092459
2020-08-17,13164.17671226
2020-08-18,13293.46547075
2020-08-19,13203.44006171
2020-08-20,13388.46361464
2020-08-21,13479.58809441
2020-08-24,13562.48595682
2020-08-25,13674.04523204
2020-08-26,13966.11481513
2020-08-27,13913.53495023
2020-08-28,13995.06990617
2020-08-31,14129.18197177
2020-09-01,14341.98166536
2020-09-02,14491.78663752
2020-09-03,13735.98443753
2020-09-04,13561.84346589
2020-09-08,12915.52898520
2020-09-09,13297.79188863
2020-09-10,13016.22641249
2020-09-11,12938.36393068
2020-09-14,13161.91793751
2020-09-15,13349.94605429
2020-09-16,13126.71456286
2020-09-17,12932.22557915
2020-09-18,12764.20429910
2020-09-21,12816.16144540
2020-09-22,13056.78213280
2020-09-23,12644.71426952
2020-09-24,12718.47251644
2020-09-25,13015.71705047
2020-09-28,13264.70283307
2020-09-29,13217.00427427
2020-09-30,13328.02255923
2020-10-01,13522.53747328
2020-10-02,13140.19530160
2020-10-05,13435.98512665
2020-10-06,13182.94008916
2020-10-07,13430.36383758
2020-10-08,13486.28957197
2020-10-09,13690.50313997
2020-10-12,14113.45359259
2020-10-13,14107.69169182
2020-10-14,13993.49205869
2020-10-15,13892.16481336
2020-10-16,13837.98543294
2020-10-19,13583.67013686
2020-10-20,13634.44357208
2020-10-21,13619.88402489
2020-10-22,13617.02145775
2020-10-23,13651.64870341
2020-10-26,13432.25236789
2020-10-27,13542.50120107
2020-10-28,13009.87099537
2020-10-29,13254.13852793
2020-10-30,12906.65935045
2020-11-02,12943.92938433
2020-11-03,13171.81392001
2020-11-04,13752.29603822
2020-11-05,14105.94326154
2020-11-06,14124.61183745
2020-11-09,13820.00275280
2020-11-10,13579.84700695
2020-11-11,13893.68535783
2020-11-12,13816.82678437
2020-11-13,13947.82297516
2020-11-16,14036.08181048
2020-11-17,13994.14282108
2020-11-18,13902.17612632
2020-11-19,14008.31447400
2020-11-20,13915.99381990
2020-11-23,13915.40969854
2020-11-24,14118.68500542
2020-11-25,14203.87792138
2020-11-27,14327.99869927
2020-11-30,14339.93836237
2020-12-01,14558.58327783
2020-12-02,14560.69031877
2020-12-03,14575.31071953
2020-12-04,14647.03936813
2020-12-07,14726.57178688
2020-12-08,14772.67967276
2020-12-09,14455.75079981
2020-12-10,14499.59124135
2020-12-11,14468.80388040
2020-12-14,14571.43898582
2020-12-15,14727.78144570
2020-12-16,14812.25018275
2020-12-17,14910.34625929
2020-12-18,14895.77565905
2020-12-21,14839.73386320
2020-12-22,14871.99571725
2020-12-23,14796.65696403
2020-12-24,14864.41680672
2020-12-28,15013.92850220
2020-12-29,15019.34316443
2020-12-30,15022.08650405
2020-12-31,15072.28705810
2021-01-04,14847.75448710
2021-01-05,14975.04295433
2021-01-06,14765.63866214
2021-01-07,15135.78422203
2021-01-08,15329.71765293
2021-01-11,15092.60166424
2021-01-12,15080.43724418
2021-01-13,15175.81867075
2021-01-14,15088.15443414
2021-01-15,14977.31309782
2021-01-19,15202.61051743
2021-01-20,15553.43210126
2021-01-21,15680.39189090
2021-01-22,15635.25208919
2021-01-25,15771.98762104
2021-01-26,15780.05311437
2021-01-27,15338.43310159
2021-01-28,15442.40346958
2021-01-29,15120.81556518
2021-02-01,15499.29226740
2021-02-02,15741.90884708
2021-02-03,15679.03372185
2021-02-04,15866.63882339
2021-02-05,15919.88278886
2021-02-08,16026.59281693
2021-02-09,16017.83716995
2021-02-10,15980.60191240
2021-02-11,16074.52379587
2021-02-12,16160.47418919
2021-02-16,16120.76228339
2021-02-17,16038.37899590
2021-02-18,15966.24111153
2021-02-19,15899.94233703
2021-02-22,15481.93567708
2021-02-23,15447.94476955
2021-02-24,15574.10362403
2021-02-25,15019.87617720
2021-02-26,15115.02391489
2021-03-01,15552.34778324
2021-03-02,15291.30526332
2021-03-03,14851.25444183
2021-03-04,14596.20369467
2021-03-05,14836.16274339
2021-03-08,14403.52027473
2021-03-09,14983.99365165
2021-03-10,14934.30968103
2021-03-11,15287.75489923
2021-03-12,15154.02139363
2021-03-15,15324.28087427
2021-03-16,15406.20144010
2021-03-17,15464.88986430
2021-03-18,14980.83973725
2021-03-19,15073.84311127
2021-03-22,15331.01939146
2021-03-23,15250.50817312
2021-03-24,14994.05341459
2021-03-25,14972.53279046
2021-03-26,15205.20265422
2021-03-29,15189.53390556
2021-03-30,15109.01077361
2021-03-31,15337.62120215
2021-04-01,15616.54078936
2021-04-05,15933.31813885
2021-04-06,15911.65657362
2021-04-07,15956.47071447
2021-04-08,16122.69216699
2021-04-09,16224.31608667
2021-04-12,16194.19441773
2021-04-13,16390.06142954
2021-04-14,16176.56008226
2021-04-15,16437.04641237
2021-04-16,16455.46073019
2021-04-19,16298.15078743
2021-04-20,16182.87630986
2021-04-21,16330.35555884
2021-04-22,16127.86064358
2021-04-23,16337.92708295
2021-04-26,16437.20758675
2021-04-27,16360.00153215
2021-04-28,16291.25504707
2021-04-29,16372.07121648
2021-04-30,16244.98120671
2021-05-03,16173.62359291
2021-05-04,15874.69758890
2021-05-05,15826.29639857
2021-05-06,15957.48102002
2021-05-07,16085.09918682
2021-05-10,15662.38766380
2021-05-11,15653.67161416
2021-05-12,15244.40658324
2021-05-13,15371.03045913
2021-05-14,15705.43863406
2021-05-17,15611.48674807
2021-05-18,15499.81410151
2021-05-19,15527.16281414
2021-05-20,15828.29404287
2021-05-21,15731.69288008
2021-05-24,16001.56707958
2021-05-25,16020.30910473
2021-05-26,16073.38113586
2021-05-27,16021.91630585
2021-05-28,16055.69681663
2021-06-01,16018.30880945
2021-06-02,16044.26258103
2021-06-03,15874.70215581
2021-06-04,16157.58008058
2021-06-07,16195.39082282
2021-06-08,16204.74339261
2021-06-09,16209.65378708
2021-06-10,16380.76029921
2021-06-11,16425.29174378
2021-06-14,16579.38888015
2021-06-15,16464.86615685
2021-06-16,16409.24618164
2021-06-17,16621.41421406
2021-06-18,16487.37076381
2021-06-21,16592.06140468
2021-06-22,16748.37446161
2021-06-23,16752.86603432
2021-06-24,16860.50788328
2021-06-25,16836.20630671
2021-06-28,17047.22306153
2021-06-29,17103.84059800
2021-06-30,17083.11140647
2021-07-01,17089.27602057
2021-07-02,17287.91423241
2021-07-06,17358.28191299
2021-07-07,17386.66598081
2021-07-08,17282.95208690
2021-07-09,17405.19402648
2021-07-12,17466.00199822
2021-07-13,17462.07239905
2021-07-14,17492.47332380
2021-07-15,17368.32879406
2021-07-16,17235.30360326
2021-07-19,17080.00783422
2021-07-20,17290.28251053
2021-07-21,17424.60837744
2021-07-22,17539.10945389
2021-07-23,17741.75919565
2021-07-26,17758.58321839
2021-07-27,17560.19282847
2021-07-28,17631.95989654
2021-07-29,17667.92372147
2021-07-30,17564.35333167
2021-08-02,17568.72980786
2021-08-03,17683.55411633
2021-08-04,17709.34758476
2021-08-05,17826.51548935
2021-08-06,17744.63468143
2021-08-09,17772.98886906
2021-08-10,17679.58743826
2021-08-11,17649.91635524
2021-08-12,17723.21426122
2021-08-13,17779.43544867
2021-08-16,17785.61480772
2021-08-17,17623.71903350
2021-08-18,17456.94295580
2021-08-19,17547.06872799
2021-08-20,17733.45877292
2021-08-23,17992.24564725
2021-08-24,18045.03002608
2021-08-25,18058.50732113
2021-08-26,17952.60272255
2021-08-27,18134.06377673
2021-08-30,18336.58933628
2021-08-31,18311.17808445
2021-09-01,18346.26908875
2021-09-02,18339.51157262
2021-09-03,18396.76935287
2021-09-07,18423.68961128
2021-09-08,18359.14593246
2021-09-09,18289.35400317
2021-09-10,18147.96287925
2021-09-13,18140.71197282
2021-09-14,18081.72490207
2021-09-15,18223.51809385
2021-09-16,18238.06371860
2021-09-17,18023.61990609
2021-09-20,17645.96744423
2021-09-21,17666.11367677
2021-09-22,17840.96671555
2021-09-23,18005.62949354
2021-09-24,18021.10684249
2021-09-27,17874.59655924
2021-09-28,17363.77719052
2021-09-29,17343.90823762
2021-09-30,17269.99472824
2021-10-01,17390.20612921
2021-10-04,17016.22729924
2021-10-05,17255.18065281
2021-10-06,17364.07831810
2021-10-07,17517.67938293
2021-10-08,17427.85811321
2021-10-11,17302.01327007
2021-10-12,17241.31356646
2021-10-13,17373.59399584
2021-10-14,17700.28546435
2021-10-15,17811.40931556
2021-10-18,17992.46017425
2021-10-19,18121.61022825
2021-10-20,18095.72621097
2021-10-21,18214.35626392
2021-10-22,18056.16760916
2021-10-25,18243.48756567
2021-10-26,18296.74903469
2021-10-27,18342.49971313
2021-10-28,18554.32616493
2021-10-29,18640.96681897
2021-11-01,18705.42146277
2021-11-02,18784.68291587
2021-11-03,18986.97645739
2021-11-04,19226.09202670
2021-11-05,19244.61098491
2021-11-08,19217.14339526
2021-11-09,19081.05983267
2021-11-10,18806.90990043
2021-11-11,18862.08773233
2021-11-12,19060.34189919
2021-11-15,19049.05423373
2021-11-16,19191.02112014
2021-11-17,19192.81770173
2021-11-18,19398.97292844
2021-11-19,19505.32935538
2021-11-22,19279.04777635
2021-11-23,19191.73268956
2021-11-24,19264.51509722
2021-11-26,18861.71673250
2021-11-29,19301.76259533
2021-11-30,18992.07153989
2021-12-01,18689.23417305
2021-12-02,18824.59696933
2021-12-03,18496.48222758
2021-12-06,18654.49374868
2021-12-07,19219.03674904
2021-12-08,19299.88154874
2021-12-09,19012.28408438
2021-12-10,19227.02611249
2021-12-13,18933.37665170
2021-12-14,18737.62042239
2021-12-15,19178.77579303
2021-12-16,18677.62286144
2021-12-17,18604.06419975
2021-12-20,18399.41807872
2021-12-21,18824.12509888
2021-12-22,19052.39902649
2021-12-23,19203.20645654
2021-12-27,19508.52566903
2021-12-28,19415.69151025
2021-12-29,19418.45656066
2021-12-30,19346.17945171
2021-12-31,19217.94429080
2022-01-03,19431.89415191
2022-01-04,19173.87454757
2022-01-05,18575.95400846
2022-01-06,18568.45916119
2022-01-07,18364.74384705
2022-01-10,18390.93665273
2022-01-11,18661.47781792
2022-01-12,18733.29318973
2022-01-13,18251.00148493
2022-01-14,18387.60122852
2022-01-18,17915.48994665
2022-01-19,17723.60472029
2022-01-20,17486.40912685
2022-01-21,17005.79281107
2022-01-24,17089.63250706
2022-01-25,16665.07635077
2022-01-26,16692.91710727
2022-01-27,16493.10310801
2022-01-28,17026.54269995
2022-01-31,17586.57866593
2022-02-01,17692.37721239
2022-02-02,17833.80382626
2022-02-03,17081.97991514
2022-02-04,17314.38461669
2022-02-07,17169.48233955
2022-02-08,17376.60395817
2022-02-09,17742.30305653
2022-02-10,17329.16637118
2022-02-11,16796.96947753
2022-02-14,16815.87414921
2022-02-15,17230.97544424
2022-02-16,17214.30023743
2022-02-17,16705.89736869
2022-02-18,16514.99782118
2022-02-22,16351.39903497
2022-02-23,15925.71815584
2022-02-24,16476.75460407
2022-02-25,16729.93574586
2022-02-28,16787.29214633
2022-03-01,16514.00239774
2022-03-02,16795.35008654
2022-03-03,16551.40832667
2022-03-04,16318.63903811
2022-03-07,15707.24343384
2022-03-08,15646.24769397
2022-03-09,16206.10249742
2022-03-10,16029.11404184
2022-03-11,15688.07421118
2022-03-14,15389.09236943
2022-03-15,15875.24301779
2022-03-16,16462.92676145
2022-03-17,16653.79776988
2022-03-18,17009.41385381
2022-03-21,16959.66516425
2022-03-22,17287.91043802
2022-03-23,17043.96138932
2022-03-24,17419.28651908
2022-03-25,17405.85507082
2022-03-28,17680.83906035
2022-03-29,17978.02581864
2022-03-30,17780.72467344
2022-03-31,17506.11742098
2022-04-01,17532.91979141
2022-04-04,17884.92940869
2022-04-05,17488.62323327
2022-04-06,17108.94765047
2022-04-07,17147.86469194
2022-04-08,16906.87467577
2022-04-11,16509.13791563
2022-04-12,16450.17668900
2022-04-13,16777.57636264
2022-04-14,16395.14041809
2022-04-18,16415.84935510
2022-04-19,16769.27565369
2022-04-20,16519.42064750
2022-04-21,16191.26710432
2022-04-22,15762.20841834
2022-04-25,15970.32216764
2022-04-26,15352.76299122
2022-04-27,15345.26178651
2022-04-28,15880.00405823
2022-04-29,15170.44072267
2022-05-02,15431.30270394
2022-05-03,15448.32828680
2022-05-04,15974.46140416
2022-05-05,15167.86548704
2022-05-06,14986.77357137
2022-05-09,14390.08037970
2022-05-10,14576.94136558
2022-05-11,14130.64175259
2022-05-12,14106.65248531
2022-05-13,14628.95255968
2022-05-16,14460.48754188
2022-05-17,14839.04755600
2022-05-18,14091.71356044
2022-05-19,14030.37553401
2022-05-20,13983.11015018
2022-05-23,14217.93421945
2022-05-24,13905.51054110
2022-05-25,14111.48018235
2022-05-26,14505.37278517
2022-05-27,14984.24519515
2022-05-31,14937.99318410
2022-06-01,14828.31297258
2022-06-02,15237.46486503
2022-06-03,14829.89072722
2022-06-06,14891.01966853
2022-06-07,15023.59628792
2022-06-08,14909.59840072
2022-06-09,14501.99881708
2022-06-10,13985.54072588
2022-06-13,13341.97808016
2022-06-14,13371.71935917
2022-06-15,13705.17753084
2022-06-16,13154.07652838
2022-06-17,13317.69959000
2022-06-21,13651.74900707
2022-06-22,13629.23172788
2022-06-23,13830.18072051
2022-06-24,14312.76299331
2022-06-27,14197.36465361
2022-06-28,13759.35153533
2022-06-29,13784.20344809
2022-06-30,13601.81658821
2022-07-01,13698.72376748
2022-07-05,13931.94452998
2022-07-06,14017.90603635
2022-07-07,14321.29009202
2022-07-08,14341.37798095
2022-07-11,14027.47065324
2022-07-12,13891.10798154
2022-07-13,13871.64249403
2022-07-14,13918.79512969
2022-07-15,14173.35171848
2022-07-18,14047.83577428
2022-07-19,14487.71564935
2022-07-20,14712.74380764
2022-07-21,14925.31146689
2022-07-22,14661.63258684
2022-07-25,14581.14200645
2022-07-26,14295.72336096
2022-07-27,14904.33375162
2022-07-28,15042.51805517
2022-07-29,15316.04330201
2022-08-01,15307.53616679
2022-08-02,15261.18775643
2022-08-03,15677.16109474
2022-08-04,15747.69218097
2022-08-05,15628.30530124
2022-08-08,15570.87975465
2022-08-09,15392.72481353
2022-08-10,15831.10113624
2022-08-11,15730.86119444
2022-08-12,16055.88471283
2022-08-15,16175.78797338
2022-08-16,16138.10118978
2022-08-17,15948.62715949
2022-08-18,15991.15112350
2022-08-19,15679.65208328
2022-08-22,15262.45280883
2022-08-23,15252.09319449
2022-08-24,15295.22482497
2022-08-25,15563.11381327
2022-08-26,14925.58270928
2022-08-29,14783.00040331
2022-08-30,14615.64847740
2022-08-31,14533.28864737
2022-09-01,14538.40426987
2022-09-02,14329.86941468
2022-09-06,14226.71417925
2022-09-07,14520.65245223
2022-09-08,14594.41763903
2022-09-09,14910.79419459
2022-09-12,15090.16253842
2022-09-13,14254.09515864
2022-09-14,14375.33682821
2022-09-15,14130.21294707
2022-09-16,14051.89258773
2022-09-19,14160.76263670
2022-09-20,14040.23649517
2022-09-21,13789.16184374
2022-09-22,13627.85021223
2022-09-23,13402.24810729
2022-09-26,13334.55498653
2022-09-27,13355.45336915
2022-09-28,13618.58435441
2022-09-29,13229.75717110
2022-09-30,13000.39979178
2022-10-03,13306.71655417
2022-10-04,13728.35118675
2022-10-05,13717.26157731
2022-10-06,13613.69024346
2022-10-07,13085.17206374
2022-10-10,12951.82084247
2022-10-11,12791.07155643
2022-10-12,12784.27676629
2022-10-13,13078.19200162
2022-10-14,12673.38256152
2022-10-17,13112.50810763
2022-10-18,13213.50093537
2022-10-19,13160.92255835
2022-10-20,13093.74990318
2022-10-21,13406.22801737
2022-10-24,13548.38204130
2022-10-25,13832.53648130
2022-10-26,13519.73052007
2022-10-27,13266.27108531
2022-10-28,13688.04058674
2022-10-31,13521.31492029
2022-11-01,13383.06586353
2022-11-02,12929.48208692
2022-11-03,12673.86592642
2022-11-04,12875.98664690
2022-11-07,13018.26768173
2022-11-08,13116.47533264
2022-11-09,12808.16527490
2022-11-10,13767.10389329
2022-11-11,14017.45715473
2022-11-14,13881.36238134
2022-11-15,14083.28773077
2022-11-16,13884.45936629
2022-11-17,13858.25796574
2022-11-18,13858.44857474
2022-11-21,13712.16095831
2022-11-22,13915.73711000
2022-11-23,14051.81471654
2022-11-25,13953.67705871
2022-11-28,13753.93664657
2022-11-29,13654.22105079
2022-11-30,14280.64066845
2022-12-01,14296.82800117
2022-12-02,14240.77718397
2022-12-05,13994.60030275
2022-12-06,13713.11481946
2022-12-07,13651.02608615
2022-12-08,13818.04328393
2022-12-09,13729.97713015
2022-12-12,13899.90542525
2022-12-13,14051.91637915
2022-12-14,13942.68422752
2022-12-15,13472.76957605
2022-12-16,13352.24146120
2022-12-19,13165.49352201
2022-12-20,13151.03994291
2022-12-21,13345.18044846
2022-12-22,13012.92988695
2022-12-23,13047.73373252
2022-12-27,12854.21386461
2022-12-28,12684.48544520
2022-12-29,13007.82988805
2022-12-30,12994.57330120
2023-01-03,12904.35094984
2023-01-04,12968.18095873
2023-01-05,12762.34042631
2023-01-06,13117.76421800
2023-01-09,13198.92875813
2023-01-10,13314.58071538
2023-01-11,13548.35091654
2023-01-12,13616.18238987
2023-01-13,13713.45817412
2023-01-17,13732.11737815
2023-01-18,13557.57275407
2023-01-19,13421.38692840
2023-01-20,13805.59624577
2023-01-23,14106.82238461
2023-01-24,14076.04919352
2023-01-25,14038.07719508
2023-01-26,14319.43175510
2023-01-27,14456.21753909
2023-01-30,14155.50399934
2023-01-31,14380.73900480
2023-02-01,14691.33209480
2023-02-02,15214.71143052
2023-02-03,14941.87829644
2023-02-06,14814.48206985
2023-02-07,15127.96709175
2023-02-08,14851.61510360
2023-02-09,14717.10670486
2023-02-10,14629.39340900
2023-02-13,14864.23455441
2023-02-14,14971.03637616
2023-02-15,15091.52101482
2023-02-16,14799.79435285
2023-02-17,14699.76327219
2023-02-21,14345.43444780
2023-02-22,14352.80676250
2023-02-23,14489.94909119
2023-02-24,14240.60503018
2023-02-27,14345.73930124
2023-02-28,14327.20912104
2023-03-01,14205.01380091
2023-03-02,14334.00922269
2023-03-03,14626.68818498
2023-03-06,14640.58465154
2023-03-07,14461.82039999
2023-03-08,14536.98762034
2023-03-09,14277.19523838
2023-03-10,14080.10163362
2023-03-13,14190.79035807
2023-03-14,14522.14101419
2023-03-15,14583.48595174
2023-03-16,14976.38690108
2023-03-17,14903.16212457
2023-03-20,14954.02860806
2023-03-21,15169.19628617
2023-03-22,14961.70165729
2023-03-23,15154.66637122
2023-03-24,15199.68636968
2023-03-27,15087.80160275
2023-03-28,15013.39239517
2023-03-29,15293.71985242
2023-03-30,15434.11016666
2023-03-31,15693.91225206
2023-04-03,15654.62170195
2023-04-04,15600.51744738
2023-04-05,15442.68307836
2023-04-06,15556.70416015
2023-04-10,15543.17199989
2023-04-11,15439.46657411
2023-04-12,15301.54767202
2023-04-13,15612.43072287
2023-04-14,15576.85421149
2023-04-17,15586.61719154
2023-04-18,15591.47533961
2023-04-19,15587.80946418
2023-04-20,15465.45941060
2023-04-21,15483.07041579
2023-04-24,15446.13912028
2023-04-25,15154.77794747
2023-04-26,15251.93109602
2023-04-27,15672.98275546
2023-04-28,15775.35730146
2023-05-01,15758.25940347
2023-05-02,15617.95392857
2023-05-03,15518.56607718
2023-05-04,15462.99810215
2023-05-05,15793.85449312
2023-05-08,15832.57945318
2023-05-09,15725.25633787
2023-05-10,15900.58924822
2023-05-11,15952.22787113
2023-05-12,15896.73714612
2023-05-15,15984.12489719
2023-05-16,15999.18297451
2023-05-17,16199.73856623
2023-05-18,16492.89662484
2023-05-19,16456.04004527
2023-05-22,16511.18250117
2023-05-23,16299.92538037
2023-05-24,16219.11572089
2023-05-25,16617.55663920
2023-05-26,17046.83442305
2023-05-30,17114.62148321
2023-05-31,16995.55959583
2023-06-01,17221.11806541
2023-06-02,17347.00148843
2023-06-05,17359.48084445
2023-06-06,17361.43900396
2023-06-07,17057.68375720
2023-06-08,17274.46786619
2023-06-09,17326.72469668
2023-06-12,17631.96270069
2023-06-13,17771.55966342
2023-06-14,17898.12867260
2023-06-15,18112.56725002
2023-06-16,17991.43233513
2023-06-20,17975.01020719
2023-06-21,17735.54761907
2023-06-22,17944.15061235
2023-06-23,17764.21542199
2023-06-26,17522.69732068
2023-06-27,17829.13930045
2023-06-28,17851.40818934
2023-06-29,17823.00359362
2023-06-30,18108.43132359
2023-07-03,18145.05780258
2023-07-05,18141.10594642
2023-07-06,18004.75104761
2023-07-07,17942.40708749
2023-07-10,17952.89153953
2023-07-11,18040.50210717
2023-07-12,18265.02500611
2023-07-13,18580.93259998
2023-07-14,18573.32113125
2023-07-17,18749.53707183
2023-07-18,18902.35897457
2023-07-19,18884.46168383
2023-07-20,18454.60063214
2023-07-21,18406.37708303
2023-07-24,18433.04166294
2023-07-25,18568.34785484
2023-07-26,18494.49136894
2023-07-27,18453.52050268
2023-07-28,18796.49764247
2023-07-31,18803.74335129
2023-08-01,18757.43110167
2023-08-02,18343.00844856
2023-08-03,18322.48523885
2023-08-04,18229.44697442
2023-08-07,18388.54979003
2023-08-08,18227.66512735
2023-08-09,18024.54530839
2023-08-10,18059.30918984
2023-08-11,17941.83830972
2023-08-14,18154.79400403
2023-08-15,17954.28359985
2023-08-16,17765.88256225
2023-08-17,17575.74921109
2023-08-18,17551.55323608
2023-08-21,17840.75804254
2023-08-22,17807.64431126
2023-08-23,18093.63198075
2023-08-24,17698.22297346
2023-08-25,17847.99530082
2023-08-28,17980.14671009
2023-08-29,18367.34740821
2023-08-30,18471.63033649
2023-08-31,18521.39441753
2023-09-01,18510.02422953
2023-09-05,18530.84878693
2023-09-06,18367.46481625
2023-09-07,18233.32019016
2023-09-08,18259.26046892
2023-09-11,18476.30684262
2023-09-12,18271.42924086
2023-09-13,18341.68255432
2023-09-14,18493.43215310
2023-09-15,18168.95839613
2023-09-18,18196.41498197
2023-09-19,18155.61613658
2023-09-20,17894.01212270
2023-09-21,17564.48418494
2023-09-22,17572.67612458
2023-09-25,17653.71767858
2023-09-26,17387.07629414
2023-09-27,17428.11597172
2023-09-28,17576.01079382
2023-09-29,17590.92776732
2023-10-02,17737.15821699
2023-10-03,17416.30301881
2023-10-04,17668.16353117
2023-10-05,17605.21816652
2023-10-06,17904.36913787
2023-10-09,17992.75135924
2023-10-10,18093.63200075
2023-10-11,18224.68217831
2023-10-12,18156.50508024
2023-10-13,17930.52522586
2023-10-16,18142.91172999
2023-10-17,18082.26263827
2023-10-18,17827.86226585
2023-10-19,17677.05916920
2023-10-20,17411.30154183
2023-10-23,17463.88307574
2023-10-24,17632.49087316
2023-10-25,17197.28361234
2023-10-26,16871.95012426
2023-10-27,16956.66848945
2023-10-30,17143.91826441
2023-10-31,17232.74527719
2023-11-01,17538.05012618
2023-11-02,17843.26936192
2023-11-03,18058.78695835
2023-11-06,18126.04081437
2023-11-07,18294.79426270
2023-11-08,18315.39315005
2023-11-09,18168.25787424
2023-11-10,18579.10853831
2023-11-13,18524.79788873
2023-11-14,18920.53431192
2023-11-15,18931.04758772
2023-11-16,18952.07135926
2023-11-17,18957.84136350
2023-11-20,19184.37928799
2023-11-21,19073.12886883
2023-11-22,19154.65626724
2023-11-24,19131.46601209
2023-11-27,19107.48595948
2023-11-28,19165.56014824
2023-11-29,19139.93335851
2023-11-30,19097.14875050
2023-12-01,19157.32908425
2023-12-04,18968.40428714
2023-12-05,19014.09495932
2023-12-06,18906.72317793
2023-12-07,19188.35295817
2023-12-08,19262.84478354
2023-12-11,19426.96961122
2023-12-12,19586.46966269
2023-12-13,19835.72489449
2023-12-14,19807.83286253
2023-12-15,19910.38416199
2023-12-18,20037.76940260
2023-12-19,20139.97442229
2023-12-20,19831.26319059
2023-12-21,20074.74913752
2023-12-22,20098.70273530
2023-12-26,20219.76676981
2023-12-27,20254.17632428
2023-12-28,20245.12686983
2023-12-29,20158.42122631
2024-01-02,19822.44452008
2024-01-03,19614.77021717
2024-01-04,19511.70641362
2024-01-05,19540.42708162
2024-01-08,19952.66570317
2024-01-09,19987.61882005
2024-01-10,20124.64377348
2024-01-11,20158.02562640
2024-01-12,20172.44895356
2024-01-16,20169.80206699
2024-01-17,20056.63786034
2024-01-18,20351.45366442
2024-01-19,20748.97999808
2024-01-22,20768.60396316
2024-01-23,20857.07602465
2024-01-24,20971.03461293
2024-01-25,20992.23373569
2024-01-26,20877.21335337
2024-01-29,21087.24461412
2024-01-30,20945.85736695
2024-01-31,20539.35536187
2024-02-01,20788.74127133
2024-02-02,21145.93994676
2024-02-05,21110.57043884
2024-02-06,21063.11042602
2024-02-07,21281.66474103
2024-02-08,21317.28484021
2024-02-09,21534.46320506
2024-02-12,21439.71568314
2024-02-13,21101.33829756
2024-02-14,21353.67080301
2024-02-15,21401.59755077
2024-02-16,21210.61272820
2024-02-20,21042.85079083
2024-02-21,20964.04476585
2024-02-22,21595.98907629
2024-02-23,21515.64730402
2024-02-26,21510.51669772
2024-02-27,21555.83582860
2024-02-28,21441.84473931
2024-02-29,21650.13050167
2024-03-01,21961.57381676
2024-03-04,21871.48724123
2024-03-05,21477.30711684
2024-03-06,21620.95495237
2024-03-07,21959.83529940
2024-03-08,21624.35539737
2024-03-11,21544.23466421
2024-03-12,21865.59791336
2024-03-13,21684.79923405
2024-03-14,21622.71450534
2024-03-15,21374.79066198
2024-03-18,21586.94751951
2024-03-19,21643.59816392
2024-03-20,21897.40491270
2024-03-21,21993.76806266
2024-03-22,22016.65815249
2024-03-25,21941.77182000
2024-03-26,21861.90570252
2024-03-27,21947.68757824
2024-03-28,21916.48965014
2024-04-01,21962.72428943
2024-04-02,21758.87150608
2024-04-03,21807.55383481
2024-04-04,21469.75110537
2024-04-05,21745.55814987
2024-04-08,21735.63440369
2024-04-09,21819.74829537
2024-04-10,21629.70997701
2024-04-11,21985.64437564
2024-04-12,21619.98205970
2024-04-15,21263.73654557
2024-04-16,21271.94066534
2024-04-17,21007.69661526
2024-04-18,20888.46210854
2024-04-19,20460.14646361
2024-04-22,20668.18659750
2024-04-23,20981.11854618
2024-04-24,21047.91589302
2024-04-25,20933.08913706
2024-04-26,21278.97554759
2024-04-29,21356.33701440
2024-04-30,20945.58066670
2024-05-01,20798.89146512
2024-05-02,21066.69693240
2024-05-03,21486.47038686
2024-05-06,21730.83155100
2024-05-07,21730.16002044
2024-05-08,21722.43128478
2024-05-09,21758.63484700
2024-05-10,21818.92712661
2024-05-13,21863.90077906
2024-05-14,22014.39788055
2024-05-15,22346.88182006
2024-05-16,22304.44734423
2024-05-17,22290.58078091
2024-05-20,22444.71359129
2024-05-21,22492.70987792
2024-05-22,22482.90614717
2024-05-23,22384.98923790
2024-05-24,22607.30722666
2024-05-28,22680.74031964
2024-05-29,22521.51236570
2024-05-30,22284.91187542
2024-05-31,22284.09097812
2024-06-03,22361.41831617
2024-06-04,22427.95613878
2024-06-05,22885.15925035
2024-06-06,22869.27199332
2024-06-07,22848.36476117
2024-06-10,22938.43832376
2024-06-11,23101.74746053
2024-06-12,23408.39842842
2024-06-13,23543.19241373
2024-06-14,23646.94272336
2024-06-17,23939.16309260
2024-06-18,23946.92709665
2024-06-20,23758.61266794
2024-06-21,23696.22606915
2024-06-24,23428.48486804
2024-06-25,23700.98101501
2024-06-26,23761.03512451
2024-06-27,23806.72507736
2024-06-28,23680.38747019
2024-07-01,23836.00989664
2024-07-02,24076.23263922
2024-07-03,24288.39330962
2024-07-05,24538.01271875
2024-07-08,24595.59180977
2024-07-09,24611.81551415
2024-07-10,24879.78280661
2024-07-11,24321.40393668
2024-07-12,24466.05033247
2024-07-15,24532.69671183
2024-07-16,24546.83254389
2024-07-17,23825.44282096
2024-07-18,23712.26811285
2024-07-19,23492.70782066
2024-07-22,23854.01109153
2024-07-23,23771.54686781
2024-07-24,22902.78351457
2024-07-25,22659.94177923
2024-07-26,22893.44744385
2024-07-29,22936.80598043
2024-07-30,22620.04638534
2024-07-31,23303.25492760
2024-08-01,22735.13849842
2024-08-02,22194.10242528
2024-08-05,21537.34849699
2024-08-06,21757.64194317
2024-08-07,21505.07735155
2024-08-08,22163.34340107
2024-08-09,22284.04669000
2024-08-12,22321.99735070
2024-08-13,22881.07801248
2024-08-14,22900.63191760
2024-08-15,23468.30291489
2024-08-16,23494.77930028
2024-08-19,23805.45111040
2024-08-20,23749.48861530
2024-08-21,23875.96613826
2024-08-22,23475.82837091
2024-08-23,23751.67338680
2024-08-26,23505.59092329
2024-08-27,23583.98040507
2024-08-28,23306.15606939
2024-08-29,23275.65205681
2024-08-30,23578.12680517
2024-09-03,22836.98043344
2024-09-04,22793.15525823
2024-09-05,22805.42533969
2024-09-06,22195.64277698
2024-09-09,22485.59023106
2024-09-10,22688.64860991
2024-09-11,23180.48139017
2024-09-12,23404.88725998
2024-09-13,23518.17250197
2024-09-16,23408.94846938
2024-09-17,23420.67506363
2024-09-18,23314.73138093
2024-09-19,23915.63373884
2024-09-20,23857.36269549
2024-09-23,23930.54396151
2024-09-24,24042.22198787
2024-09-25,24075.69046517
2024-09-26,24247.98344252
2024-09-27,24119.60262652
2024-09-30,24183.36239033
2024-10-01,23836.91809885
2024-10-02,23876.69461711
2024-10-03,23865.55130801
2024-10-04,24156.94645448
2024-10-07,23874.67296970
2024-10-08,24245.01015642
2024-10-09,24439.23563577
2024-10-10,24407.02480378
2024-10-11,24443.53746855
2024-10-14,24644.98907328
2024-10-15,24308.31189516
2024-10-16,24325.46194347
2024-10-17,24345.20665281
2024-10-18,24506.34144155
2024-10-21,24551.46742140
2024-10-22,24578.21050303
2024-10-23,24196.35250816
2024-10-24,24396.41139070
2024-10-25,24540.42714768
2024-10-28,24539.28509088
2024-10-29,24780.19211651
2024-10-30,24583.70166539
2024-10-31,23986.04754155
2024-11-01,24158.98121898
2024-11-04,24075.45228918
2024-11-05,24393.65155448
2024-11-06,25061.60983667
2024-11-07,25448.36083248
2024-11-08,25470.92537182
2024-11-11,25458.15439532
2024-11-12,25414.97538159
2024-11-13,25373.45729464
2024-11-14,25205.62867362
2024-11-15,24603.13848245
2024-11-18,24780.41277208
2024-11-19,24956.07499544
2024-11-20,24934.97414453
2024-11-21,25028.45528889
2024-11-22,25071.61934929
2024-11-25,25106.34076731
2024-11-26,25248.74395423
2024-11-27,25035.15485478
2024-11-29,25260.61469910
2024-12-02,25543.30352984
2024-12-03,25622.46723203
2024-12-04,25940.03465405
2024-12-05,25861.06283952
2024-12-06,26102.30436930
2024-12-09,25885.40735689
2024-12-10,25797.90469367
2024-12-11,26276.23392673
2024-12-12,26096.69134596
2024-12-13,26298.48223415
2024-12-16,26681.58874659
2024-12-17,26566.18482670
2024-12-18,25610.12810405
2024-12-19,25490.81753445
2024-12-20,25706.53395498
2024-12-23,25967.94693978
2024-12-24,26323.57104274
2024-12-26,26288.14021580
2024-12-27,25931.52955055
2024-12-30,25598.51947952
2024-12-31,25376.22192816
2025-01-02,25332.08117546
2025-01-03,25758.63482956
2025-01-06,26040.98401008
2025-01-07,25574.19551877
2025-01-08,25585.67405390
2025-01-10,25183.51579090
2025-01-13,25107.58487832
2025-01-14,25074.61556921
2025-01-15,25654.98238147
2025-01-16,25477.89125050
2025-01-17,25900.56859588
2025-01-21,26051.99150265
2025-01-22,26398.06635993
2025-01-23,26455.96910793
2025-01-24,26302.65345371
2025-01-27,25521.41134243
2025-01-28,25927.00210376
2025-01-29,25864.69513386
2025-01-30,25981.46535483
2025-01-31,25947.53271002
2025-02-03,25729.51297562
2025-02-04,26054.89602478
2025-02-05,26165.12998455
2025-02-06,26305.15000377
2025-02-07,25964.95079259
2025-02-10,26288.90404514
2025-02-11,26213.11723865
2025-02-12,26244.49914983
2025-02-13,26620.84372312
2025-02-14,26725.74743697
2025-02-18,26786.32062144
2025-02-19,26799.60494307
2025-02-20,26674.37247172
2025-02-21,26126.62175128
2025-02-24,25811.33205653
2025-02-25,25491.32307577
2025-02-26,25546.61625350
2025-02-27,24843.38702613
2025-02-28,25249.72858972
2025-03-03,24694.99976390
2025-03-04,24607.46645412
2025-03-05,24941.66494768
2025-03-06,24247.43097594
2025-03-07,24431.77370366
2025-03-10,23501.51243316
2025-03-11,23436.20864369
2025-03-12,23701.32036290
2025-03-13,23254.30984519
2025-03-14,23837.85805236
2025-03-17,23968.02797859
2025-03-18,23570.38448871
2025-03-19,23877.23790408
2025-03-20,23808.78822628
2025-03-21,23901.17579073
2025-03-24,24417.19130253
2025-03-25,24547.11684171
2025-03-26,24098.42789108
2025-03-27,23955.20742002
2025-03-28,23329.90215798
2025-03-31,23327.51918633
2025-04-01,23518.67456492
2025-04-02,23696.56936205
2025-04-03,22416.09956643
2025-04-04,21056.15839331
2025-04-07,21096.08235060
2025-04-08,20684.24579699
2025-04-09,23170.96966960
2025-04-10,22201.40915363
2025-04-11,22620.84364130
2025-04-14,22749.09619696
2025-04-15,22790.49666891
2025-04-16,22097.48996174
2025-04-17,22098.03334094
2025-04-21,21553.64431894
2025-04-22,22120.19950078
2025-04-23,22624.72088727
2025-04-24,23255.46679975
2025-04-25,23519.94161090
2025-04-28,23513.84348656
2025-04-29,23656.24895517
2025-04-30,23689.80783884
2025-05-01,23950.89159805
2025-05-02,24334.21303960
2025-05-05,24171.19266458
2025-05-06,23957.78997836
2025-05-07,24050.54905020
2025-05-08,24287.31786950
2025-05-09,24285.55779720
2025-05-12,25265.96125194
2025-05-13,25664.96142642
2025-05-14,25812.35580671
2025-05-15,25837.25288157
2025-05-16,25954.04480791
2025-05-19,25977.85213988
2025-05-20,25881.49194013
2025-05-21,25533.84162216
2025-05-22,25573.73121903
2025-05-23,25335.75539704
2025-05-27,25940.61573648
2025-05-28,25823.41166078
2025-05-29,25878.86862032
2025-05-30,25853.83612190
2025-06-02,26036.47093553
2025-06-03,26243.43018405
2025-06-04,26317.33825497
2025-06-05,26107.51797567
2025-06-06,26370.88040185
2025-06-09,26416.15252168
2025-06-10,26590.94035331
2025-06-11,26492.79478218
2025-06-12,26556.44175335
2025-06-13,26217.56349355
2025-06-16,26589.83870602
2025-06-17,26325.01359443
2025-06-18,26326.22887934
2025-06-20,26216.12715336
2025-06-23,26494.86941053
2025-06-24,26899.98685159
2025-06-25,26957.64120045
2025-06-26,27211.66647753
2025-06-27,27317.52656223
2025-06-30,27494.05004039
2025-07-01,27250.52830486
2025-07-02,27451.02279424
2025-07-03,27726.52755958
2025-07-07,27506.78095769
2025-07-08,27527.15143235
2025-07-09,27724.37701238
2025-07-10,27681.62380782
2025-07-11,27622.69853518
2025-07-14,27713.68202733
2025-07-15,27748.79334506
2025-07-16,27777.14080997
2025-07-17,27987.01077737
2025-07-18,27968.12668466
2025-07-21,28107.69666431
2025-07-22,27966.45103554
2025-07-23,28086.28756995
2025-07-24,28155.96108381
2025-07-25,28219.50296775
2025-07-28,28321.38916769
2025-07-29,28263.88963908
2025-07-30,28308.89124982
2025-07-31,28156.51730454
2025-08-01,27605.89495156
2025-08-04,28121.66551977
2025-08-05,27915.80700058
2025-08-06,28275.36828705
2025-08-07,28365.69981125
2025-08-08,28635.90120703
2025-08-11,28536.43556661
2025-08-12,28915.55529345
2025-08-13,28927.49452545
2025-08-14,28908.10846562
2025-08-15,28764.66717536
2025-08-18,28767.70798691
2025-08-19,28369.03358454
2025-08-20,28205.01683121
2025-08-21,28080.12922702
2025-08-22,28513.96396447
2025-08-25,28426.10744737
2025-08-26,28547.07578040
2025-08-27,28596.36140564
2025-08-28,28763.34001614
2025-08-29,28416.57759991
2025-09-02,28193.68774068
2025-09-03,28416.76228043
2025-09-04,28684.24164727
2025-09-05,28711.45428265
2025-09-08,28846.35341918
2025-09-09,28940.64328072
2025-09-10,28952.14473700
2025-09-11,29126.25461827
2025-09-12,29248.20704376
2025-09-15,29495.14206179
2025-09-16,29471.42822249
2025-09-17,29410.45205626
2025-09-18,29691.16505144
2025-09-19,29899.20708042
2025-09-22,30066.64551607
2025-09-23,29846.97689921
2025-09-24,29754.49145872
2025-09-25,29625.46478136
2025-09-26,29755.33404476
2025-09-29,29885.87823662
2025-09-30,29970.26311619
2025-10-01,30119.00179692
2025-10-02,30230.60966427
2025-10-03,30103.33078340
2025-10-06,30337.78344229
2025-10-07,30169.77244043
2025-10-08,30529.76127997
2025-10-09,30483.60434843
2025-10-10,29419.19656045
2025-10-13,30061.10968272
2025-10-14,29853.49516792
2025-10-15,30055.16546080
2025-10-16,29948.14070751
2025-10-17,30143.33799981
2025-10-20,30535.72520027
2025-10-21,30518.85859592
2025-10-22,30217.48973414
2025-10-23,30482.76629982
2025-10-24,30799.48909316
2025-10-27,31362.30497290
2025-10-28,31594.22158229
2025-10-29,31725.27490868
2025-10-30,31257.61242999
2025-10-31,31410.39097532
2025-11-03,31549.86166810
2025-11-04,30897.63103756
2025-11-05,31121.53994172
2025-11-06,30526.33237243
2025-11-07,30441.64164731
2025-11-10,31116.09210750
2025-11-11,31021.02409992
2025-11-12,31001.67215674
2025-11-13,30365.68011051
2025-11-14,30387.33095130
2025-11-17,30134.79660379
2025-11-18,29774.79891387
2025-11-19,29941.99810938
2025-11-20,29235.20712502
2025-11-21,29462.35006497
2025-11-24,30233.69100179
2025-11-25,30409.46839424
2025-11-26,30676.99567717
2025-11-28,30918.76780651
2025-12-01,30806.88339595
2025-12-02,31065.81674011
2025-12-03,31129.26631159
2025-12-04,31100.76699733
2025-12-05,31238.56240346
2025-12-08,31162.95349182
2025-12-09,31212.70205417
2025-12-10,31344.13554714
2025-12-11,31234.99654215
2025-12-12,30640.32502305
2025-12-15,30485.31007641
2025-12-16,30565.18067568
2025-12-17,29974.94586085
2025-12-18,30427.05913345
2025-12-19,30824.50629760
2025-12-22,30966.88316417
2025-12-23,31120.28229779
2025-12-24,31203.63704054
2025-12-26,31189.33866298
2025-12-29,31045.60502677
2025-12-30,30968.98126189
2025-12-31,30711.48557178
2026-01-02,30661.79667789
2026-01-05,30899.18796615
2026-01-06,31189.16917384
2026-01-07,31206.43105285
2026-01-08,31027.86533534
2026-01-09,31343.79270353
2026-01-12,31369.83168910
2026-01-13,31314.22614418
2026-01-14,30980.50302894
2026-01-15,31079.20234315
2026-01-16,31057.53382463
2026-01-20,30398.53410763
2026-01-21,30810.96113886
2026-01-22,31044.25858519
2026-01-23,31150.23797986
2026-01-26,31281.31303676
2026-01-27,31556.90264922
2026-01-28,31658.57142066
2026-01-29,31490.53608037
2026-01-30,31089.81022529
2026-02-02,31316.39446012
2026-02-03,30829.71906083
2026-02-04,30285.38536781
2026-02-05,29868.60399975
2026-02-06,30509.90932725
2026-02-09,30746.25607574
2026-02-10,30576.39832853
2026-02-11,30666.26960116
2026-02-12,30041.23341132
2026-02-13,30099.81161712
2026-02-17,30063.17785271
2026-02-18,30303.52885143
2026-02-19,30184.57542961
2026-02-20,30446.78344621
2026-02-23,30077.53348134
2026-02-24,30403.88726624
2026-02-25,30832.43447480
2026-02-26,30474.04067698
2026-02-27,30387.08416116
2026-03-02,30427.42483133
2026-03-03,30096.52977122
2026-03-04,30552.22472280
2026-03-05,30465.14812937
2026-03-06,30010.13691953
2026-03-09,30406.63726926
2026-03-10,30393.51300129
2026-03-11,30405.27531760
2026-03-12,29879.83811333
2026-03-13,29697.39863612
2026-03-16,30032.80476430
2026-03-17,30185.16098949
2026-03-18,29752.33858489
2026-03-19,29667.29280236
2026-03-20,29112.45192481
2026-03-23,29468.08524294
2026-03-24,29241.31428732
2026-03-25,29437.56355100
2026-03-26,28735.85047181
2026-03-27,28182.98531728
2026-03-30,27964.70396632
2026-03-31,28924.50702787
2026-04-01,29267.34727691
2026-04-02,29301.21526303
2026-04-06,29480.05256705
2026-04-07,29492.48884403
2026-04-08,30346.46135264
2026-04-09,30565.03369326
2026-04-10,30606.85775290
2026-04-13,30932.68604718
2026-04-14,31491.14750547
2026-04-15,31932.99455356
