Date,Close
1979-12-01,6474.06000000
1979-12-03,6475.55000000
1979-12-04,6487.65000000
1979-12-05,6507.65000000
1979-12-06,6502.96000000
1979-12-07,6461.34000000
1979-12-08,6472.75000000
1979-12-10,6452.14000000
1979-12-11,6443.98000000
1979-12-12,6501.24000000
1979-12-13,6493.63000000
1979-12-14,6509.77000000
1979-12-17,6491.25000000
1979-12-18,6478.38000000
1979-12-19,6477.11000000
1979-12-20,6526.13000000
1979-12-21,6535.94000000
1979-12-22,6507.89000000
1979-12-24,6522.87000000
1979-12-25,6546.44000000
1979-12-26,6531.23000000
1979-12-27,6528.83000000
1979-12-28,6569.47000000
1980-01-04,6560.16000000
1980-01-05,6583.03000000
1980-01-07,6552.65000000
1980-01-08,6563.28000000
1980-01-09,6591.83000000
1980-01-10,6594.01000000
1980-01-11,6615.51000000
1980-01-12,6634.42000000
1980-01-14,6659.55000000
1980-01-16,6653.26000000
1980-01-17,6656.30000000
1980-01-18,6649.30000000
1980-01-21,6666.27000000
1980-01-22,6684.59000000
1980-01-23,6694.19000000
1980-01-24,6746.93000000
1980-01-25,6767.71000000
1980-01-26,6764.01000000
1980-01-28,6763.61000000
1980-01-29,6770.83000000
1980-01-30,6776.60000000
1980-01-31,6768.16000000
1980-02-01,6777.64000000
1980-02-02,6796.53000000
1980-02-04,6794.21000000
1980-02-05,6765.12000000
1980-02-06,6800.33000000
1980-02-07,6795.62000000
1980-02-08,6816.03000000
1980-02-09,6827.61000000
1980-02-12,6828.05000000
1980-02-13,6835.99000000
1980-02-14,6839.86000000
1980-02-15,6827.71000000
1980-02-18,6756.60000000
1980-02-19,6763.09000000
1980-02-20,6806.01000000
1980-02-21,6776.51000000
1980-02-22,6783.22000000
1980-02-23,6788.00000000
1980-02-25,6751.29000000
1980-02-26,6739.43000000
1980-02-27,6777.34000000
1980-02-28,6743.99000000
1980-02-29,6764.89000000
1980-03-01,6778.29000000
1980-03-03,6793.56000000
1980-03-04,6778.27000000
1980-03-05,6794.04000000
1980-03-06,6736.09000000
1980-03-07,6625.18000000
1980-03-08,6633.34000000
1980-03-10,6507.16000000
1980-03-11,6535.67000000
1980-03-12,6609.46000000
1980-03-13,6604.39000000
1980-03-14,6593.40000000
1980-03-17,6562.66000000
1980-03-18,6578.21000000
1980-03-19,6584.76000000
1980-03-21,6571.77000000
1980-03-22,6545.44000000
1980-03-24,6567.25000000
1980-03-25,6531.26000000
1980-03-26,6535.88000000
1980-03-27,6481.02000000
1980-03-28,6475.93000000
1980-03-29,6527.09000000
1980-03-31,6556.19000000
1980-04-01,6502.80000000
1980-04-02,6562.99000000
1980-04-03,6614.20000000
1980-04-04,6688.64000000
1980-04-05,6703.91000000
1980-04-07,6737.06000000
1980-04-08,6682.54000000
1980-04-09,6708.24000000
1980-04-10,6730.51000000
1980-04-11,6751.96000000
1980-04-12,6767.67000000
1980-04-14,6808.17000000
1980-04-15,6805.78000000
1980-04-16,6770.37000000
1980-04-17,6798.78000000
1980-04-18,6811.39000000
1980-04-21,6810.67000000
1980-04-22,6799.01000000
1980-04-23,6843.85000000
1980-04-24,6830.31000000
1980-04-25,6904.81000000
1980-04-26,6875.73000000
1980-04-28,6875.66000000
1980-04-30,6865.56000000
1980-05-01,6865.08000000
1980-05-02,6882.65000000
1980-05-06,6856.08000000
1980-05-07,6834.84000000
1980-05-08,6757.70000000
1980-05-09,6808.38000000
1980-05-10,6760.77000000
1980-05-12,6754.94000000
1980-05-13,6766.94000000
1980-05-14,6747.74000000
1980-05-15,6746.51000000
1980-05-16,6733.00000000
1980-05-19,6634.33000000
1980-05-20,6707.30000000
1980-05-21,6822.18000000
1980-05-22,6836.89000000
1980-05-23,6839.89000000
1980-05-24,6828.04000000
1980-05-26,6831.92000000
1980-05-27,6826.50000000
1980-05-28,6849.05000000
1980-05-29,6841.40000000
1980-05-30,6855.70000000
1980-05-31,6865.66000000
1980-06-02,6862.70000000
1980-06-03,6826.18000000
1980-06-04,6795.63000000
1980-06-05,6821.24000000
1980-06-06,6814.50000000
1980-06-07,6834.37000000
1980-06-09,6823.04000000
1980-06-10,6783.24000000
1980-06-11,6826.01000000
1980-06-12,6814.72000000
1980-06-13,6821.81000000
1980-06-14,6842.19000000
1980-06-16,6852.61000000
1980-06-17,6798.50000000
1980-06-18,6824.95000000
1980-06-19,6791.88000000
1980-06-20,6813.85000000
1980-06-23,6860.89000000
1980-06-24,6806.37000000
1980-06-25,6761.25000000
1980-06-26,6800.53000000
1980-06-27,6825.03000000
1980-06-28,6837.43000000
1980-06-30,6870.70000000
1980-07-01,6824.35000000
1980-07-02,6819.45000000
1980-07-03,6863.84000000
1980-07-04,6846.09000000
1980-07-05,6796.95000000
1980-07-07,6708.49000000
1980-07-08,6755.54000000
1980-07-09,6789.71000000
1980-07-10,6794.24000000
1980-07-11,6787.96000000
1980-07-12,6802.61000000
1980-07-14,6779.36000000
1980-07-15,6793.37000000
1980-07-16,6816.15000000
1980-07-17,6810.41000000
1980-07-18,6819.78000000
1980-07-21,6842.49000000
1980-07-22,6836.10000000
1980-07-23,6837.47000000
1980-07-24,6795.98000000
1980-07-25,6810.49000000
1980-07-26,6820.52000000
1980-07-28,6816.71000000
1980-07-29,6811.38000000
1980-07-30,6821.10000000
1980-07-31,6819.63000000
1980-08-01,6788.30000000
1980-08-02,6793.63000000
1980-08-04,6753.40000000
1980-08-05,6760.85000000
1980-08-06,6739.97000000
1980-08-07,6739.89000000
1980-08-08,6771.52000000
1980-08-09,6766.79000000
1980-08-11,6778.54000000
1980-08-12,6801.68000000
1980-08-13,6834.32000000
1980-08-14,6824.00000000
1980-08-15,6836.82000000
1980-08-18,6835.78000000
1980-08-19,6864.55000000
1980-08-20,6878.76000000
1980-08-21,6853.69000000
1980-08-22,6886.16000000
1980-08-23,6910.52000000
1980-08-25,6922.99000000
1980-08-26,6906.05000000
1980-08-27,6930.66000000
1980-08-28,6879.83000000
1980-08-29,6914.08000000
1980-08-30,6910.87000000
1980-09-01,6889.54000000
1980-09-02,6915.40000000
1980-09-03,6927.27000000
1980-09-04,6917.56000000
1980-09-05,6943.69000000
1980-09-06,6919.96000000
1980-09-08,6938.42000000
1980-09-09,6937.98000000
1980-09-10,6956.21000000
1980-09-11,6978.89000000
1980-09-12,7000.04000000
1980-09-13,7017.62000000
1980-09-16,7020.16000000
1980-09-17,7031.51000000
1980-09-18,7035.84000000
1980-09-19,7041.66000000
1980-09-22,7046.51000000
1980-09-24,6972.62000000
1980-09-25,6989.84000000
1980-09-26,6998.52000000
1980-09-27,7015.16000000
1980-09-29,7060.75000000
1980-09-30,7076.46000000
1980-10-01,7123.08000000
1980-10-02,7119.40000000
1980-10-03,7142.24000000
1980-10-04,7153.80000000
1980-10-06,7155.98000000
1980-10-07,7149.91000000
1980-10-08,7115.33000000
1980-10-09,7130.30000000
1980-10-11,7145.04000000
1980-10-13,7160.26000000
1980-10-14,7157.80000000
1980-10-15,7174.27000000
1980-10-16,7151.78000000
1980-10-17,7169.26000000
1980-10-20,7175.33000000
1980-10-21,7165.36000000
1980-10-22,7143.86000000
1980-10-23,7130.89000000
1980-10-24,7117.07000000
1980-10-25,7098.92000000
1980-10-27,7089.19000000
1980-10-28,7088.44000000
1980-10-29,7113.53000000
1980-10-30,7124.78000000
1980-10-31,7150.75000000
1980-11-01,7148.91000000
1980-11-04,7149.37000000
1980-11-05,7176.39000000
1980-11-06,7188.28000000
1980-11-07,7150.33000000
1980-11-08,7150.23000000
1980-11-10,7166.77000000
1980-11-11,7134.50000000
1980-11-12,7149.85000000
1980-11-13,7154.41000000
1980-11-14,7159.56000000
1980-11-17,7126.16000000
1980-11-18,7102.48000000
1980-11-19,7135.94000000
1980-11-20,7126.73000000
1980-11-21,7117.90000000
1980-11-22,7130.00000000
1980-11-25,7145.43000000
1980-11-26,7186.30000000
1980-11-27,7172.17000000
1980-11-28,7123.62000000
1980-11-29,7165.45000000
1980-12-01,7160.29000000
1980-12-02,7143.06000000
1980-12-03,7141.20000000
1980-12-04,7149.47000000
1980-12-05,7136.60000000
1980-12-06,7123.52000000
1980-12-08,7125.13000000
1980-12-09,7115.10000000
1980-12-10,7098.85000000
1980-12-11,7042.41000000
1980-12-12,7033.70000000
1980-12-13,7033.17000000
1980-12-15,7042.67000000
1980-12-16,7036.76000000
1980-12-17,7038.10000000
1980-12-18,7063.54000000
1980-12-19,7060.52000000
1980-12-22,7050.79000000
1980-12-23,7023.57000000
1980-12-24,7042.00000000
1980-12-25,7031.87000000
1980-12-26,7063.13000000
1980-12-27,7116.38000000
1981-01-05,7150.95000000
1981-01-06,7137.59000000
1981-01-07,7200.77000000
1981-01-08,7222.14000000
1981-01-09,7248.13000000
1981-01-10,7262.57000000
1981-01-12,7251.88000000
1981-01-13,7246.80000000
1981-01-14,7244.78000000
1981-01-16,7255.85000000
1981-01-19,7296.08000000
1981-01-20,7289.98000000
1981-01-21,7315.33000000
1981-01-22,7293.28000000
1981-01-23,7267.52000000
1981-01-24,7247.61000000
1981-01-26,7249.42000000
1981-01-27,7285.03000000
1981-01-28,7279.41000000
1981-01-29,7215.12000000
1981-01-30,7254.01000000
1981-01-31,7284.15000000
1981-02-02,7322.06000000
1981-02-03,7291.31000000
1981-02-04,7288.41000000
1981-02-05,7278.44000000
1981-02-06,7264.11000000
1981-02-07,7264.98000000
1981-02-09,7239.90000000
1981-02-10,7261.53000000
1981-02-12,7261.49000000
1981-02-13,7207.22000000
1981-02-14,7160.82000000
1981-02-16,7165.52000000
1981-02-17,7135.91000000
1981-02-18,7157.00000000
1981-02-19,7121.65000000
1981-02-20,7100.81000000
1981-02-23,7095.26000000
1981-02-24,7111.23000000
1981-02-25,7121.66000000
1981-02-26,7120.24000000
1981-02-27,7146.53000000
1981-02-28,7149.57000000
1981-03-02,7155.58000000
1981-03-03,7137.12000000
1981-03-04,7134.39000000
1981-03-05,7094.03000000
1981-03-06,7081.19000000
1981-03-07,7064.99000000
1981-03-09,7068.73000000
1981-03-10,7059.41000000
1981-03-11,7044.87000000
1981-03-12,6986.39000000
1981-03-13,6956.52000000
1981-03-14,7046.51000000
1981-03-16,7124.33000000
1981-03-17,7120.39000000
1981-03-18,7176.67000000
1981-03-19,7196.80000000
1981-03-20,7220.94000000
1981-03-23,7293.57000000
1981-03-24,7318.19000000
1981-03-25,7325.96000000
1981-03-26,7307.27000000
1981-03-27,7303.04000000
1981-03-28,7278.32000000
1981-03-30,7304.69000000
1981-03-31,7334.31000000
1981-04-01,7389.99000000
1981-04-02,7416.97000000
1981-04-03,7421.19000000
1981-04-04,7388.89000000
1981-04-06,7447.74000000
1981-04-07,7458.36000000
1981-04-08,7508.52000000
1981-04-09,7491.82000000
1981-04-10,7517.31000000
1981-04-11,7530.85000000
1981-04-13,7536.96000000
1981-04-14,7514.88000000
1981-04-15,7461.20000000
1981-04-16,7418.74000000
1981-04-17,7438.80000000
1981-04-20,7484.71000000
1981-04-21,7497.36000000
1981-04-22,7533.22000000
1981-04-23,7523.72000000
1981-04-24,7534.41000000
1981-04-25,7547.73000000
1981-04-27,7588.03000000
1981-04-28,7623.81000000
1981-04-30,7674.19000000
1981-05-01,7575.61000000
1981-05-02,7557.68000000
1981-05-06,7465.30000000
1981-05-07,7440.52000000
1981-05-08,7495.25000000
1981-05-09,7547.61000000
1981-05-11,7551.19000000
1981-05-12,7480.24000000
1981-05-13,7390.64000000
1981-05-14,7467.45000000
1981-05-15,7486.84000000
1981-05-18,7451.89000000
1981-05-19,7264.01000000
1981-05-20,7371.27000000
1981-05-21,7487.46000000
1981-05-22,7541.02000000
1981-05-23,7526.08000000
1981-05-25,7560.77000000
1981-05-26,7576.18000000
1981-05-27,7529.20000000
1981-05-28,7502.03000000
1981-05-29,7539.69000000
1981-05-30,7558.65000000
1981-06-01,7589.95000000
1981-06-02,7504.49000000
1981-06-03,7480.58000000
1981-06-04,7413.24000000
1981-06-05,7430.37000000
1981-06-06,7402.77000000
1981-06-08,7334.97000000
1981-06-09,7375.27000000
1981-06-10,7484.52000000
1981-06-11,7569.30000000
1981-06-12,7634.86000000
1981-06-13,7649.44000000
1981-06-15,7711.73000000
1981-06-16,7696.52000000
1981-06-17,7705.30000000
1981-06-18,7712.01000000
1981-06-19,7714.57000000
1981-06-22,7668.86000000
1981-06-23,7705.41000000
1981-06-24,7706.61000000
1981-06-25,7692.84000000
1981-06-26,7726.00000000
1981-06-27,7768.62000000
1981-06-29,7851.73000000
1981-06-30,7867.42000000
1981-07-01,7894.93000000
1981-07-02,7904.56000000
1981-07-03,7925.34000000
1981-07-04,7927.59000000
1981-07-06,7927.36000000
1981-07-07,7826.47000000
1981-07-08,7916.38000000
1981-07-09,7895.16000000
1981-07-10,7912.98000000
1981-07-11,7913.21000000
1981-07-13,7923.86000000
1981-07-14,7878.96000000
1981-07-15,7853.95000000
1981-07-16,7887.38000000
1981-07-17,7876.89000000
1981-07-20,7840.16000000
1981-07-21,7756.76000000
1981-07-22,7760.84000000
1981-07-23,7717.07000000
1981-07-24,7743.08000000
1981-07-25,7794.72000000
1981-07-27,7816.76000000
1981-07-28,7784.84000000
1981-07-29,7823.56000000
1981-07-30,7831.35000000
1981-07-31,7828.26000000
1981-08-01,7833.47000000
1981-08-03,7815.97000000
1981-08-04,7820.06000000
1981-08-05,7888.53000000
1981-08-06,7906.10000000
1981-08-07,7968.93000000
1981-08-08,7978.37000000
1981-08-10,7978.47000000
1981-08-11,7985.64000000
1981-08-12,7938.89000000
1981-08-13,7953.57000000
1981-08-14,7976.40000000
1981-08-17,8019.14000000
1981-08-18,7949.38000000
1981-08-19,7961.52000000
1981-08-20,7972.96000000
1981-08-21,7995.23000000
1981-08-22,7938.07000000
1981-08-24,7917.53000000
1981-08-25,7817.22000000
1981-08-26,7852.29000000
1981-08-27,7796.39000000
1981-08-28,7726.59000000
1981-08-29,7798.25000000
1981-08-31,7815.78000000
1981-09-01,7735.71000000
1981-09-02,7678.17000000
1981-09-03,7678.46000000
1981-09-04,7662.59000000
1981-09-05,7606.30000000
1981-09-07,7604.17000000
1981-09-08,7594.71000000
1981-09-09,7629.17000000
1981-09-10,7583.27000000
1981-09-11,7543.45000000
1981-09-12,7505.05000000
1981-09-14,7542.82000000
1981-09-16,7506.33000000
1981-09-17,7539.27000000
1981-09-18,7548.57000000
1981-09-21,7522.60000000
1981-09-22,7492.96000000
1981-09-24,7364.03000000
1981-09-25,7363.06000000
1981-09-26,7339.96000000
1981-09-28,7037.12000000
1981-09-29,7357.68000000
1981-09-30,7455.50000000
1981-10-01,7365.91000000
1981-10-02,7377.13000000
1981-10-03,7377.52000000
1981-10-05,7499.75000000
1981-10-06,7506.01000000
1981-10-07,7545.88000000
1981-10-08,7522.51000000
1981-10-09,7516.22000000
1981-10-12,7587.80000000
1981-10-13,7583.17000000
1981-10-14,7494.13000000
1981-10-15,7352.49000000
1981-10-16,7231.42000000
1981-10-19,7076.65000000
1981-10-20,7109.92000000
1981-10-21,7253.99000000
1981-10-22,7216.29000000
1981-10-23,7262.19000000
1981-10-24,7245.00000000
1981-10-26,7261.80000000
1981-10-27,7280.58000000
1981-10-28,7321.98000000
1981-10-29,7428.25000000
1981-10-30,7449.46000000
1981-10-31,7499.42000000
1981-11-02,7539.63000000
1981-11-04,7572.15000000
1981-11-05,7546.50000000
1981-11-06,7536.53000000
1981-11-07,7489.28000000
1981-11-09,7516.35000000
1981-11-10,7528.21000000
1981-11-11,7502.58000000
1981-11-12,7505.02000000
1981-11-13,7569.51000000
1981-11-14,7621.20000000
1981-11-16,7674.92000000
1981-11-17,7648.60000000
1981-11-18,7667.31000000
1981-11-19,7655.26000000
1981-11-20,7647.43000000
1981-11-24,7602.69000000
1981-11-25,7650.79000000
1981-11-26,7664.69000000
1981-11-27,7555.23000000
1981-11-28,7565.76000000
1981-11-30,7549.33000000
1981-12-01,7521.73000000
1981-12-02,7566.17000000
1981-12-03,7624.98000000
1981-12-04,7716.13000000
1981-12-05,7759.31000000
1981-12-07,7789.16000000
1981-12-08,7752.43000000
1981-12-09,7743.12000000
1981-12-10,7746.91000000
1981-12-11,7730.88000000
1981-12-12,7691.40000000
1981-12-14,7654.17000000
1981-12-15,7680.89000000
1981-12-16,7674.65000000
1981-12-17,7682.53000000
1981-12-18,7669.93000000
1981-12-21,7668.90000000
1981-12-22,7644.57000000
1981-12-23,7681.99000000
1981-12-24,7662.48000000
1981-12-25,7665.02000000
1981-12-26,7657.90000000
1981-12-28,7681.84000000
1982-01-04,7718.84000000
1982-01-05,7719.34000000
1982-01-06,7697.60000000
1982-01-07,7691.22000000
1982-01-08,7662.22000000
1982-01-09,7635.86000000
1982-01-11,7675.26000000
1982-01-12,7631.77000000
1982-01-13,7635.66000000
1982-01-14,7667.02000000
1982-01-18,7659.34000000
1982-01-19,7677.07000000
1982-01-20,7717.23000000
1982-01-21,7737.51000000
1982-01-22,7823.36000000
1982-01-23,7886.40000000
1982-01-25,7906.26000000
1982-01-26,7863.40000000
1982-01-27,7926.55000000
1982-01-28,7903.85000000
1982-01-29,7918.82000000
1982-01-30,7938.83000000
1982-02-01,7909.79000000
1982-02-02,7828.00000000
1982-02-03,7860.94000000
1982-02-04,7834.70000000
1982-02-05,7801.88000000
1982-02-06,7779.41000000
1982-02-08,7784.89000000
1982-02-09,7794.19000000
1982-02-10,7761.11000000
1982-02-12,7690.29000000
1982-02-13,7672.75000000
1982-02-15,7694.18000000
1982-02-16,7693.92000000
1982-02-17,7644.39000000
1982-02-18,7683.76000000
1982-02-19,7713.31000000
1982-02-22,7758.36000000
1982-02-23,7714.56000000
1982-02-24,7664.02000000
1982-02-25,7580.45000000
1982-02-26,7548.51000000
1982-02-27,7440.46000000
1982-03-01,7327.44000000
1982-03-02,7309.41000000
1982-03-03,7474.42000000
1982-03-04,7354.82000000
1982-03-05,7285.54000000
1982-03-06,7247.85000000
1982-03-08,7248.47000000
1982-03-09,7195.80000000
1982-03-10,7292.91000000
1982-03-11,7257.34000000
1982-03-12,7102.61000000
1982-03-13,7125.41000000
1982-03-15,7078.68000000
1982-03-16,6916.99000000
1982-03-17,6889.53000000
1982-03-18,7052.80000000
1982-03-19,7065.38000000
1982-03-23,7097.80000000
1982-03-24,7194.31000000
1982-03-25,7175.16000000
1982-03-26,7203.82000000
1982-03-27,7210.65000000
1982-03-29,7199.16000000
1982-03-30,7193.83000000
1982-03-31,7260.48000000
1982-04-01,7293.67000000
1982-04-02,7332.96000000
1982-04-03,7333.32000000
1982-04-05,7344.35000000
1982-04-06,7293.59000000
1982-04-07,7230.53000000
1982-04-08,7204.65000000
1982-04-09,7209.21000000
1982-04-10,7260.21000000
1982-04-12,7280.82000000
1982-04-13,7252.93000000
1982-04-14,7181.53000000
1982-04-15,7120.86000000
1982-04-16,7129.69000000
1982-04-19,7135.21000000
1982-04-20,7258.15000000
1982-04-21,7260.58000000
1982-04-22,7295.87000000
1982-04-23,7333.94000000
1982-04-24,7370.68000000
1982-04-26,7404.21000000
1982-04-27,7417.16000000
1982-04-28,7405.28000000
1982-04-30,7390.71000000
1982-05-01,7445.57000000
1982-05-04,7457.11000000
1982-05-06,7517.78000000
1982-05-07,7518.78000000
1982-05-08,7559.17000000
1982-05-10,7564.59000000
1982-05-11,7538.12000000
1982-05-12,7539.78000000
1982-05-13,7603.21000000
1982-05-14,7575.81000000
1982-05-17,7619.39000000
1982-05-18,7567.06000000
1982-05-19,7572.15000000
1982-05-20,7531.54000000
1982-05-21,7497.05000000
1982-05-22,7484.26000000
1982-05-24,7468.28000000
1982-05-25,7428.40000000
1982-05-26,7449.92000000
1982-05-27,7404.36000000
1982-05-28,7325.09000000
1982-05-29,7285.06000000
1982-05-31,7325.65000000
1982-06-01,7368.66000000
1982-06-02,7344.90000000
1982-06-03,7301.94000000
1982-06-04,7300.54000000
1982-06-05,7287.47000000
1982-06-07,7242.39000000
1982-06-08,7240.03000000
1982-06-09,7233.03000000
1982-06-10,7152.28000000
1982-06-11,7195.46000000
1982-06-12,7245.01000000
1982-06-14,7242.58000000
1982-06-15,7191.02000000
1982-06-16,7142.39000000
1982-06-17,7130.25000000
1982-06-18,7127.70000000
1982-06-21,7091.11000000
1982-06-22,7127.96000000
1982-06-23,7154.63000000
1982-06-24,7152.58000000
1982-06-25,7202.45000000
1982-06-26,7203.90000000
1982-06-28,7204.19000000
1982-06-29,7180.70000000
1982-06-30,7213.87000000
1982-07-01,7179.38000000
1982-07-02,7084.87000000
1982-07-03,7086.00000000
1982-07-05,7081.10000000
1982-07-06,7019.56000000
1982-07-07,7035.11000000
1982-07-08,6961.91000000
1982-07-09,6991.56000000
1982-07-10,7104.57000000
1982-07-12,7146.69000000
1982-07-13,7189.01000000
1982-07-14,7155.00000000
1982-07-15,7197.77000000
1982-07-16,7175.89000000
1982-07-19,7237.80000000
1982-07-20,7212.50000000
1982-07-21,7210.56000000
1982-07-22,7227.37000000
1982-07-23,7220.51000000
1982-07-24,7230.01000000
1982-07-26,7203.94000000
1982-07-27,7198.04000000
1982-07-28,7192.59000000
1982-07-29,7145.87000000
1982-07-30,7122.08000000
1982-07-31,7189.94000000
1982-08-02,7208.29000000
1982-08-03,7213.41000000
1982-08-04,7166.28000000
1982-08-05,7092.67000000
1982-08-06,7068.28000000
1982-08-07,7039.14000000
1982-08-09,6976.17000000
1982-08-10,6928.30000000
1982-08-11,6885.21000000
1982-08-12,6880.23000000
1982-08-13,6927.69000000
1982-08-14,6954.37000000
1982-08-16,6939.43000000
1982-08-17,6864.56000000
1982-08-18,6990.81000000
1982-08-19,6967.78000000
1982-08-20,6968.46000000
1982-08-23,7053.49000000
1982-08-24,7088.99000000
1982-08-25,7126.60000000
1982-08-26,7153.38000000
1982-08-27,7185.10000000
1982-08-28,7127.82000000
1982-08-30,7118.85000000
1982-08-31,7123.38000000
1982-09-01,7152.55000000
1982-09-02,7125.91000000
1982-09-03,7175.59000000
1982-09-04,7209.99000000
1982-09-06,7219.33000000
1982-09-07,7209.45000000
1982-09-08,7189.49000000
1982-09-09,7124.01000000
1982-09-10,7105.03000000
1982-09-11,7072.38000000
1982-09-13,7073.93000000
1982-09-14,7096.30000000
1982-09-16,7087.90000000
1982-09-17,7062.51000000
1982-09-20,7042.63000000
1982-09-21,7040.28000000
1982-09-22,7071.10000000
1982-09-24,7066.04000000
1982-09-25,7033.08000000
1982-09-27,6975.50000000
1982-09-28,6940.51000000
1982-09-29,6979.09000000
1982-09-30,6910.73000000
1982-10-01,6849.78000000
1982-10-02,6877.90000000
1982-10-04,6942.22000000
1982-10-05,6932.12000000
1982-10-06,6974.35000000
1982-10-07,7114.64000000
1982-10-08,7361.57000000
1982-10-09,7358.10000000
1982-10-12,7413.25000000
1982-10-13,7411.58000000
1982-10-14,7414.80000000
1982-10-15,7373.51000000
1982-10-18,7370.20000000
1982-10-19,7371.65000000
1982-10-20,7378.04000000
1982-10-21,7319.96000000
1982-10-22,7324.04000000
1982-10-23,7308.07000000
1982-10-25,7304.92000000
1982-10-26,7199.61000000
1982-10-27,7269.96000000
1982-10-28,7291.47000000
1982-10-29,7259.15000000
1982-10-30,7295.92000000
1982-11-01,7334.64000000
1982-11-02,7395.62000000
1982-11-04,7515.90000000
1982-11-05,7528.96000000
1982-11-06,7538.82000000
1982-11-08,7551.66000000
1982-11-09,7576.40000000
1982-11-10,7688.18000000
1982-11-11,7708.32000000
1982-11-12,7689.41000000
1982-11-13,7697.53000000
1982-11-15,7762.23000000
1982-11-16,7698.30000000
1982-11-17,7740.10000000
1982-11-18,7785.43000000
1982-11-19,7854.92000000
1982-11-22,7901.56000000
1982-11-24,7846.77000000
1982-11-25,7837.26000000
1982-11-26,7890.38000000
1982-11-27,7898.93000000
1982-11-29,7936.19000000
1982-11-30,7895.62000000
1982-12-01,7966.77000000
1982-12-02,8001.07000000
1982-12-03,7991.65000000
1982-12-04,7991.57000000
1982-12-06,8020.53000000
1982-12-07,8026.99000000
1982-12-08,8004.11000000
1982-12-09,7945.25000000
1982-12-10,7870.85000000
1982-12-11,7852.06000000
1982-12-13,7885.57000000
1982-12-14,7913.62000000
1982-12-15,7882.95000000
1982-12-16,7828.92000000
1982-12-17,7865.88000000
1982-12-20,7858.04000000
1982-12-21,7810.15000000
1982-12-22,7772.32000000
1982-12-23,7830.88000000
1982-12-24,7904.98000000
1982-12-25,7928.85000000
1982-12-27,8015.07000000
1982-12-28,8016.67000000
1983-01-04,8021.40000000
1983-01-05,8066.15000000
1983-01-06,8120.51000000
1983-01-07,8169.29000000
1983-01-08,8210.02000000
1983-01-10,8172.66000000
1983-01-11,8079.63000000
1983-01-12,8039.85000000
1983-01-13,8099.06000000
1983-01-14,8088.53000000
1983-01-17,8082.73000000
1983-01-18,8028.28000000
1983-01-19,7968.68000000
1983-01-20,7923.31000000
1983-01-21,7989.41000000
1983-01-22,7892.36000000
1983-01-24,7833.99000000
1983-01-25,7803.18000000
1983-01-26,7962.51000000
1983-01-27,7942.32000000
1983-01-28,8014.61000000
1983-01-29,8092.28000000
1983-01-31,8103.47000000
1983-02-01,8105.52000000
1983-02-02,8108.05000000
1983-02-03,7991.29000000
1983-02-04,8012.64000000
1983-02-05,8022.89000000
1983-02-07,8010.91000000
1983-02-08,8027.20000000
1983-02-09,7995.93000000
1983-02-10,8017.56000000
1983-02-12,8093.96000000
1983-02-14,8132.02000000
1983-02-15,8135.42000000
1983-02-16,8145.41000000
1983-02-17,8106.27000000
1983-02-18,8048.31000000
1983-02-21,7987.27000000
1983-02-22,7918.16000000
1983-02-23,7931.65000000
1983-02-24,7984.25000000
1983-02-25,8056.04000000
1983-02-26,8046.58000000
1983-02-28,8085.57000000
1983-03-01,7988.85000000
1983-03-02,8013.30000000
1983-03-03,8005.02000000
1983-03-04,8014.70000000
1983-03-05,8037.03000000
1983-03-07,8041.16000000
1983-03-08,8026.99000000
1983-03-09,8008.25000000
1983-03-10,8027.64000000
1983-03-11,8081.44000000
1983-03-12,8064.20000000
1983-03-14,8089.03000000
1983-03-15,8111.83000000
1983-03-16,8170.13000000
1983-03-17,8195.14000000
1983-03-18,8234.90000000
1983-03-22,8281.59000000
1983-03-23,8311.12000000
1983-03-24,8340.08000000
1983-03-25,8302.77000000
1983-03-26,8319.09000000
1983-03-28,8387.91000000
1983-03-29,8424.13000000
1983-03-30,8446.61000000
1983-03-31,8478.70000000
1983-04-01,8469.00000000
1983-04-02,8479.59000000
1983-04-04,8485.82000000
1983-04-05,8420.34000000
1983-04-06,8479.40000000
1983-04-07,8442.45000000
1983-04-08,8435.37000000
1983-04-09,8472.81000000
1983-04-11,8475.19000000
1983-04-12,8468.63000000
1983-04-13,8480.44000000
1983-04-14,8554.21000000
1983-04-15,8552.16000000
1983-04-18,8582.53000000
1983-04-19,8541.86000000
1983-04-20,8564.48000000
1983-04-21,8543.06000000
1983-04-22,8563.12000000
1983-04-23,8597.38000000
1983-04-25,8596.09000000
1983-04-26,8607.47000000
1983-04-27,8634.79000000
1983-04-28,8636.56000000
1983-04-30,8682.36000000
1983-05-02,8704.39000000
1983-05-04,8663.04000000
1983-05-06,8670.64000000
1983-05-07,8688.77000000
1983-05-09,8719.88000000
1983-05-10,8667.99000000
1983-05-11,8691.58000000
1983-05-12,8653.90000000
1983-05-13,8629.51000000
1983-05-14,8627.11000000
1983-05-16,8591.79000000
1983-05-17,8572.23000000
1983-05-18,8598.84000000
1983-05-19,8584.42000000
1983-05-20,8561.45000000
1983-05-23,8528.64000000
1983-05-24,8563.51000000
1983-05-25,8582.34000000
1983-05-26,8626.00000000
1983-05-27,8617.92000000
1983-05-28,8592.90000000
1983-05-30,8622.35000000
1983-05-31,8617.57000000
1983-06-01,8549.70000000
1983-06-02,8517.88000000
1983-06-03,8510.98000000
1983-06-04,8520.51000000
1983-06-06,8505.92000000
1983-06-07,8475.30000000
1983-06-08,8445.45000000
1983-06-09,8468.12000000
1983-06-10,8500.48000000
1983-06-11,8562.44000000
1983-06-13,8598.65000000
1983-06-14,8618.38000000
1983-06-15,8608.33000000
1983-06-16,8645.33000000
1983-06-17,8702.68000000
1983-06-20,8711.73000000
1983-06-21,8798.62000000
1983-06-22,8826.88000000
1983-06-23,8813.48000000
1983-06-24,8845.38000000
1983-06-25,8888.72000000
1983-06-27,8900.04000000
1983-06-28,8838.24000000
1983-06-29,8844.19000000
1983-06-30,8870.95000000
1983-07-01,8935.66000000
1983-07-02,8999.05000000
1983-07-04,8971.58000000
1983-07-05,8928.13000000
1983-07-06,8984.88000000
1983-07-07,9015.76000000
1983-07-08,9012.41000000
1983-07-09,8995.96000000
1983-07-11,8968.77000000
1983-07-12,8937.21000000
1983-07-13,8883.60000000
1983-07-14,8884.98000000
1983-07-15,8900.02000000
1983-07-18,8885.07000000
1983-07-19,8866.66000000
1983-07-20,8927.32000000
1983-07-21,9019.69000000
1983-07-22,8993.40000000
1983-07-23,9014.95000000
1983-07-25,8991.93000000
1983-07-26,9005.48000000
1983-07-27,9062.37000000
1983-07-28,9112.07000000
1983-07-29,9078.75000000
1983-07-30,9042.24000000
1983-08-01,9015.58000000
1983-08-02,9040.43000000
1983-08-03,9016.20000000
1983-08-04,9038.61000000
1983-08-05,8946.66000000
1983-08-06,8961.09000000
1983-08-08,8960.00000000
1983-08-09,8874.22000000
1983-08-10,8878.48000000
1983-08-11,8908.61000000
1983-08-12,8920.82000000
1983-08-15,9020.30000000
1983-08-16,9019.07000000
1983-08-17,9010.08000000
1983-08-18,9089.58000000
1983-08-19,9139.73000000
1983-08-20,9137.13000000
1983-08-22,9203.75000000
1983-08-23,9169.18000000
1983-08-24,9147.34000000
1983-08-25,9143.07000000
1983-08-26,9145.54000000
1983-08-27,9158.61000000
1983-08-29,9172.54000000
1983-08-30,9195.92000000
1983-08-31,9189.43000000
1983-09-01,9228.35000000
1983-09-02,9183.11000000
1983-09-03,9224.77000000
1983-09-05,9252.21000000
1983-09-06,9255.11000000
1983-09-07,9355.66000000
1983-09-08,9332.47000000
1983-09-09,9304.01000000
1983-09-12,9355.13000000
1983-09-13,9299.33000000
1983-09-14,9274.11000000
1983-09-16,9195.66000000
1983-09-17,9182.07000000
1983-09-19,9141.25000000
1983-09-20,9254.15000000
1983-09-21,9272.56000000
1983-09-22,9280.30000000
1983-09-24,9314.00000000
1983-09-26,9345.78000000
1983-09-27,9414.15000000
1983-09-28,9445.32000000
1983-09-29,9432.61000000
1983-09-30,9402.59000000
1983-10-01,9446.32000000
1983-10-03,9450.10000000
1983-10-04,9424.34000000
1983-10-05,9491.93000000
1983-10-06,9529.97000000
1983-10-07,9562.48000000
1983-10-11,9493.09000000
1983-10-12,9563.25000000
1983-10-13,9472.35000000
1983-10-14,9323.63000000
1983-10-15,9384.34000000
1983-10-17,9420.90000000
1983-10-18,9349.06000000
1983-10-19,9280.80000000
1983-10-20,9319.55000000
1983-10-21,9370.21000000
1983-10-22,9318.98000000
1983-10-24,9260.16000000
1983-10-25,9232.77000000
1983-10-26,9246.55000000
1983-10-27,9323.09000000
1983-10-28,9321.37000000
1983-10-29,9301.56000000
1983-10-31,9356.79000000
1983-11-01,9350.91000000
1983-11-02,9344.12000000
1983-11-04,9341.68000000
1983-11-05,9317.20000000
1983-11-07,9316.21000000
1983-11-08,9319.26000000
1983-11-09,9297.10000000
1983-11-10,9244.24000000
1983-11-11,9305.63000000
1983-11-14,9348.52000000
1983-11-15,9379.29000000
1983-11-16,9430.81000000
1983-11-17,9416.95000000
1983-11-18,9386.68000000
1983-11-19,9387.83000000
1983-11-21,9409.78000000
1983-11-22,9416.56000000
1983-11-24,9373.54000000
1983-11-25,9340.85000000
1983-11-26,9345.10000000
1983-11-28,9294.71000000
1983-11-29,9256.35000000
1983-11-30,9320.24000000
1983-12-01,9336.60000000
1983-12-02,9379.85000000
1983-12-03,9406.50000000
1983-12-05,9445.13000000
1983-12-06,9438.79000000
1983-12-07,9404.99000000
1983-12-08,9461.03000000
1983-12-09,9448.90000000
1983-12-12,9442.00000000
1983-12-13,9385.56000000
1983-12-14,9401.17000000
1983-12-15,9462.43000000
1983-12-16,9530.61000000
1983-12-17,9565.64000000
1983-12-19,9484.17000000
1983-12-20,9627.93000000
1983-12-21,9717.65000000
1983-12-22,9709.42000000
1983-12-23,9684.17000000
1983-12-24,9704.85000000
1983-12-26,9846.57000000
1983-12-27,9883.94000000
1983-12-28,9893.82000000
1984-01-04,9927.11000000
1984-01-05,9946.86000000
1984-01-06,9961.25000000
1984-01-07,9982.45000000
1984-01-09,10053.81000000
1984-01-10,10016.21000000
1984-01-11,10072.51000000
1984-01-12,10104.16000000
1984-01-13,10150.97000000
1984-01-17,10155.57000000
1984-01-18,10100.23000000
1984-01-19,10098.41000000
1984-01-20,10104.07000000
1984-01-21,10086.03000000
1984-01-23,10070.98000000
1984-01-24,10022.92000000
1984-01-25,10115.10000000
1984-01-26,10179.65000000
1984-01-27,10180.95000000
1984-01-28,10206.47000000
1984-01-30,10235.73000000
1984-01-31,10196.10000000
1984-02-01,10200.81000000
1984-02-02,10156.29000000
1984-02-03,10134.13000000
1984-02-04,10085.39000000
1984-02-06,10121.08000000
1984-02-07,10060.92000000
1984-02-08,10099.59000000
1984-02-09,10001.54000000
1984-02-10,9959.90000000
1984-02-13,9963.16000000
1984-02-14,9830.47000000
1984-02-15,9892.16000000
1984-02-16,9897.15000000
1984-02-17,9925.07000000
1984-02-18,9921.81000000
1984-02-20,9937.83000000
1984-02-21,9970.64000000
1984-02-22,9947.71000000
1984-02-23,9939.56000000
1984-02-24,9962.87000000
1984-02-25,10046.05000000
1984-02-27,10071.48000000
1984-02-28,10073.78000000
1984-02-29,10030.70000000
1984-03-01,9920.27000000
1984-03-02,9948.48000000
1984-03-03,10056.51000000
1984-03-05,10088.94000000
1984-03-06,10058.72000000
1984-03-07,10021.20000000
1984-03-08,9959.32000000
1984-03-09,9997.22000000
1984-03-12,10086.54000000
1984-03-13,10194.76000000
1984-03-14,10324.00000000
1984-03-15,10346.99000000
1984-03-16,10458.31000000
1984-03-17,10471.64000000
1984-03-19,10479.80000000
1984-03-21,10413.88000000
1984-03-22,10455.81000000
1984-03-23,10506.29000000
1984-03-24,10503.12000000
1984-03-26,10483.73000000
1984-03-27,10528.36000000
1984-03-28,10700.87000000
1984-03-29,10801.55000000
1984-03-30,10929.17000000
1984-03-31,10968.41000000
1984-04-02,11050.19000000
1984-04-03,10933.82000000
1984-04-04,11002.03000000
1984-04-05,10992.93000000
1984-04-06,10914.73000000
1984-04-07,10833.72000000
1984-04-09,10890.70000000
1984-04-10,10915.12000000
1984-04-11,10939.44000000
1984-04-12,10967.15000000
1984-04-13,11015.21000000
1984-04-16,11019.67000000
1984-04-17,10906.40000000
1984-04-18,10932.85000000
1984-04-19,10783.04000000
1984-04-20,10803.88000000
1984-04-21,10806.49000000
1984-04-23,10800.78000000
1984-04-24,10761.82000000
1984-04-25,10866.34000000
1984-04-26,10901.52000000
1984-04-27,10981.68000000
1984-04-28,11016.28000000
1984-05-01,11019.09000000
1984-05-02,11105.46000000
1984-05-04,11190.17000000
1984-05-07,11158.96000000
1984-05-08,11052.44000000
1984-05-09,11060.29000000
1984-05-10,10879.71000000
1984-05-11,10833.87000000
1984-05-14,10563.34000000
1984-05-15,10604.54000000
1984-05-16,10619.85000000
1984-05-17,10340.51000000
1984-05-18,10126.88000000
1984-05-19,10230.20000000
1984-05-21,10164.97000000
1984-05-22,10061.94000000
1984-05-23,10023.46000000
1984-05-24,10251.72000000
1984-05-25,10142.10000000
1984-05-26,10127.36000000
1984-05-28,10116.04000000
1984-05-29,10163.97000000
1984-05-30,10140.97000000
1984-05-31,9940.14000000
1984-06-01,9913.17000000
1984-06-02,10052.97000000
1984-06-04,10131.66000000
1984-06-05,10258.76000000
1984-06-06,10254.20000000
1984-06-07,10316.00000000
1984-06-08,10350.93000000
1984-06-11,10376.83000000
1984-06-12,10324.83000000
1984-06-13,10275.93000000
1984-06-14,10148.73000000
1984-06-15,10057.05000000
1984-06-16,10021.73000000
1984-06-18,10082.47000000
1984-06-19,10197.34000000
1984-06-20,10237.22000000
1984-06-21,10170.76000000
1984-06-22,10152.61000000
1984-06-23,10164.16000000
1984-06-25,10172.50000000
1984-06-26,10245.08000000
1984-06-27,10311.01000000
1984-06-28,10372.05000000
1984-06-29,10377.97000000
1984-06-30,10428.43000000
1984-07-02,10410.87000000
1984-07-03,10349.25000000
1984-07-04,10375.84000000
1984-07-05,10420.57000000
1984-07-06,10461.91000000
1984-07-07,10408.44000000
1984-07-09,10373.22000000
1984-07-10,10386.61000000
1984-07-11,10354.88000000
1984-07-12,10270.16000000
1984-07-13,10154.10000000
1984-07-16,10177.58000000
1984-07-17,10242.02000000
1984-07-18,10208.25000000
1984-07-19,10088.79000000
1984-07-20,9945.27000000
1984-07-21,9926.15000000
1984-07-23,9703.35000000
1984-07-24,9738.96000000
1984-07-25,9800.11000000
1984-07-26,9932.18000000
1984-07-27,10036.21000000
1984-07-28,10034.99000000
1984-07-30,10013.60000000
1984-07-31,9998.50000000
1984-08-01,9948.40000000
1984-08-02,10086.87000000
1984-08-03,10233.61000000
1984-08-04,10385.12000000
1984-08-06,10431.09000000
1984-08-07,10313.63000000
1984-08-08,10247.12000000
1984-08-09,10290.36000000
1984-08-10,10375.93000000
1984-08-13,10389.62000000
1984-08-14,10360.92000000
1984-08-15,10441.50000000
1984-08-16,10418.24000000
1984-08-17,10449.48000000
1984-08-18,10485.32000000
1984-08-20,10533.35000000
1984-08-21,10485.97000000
1984-08-22,10538.32000000
1984-08-23,10545.55000000
1984-08-24,10554.09000000
1984-08-25,10563.66000000
1984-08-27,10568.72000000
1984-08-28,10575.19000000
1984-08-29,10579.89000000
1984-08-30,10586.27000000
1984-08-31,10584.20000000
1984-09-01,10620.60000000
1984-09-03,10630.08000000
1984-09-04,10609.53000000
1984-09-05,10545.55000000
1984-09-06,10458.49000000
1984-09-07,10500.70000000
1984-09-10,10471.53000000
1984-09-11,10493.10000000
1984-09-12,10533.54000000
1984-09-13,10578.76000000
1984-09-14,10621.54000000
1984-09-17,10636.36000000
1984-09-18,10559.15000000
1984-09-19,10552.30000000
1984-09-20,10521.34000000
1984-09-21,10505.11000000
1984-09-22,10541.80000000
1984-09-25,10604.84000000
1984-09-26,10620.06000000
1984-09-27,10643.87000000
1984-09-28,10649.25000000
1984-09-29,10637.16000000
1984-10-01,10653.79000000
1984-10-02,10540.05000000
1984-10-03,10587.38000000
1984-10-04,10642.07000000
1984-10-05,10737.58000000
1984-10-06,10711.03000000
1984-10-08,10676.93000000
1984-10-09,10668.71000000
1984-10-11,10696.86000000
1984-10-12,10684.58000000
1984-10-15,10780.18000000
1984-10-16,10757.89000000
1984-10-17,10742.87000000
1984-10-18,10759.87000000
1984-10-19,10845.17000000
1984-10-20,10928.68000000
1984-10-22,11077.84000000
1984-10-23,11029.95000000
1984-10-24,11178.63000000
1984-10-25,11151.52000000
1984-10-26,11155.02000000
1984-10-27,11150.95000000
1984-10-29,11176.93000000
1984-10-30,11171.55000000
1984-10-31,11252.98000000
1984-11-01,11169.56000000
1984-11-02,11249.95000000
1984-11-05,11374.08000000
1984-11-06,11297.66000000
1984-11-07,11178.54000000
1984-11-08,11166.92000000
1984-11-09,11239.28000000
1984-11-12,11235.12000000
1984-11-13,11265.16000000
1984-11-14,11320.90000000
1984-11-15,11301.62000000
1984-11-16,11271.45000000
1984-11-17,11254.71000000
1984-11-19,11284.21000000
1984-11-20,11256.98000000
1984-11-21,11249.69000000
1984-11-22,11207.70000000
1984-11-24,11237.40000000
1984-11-26,11162.96000000
1984-11-27,11184.12000000
1984-11-28,11248.08000000
1984-11-29,11366.64000000
1984-11-30,11428.90000000
1984-12-01,11438.64000000
1984-12-03,11513.58000000
1984-12-04,11577.44000000
1984-12-05,11543.19000000
1984-12-06,11559.84000000
1984-12-07,11466.93000000
1984-12-10,11316.87000000
1984-12-11,11250.83000000
1984-12-12,11382.34000000
1984-12-13,11340.05000000
1984-12-14,11419.15000000
1984-12-15,11400.70000000
1984-12-17,11455.67000000
1984-12-18,11460.21000000
1984-12-19,11558.43000000
1984-12-20,11514.15000000
1984-12-21,11474.31000000
1984-12-22,11462.01000000
1984-12-24,11439.87000000
1984-12-25,11492.29000000
1984-12-26,11494.59000000
1984-12-27,11513.57000000
1984-12-28,11542.60000000
1985-01-04,11558.06000000
1985-01-05,11545.16000000
1985-01-07,11575.52000000
1985-01-08,11679.79000000
1985-01-09,11763.57000000
1985-01-10,11824.38000000
1985-01-11,11812.24000000
1985-01-14,11823.91000000
1985-01-16,11933.02000000
1985-01-17,11887.19000000
1985-01-18,11910.06000000
1985-01-19,11952.09000000
1985-01-21,11964.52000000
1985-01-22,11868.12000000
1985-01-23,11859.01000000
1985-01-24,11856.36000000
1985-01-25,11785.10000000
1985-01-26,11736.53000000
1985-01-28,11798.86000000
1985-01-29,11843.07000000
1985-01-30,11960.63000000
1985-01-31,11992.31000000
1985-02-01,11946.96000000
1985-02-02,11889.56000000
1985-02-04,11891.08000000
1985-02-05,11823.43000000
1985-02-06,11867.17000000
1985-02-07,11940.80000000
1985-02-08,12009.01000000
1985-02-12,12027.89000000
1985-02-13,12025.71000000
1985-02-14,12081.69000000
1985-02-15,12148.29000000
1985-02-16,12169.92000000
1985-02-18,12149.15000000
1985-02-19,12156.64000000
1985-02-20,12152.37000000
1985-02-21,12128.46000000
1985-02-22,12147.06000000
1985-02-23,12171.92000000
1985-02-25,12201.04000000
1985-02-26,12194.97000000
1985-02-27,12287.38000000
1985-02-28,12321.92000000
1985-03-01,12412.14000000
1985-03-02,12439.66000000
1985-03-04,12509.01000000
1985-03-05,12476.38000000
1985-03-06,12498.67000000
1985-03-07,12414.80000000
1985-03-08,12347.53000000
1985-03-11,12263.85000000
1985-03-12,12296.87000000
1985-03-13,12419.26000000
1985-03-14,12405.03000000
1985-03-15,12468.03000000
1985-03-16,12487.38000000
1985-03-18,12506.64000000
1985-03-19,12477.99000000
1985-03-20,12541.37000000
1985-03-22,12542.60000000
1985-03-23,12537.95000000
1985-03-25,12493.26000000
1985-03-26,12486.15000000
1985-03-27,12550.82000000
1985-03-28,12604.02000000
1985-03-29,12580.76000000
1985-03-30,12590.20000000
1985-04-01,12677.15000000
1985-04-02,12629.86000000
1985-04-03,12683.26000000
1985-04-04,12627.10000000
1985-04-05,12544.24000000
1985-04-06,12569.98000000
1985-04-08,12635.96000000
1985-04-09,12630.43000000
1985-04-10,12601.93000000
1985-04-11,12573.80000000
1985-04-12,12588.01000000
1985-04-15,12552.73000000
1985-04-16,12207.28000000
1985-04-17,12302.06000000
1985-04-18,12052.82000000
1985-04-19,12114.80000000
1985-04-20,12232.07000000
1985-04-22,12179.92000000
1985-04-23,12124.14000000
1985-04-24,12217.77000000
1985-04-25,12333.87000000
1985-04-26,12405.10000000
1985-04-27,12465.92000000
1985-04-30,12426.29000000
1985-05-01,12456.65000000
1985-05-02,12451.79000000
1985-05-04,12545.25000000
1985-05-07,12506.30000000
1985-05-08,12521.20000000
1985-05-09,12474.51000000
1985-05-10,12527.31000000
1985-05-13,12541.53000000
1985-05-14,12504.20000000
1985-05-15,12358.03000000
1985-05-16,12369.30000000
1985-05-17,12419.99000000
1985-05-18,12516.14000000
1985-05-20,12559.10000000
1985-05-21,12650.37000000
1985-05-22,12673.57000000
1985-05-23,12649.13000000
1985-05-24,12593.85000000
1985-05-25,12593.76000000
1985-05-27,12642.73000000
1985-05-28,12694.93000000
1985-05-29,12767.17000000
1985-05-30,12790.27000000
1985-05-31,12758.46000000
1985-06-01,12689.47000000
1985-06-03,12473.41000000
1985-06-04,12583.31000000
1985-06-05,12693.21000000
1985-06-06,12716.11000000
1985-06-07,12716.59000000
1985-06-10,12683.34000000
1985-06-11,12758.93000000
1985-06-12,12748.01000000
1985-06-13,12717.16000000
1985-06-14,12685.25000000
1985-06-15,12753.38000000
1985-06-17,12769.28000000
1985-06-18,12741.11000000
1985-06-19,12773.59000000
1985-06-20,12677.97000000
1985-06-21,12634.76000000
1985-06-22,12729.62000000
1985-06-24,12765.93000000
1985-06-25,12837.02000000
1985-06-26,12910.29000000
1985-06-27,12841.60000000
1985-06-28,12882.09000000
1985-06-29,12923.05000000
1985-07-01,12919.03000000
1985-07-02,12913.75000000
1985-07-03,12924.30000000
1985-07-04,12969.59000000
1985-07-05,12963.35000000
1985-07-06,13040.10000000
1985-07-08,13029.65000000
1985-07-09,13021.01000000
1985-07-10,13012.09000000
1985-07-11,12858.10000000
1985-07-12,12839.49000000
1985-07-15,12598.77000000
1985-07-16,12698.26000000
1985-07-17,12846.49000000
1985-07-18,12852.54000000
1985-07-19,12788.54000000
1985-07-20,12797.66000000
1985-07-22,12771.66000000
1985-07-23,12762.83000000
1985-07-24,12777.03000000
1985-07-25,12647.03000000
1985-07-26,12648.09000000
1985-07-27,12690.37000000
1985-07-29,12591.42000000
1985-07-30,12269.89000000
1985-07-31,12232.27000000
1985-08-01,12538.34000000
1985-08-02,12525.96000000
1985-08-03,12492.27000000
1985-08-05,12450.62000000
1985-08-06,12437.28000000
1985-08-07,12421.15000000
1985-08-08,12386.03000000
1985-08-09,12401.19000000
1985-08-12,12372.88000000
1985-08-13,12326.71000000
1985-08-14,12419.64000000
1985-08-15,12484.02000000
1985-08-16,12583.08000000
1985-08-17,12612.31000000
1985-08-19,12640.05000000
1985-08-20,12634.05000000
1985-08-21,12704.81000000
1985-08-22,12734.05000000
1985-08-23,12691.41000000
1985-08-24,12690.09000000
1985-08-26,12651.77000000
1985-08-27,12691.41000000
1985-08-28,12685.50000000
1985-08-29,12728.80000000
1985-08-30,12713.15000000
1985-08-31,12716.52000000
1985-09-02,12726.64000000
1985-09-03,12630.96000000
1985-09-04,12529.47000000
1985-09-05,12491.80000000
1985-09-06,12453.85000000
1985-09-07,12479.06000000
1985-09-09,12455.72000000
1985-09-10,12519.54000000
1985-09-11,12625.25000000
1985-09-12,12603.04000000
1985-09-13,12585.70000000
1985-09-17,12591.51000000
1985-09-18,12529.66000000
1985-09-19,12564.99000000
1985-09-20,12666.95000000
1985-09-21,12733.01000000
1985-09-24,12755.60000000
1985-09-25,12704.81000000
1985-09-26,12689.50000000
1985-09-27,12538.71000000
1985-09-28,12593.01000000
1985-09-30,12700.11000000
1985-10-01,12685.36000000
1985-10-02,12720.50000000
1985-10-03,12700.86000000
1985-10-04,12713.83000000
1985-10-05,12750.66000000
1985-10-07,12792.00000000
1985-10-08,12835.21000000
1985-10-09,12857.20000000
1985-10-11,12949.92000000
1985-10-14,13017.29000000
1985-10-15,13055.52000000
1985-10-16,13036.56000000
1985-10-17,13021.14000000
1985-10-18,12973.22000000
1985-10-19,13015.69000000
1985-10-21,13023.21000000
1985-10-22,13001.69000000
1985-10-23,12946.53000000
1985-10-24,12969.08000000
1985-10-25,12854.99000000
1985-10-26,12832.63000000
1985-10-28,12937.04000000
1985-10-29,12913.92000000
1985-10-30,12908.66000000
1985-10-31,12936.47000000
1985-11-01,12808.10000000
1985-11-02,12809.98000000
1985-11-05,12820.69000000
1985-11-06,12892.40000000
1985-11-07,12851.24000000
1985-11-08,12851.05000000
1985-11-11,12821.26000000
1985-11-12,12735.08000000
1985-11-13,12716.29000000
1985-11-14,12589.51000000
1985-11-15,12637.44000000
1985-11-16,12679.64000000
1985-11-18,12700.31000000
1985-11-19,12607.27000000
1985-11-20,12642.89000000
1985-11-21,12697.02000000
1985-11-22,12759.33000000
1985-11-25,12783.39000000
1985-11-26,12783.10000000
1985-11-27,12777.84000000
1985-11-28,12741.19000000
1985-11-29,12763.27000000
1985-11-30,12779.53000000
1985-12-02,12796.92000000
1985-12-03,12774.55000000
1985-12-04,12811.20000000
1985-12-05,12864.11000000
1985-12-06,12793.53000000
1985-12-07,12790.90000000
1985-12-09,12798.23000000
1985-12-10,12850.95000000
1985-12-11,12972.00000000
1985-12-12,13050.28000000
1985-12-13,13107.98000000
1985-12-16,13117.85000000
1985-12-17,13128.94000000
1985-12-18,13102.34000000
1985-12-19,13115.03000000
1985-12-20,13011.09000000
1985-12-21,12962.79000000
1985-12-23,13043.04000000
1985-12-24,13010.71000000
1985-12-25,13097.83000000
1985-12-26,13084.59000000
1985-12-27,13083.18000000
1985-12-28,13113.32000000
1986-01-04,13136.87000000
1986-01-06,13053.79000000
1986-01-07,12991.24000000
1986-01-08,13056.42000000
1986-01-09,13034.19000000
1986-01-10,12998.21000000
1986-01-13,12977.02000000
1986-01-14,12928.60000000
1986-01-16,13027.13000000
1986-01-17,13009.70000000
1986-01-18,13006.78000000
1986-01-20,12952.05000000
1986-01-21,12881.50000000
1986-01-22,12923.32000000
1986-01-23,12888.94000000
1986-01-24,12904.20000000
1986-01-25,12953.37000000
1986-01-27,12983.14000000
1986-01-28,12993.69000000
1986-01-29,12957.14000000
1986-01-30,12949.04000000
1986-01-31,13024.30000000
1986-02-01,13043.61000000
1986-02-03,13086.47000000
1986-02-04,13138.09000000
1986-02-05,13185.66000000
1986-02-06,13186.61000000
1986-02-07,13212.13000000
1986-02-10,13226.07000000
1986-02-12,13300.58000000
1986-02-13,13293.80000000
1986-02-14,13342.78000000
1986-02-15,13404.30000000
1986-02-17,13447.91000000
1986-02-18,13436.23000000
1986-02-19,13466.65000000
1986-02-20,13355.41000000
1986-02-21,13394.31000000
1986-02-22,13433.21000000
1986-02-24,13503.49000000
1986-02-25,13576.30000000
1986-02-26,13621.70000000
1986-02-27,13642.14000000
1986-02-28,13640.83000000
1986-03-01,13727.86000000
1986-03-03,13757.63000000
1986-03-04,13784.29000000
1986-03-05,13807.46000000
1986-03-06,13901.56000000
1986-03-07,13994.63000000
1986-03-10,14056.52000000
1986-03-11,14066.22000000
1986-03-12,14238.13000000
1986-03-13,14414.66000000
1986-03-14,14516.77000000
1986-03-15,14664.47000000
1986-03-17,14655.52000000
1986-03-18,14639.32000000
1986-03-19,14476.54000000
1986-03-20,14753.30000000
1986-03-22,15013.19000000
1986-03-24,14975.23000000
1986-03-25,14826.87000000
1986-03-26,15059.72000000
1986-03-27,15337.18000000
1986-03-28,15364.34000000
1986-03-29,15590.90000000
1986-03-31,15859.75000000
1986-04-01,15745.87000000
1986-04-02,15555.51000000
1986-04-03,15272.24000000
1986-04-04,15019.81000000
1986-04-05,15124.33000000
1986-04-07,15061.98000000
1986-04-08,15014.06000000
1986-04-09,15110.18000000
1986-04-10,15203.57000000
1986-04-11,15326.38000000
1986-04-14,15396.76000000
1986-04-15,15352.33000000
1986-04-16,15358.36000000
1986-04-17,15486.84000000
1986-04-18,15758.61000000
1986-04-19,15826.62000000
1986-04-21,15827.28000000
1986-04-22,15712.91000000
1986-04-23,15748.02000000
1986-04-24,15682.05000000
1986-04-25,15689.88000000
1986-04-26,15707.34000000
1986-04-28,15757.93000000
1986-04-30,15825.50000000
1986-05-01,15782.65000000
1986-05-02,15868.44000000
1986-05-06,15900.15000000
1986-05-07,15953.85000000
1986-05-08,16078.24000000
1986-05-09,16194.98000000
1986-05-12,16105.23000000
1986-05-13,15982.26000000
1986-05-14,15943.75000000
1986-05-15,15924.69000000
1986-05-16,15739.05000000
1986-05-17,15674.03000000
1986-05-19,15697.53000000
1986-05-20,15689.98000000
1986-05-21,15808.14000000
1986-05-22,15917.33000000
1986-05-23,16204.98000000
1986-05-24,16397.32000000
1986-05-26,16409.49000000
1986-05-27,16467.35000000
1986-05-28,16553.39000000
1986-05-29,16610.61000000
1986-05-30,16670.77000000
1986-05-31,16629.09000000
1986-06-02,16739.27000000
1986-06-03,16669.54000000
1986-06-04,16802.75000000
1986-06-05,16810.99000000
1986-06-06,16817.91000000
1986-06-07,16899.01000000
1986-06-09,17008.34000000
1986-06-10,16967.69000000
1986-06-11,17096.45000000
1986-06-12,17131.22000000
1986-06-13,17205.97000000
1986-06-16,17185.60000000
1986-06-17,17075.89000000
1986-06-18,17177.07000000
1986-06-19,17277.59000000
1986-06-20,17403.13000000
1986-06-21,17454.86000000
1986-06-23,17457.89000000
1986-06-24,17342.40000000
1986-06-25,17516.63000000
1986-06-26,17600.95000000
1986-06-27,17500.43000000
1986-06-28,17547.42000000
1986-06-30,17654.19000000
1986-07-01,17622.74000000
1986-07-02,17669.92000000
1986-07-03,17691.80000000
1986-07-04,17597.73000000
1986-07-05,17595.36000000
1986-07-07,17714.07000000
1986-07-08,17734.15000000
1986-07-09,17506.11000000
1986-07-10,17469.82000000
1986-07-11,17670.77000000
1986-07-14,17820.56000000
1986-07-15,17882.80000000
1986-07-16,17700.90000000
1986-07-17,17725.63000000
1986-07-18,17838.84000000
1986-07-19,17841.31000000
1986-07-21,17522.22000000
1986-07-22,17639.32000000
1986-07-23,17860.07000000
1986-07-24,18026.24000000
1986-07-25,18050.59000000
1986-07-26,17998.29000000
1986-07-28,18038.94000000
1986-07-29,17728.94000000
1986-07-30,17799.05000000
1986-07-31,17509.71000000
1986-08-01,17321.93000000
1986-08-02,17284.79000000
1986-08-04,17263.10000000
1986-08-05,17414.78000000
1986-08-06,17353.48000000
1986-08-07,17422.36000000
1986-08-08,17435.53000000
1986-08-11,17479.11000000
1986-08-12,17794.69000000
1986-08-13,18000.76000000
1986-08-14,18264.71000000
1986-08-15,18376.41000000
1986-08-18,18597.44000000
1986-08-19,18792.61000000
1986-08-20,18936.24000000
1986-08-21,18675.60000000
1986-08-22,18441.31000000
1986-08-23,18132.83000000
1986-08-25,18565.61000000
1986-08-26,18640.83000000
1986-08-27,18503.27000000
1986-08-28,18367.98000000
1986-08-29,18533.68000000
1986-08-30,18787.40000000
1986-09-01,18820.75000000
1986-09-02,18694.93000000
1986-09-03,18505.45000000
1986-09-04,18559.64000000
1986-09-05,18775.08000000
1986-09-06,18763.81000000
1986-09-08,18552.25000000
1986-09-09,18474.09000000
1986-09-10,18619.33000000
1986-09-11,18561.25000000
1986-09-12,18100.52000000
1986-09-16,17463.19000000
1986-09-17,17336.62000000
1986-09-18,17478.35000000
1986-09-19,17523.45000000
1986-09-22,17706.30000000
1986-09-24,17955.76000000
1986-09-25,17988.35000000
1986-09-26,17960.98000000
1986-09-27,18181.21000000
1986-09-29,18106.31000000
1986-09-30,17852.86000000
1986-10-01,17564.39000000
1986-10-02,17019.13000000
1986-10-03,17240.22000000
1986-10-04,17606.45000000
1986-10-06,17435.33000000
1986-10-07,17604.36000000
1986-10-08,17514.80000000
1986-10-09,17650.23000000
1986-10-13,17338.73000000
1986-10-14,17318.07000000
1986-10-15,16970.12000000
1986-10-16,16871.89000000
1986-10-17,16701.34000000
1986-10-20,16523.37000000
1986-10-21,16205.77000000
1986-10-22,15819.55000000
1986-10-23,16308.27000000
1986-10-24,16284.00000000
1986-10-25,16163.80000000
1986-10-27,16157.80000000
1986-10-28,16397.83000000
1986-10-29,16505.38000000
1986-10-30,17010.95000000
1986-10-31,16910.63000000
1986-11-01,16836.59000000
1986-11-04,16786.90000000
1986-11-05,16713.71000000
1986-11-06,16758.35000000
1986-11-07,16973.64000000
1986-11-10,17053.20000000
1986-11-11,17300.56000000
1986-11-12,17447.89000000
1986-11-13,17438.47000000
1986-11-14,17390.50000000
1986-11-17,17208.15000000
1986-11-18,17273.53000000
1986-11-19,17283.81000000
1986-11-20,17304.56000000
1986-11-21,17489.58000000
1986-11-22,17648.23000000
1986-11-25,17747.50000000
1986-11-26,17727.91000000
1986-11-27,17883.66000000
1986-11-28,18083.02000000
1986-11-29,18325.50000000
1986-12-01,18307.98000000
1986-12-02,18190.97000000
1986-12-03,18455.06000000
1986-12-04,18623.95000000
1986-12-05,18637.47000000
1986-12-06,18604.91000000
1986-12-08,18710.68000000
1986-12-09,18602.72000000
1986-12-10,18776.18000000
1986-12-11,18731.25000000
1986-12-12,18830.64000000
1986-12-15,18788.94000000
1986-12-16,18933.07000000
1986-12-17,18847.77000000
1986-12-18,18723.72000000
1986-12-19,18930.03000000
1986-12-22,18825.40000000
1986-12-23,18808.55000000
1986-12-24,18902.85000000
1986-12-25,18774.26000000
1986-12-26,18820.65000000
1986-12-27,18701.30000000
1987-01-05,18820.55000000
1987-01-06,18936.76000000
1987-01-07,18842.37000000
1987-01-08,18778.74000000
1987-01-09,18810.36000000
1987-01-12,18669.02000000
1987-01-13,18544.05000000
1987-01-14,18784.27000000
1987-01-16,19149.63000000
1987-01-19,19188.68000000
1987-01-20,19216.12000000
1987-01-21,19429.18000000
1987-01-22,19380.51000000
1987-01-23,19456.61000000
1987-01-24,19539.48000000
1987-01-26,19554.72000000
1987-01-27,19686.83000000
1987-01-28,19789.93000000
1987-01-29,19921.05000000
1987-01-30,20048.35000000
1987-01-31,20023.55000000
1987-02-02,20072.09000000
1987-02-03,19956.33000000
1987-02-04,19973.87000000
1987-02-05,19795.08000000
1987-02-06,19668.83000000
1987-02-07,19550.21000000
1987-02-09,19679.32000000
1987-02-10,19813.96000000
1987-02-12,19874.89000000
1987-02-13,19628.87000000
1987-02-16,19531.52000000
1987-02-17,19637.93000000
1987-02-18,19881.76000000
1987-02-19,20228.09000000
1987-02-20,20080.39000000
1987-02-23,19940.50000000
1987-02-24,20076.48000000
1987-02-25,20186.33000000
1987-02-26,20453.90000000
1987-02-27,20421.66000000
1987-02-28,20766.66000000
1987-03-02,20933.82000000
1987-03-03,20971.39000000
1987-03-04,21031.66000000
1987-03-05,21176.03000000
1987-03-06,21105.85000000
1987-03-07,21123.10000000
1987-03-09,21166.40000000
1987-03-10,21214.46000000
1987-03-11,21312.96000000
1987-03-12,21470.20000000
1987-03-13,21497.95000000
1987-03-16,21415.37000000
1987-03-17,21514.73000000
1987-03-18,21705.06000000
1987-03-19,21644.32000000
1987-03-20,21657.67000000
1987-03-23,21588.25000000
1987-03-24,21435.30000000
1987-03-25,21472.97000000
1987-03-26,21558.79000000
1987-03-27,22026.66000000
1987-03-28,22178.02000000
1987-03-30,21627.57000000
1987-03-31,21566.66000000
1987-04-01,22040.18000000
1987-04-02,22367.72000000
1987-04-03,22410.85000000
1987-04-04,22738.67000000
1987-04-06,22586.11000000
1987-04-07,22784.65000000
1987-04-08,22912.99000000
1987-04-09,22922.20000000
1987-04-10,23216.59000000
1987-04-13,22919.54000000
1987-04-14,23524.08000000
1987-04-15,23510.69000000
1987-04-16,23868.43000000
1987-04-17,23938.35000000
1987-04-20,23895.22000000
1987-04-21,23886.10000000
1987-04-22,24097.79000000
1987-04-23,24024.61000000
1987-04-24,24006.37000000
1987-04-25,23903.73000000
1987-04-27,23072.41000000
1987-04-28,22889.86000000
1987-04-30,23274.83000000
1987-05-01,23680.89000000
1987-05-02,24009.03000000
1987-05-06,23918.56000000
1987-05-07,24207.55000000
1987-05-08,24589.23000000
1987-05-11,24608.22000000
1987-05-12,24535.85000000
1987-05-13,24363.19000000
1987-05-14,24651.44000000
1987-05-15,24729.03000000
1987-05-18,24298.98000000
1987-05-19,24077.88000000
1987-05-20,23419.60000000
1987-05-21,23754.01000000
1987-05-22,24156.71000000
1987-05-23,24532.72000000
1987-05-25,24582.77000000
1987-05-26,24580.87000000
1987-05-27,24539.75000000
1987-05-28,24433.65000000
1987-05-29,24772.39000000
1987-05-30,24901.59000000
1987-06-01,24992.78000000
1987-06-02,24902.63000000
1987-06-03,25049.40000000
1987-06-04,25366.11000000
1987-06-05,25271.30000000
1987-06-06,25364.21000000
1987-06-08,25523.89000000
1987-06-09,25379.88000000
1987-06-10,25738.96000000
1987-06-11,25890.95000000
1987-06-12,25894.27000000
1987-06-15,25756.44000000
1987-06-16,25738.86000000
1987-06-17,25929.42000000
1987-06-18,25750.55000000
1987-06-19,25288.12000000
1987-06-22,24640.35000000
1987-06-23,24794.91000000
1987-06-24,24892.75000000
1987-06-25,25031.35000000
1987-06-26,25049.83000000
1987-06-27,24902.72000000
1987-06-29,24509.41000000
1987-06-30,24176.40000000
1987-07-01,24252.38000000
1987-07-02,24636.46000000
1987-07-03,24465.48000000
1987-07-04,24158.52000000
1987-07-06,23870.86000000
1987-07-07,23816.09000000
1987-07-08,23472.42000000
1987-07-09,23755.90000000
1987-07-10,24102.99000000
1987-07-13,24118.01000000
1987-07-14,23931.53000000
1987-07-15,23969.76000000
1987-07-16,24003.61000000
1987-07-17,23983.45000000
1987-07-20,23328.64000000
1987-07-21,23078.36000000
1987-07-22,22702.74000000
1987-07-23,23036.52000000
1987-07-24,23942.94000000
1987-07-25,23964.91000000
1987-07-27,24104.98000000
1987-07-28,24385.82000000
1987-07-29,24427.12000000
1987-07-30,24510.37000000
1987-07-31,24488.11000000
1987-08-01,24755.95000000
1987-08-03,24483.82000000
1987-08-04,24172.60000000
1987-08-05,24297.15000000
1987-08-06,24658.23000000
1987-08-07,24800.95000000
1987-08-10,25119.70000000
1987-08-11,25282.97000000
1987-08-12,25560.23000000
1987-08-13,25575.74000000
1987-08-14,25494.01000000
1987-08-17,25378.88000000
1987-08-18,25344.34000000
1987-08-19,25231.59000000
1987-08-20,25396.57000000
1987-08-21,25559.18000000
1987-08-22,25764.99000000
1987-08-24,25754.33000000
1987-08-25,25643.39000000
1987-08-26,25875.74000000
1987-08-27,25968.78000000
1987-08-28,25974.96000000
1987-08-29,26048.17000000
1987-08-31,26029.22000000
1987-09-01,26118.42000000
1987-09-02,25946.60000000
1987-09-03,25649.88000000
1987-09-04,25744.03000000
1987-09-05,25355.35000000
1987-09-07,25004.09000000
1987-09-08,25204.09000000
1987-09-09,24937.93000000
1987-09-10,24795.24000000
1987-09-11,24828.27000000
1987-09-14,24954.02000000
1987-09-16,24967.73000000
1987-09-17,24855.31000000
1987-09-18,24844.84000000
1987-09-21,24912.42000000
1987-09-22,24866.06000000
1987-09-24,24944.88000000
1987-09-25,25095.86000000
1987-09-26,25512.79000000
1987-09-28,25837.34000000
1987-09-29,25998.00000000
1987-09-30,26010.88000000
1987-10-01,25721.74000000
1987-10-02,25862.45000000
1987-10-03,26006.59000000
1987-10-05,26018.33000000
1987-10-06,26088.97000000
1987-10-07,25952.27000000
1987-10-08,26286.75000000
1987-10-09,26338.77000000
1987-10-12,26284.65000000
1987-10-13,26400.63000000
1987-10-14,26646.43000000
1987-10-15,26428.22000000
1987-10-16,26366.74000000
1987-10-19,25746.56000000
1987-10-20,21910.08000000
1987-10-21,23947.40000000
1987-10-22,24404.45000000
1987-10-23,23201.22000000
1987-10-24,23298.78000000
1987-10-26,22202.56000000
1987-10-27,22834.96000000
1987-10-28,22577.53000000
1987-10-29,22033.89000000
1987-10-30,22765.04000000
1987-10-31,23328.91000000
1987-11-02,23358.60000000
1987-11-04,23060.53000000
1987-11-05,22629.65000000
1987-11-06,22795.02000000
1987-11-07,22637.01000000
1987-11-09,22418.37000000
1987-11-10,21686.46000000
1987-11-11,21036.76000000
1987-11-12,21546.50000000
1987-11-13,22448.25000000
1987-11-16,22615.43000000
1987-11-17,22344.28000000
1987-11-18,22734.49000000
1987-11-19,22668.80000000
1987-11-20,22705.56000000
1987-11-24,22856.02000000
1987-11-25,23219.69000000
1987-11-26,23282.18000000
1987-11-27,23268.62000000
1987-11-28,23052.23000000
1987-11-30,22686.78000000
1987-12-01,22832.89000000
1987-12-02,22915.49000000
1987-12-03,22808.16000000
1987-12-04,22602.75000000
1987-12-05,22673.41000000
1987-12-07,22586.52000000
1987-12-08,22948.34000000
1987-12-09,22885.70000000
1987-12-10,23280.84000000
1987-12-11,23035.81000000
1987-12-14,22926.28000000
1987-12-15,22846.73000000
1987-12-16,22819.42000000
1987-12-17,22899.83000000
1987-12-18,22826.97000000
1987-12-21,22956.84000000
1987-12-22,22741.02000000
1987-12-23,22693.85000000
1987-12-24,22543.37000000
1987-12-25,22120.94000000
1987-12-26,21533.44000000
1987-12-28,21564.00000000
1988-01-04,21217.04000000
1988-01-05,21575.28000000
1988-01-06,22790.50000000
1988-01-07,22792.13000000
1988-01-08,22872.56000000
1988-01-11,22578.43000000
1988-01-12,22625.05000000
1988-01-13,22324.99000000
1988-01-14,22603.65000000
1988-01-18,22910.20000000
1988-01-19,22898.17000000
1988-01-20,22843.14000000
1988-01-21,22710.26000000
1988-01-22,22876.58000000
1988-01-23,23125.33000000
1988-01-25,23318.40000000
1988-01-26,23498.76000000
1988-01-27,23335.91000000
1988-01-28,23587.25000000
1988-01-29,23622.32000000
1988-01-30,23719.13000000
1988-02-01,23732.32000000
1988-02-02,23672.21000000
1988-02-03,23595.37000000
1988-02-04,23709.10000000
1988-02-05,23650.80000000
1988-02-06,23791.19000000
1988-02-08,23771.60000000
1988-02-09,23662.27000000
1988-02-10,23771.88000000
1988-02-12,23981.94000000
1988-02-15,24207.47000000
1988-02-16,24345.66000000
1988-02-17,24429.95000000
1988-02-18,24675.36000000
1988-02-19,24773.41000000
1988-02-22,24846.71000000
1988-02-23,24949.45000000
1988-02-24,24968.65000000
1988-02-25,25100.66000000
1988-02-26,25165.18000000
1988-02-27,25284.87000000
1988-02-29,25242.81000000
1988-03-01,25435.90000000
1988-03-02,25682.82000000
1988-03-03,25596.31000000
1988-03-04,25615.62000000
1988-03-05,25627.57000000
1988-03-07,25616.58000000
1988-03-08,25465.73000000
1988-03-09,25605.39000000
1988-03-10,25617.82000000
1988-03-11,25543.73000000
1988-03-14,25433.51000000
1988-03-15,25475.67000000
1988-03-16,25704.43000000
1988-03-17,25872.29000000
1988-03-18,25966.26000000
1988-03-22,25842.75000000
1988-03-23,25895.23000000
1988-03-24,25781.28000000
1988-03-25,25626.71000000
1988-03-26,25320.72000000
1988-03-28,25622.71000000
1988-03-29,25953.09000000
1988-03-30,26320.07000000
1988-03-31,26260.26000000
1988-04-01,26104.22000000
1988-04-02,26282.12000000
1988-04-04,26335.29000000
1988-04-05,26315.35000000
1988-04-06,26511.17000000
1988-04-07,26769.22000000
1988-04-08,26748.89000000
1988-04-11,26924.87000000
1988-04-12,26930.84000000
1988-04-13,26985.55000000
1988-04-14,27111.35000000
1988-04-15,26893.57000000
1988-04-18,26671.45000000
1988-04-19,26657.00000000
1988-04-20,26864.09000000
1988-04-21,26828.16000000
1988-04-22,26837.12000000
1988-04-23,27058.37000000
1988-04-25,27213.45000000
1988-04-26,27246.77000000
1988-04-27,27191.97000000
1988-04-28,27434.12000000
1988-04-30,27509.54000000
1988-05-02,27669.72000000
1988-05-06,27534.39000000
1988-05-07,27487.77000000
1988-05-09,27264.30000000
1988-05-10,27412.25000000
1988-05-11,27161.05000000
1988-05-12,27212.58000000
1988-05-13,27468.31000000
1988-05-16,27759.87000000
1988-05-17,27819.98000000
1988-05-18,27767.58000000
1988-05-19,27373.24000000
1988-05-20,27393.85000000
1988-05-23,27249.76000000
1988-05-24,27312.66000000
1988-05-25,27443.65000000
1988-05-26,27428.24000000
1988-05-27,27290.49000000
1988-05-28,26962.50000000
1988-05-30,27223.10000000
1988-05-31,27416.70000000
1988-06-01,27703.91000000
1988-06-02,27869.36000000
1988-06-03,27821.54000000
1988-06-04,27906.48000000
1988-06-06,27996.24000000
1988-06-07,27967.32000000
1988-06-08,27912.65000000
1988-06-09,28072.02000000
1988-06-10,27920.36000000
1988-06-13,28036.54000000
1988-06-14,28061.80000000
1988-06-15,28093.52000000
1988-06-16,28147.32000000
1988-06-17,28342.46000000
1988-06-20,28139.03000000
1988-06-21,27925.57000000
1988-06-22,27860.78000000
1988-06-23,27732.93000000
1988-06-24,27750.39000000
1988-06-25,27556.21000000
1988-06-27,27435.01000000
1988-06-28,27398.09000000
1988-06-29,27607.33000000
1988-06-30,27769.40000000
1988-07-01,27503.53000000
1988-07-02,27362.52000000
1988-07-04,27360.39000000
1988-07-05,27577.17000000
1988-07-06,27766.60000000
1988-07-07,27728.13000000
1988-07-08,27917.08000000
1988-07-11,27985.99000000
1988-07-12,28099.84000000
1988-07-13,28020.10000000
1988-07-14,28084.08000000
1988-07-15,27913.79000000
1988-07-18,27662.12000000
1988-07-19,27149.03000000
1988-07-20,27553.98000000
1988-07-21,27676.14000000
1988-07-22,27285.01000000
1988-07-23,27301.34000000
1988-07-25,27183.53000000
1988-07-26,27303.76000000
1988-07-27,27738.57000000
1988-07-28,27796.09000000
1988-07-29,27911.63000000
1988-07-30,28199.94000000
1988-08-01,28326.31000000
1988-08-02,28366.33000000
1988-08-03,28348.45000000
1988-08-04,28292.66000000
1988-08-05,28423.38000000
1988-08-06,28362.18000000
1988-08-08,28253.12000000
1988-08-09,28170.36000000
1988-08-10,27554.87000000
1988-08-11,27784.98000000
1988-08-12,27833.51000000
1988-08-15,27901.29000000
1988-08-16,27896.55000000
1988-08-17,28178.86000000
1988-08-18,28129.36000000
1988-08-19,28209.42000000
1988-08-22,28079.18000000
1988-08-23,27919.95000000
1988-08-24,27799.67000000
1988-08-25,27870.44000000
1988-08-26,27565.41000000
1988-08-27,27678.91000000
1988-08-29,27379.10000000
1988-08-30,27511.65000000
1988-08-31,27365.95000000
1988-09-01,26934.26000000
1988-09-02,27116.50000000
1988-09-03,27488.25000000
1988-09-05,27341.58000000
1988-09-06,27320.51000000
1988-09-07,27504.01000000
1988-09-08,27740.11000000
1988-09-09,27647.10000000
1988-09-12,27756.74000000
1988-09-13,27794.16000000
1988-09-14,27805.67000000
1988-09-16,27866.38000000
1988-09-19,27901.00000000
1988-09-20,27548.58000000
1988-09-21,27712.66000000
1988-09-22,27428.31000000
1988-09-24,27390.12000000
1988-09-26,27333.75000000
1988-09-27,27499.56000000
1988-09-28,27752.01000000
1988-09-29,27700.13000000
1988-09-30,27923.67000000
1988-10-01,27700.13000000
1988-10-03,27545.53000000
1988-10-04,27501.02000000
1988-10-05,27405.49000000
1988-10-06,27172.34000000
1988-10-07,27258.27000000
1988-10-11,27469.60000000
1988-10-12,27409.37000000
1988-10-13,27273.30000000
1988-10-14,27306.57000000
1988-10-17,27268.74000000
1988-10-18,27141.98000000
1988-10-19,27293.67000000
1988-10-20,27390.55000000
1988-10-21,27401.42000000
1988-10-22,27338.57000000
1988-10-24,27281.54000000
1988-10-25,27421.49000000
1988-10-26,27620.60000000
1988-10-27,27722.92000000
1988-10-28,27741.34000000
1988-10-29,27961.01000000
1988-10-31,27982.54000000
1988-11-01,28013.67000000
1988-11-02,27985.26000000
1988-11-04,27953.25000000
1988-11-05,28046.75000000
1988-11-07,27866.36000000
1988-11-08,28007.27000000
1988-11-09,28212.78000000
1988-11-10,28166.42000000
1988-11-11,28489.57000000
1988-11-14,28520.90000000
1988-11-15,28829.41000000
1988-11-16,28996.12000000
1988-11-17,29076.81000000
1988-11-18,29180.20000000
1988-11-21,29284.26000000
1988-11-22,29430.12000000
1988-11-24,29340.03000000
1988-11-25,29406.65000000
1988-11-26,29363.59000000
1988-11-28,28983.32000000
1988-11-29,29318.30000000
1988-11-30,29578.90000000
1988-12-01,29541.46000000
1988-12-02,29532.25000000
1988-12-03,29665.50000000
1988-12-05,29614.68000000
1988-12-06,29669.38000000
1988-12-07,30050.82000000
1988-12-08,29758.90000000
1988-12-09,29793.42000000
1988-12-12,29672.29000000
1988-12-13,29597.81000000
1988-12-14,29754.73000000
1988-12-15,29705.75000000
1988-12-16,29536.71000000
1988-12-19,29470.08000000
1988-12-20,29567.94000000
1988-12-21,29698.19000000
1988-12-22,29774.61000000
1988-12-23,29686.26000000
1988-12-24,29686.36000000
1988-12-26,29868.01000000
1988-12-27,30050.93000000
1988-12-28,30159.00000000
1989-01-04,30243.66000000
1989-01-05,30183.79000000
1989-01-06,30209.54000000
1989-01-09,30678.39000000
1989-01-10,31006.51000000
1989-01-11,31143.45000000
1989-01-12,31143.45000000
1989-01-13,31298.38000000
1989-01-17,31227.52000000
1989-01-18,31354.55000000
1989-01-19,31311.40000000
1989-01-20,31170.38000000
1989-01-23,31332.88000000
1989-01-24,31557.68000000
1989-01-25,31567.79000000
1989-01-26,31511.81000000
1989-01-27,31646.13000000
1989-01-28,31679.07000000
1989-01-30,31567.50000000
1989-01-31,31581.30000000
1989-02-01,31360.68000000
1989-02-02,31498.30000000
1989-02-03,31685.78000000
1989-02-06,31828.75000000
1989-02-07,31880.65000000
1989-02-08,32065.12000000
1989-02-09,32078.43000000
1989-02-10,32131.99000000
1989-02-13,31985.32000000
1989-02-14,31982.89000000
1989-02-15,32149.48000000
1989-02-16,32083.58000000
1989-02-17,32173.39000000
1989-02-20,32177.08000000
1989-02-21,31980.08000000
1989-02-22,32311.93000000
1989-02-23,32452.49000000
1989-02-27,32285.77000000
1989-02-28,31985.60000000
1989-03-01,31964.30000000
1989-03-02,32073.73000000
1989-03-03,32000.10000000
1989-03-06,31876.86000000
1989-03-07,31937.94000000
1989-03-08,31837.66000000
1989-03-09,31656.45000000
1989-03-10,31701.78000000
1989-03-13,31552.96000000
1989-03-14,31724.35000000
1989-03-15,32100.48000000
1989-03-16,32098.24000000
1989-03-17,32021.01000000
1989-03-20,31654.80000000
1989-03-22,31443.24000000
1989-03-23,31588.66000000
1989-03-24,31568.52000000
1989-03-27,31512.40000000
1989-03-28,32306.36000000
1989-03-29,32737.28000000
1989-03-30,32826.13000000
1989-03-31,32838.68000000
1989-04-03,33042.07000000
1989-04-04,33312.25000000
1989-04-05,33360.79000000
1989-04-06,32995.78000000
1989-04-07,33185.05000000
1989-04-10,32999.02000000
1989-04-11,33249.58000000
1989-04-12,33256.45000000
1989-04-13,33063.94000000
1989-04-14,33150.44000000
1989-04-17,33308.33000000
1989-04-18,33321.66000000
1989-04-19,33363.83000000
1989-04-20,33185.15000000
1989-04-21,33029.81000000
1989-04-24,32805.92000000
1989-04-25,33244.78000000
1989-04-26,33434.93000000
1989-04-27,33500.83000000
1989-04-28,33713.35000000
1989-05-01,33793.17000000
1989-05-02,33954.99000000
1989-05-08,34135.24000000
1989-05-09,34031.87000000
1989-05-10,33992.35000000
1989-05-11,34081.49000000
1989-05-12,33866.33000000
1989-05-15,33716.29000000
1989-05-16,33926.45000000
1989-05-17,33992.45000000
1989-05-18,33856.33000000
1989-05-19,34001.96000000
1989-05-22,34067.86000000
1989-05-23,33816.61000000
1989-05-24,33851.82000000
1989-05-25,34005.39000000
1989-05-26,34191.62000000
1989-05-29,34160.83000000
1989-05-30,34076.89000000
1989-05-31,34266.75000000
1989-06-01,33981.35000000
1989-06-02,33667.42000000
1989-06-05,33457.08000000
1989-06-06,33452.01000000
1989-06-07,33626.89000000
1989-06-08,33718.29000000
1989-06-09,33639.98000000
1989-06-12,33398.01000000
1989-06-13,33213.55000000
1989-06-14,33402.99000000
1989-06-15,32913.09000000
1989-06-16,33055.17000000
1989-06-19,33013.18000000
1989-06-20,33233.47000000
1989-06-21,33345.28000000
1989-06-22,33324.97000000
1989-06-23,33530.71000000
1989-06-26,33625.82000000
1989-06-27,33469.21000000
1989-06-28,33245.60000000
1989-06-29,32956.31000000
1989-06-30,32948.69000000
1989-07-03,33236.42000000
1989-07-04,33190.38000000
1989-07-05,33309.71000000
1989-07-06,33423.48000000
1989-07-07,33703.97000000
1989-07-10,33676.02000000
1989-07-11,33746.77000000
1989-07-12,33701.52000000
1989-07-13,33631.16000000
1989-07-14,33574.77000000
1989-07-17,33456.22000000
1989-07-18,33343.73000000
1989-07-19,33557.17000000
1989-07-20,33664.87000000
1989-07-21,33899.43000000
1989-07-24,34093.33000000
1989-07-25,34538.90000000
1989-07-26,34515.83000000
1989-07-27,34785.28000000
1989-07-28,34705.63000000
1989-07-31,34953.87000000
1989-08-01,34898.46000000
1989-08-02,34899.34000000
1989-08-03,34779.81000000
1989-08-04,34741.99000000
1989-08-07,34630.38000000
1989-08-08,34759.48000000
1989-08-09,34859.27000000
1989-08-10,34719.80000000
1989-08-11,34712.96000000
1989-08-14,34671.62000000
1989-08-15,34810.69000000
1989-08-16,35084.15000000
1989-08-17,35090.11000000
1989-08-18,35063.14000000
1989-08-21,35140.83000000
1989-08-22,35114.35000000
1989-08-23,34893.28000000
1989-08-24,34786.55000000
1989-08-25,34739.93000000
1989-08-28,34607.41000000
1989-08-29,34687.65000000
1989-08-30,34471.66000000
1989-08-31,34431.20000000
1989-09-01,34348.22000000
1989-09-04,34483.78000000
1989-09-05,34441.95000000
1989-09-06,34271.31000000
1989-09-07,34152.56000000
1989-09-08,34115.81000000
1989-09-11,34113.66000000
1989-09-12,34332.88000000
1989-09-13,34286.94000000
1989-09-14,34401.88000000
1989-09-18,34472.54000000
1989-09-19,34471.07000000
1989-09-20,34470.58000000
1989-09-21,34745.02000000
1989-09-22,34771.79000000
1989-09-25,34960.71000000
1989-09-26,35444.82000000
1989-09-27,35370.57000000
1989-09-28,35689.98000000
1989-09-29,35636.76000000
1989-10-02,35622.97000000
1989-10-03,35366.37000000
1989-10-04,35382.80000000
1989-10-05,35522.99000000
1989-10-06,35209.35000000
1989-10-09,35376.35000000
1989-10-11,35240.07000000
1989-10-12,34795.05000000
1989-10-13,35116.02000000
1989-10-16,34468.69000000
1989-10-17,34996.08000000
1989-10-18,35107.56000000
1989-10-19,35374.22000000
1989-10-20,35486.38000000
1989-10-23,35585.52000000
1989-10-24,35526.55000000
1989-10-25,35442.40000000
1989-10-26,35678.49000000
1989-10-27,35527.29000000
1989-10-30,35417.44000000
1989-10-31,35549.44000000
1989-11-01,35564.43000000
1989-11-02,35494.86000000
1989-11-06,35434.00000000
1989-11-07,35270.46000000
1989-11-08,35595.59000000
1989-11-09,35657.42000000
1989-11-10,35663.20000000
1989-11-13,35750.12000000
1989-11-14,35768.64000000
1989-11-15,35852.23000000
1989-11-16,35876.34000000
1989-11-17,35963.74000000
1989-11-20,35893.58000000
1989-11-21,36059.87000000
1989-11-22,36286.92000000
1989-11-24,36484.47000000
1989-11-27,36881.53000000
1989-11-28,36985.30000000
1989-11-29,37021.46000000
1989-11-30,37268.79000000
1989-12-01,37132.68000000
1989-12-04,37303.87000000
1989-12-05,37494.17000000
1989-12-06,37654.29000000
1989-12-07,37858.11000000
1989-12-08,37724.06000000
1989-12-11,37752.67000000
1989-12-12,37803.53000000
1989-12-13,38062.42000000
1989-12-14,38180.70000000
1989-12-15,38271.04000000
1989-12-18,38586.18000000
1989-12-19,38439.10000000
1989-12-20,38512.00000000
1989-12-21,38215.48000000
1989-12-22,38040.37000000
1989-12-25,38423.62000000
1989-12-26,38681.31000000
1989-12-27,38801.63000000
1989-12-28,38876.94000000
1989-12-29,38915.87000000
1990-01-04,38712.88000000
1990-01-05,38274.76000000
1990-01-08,38294.96000000
1990-01-09,37951.46000000
1990-01-10,37696.51000000
1990-01-11,38170.13000000
1990-01-12,37516.77000000
1990-01-16,36850.36000000
1990-01-17,36821.14000000
1990-01-18,36729.46000000
1990-01-19,36836.54000000
1990-01-22,37257.01000000
1990-01-23,37378.02000000
1990-01-24,36778.98000000
1990-01-25,36969.11000000
1990-01-26,36874.07000000
1990-01-29,37173.70000000
1990-01-30,37215.67000000
1990-01-31,37188.95000000
1990-02-01,37206.42000000
1990-02-02,37650.15000000
1990-02-05,37631.41000000
1990-02-06,37666.83000000
1990-02-07,37301.87000000
1990-02-08,37516.24000000
1990-02-09,37288.14000000
1990-02-13,37107.03000000
1990-02-14,37155.89000000
1990-02-15,37471.99000000
1990-02-16,37460.32000000
1990-02-19,37222.60000000
1990-02-20,36895.52000000
1990-02-21,35734.33000000
1990-02-22,35826.84000000
1990-02-23,34890.97000000
1990-02-26,33321.87000000
1990-02-27,33897.95000000
1990-02-28,34591.99000000
1990-03-01,33829.58000000
1990-03-02,34057.56000000
1990-03-05,33845.20000000
1990-03-06,33791.08000000
1990-03-07,33362.34000000
1990-03-08,33690.89000000
1990-03-09,33993.12000000
1990-03-12,33368.23000000
1990-03-13,32620.57000000
1990-03-14,32352.13000000
1990-03-15,32671.64000000
1990-03-16,32616.44000000
1990-03-19,31263.24000000
1990-03-20,30807.19000000
1990-03-22,29843.34000000
1990-03-23,30372.16000000
1990-03-26,31840.49000000
1990-03-27,31825.96000000
1990-03-28,31263.57000000
1990-03-29,31026.16000000
1990-03-30,29980.45000000
1990-04-02,28002.07000000
1990-04-03,28759.72000000
1990-04-04,28442.94000000
1990-04-05,28249.06000000
1990-04-06,29278.78000000
1990-04-09,30397.93000000
1990-04-10,29624.68000000
1990-04-11,29440.28000000
1990-04-12,29623.20000000
1990-04-13,29213.92000000
1990-04-16,28463.18000000
1990-04-17,28461.60000000
1990-04-18,29249.06000000
1990-04-19,29945.41000000
1990-04-20,29835.44000000
1990-04-23,29679.07000000
1990-04-24,29501.38000000
1990-04-25,29564.36000000
1990-04-26,29424.58000000
1990-04-27,29584.80000000
1990-05-01,29689.83000000
1990-05-02,30173.64000000
1990-05-07,30956.27000000
1990-05-08,30970.58000000
1990-05-09,30945.61000000
1990-05-10,30980.26000000
1990-05-11,31512.14000000
1990-05-14,32042.65000000
1990-05-15,31997.04000000
1990-05-16,31967.62000000
1990-05-17,32061.60000000
1990-05-18,32013.72000000
1990-05-21,31765.05000000
1990-05-22,31938.30000000
1990-05-23,32176.51000000
1990-05-24,32311.75000000
1990-05-25,32793.88000000
1990-05-28,33191.61000000
1990-05-29,32817.67000000
1990-05-30,32926.26000000
1990-05-31,33130.80000000
1990-06-01,32891.12000000
1990-06-04,32925.37000000
1990-06-05,32921.62000000
1990-06-06,32953.50000000
1990-06-07,33192.50000000
1990-06-08,32993.29000000
1990-06-11,32540.18000000
1990-06-12,32322.31000000
1990-06-13,32371.77000000
1990-06-14,32668.11000000
1990-06-15,32538.40000000
1990-06-18,32376.80000000
1990-06-19,32040.38000000
1990-06-20,32087.76000000
1990-06-21,32087.27000000
1990-06-22,31694.57000000
1990-06-25,31124.19000000
1990-06-26,31571.77000000
1990-06-27,32312.75000000
1990-06-28,32106.19000000
1990-06-29,31940.24000000
1990-07-02,32160.23000000
1990-07-03,32414.60000000
1990-07-04,32445.92000000
1990-07-05,32351.67000000
1990-07-06,32445.12000000
1990-07-09,32538.28000000
1990-07-10,32152.43000000
1990-07-11,32294.18000000
1990-07-12,32575.32000000
1990-07-13,32644.37000000
1990-07-16,33021.73000000
1990-07-17,33172.28000000
1990-07-18,33048.11000000
1990-07-19,33055.62000000
1990-07-20,32421.52000000
1990-07-23,31894.79000000
1990-07-24,31702.46000000
1990-07-25,31701.27000000
1990-07-26,31369.75000000
1990-07-27,30863.48000000
1990-07-30,30442.95000000
1990-07-31,31035.66000000
1990-08-01,30837.99000000
1990-08-02,30245.18000000
1990-08-03,29515.76000000
1990-08-06,28599.53000000
1990-08-07,27653.07000000
1990-08-08,28509.14000000
1990-08-09,27615.73000000
1990-08-10,27329.55000000
1990-08-13,26176.43000000
1990-08-14,26672.53000000
1990-08-15,28112.12000000
1990-08-16,27549.44000000
1990-08-17,26786.72000000
1990-08-20,26490.47000000
1990-08-21,26297.84000000
1990-08-22,25210.91000000
1990-08-23,23737.63000000
1990-08-24,24165.76000000
1990-08-27,25141.76000000
1990-08-28,25710.76000000
1990-08-29,24894.79000000
1990-08-30,25669.96000000
1990-08-31,25978.37000000
1990-09-03,25420.43000000
1990-09-04,24907.64000000
1990-09-05,24078.34000000
1990-09-06,23811.91000000
1990-09-07,23962.07000000
1990-09-10,25080.90000000
1990-09-11,24604.66000000
1990-09-12,25216.14000000
1990-09-13,25075.08000000
1990-09-14,24897.46000000
1990-09-17,24365.60000000
1990-09-18,23884.82000000
1990-09-19,23726.17000000
1990-09-20,23602.98000000
1990-09-21,23777.83000000
1990-09-25,23359.32000000
1990-09-26,22250.62000000
1990-09-27,21771.91000000
1990-09-28,20983.50000000
1990-10-01,20221.86000000
1990-10-02,22898.41000000
1990-10-03,22849.39000000
1990-10-04,22278.19000000
1990-10-05,22827.65000000
1990-10-08,23630.00000000
1990-10-09,23495.11000000
1990-10-11,22585.63000000
1990-10-12,22390.16000000
1990-10-15,23109.20000000
1990-10-16,23606.10000000
1990-10-17,23859.36000000
1990-10-18,24367.08000000
1990-10-19,24481.49000000
1990-10-22,25070.86000000
1990-10-23,25298.30000000
1990-10-24,24876.88000000
1990-10-25,25352.63000000
1990-10-26,25005.64000000
1990-10-29,25329.31000000
1990-10-30,25242.40000000
1990-10-31,25194.10000000
1990-11-01,24295.16000000
1990-11-02,24194.99000000
1990-11-05,24385.33000000
1990-11-06,23965.75000000
1990-11-07,23500.25000000
1990-11-08,22969.81000000
1990-11-09,22931.80000000
1990-11-13,23973.67000000
1990-11-14,23937.44000000
1990-11-15,23487.48000000
1990-11-16,23171.63000000
1990-11-19,23518.16000000
1990-11-20,23205.48000000
1990-11-21,22816.99000000
1990-11-22,23400.28000000
1990-11-26,23762.86000000
1990-11-27,23623.51000000
1990-11-28,23053.88000000
1990-11-29,22712.60000000
1990-11-30,22454.63000000
1990-12-03,22725.99000000
1990-12-04,21862.61000000
1990-12-05,22193.72000000
1990-12-06,22553.10000000
1990-12-07,23522.49000000
1990-12-10,23784.67000000
1990-12-11,23956.97000000
1990-12-12,23999.41000000
1990-12-13,24642.97000000
1990-12-14,24349.50000000
1990-12-17,24087.91000000
1990-12-18,24424.02000000
1990-12-19,24876.78000000
1990-12-20,24524.94000000
1990-12-21,24119.60000000
1990-12-25,23767.88000000
1990-12-26,23887.56000000
1990-12-27,23940.70000000
1990-12-28,23848.71000000
1991-01-04,24069.18000000
1991-01-07,23736.57000000
1991-01-08,22897.84000000
1991-01-09,22969.27000000
1991-01-10,23047.36000000
1991-01-11,23241.02000000
1991-01-14,23213.23000000
1991-01-16,22442.70000000
1991-01-17,23446.81000000
1991-01-18,23808.30000000
1991-01-21,23352.19000000
1991-01-22,23253.65000000
1991-01-23,23050.10000000
1991-01-24,23269.01000000
1991-01-25,23573.25000000
1991-01-28,23569.44000000
1991-01-29,23460.12000000
1991-01-30,23409.61000000
1991-01-31,23293.14000000
1991-02-01,23156.70000000
1991-02-04,23287.36000000
1991-02-05,23821.57000000
1991-02-06,23952.04000000
1991-02-07,24104.43000000
1991-02-08,24296.08000000
1991-02-12,24935.01000000
1991-02-13,25139.47000000
1991-02-14,25356.37000000
1991-02-15,25343.74000000
1991-02-18,26230.01000000
1991-02-19,26166.98000000
1991-02-20,26198.79000000
1991-02-21,26024.37000000
1991-02-22,25902.81000000
1991-02-25,26462.76000000
1991-02-26,26282.96000000
1991-02-27,26094.25000000
1991-02-28,26409.22000000
1991-03-01,25881.57000000
1991-03-04,25976.02000000
1991-03-05,25913.48000000
1991-03-06,26382.99000000
1991-03-07,26397.96000000
1991-03-08,26607.52000000
1991-03-11,26669.37000000
1991-03-12,26727.42000000
1991-03-13,26418.32000000
1991-03-14,26542.33000000
1991-03-15,26843.10000000
1991-03-18,27146.91000000
1991-03-19,27006.66000000
1991-03-20,26449.35000000
1991-03-22,26613.19000000
1991-03-25,26645.79000000
1991-03-26,26339.38000000
1991-03-27,26104.65000000
1991-03-28,26206.92000000
1991-03-29,26292.04000000
1991-04-01,26007.40000000
1991-04-02,26252.00000000
1991-04-03,26780.06000000
1991-04-04,26689.81000000
1991-04-05,26767.33000000
1991-04-08,26607.65000000
1991-04-09,26317.39000000
1991-04-10,26268.86000000
1991-04-11,26425.19000000
1991-04-12,26582.50000000
1991-04-15,26695.53000000
1991-04-16,26813.30000000
1991-04-17,26980.37000000
1991-04-18,26798.90000000
1991-04-19,26541.97000000
1991-04-22,26237.01000000
1991-04-23,26491.57000000
1991-04-24,26330.21000000
1991-04-25,26038.86000000
1991-04-26,26123.68000000
1991-04-30,26111.25000000
1991-05-01,26489.00000000
1991-05-02,26477.86000000
1991-05-07,26342.14000000
1991-05-08,26309.79000000
1991-05-09,26438.50000000
1991-05-10,26274.29000000
1991-05-13,26093.20000000
1991-05-14,26030.08000000
1991-05-15,25822.47000000
1991-05-16,25520.27000000
1991-05-17,25701.94000000
1991-05-20,25523.03000000
1991-05-21,25481.21000000
1991-05-22,25398.66000000
1991-05-23,25643.65000000
1991-05-24,25529.14000000
1991-05-27,25425.88000000
1991-05-28,25390.67000000
1991-05-29,25495.41000000
1991-05-30,25647.40000000
1991-05-31,25789.62000000
1991-06-03,25912.61000000
1991-06-04,25556.86000000
1991-06-05,25289.57000000
1991-06-06,24984.12000000
1991-06-07,25035.11000000
1991-06-10,24598.38000000
1991-06-11,24662.59000000
1991-06-12,24482.69000000
1991-06-13,24808.17000000
1991-06-14,25093.89000000
1991-06-17,24943.09000000
1991-06-18,24685.47000000
1991-06-19,23996.75000000
1991-06-20,24082.26000000
1991-06-21,24275.08000000
1991-06-24,23765.46000000
1991-06-25,23907.42000000
1991-06-26,23766.38000000
1991-06-27,23543.03000000
1991-06-28,23290.96000000
1991-07-01,24108.76000000
1991-07-02,23995.76000000
1991-07-03,23373.47000000
1991-07-04,23135.61000000
1991-07-05,22898.34000000
1991-07-08,22176.17000000
1991-07-09,22608.96000000
1991-07-10,23121.30000000
1991-07-11,22937.92000000
1991-07-12,23137.78000000
1991-07-15,23459.04000000
1991-07-16,23375.15000000
1991-07-17,23060.70000000
1991-07-18,22908.71000000
1991-07-19,22866.36000000
1991-07-22,22705.29000000
1991-07-23,22758.98000000
1991-07-24,23297.47000000
1991-07-25,23332.71000000
1991-07-26,23519.07000000
1991-07-29,23443.58000000
1991-07-30,23872.63000000
1991-07-31,24120.75000000
1991-08-01,24072.73000000
1991-08-02,24027.97000000
1991-08-05,23833.25000000
1991-08-06,23464.96000000
1991-08-07,23691.02000000
1991-08-08,23482.46000000
1991-08-09,23434.62000000
1991-08-12,22985.67000000
1991-08-13,22872.00000000
1991-08-14,23393.30000000
1991-08-15,23018.68000000
1991-08-16,22814.37000000
1991-08-19,21456.76000000
1991-08-20,21687.06000000
1991-08-21,22051.60000000
1991-08-22,22515.77000000
1991-08-23,22065.34000000
1991-08-26,21592.27000000
1991-08-27,21641.30000000
1991-08-28,21621.63000000
1991-08-29,22002.17000000
1991-08-30,22335.87000000
1991-09-02,22469.01000000
1991-09-03,22469.80000000
1991-09-04,22402.69000000
1991-09-05,22499.65000000
1991-09-06,22692.60000000
1991-09-09,22573.98000000
1991-09-10,22411.58000000
1991-09-11,22504.79000000
1991-09-12,22530.20000000
1991-09-13,23134.43000000
1991-09-17,23443.61000000
1991-09-18,23317.78000000
1991-09-19,23332.31000000
1991-09-20,23192.74000000
1991-09-24,23333.70000000
1991-09-25,23577.42000000
1991-09-26,23968.08000000
1991-09-27,23969.47000000
1991-09-30,23916.44000000
1991-10-01,24377.01000000
1991-10-02,24375.11000000
1991-10-03,24711.44000000
1991-10-04,24596.90000000
1991-10-07,24330.83000000
1991-10-08,24155.62000000
1991-10-09,24485.26000000
1991-10-11,24157.72000000
1991-10-14,23860.67000000
1991-10-15,24307.65000000
1991-10-16,24334.67000000
1991-10-17,24439.85000000
1991-10-18,24894.82000000
1991-10-21,25016.81000000
1991-10-22,24954.66000000
1991-10-23,24799.94000000
1991-10-24,24949.26000000
1991-10-25,24906.43000000
1991-10-28,24901.72000000
1991-10-29,25140.61000000
1991-10-30,24981.18000000
1991-10-31,25222.28000000
1991-11-01,25044.24000000
1991-11-05,24950.86000000
1991-11-06,24750.20000000
1991-11-07,24446.76000000
1991-11-08,24486.49000000
1991-11-11,24232.99000000
1991-11-12,24667.73000000
1991-11-13,24416.23000000
1991-11-14,24176.54000000
1991-11-15,24099.18000000
1991-11-18,23400.12000000
1991-11-19,23326.86000000
1991-11-20,23199.86000000
1991-11-21,23177.84000000
1991-11-22,23117.39000000
1991-11-25,22868.69000000
1991-11-26,23112.09000000
1991-11-27,22973.28000000
1991-11-28,22780.42000000
1991-11-29,22687.35000000
1991-12-02,21992.29000000
1991-12-03,22166.83000000
1991-12-04,22669.44000000
1991-12-05,22459.17000000
1991-12-06,22445.06000000
1991-12-09,22352.88000000
1991-12-10,21953.06000000
1991-12-11,21502.90000000
1991-12-12,21712.57000000
1991-12-13,22754.90000000
1991-12-16,22836.67000000
1991-12-17,22736.29000000
1991-12-18,22629.90000000
1991-12-19,21991.19000000
1991-12-20,21777.12000000
1991-12-24,21664.53000000
1991-12-25,22461.17000000
1991-12-26,22555.07000000
1991-12-27,22437.32000000
1991-12-30,22983.77000000
1992-01-06,23801.18000000
1992-01-07,23566.39000000
1992-01-08,22715.00000000
1992-01-09,23113.64000000
1992-01-10,22381.90000000
1992-01-13,21696.86000000
1992-01-14,21775.13000000
1992-01-16,21612.19000000
1992-01-17,21321.37000000
1992-01-20,20913.82000000
1992-01-21,20858.30000000
1992-01-22,21534.12000000
1992-01-23,21580.72000000
1992-01-24,21072.15000000
1992-01-27,21007.11000000
1992-01-28,21390.52000000
1992-01-29,21362.26000000
1992-01-30,21557.67000000
1992-01-31,22023.05000000
1992-02-03,22139.59000000
1992-02-04,21999.60000000
1992-02-05,21936.37000000
1992-02-06,22104.92000000
1992-02-07,22107.12000000
1992-02-10,21819.52000000
1992-02-12,21541.64000000
1992-02-13,21391.02000000
1992-02-14,20883.86000000
1992-02-17,21324.98000000
1992-02-18,20872.03000000
1992-02-19,20618.30000000
1992-02-20,20771.92000000
1992-02-21,21291.81000000
1992-02-24,20973.24000000
1992-02-25,21025.55000000
1992-02-26,21364.77000000
1992-02-27,21333.70000000
1992-02-28,21338.81000000
1992-03-02,21487.82000000
1992-03-03,21051.71000000
1992-03-04,21105.42000000
1992-03-05,20864.42000000
1992-03-06,20992.99000000
1992-03-09,20797.68000000
1992-03-10,20854.59000000
1992-03-11,20592.14000000
1992-03-12,20561.88000000
1992-03-13,20456.06000000
1992-03-16,19837.16000000
1992-03-17,19917.63000000
1992-03-18,19764.31000000
1992-03-19,20185.09000000
1992-03-23,20239.60000000
1992-03-24,19891.57000000
1992-03-25,20226.78000000
1992-03-26,19885.49000000
1992-03-27,19636.99000000
1992-03-30,19669.31000000
1992-03-31,19345.95000000
1992-04-01,18581.79000000
1992-04-02,18286.03000000
1992-04-03,18559.71000000
1992-04-06,18436.37000000
1992-04-07,17791.55000000
1992-04-08,17175.53000000
1992-04-09,16598.15000000
1992-04-10,17850.66000000
1992-04-13,17236.65000000
1992-04-14,17439.58000000
1992-04-15,17948.01000000
1992-04-16,17959.76000000
1992-04-17,17580.69000000
1992-04-20,17071.36000000
1992-04-21,16787.33000000
1992-04-22,16839.12000000
1992-04-23,17402.05000000
1992-04-24,17542.45000000
1992-04-27,17450.52000000
1992-04-28,17527.40000000
1992-04-30,17390.71000000
1992-05-01,17303.39000000
1992-05-06,17878.66000000
1992-05-07,18410.88000000
1992-05-08,18375.95000000
1992-05-11,18608.09000000
1992-05-12,18508.53000000
1992-05-13,18768.57000000
1992-05-14,18804.60000000
1992-05-15,18074.27000000
1992-05-18,18443.10000000
1992-05-19,18754.11000000
1992-05-20,18674.93000000
1992-05-21,18691.29000000
1992-05-22,18221.00000000
1992-05-25,18555.00000000
1992-05-26,18204.64000000
1992-05-27,17822.56000000
1992-05-28,17931.25000000
1992-05-29,18347.75000000
1992-06-01,18004.11000000
1992-06-02,18125.55000000
1992-06-03,18188.68000000
1992-06-04,17964.07000000
1992-06-05,17790.04000000
1992-06-08,17655.06000000
1992-06-09,17845.04000000
1992-06-10,17742.87000000
1992-06-11,17709.05000000
1992-06-12,17383.68000000
1992-06-15,16953.23000000
1992-06-16,16953.53000000
1992-06-17,16445.80000000
1992-06-18,16045.56000000
1992-06-19,16519.87000000
1992-06-22,15921.22000000
1992-06-23,16106.99000000
1992-06-24,15853.67000000
1992-06-25,16143.72000000
1992-06-26,15812.73000000
1992-06-29,15741.27000000
1992-06-30,15951.73000000
1992-07-01,16325.07000000
1992-07-02,16757.63000000
1992-07-03,16717.78000000
1992-07-06,16657.07000000
1992-07-07,16459.55000000
1992-07-08,16600.26000000
1992-07-09,16848.66000000
1992-07-10,16783.72000000
1992-07-13,17201.73000000
1992-07-14,17064.63000000
1992-07-15,17116.92000000
1992-07-16,16987.66000000
1992-07-17,16548.07000000
1992-07-20,15884.48000000
1992-07-21,16002.41000000
1992-07-22,15541.95000000
1992-07-23,16039.94000000
1992-07-24,15497.79000000
1992-07-27,15373.34000000
1992-07-28,15426.64000000
1992-07-29,15095.95000000
1992-07-30,15555.60000000
1992-07-31,15910.28000000
1992-08-03,15709.45000000
1992-08-04,15692.59000000
1992-08-05,15983.64000000
1992-08-06,15926.44000000
1992-08-07,15518.27000000
1992-08-10,15066.34000000
1992-08-11,14822.56000000
1992-08-12,14773.79000000
1992-08-13,14768.17000000
1992-08-14,14820.25000000
1992-08-17,14929.55000000
1992-08-18,14309.41000000
1992-08-19,14650.74000000
1992-08-20,15267.76000000
1992-08-21,16216.88000000
1992-08-24,16627.96000000
1992-08-25,16380.77000000
1992-08-26,16541.65000000
1992-08-27,17555.00000000
1992-08-28,17970.79000000
1992-08-31,18061.12000000
1992-09-01,17740.06000000
1992-09-02,17587.72000000
1992-09-03,18386.49000000
1992-09-04,18555.30000000
1992-09-07,18440.18000000
1992-09-08,18282.42000000
1992-09-09,18875.55000000
1992-09-10,18908.47000000
1992-09-11,18107.69000000
1992-09-14,18471.40000000
1992-09-16,17944.70000000
1992-09-17,18116.52000000
1992-09-18,18166.80000000
1992-09-21,18066.24000000
1992-09-22,18282.72000000
1992-09-24,18609.95000000
1992-09-25,18394.76000000
1992-09-28,17972.61000000
1992-09-29,17748.09000000
1992-09-30,17399.08000000
1992-10-01,17369.91000000
1992-10-02,17324.07000000
1992-10-05,17101.50000000
1992-10-06,17268.10000000
1992-10-07,17111.74000000
1992-10-08,17335.51000000
1992-10-09,17059.78000000
1992-10-12,17302.01000000
1992-10-13,17490.67000000
1992-10-14,17344.03000000
1992-10-15,17628.49000000
1992-10-16,17369.81000000
1992-10-19,16903.81000000
1992-10-20,16987.66000000
1992-10-21,17141.52000000
1992-10-22,17013.04000000
1992-10-23,17117.65000000
1992-10-26,17011.33000000
1992-10-27,17185.26000000
1992-10-28,17068.41000000
1992-10-29,16937.71000000
1992-10-30,16767.40000000
1992-11-02,16853.36000000
1992-11-04,17065.20000000
1992-11-05,17031.59000000
1992-11-06,16869.81000000
1992-11-09,16417.05000000
1992-11-10,16437.11000000
1992-11-11,16318.15000000
1992-11-12,16376.93000000
1992-11-13,16330.79000000
1992-11-16,16162.99000000
1992-11-17,15993.48000000
1992-11-18,16778.84000000
1992-11-19,16871.31000000
1992-11-20,17033.60000000
1992-11-24,17096.09000000
1992-11-25,17302.01000000
1992-11-26,17479.04000000
1992-11-27,17470.61000000
1992-11-30,17683.65000000
1992-12-01,17313.04000000
1992-12-02,17393.68000000
1992-12-03,17260.08000000
1992-12-04,17295.69000000
1992-12-07,17207.12000000
1992-12-08,17281.85000000
1992-12-09,17406.22000000
1992-12-10,17501.30000000
1992-12-11,17441.02000000
1992-12-14,17289.97000000
1992-12-15,17480.74000000
1992-12-16,17268.71000000
1992-12-17,17437.91000000
1992-12-18,17680.74000000
1992-12-21,17645.44000000
1992-12-22,17690.67000000
1992-12-24,17648.85000000
1992-12-25,17557.04000000
1992-12-28,17188.62000000
1992-12-29,17285.64000000
1992-12-30,16924.95000000
1993-01-04,16994.08000000
1993-01-05,16842.58000000
1993-01-06,16782.88000000
1993-01-07,16780.98000000
1993-01-08,16634.69000000
1993-01-11,16589.55000000
1993-01-12,16681.05000000
1993-01-13,16517.91000000
1993-01-14,16515.60000000
1993-01-18,16617.24000000
1993-01-19,16798.64000000
1993-01-20,16510.18000000
1993-01-21,16538.68000000
1993-01-22,16336.81000000
1993-01-25,16287.45000000
1993-01-26,16492.63000000
1993-01-27,16509.68000000
1993-01-28,17063.41000000
1993-01-29,17023.78000000
1993-02-01,17133.64000000
1993-02-02,17186.31000000
1993-02-03,17222.03000000
1993-02-04,17190.63000000
1993-02-05,17332.90000000
1993-02-08,17281.73000000
1993-02-09,17022.27000000
1993-02-10,17089.90000000
1993-02-12,16851.51000000
1993-02-15,17117.99000000
1993-02-16,16916.32000000
1993-02-17,17009.63000000
1993-02-18,16982.14000000
1993-02-19,17010.03000000
1993-02-22,16820.61000000
1993-02-23,16863.15000000
1993-02-24,16798.94000000
1993-02-25,16907.39000000
1993-02-26,16953.35000000
1993-03-01,16879.60000000
1993-03-02,16864.25000000
1993-03-03,16853.92000000
1993-03-04,16759.61000000
1993-03-05,16817.70000000
1993-03-08,17686.47000000
1993-03-09,17848.30000000
1993-03-10,17858.63000000
1993-03-11,17904.79000000
1993-03-12,18037.52000000
1993-03-15,18086.18000000
1993-03-16,17968.30000000
1993-03-17,18173.37000000
1993-03-18,18727.90000000
1993-03-19,18537.17000000
1993-03-22,18784.39000000
1993-03-23,18491.62000000
1993-03-24,18450.69000000
1993-03-25,18764.92000000
1993-03-26,18788.70000000
1993-03-29,19048.38000000
1993-03-30,18963.16000000
1993-03-31,18591.45000000
1993-04-01,19099.09000000
1993-04-02,19446.94000000
1993-04-05,19759.46000000
1993-04-06,19486.80000000
1993-04-07,19829.23000000
1993-04-08,19967.27000000
1993-04-09,19892.18000000
1993-04-12,19882.14000000
1993-04-13,20740.29000000
1993-04-14,20533.38000000
1993-04-15,20675.84000000
1993-04-16,20297.86000000
1993-04-19,20112.34000000
1993-04-20,19828.43000000
1993-04-21,19773.01000000
1993-04-22,19591.31000000
1993-04-23,19704.15000000
1993-04-26,19623.63000000
1993-04-27,20206.71000000
1993-04-28,20454.57000000
1993-04-30,20919.18000000
1993-05-06,20622.03000000
1993-05-07,20811.36000000
1993-05-10,21054.71000000
1993-05-11,20940.37000000
1993-05-12,20615.20000000
1993-05-13,20532.78000000
1993-05-14,20474.15000000
1993-05-17,20565.51000000
1993-05-18,20229.39000000
1993-05-19,20380.79000000
1993-05-20,20330.39000000
1993-05-21,20557.47000000
1993-05-24,20476.16000000
1993-05-25,20631.76000000
1993-05-26,20895.99000000
1993-05-27,20852.63000000
1993-05-28,20843.69000000
1993-05-31,20552.35000000
1993-06-01,20591.41000000
1993-06-02,20691.70000000
1993-06-03,21076.00000000
1993-06-04,20882.24000000
1993-06-07,20844.19000000
1993-06-08,20575.24000000
1993-06-10,20493.32000000
1993-06-11,20500.95000000
1993-06-14,20397.35000000
1993-06-15,20045.88000000
1993-06-16,19902.42000000
1993-06-17,19925.51000000
1993-06-18,19804.54000000
1993-06-21,19212.43000000
1993-06-22,19538.30000000
1993-06-23,19492.52000000
1993-06-24,19685.07000000
1993-06-25,19659.57000000
1993-06-28,19886.76000000
1993-06-29,19543.42000000
1993-06-30,19590.00000000
1993-07-01,19924.61000000
1993-07-02,19621.46000000
1993-07-05,19623.06000000
1993-07-06,19829.78000000
1993-07-07,19720.67000000
1993-07-08,19688.67000000
1993-07-09,19877.39000000
1993-07-12,19980.00000000
1993-07-13,20180.42000000
1993-07-14,20139.11000000
1993-07-15,20158.02000000
1993-07-16,20331.53000000
1993-07-19,20150.92000000
1993-07-20,20038.00000000
1993-07-21,20080.91000000
1993-07-22,20115.81000000
1993-07-23,19734.57000000
1993-07-26,19822.08000000
1993-07-27,19891.39000000
1993-07-28,19829.58000000
1993-07-29,20456.85000000
1993-07-30,20380.14000000
1993-08-02,20343.53000000
1993-08-03,20357.64000000
1993-08-04,20497.55000000
1993-08-05,20425.64000000
1993-08-06,20357.94000000
1993-08-09,20493.05000000
1993-08-10,20493.75000000
1993-08-11,20732.57000000
1993-08-12,20765.28000000
1993-08-13,20745.17000000
1993-08-16,20901.49000000
1993-08-17,20841.98000000
1993-08-18,20773.18000000
1993-08-19,20687.47000000
1993-08-20,20607.26000000
1993-08-23,20414.14000000
1993-08-24,20431.84000000
1993-08-25,20521.45000000
1993-08-26,20591.76000000
1993-08-27,20791.68000000
1993-08-30,20912.69000000
1993-08-31,21026.60000000
1993-09-01,20953.30000000
1993-09-02,20983.20000000
1993-09-03,21116.21000000
1993-09-06,21060.81000000
1993-09-07,20962.10000000
1993-09-08,20918.19000000
1993-09-09,20825.58000000
1993-09-10,20817.98000000
1993-09-13,21148.11000000
1993-09-14,20947.79000000
1993-09-16,20502.15000000
1993-09-17,20391.04000000
1993-09-20,20266.03000000
1993-09-21,20466.65000000
1993-09-22,20174.62000000
1993-09-24,20307.53000000
1993-09-27,20094.11000000
1993-09-28,20172.72000000
1993-09-29,20077.41000000
1993-09-30,20105.71000000
1993-10-01,20283.13000000
1993-10-04,20264.43000000
1993-10-05,20321.93000000
1993-10-06,20500.25000000
1993-10-07,20265.63000000
1993-10-08,20378.64000000
1993-10-12,20137.31000000
1993-10-13,20038.40000000
1993-10-14,20082.81000000
1993-10-15,20174.42000000
1993-10-18,20072.21000000
1993-10-19,20069.91000000
1993-10-20,20173.42000000
1993-10-21,20179.42000000
1993-10-22,20264.83000000
1993-10-25,20309.33000000
1993-10-26,20023.60000000
1993-10-27,19838.78000000
1993-10-28,19479.45000000
1993-10-29,19702.97000000
1993-11-01,19438.24000000
1993-11-02,19381.24000000
1993-11-04,18949.79000000
1993-11-05,18590.46000000
1993-11-08,18625.16000000
1993-11-09,18125.71000000
1993-11-10,18121.71000000
1993-11-11,18158.52000000
1993-11-12,18493.55000000
1993-11-15,18074.61000000
1993-11-16,18246.12000000
1993-11-17,18108.71000000
1993-11-18,18166.32000000
1993-11-19,17941.19000000
1993-11-22,17384.84000000
1993-11-24,17067.11000000
1993-11-25,17222.92000000
1993-11-26,16726.37000000
1993-11-29,16078.71000000
1993-11-30,16406.54000000
1993-12-01,17125.31000000
1993-12-02,17458.75000000
1993-12-03,17459.35000000
1993-12-06,16840.38000000
1993-12-07,16903.49000000
1993-12-08,16507.95000000
1993-12-09,17061.91000000
1993-12-10,17257.43000000
1993-12-13,17327.33000000
1993-12-14,17308.73000000
1993-12-15,17489.15000000
1993-12-16,17789.28000000
1993-12-17,18051.91000000
1993-12-20,17404.24000000
1993-12-21,17315.43000000
1993-12-22,17445.74000000
1993-12-24,17141.11000000
1993-12-27,16819.88000000
1993-12-28,17131.21000000
1993-12-29,17272.03000000
1993-12-30,17417.24000000
1994-01-04,17369.74000000
1994-01-05,17783.48000000
1994-01-06,17881.99000000
1994-01-07,18124.01000000
1994-01-10,18443.44000000
1994-01-11,18485.25000000
1994-01-12,18793.88000000
1994-01-13,18577.26000000
1994-01-14,18973.70000000
1994-01-17,18725.37000000
1994-01-18,18514.55000000
1994-01-19,19039.40000000
1994-01-20,19183.92000000
1994-01-21,19307.43000000
1994-01-24,18353.24000000
1994-01-25,18648.36000000
1994-01-26,19138.21000000
1994-01-27,18891.79000000
1994-01-28,18757.88000000
1994-01-31,20229.12000000
1994-02-01,20416.34000000
1994-02-02,20250.03000000
1994-02-03,20174.82000000
1994-02-04,20301.43000000
1994-02-07,20014.40000000
1994-02-08,20251.23000000
1994-02-09,19841.38000000
1994-02-10,19990.70000000
1994-02-14,19459.25000000
1994-02-15,18974.60000000
1994-02-16,19052.11000000
1994-02-17,18931.39000000
1994-02-18,18959.60000000
1994-02-21,19393.94000000
1994-02-22,19342.63000000
1994-02-23,19341.83000000
1994-02-24,19765.48000000
1994-02-25,19803.38000000
1994-02-28,19997.20000000
1994-03-01,20216.62000000
1994-03-02,19744.77000000
1994-03-03,19605.86000000
1994-03-04,19966.00000000
1994-03-07,19811.88000000
1994-03-08,19898.39000000
1994-03-09,19839.18000000
1994-03-10,20090.71000000
1994-03-11,20115.31000000
1994-03-14,20526.15000000
1994-03-15,20508.85000000
1994-03-16,20677.77000000
1994-03-17,20592.16000000
1994-03-18,20469.45000000
1994-03-22,20253.53000000
1994-03-23,19962.10000000
1994-03-24,20037.90000000
1994-03-25,19836.48000000
1994-03-28,19941.79000000
1994-03-29,19709.74000000
1994-03-30,19559.91000000
1994-03-31,19111.92000000
1994-04-01,19277.16000000
1994-04-04,19122.22000000
1994-04-05,19563.21000000
1994-04-06,19696.74000000
1994-04-07,19890.98000000
1994-04-08,19934.99000000
1994-04-11,19898.08000000
1994-04-12,19648.33000000
1994-04-13,20060.41000000
1994-04-14,19987.20000000
1994-04-15,20164.63000000
1994-04-18,20277.36000000
1994-04-19,20192.34000000
1994-04-20,19882.18000000
1994-04-21,19799.36000000
1994-04-22,19964.39000000
1994-04-25,19709.14000000
1994-04-26,19628.93000000
1994-04-27,19729.15000000
1994-04-28,19725.25000000
1994-05-02,19570.21000000
1994-05-06,19862.47000000
1994-05-09,19786.96000000
1994-05-10,19917.78000000
1994-05-11,20150.13000000
1994-05-12,20224.24000000
1994-05-13,20270.75000000
1994-05-16,20188.44000000
1994-05-17,20133.53000000
1994-05-18,20152.73000000
1994-05-19,20221.34000000
1994-05-20,20342.17000000
1994-05-23,20568.71000000
1994-05-24,20622.12000000
1994-05-25,20663.63000000
1994-05-26,20495.80000000
1994-05-27,20777.16000000
1994-05-30,20838.97000000
1994-05-31,20973.59000000
1994-06-01,21053.11000000
1994-06-02,21009.00000000
1994-06-03,20954.19000000
1994-06-06,20726.65000000
1994-06-07,21042.71000000
1994-06-08,21261.95000000
1994-06-09,21402.78000000
1994-06-10,21395.18000000
1994-06-13,21552.81000000
1994-06-14,21353.97000000
1994-06-15,21282.96000000
1994-06-16,21367.47000000
1994-06-17,21503.30000000
1994-06-20,21152.03000000
1994-06-21,20813.16000000
1994-06-22,20581.32000000
1994-06-23,21040.21000000
1994-06-24,20766.75000000
1994-06-27,20300.96000000
1994-06-28,20639.23000000
1994-06-29,20481.00000000
1994-06-30,20643.93000000
1994-07-01,20543.41000000
1994-07-04,20631.93000000
1994-07-05,20834.37000000
1994-07-06,20629.03000000
1994-07-07,20620.02000000
1994-07-08,20526.51000000
1994-07-11,20473.09000000
1994-07-12,20400.48000000
1994-07-13,20540.41000000
1994-07-14,20718.04000000
1994-07-15,20770.15000000
1994-07-18,20717.64000000
1994-07-19,20775.16000000
1994-07-20,20780.76000000
1994-07-21,20622.92000000
1994-07-22,20462.89000000
1994-07-25,20297.66000000
1994-07-26,20345.37000000
1994-07-27,20137.23000000
1994-07-28,20247.85000000
1994-07-29,20449.39000000
1994-08-01,20271.35000000
1994-08-02,20660.13000000
1994-08-03,20632.73000000
1994-08-04,20676.84000000
1994-08-05,20521.70000000
1994-08-08,20635.83000000
1994-08-09,20590.22000000
1994-08-10,20770.25000000
1994-08-11,20821.36000000
1994-08-12,20663.83000000
1994-08-15,20626.33000000
1994-08-16,20786.36000000
1994-08-17,20824.56000000
1994-08-18,20862.77000000
1994-08-19,20512.70000000
1994-08-22,20394.58000000
1994-08-23,20380.78000000
1994-08-24,20511.60000000
1994-08-25,20443.29000000
1994-08-26,20471.49000000
1994-08-29,20600.42000000
1994-08-30,20592.12000000
1994-08-31,20628.53000000
1994-09-01,20642.93000000
1994-09-02,20653.83000000
1994-09-05,20409.18000000
1994-09-06,20393.98000000
1994-09-07,20023.80000000
1994-09-08,19917.78000000
1994-09-09,19897.88000000
1994-09-12,19917.28000000
1994-09-13,20046.11000000
1994-09-14,19919.38000000
1994-09-16,19796.26000000
1994-09-19,19554.11000000
1994-09-20,19837.27000000
1994-09-21,19885.38000000
1994-09-22,19833.67000000
1994-09-26,19814.36000000
1994-09-27,19468.89000000
1994-09-28,19507.60000000
1994-09-29,19615.12000000
1994-09-30,19563.81000000
1994-10-03,19650.03000000
1994-10-04,19568.61000000
1994-10-05,19751.55000000
1994-10-06,19655.23000000
1994-10-07,19744.75000000
1994-10-11,19821.46000000
1994-10-12,20089.72000000
1994-10-13,20148.83000000
1994-10-14,19969.29000000
1994-10-17,19958.29000000
1994-10-18,19992.40000000
1994-10-19,19868.87000000
1994-10-20,19991.90000000
1994-10-21,19899.08000000
1994-10-24,19852.37000000
1994-10-25,19732.15000000
1994-10-26,19746.35000000
1994-10-27,19796.36000000
1994-10-28,19805.16000000
1994-10-31,19989.60000000
1994-11-01,19916.48000000
1994-11-02,19750.65000000
1994-11-04,19811.56000000
1994-11-07,19619.22000000
1994-11-08,19609.02000000
1994-11-09,19423.88000000
1994-11-10,19264.85000000
1994-11-11,19284.36000000
1994-11-14,19261.45000000
1994-11-15,19391.68000000
1994-11-16,19306.66000000
1994-11-17,19336.57000000
1994-11-18,19302.56000000
1994-11-21,19121.72000000
1994-11-22,18962.99000000
1994-11-24,18701.24000000
1994-11-25,18666.93000000
1994-11-28,18811.36000000
1994-11-29,18926.49000000
1994-11-30,19075.62000000
1994-12-01,19013.60000000
1994-12-02,18998.30000000
1994-12-05,19305.66000000
1994-12-06,19340.47000000
1994-12-07,19174.23000000
1994-12-08,19180.04000000
1994-12-09,18978.30000000
1994-12-12,18975.10000000
1994-12-13,18875.48000000
1994-12-14,18931.49000000
1994-12-15,19121.12000000
1994-12-16,19163.43000000
1994-12-19,19270.85000000
1994-12-20,19406.98000000
1994-12-21,19340.67000000
1994-12-22,19633.53000000
1994-12-26,19726.75000000
1994-12-27,19711.36000000
1994-12-28,19665.53000000
1994-12-29,19752.98000000
1994-12-30,19723.06000000
1995-01-04,19684.04000000
1995-01-05,19616.11000000
1995-01-06,19519.46000000
1995-01-09,19444.92000000
1995-01-10,19501.45000000
1995-01-11,19548.47000000
1995-01-12,19410.01000000
1995-01-13,19331.17000000
1995-01-17,19241.32000000
1995-01-18,19223.31000000
1995-01-19,19075.74000000
1995-01-20,18840.22000000
1995-01-23,17785.49000000
1995-01-24,18060.73000000
1995-01-25,18159.48000000
1995-01-26,18070.84000000
1995-01-27,18104.35000000
1995-01-30,18752.88000000
1995-01-31,18649.82000000
1995-02-01,18739.47000000
1995-02-02,18604.30000000
1995-02-03,18538.97000000
1995-02-06,18667.23000000
1995-02-07,18500.55000000
1995-02-08,18290.25000000
1995-02-09,18099.55000000
1995-02-10,18291.35000000
1995-02-13,18313.86000000
1995-02-14,18138.47000000
1995-02-15,17991.00000000
1995-02-16,17780.59000000
1995-02-17,18020.51000000
1995-02-20,17956.48000000
1995-02-21,18096.25000000
1995-02-22,18106.65000000
1995-02-23,17830.02000000
1995-02-24,17472.94000000
1995-02-27,16808.70000000
1995-02-28,17053.43000000
1995-03-01,16618.71000000
1995-03-02,16963.18000000
1995-03-03,17039.62000000
1995-03-06,17040.72000000
1995-03-07,16955.28000000
1995-03-08,16621.31000000
1995-03-09,16763.08000000
1995-03-10,16358.38000000
1995-03-13,16477.64000000
1995-03-14,16245.82000000
1995-03-15,16666.83000000
1995-03-16,16355.68000000
1995-03-17,16251.23000000
1995-03-20,16129.96000000
1995-03-22,15904.85000000
1995-03-23,15813.41000000
1995-03-24,15749.77000000
1995-03-27,16096.25000000
1995-03-28,16681.73000000
1995-03-29,16460.73000000
1995-03-30,16512.22000000
1995-03-31,16139.95000000
1995-04-03,15381.29000000
1995-04-04,15630.53000000
1995-04-05,15882.49000000
1995-04-06,15815.87000000
1995-04-07,15719.50000000
1995-04-10,16163.09000000
1995-04-11,16268.88000000
1995-04-12,16344.92000000
1995-04-13,16438.79000000
1995-04-14,16047.89000000
1995-04-17,16304.15000000
1995-04-18,16225.11000000
1995-04-19,16376.08000000
1995-04-20,16643.06000000
1995-04-21,16968.24000000
1995-04-24,16804.05000000
1995-04-25,16910.54000000
1995-04-26,16826.49000000
1995-04-27,16883.99000000
1995-04-28,16806.75000000
1995-05-01,16811.46000000
1995-05-02,17088.66000000
1995-05-08,17103.69000000
1995-05-09,16958.22000000
1995-05-10,16826.49000000
1995-05-11,16461.73000000
1995-05-12,16420.76000000
1995-05-15,16609.70000000
1995-05-16,16388.90000000
1995-05-17,16471.35000000
1995-05-18,16312.56000000
1995-05-19,16140.85000000
1995-05-22,15789.12000000
1995-05-23,15916.15000000
1995-05-24,15970.75000000
1995-05-25,15579.44000000
1995-05-26,15694.25000000
1995-05-29,15574.03000000
1995-05-30,15762.97000000
1995-05-31,15436.79000000
1995-06-01,15594.57000000
1995-06-02,15849.13000000
1995-06-05,15897.32000000
1995-06-06,15660.99000000
1995-06-07,15679.62000000
1995-06-08,15442.30000000
1995-06-09,15044.18000000
1995-06-12,14813.46000000
1995-06-13,14599.68000000
1995-06-14,14660.49000000
1995-06-15,14867.26000000
1995-06-16,14703.17000000
1995-06-19,14700.06000000
1995-06-20,14665.70000000
1995-06-21,14951.21000000
1995-06-22,14926.37000000
1995-06-23,15265.18000000
1995-06-26,15145.36000000
1995-06-27,14759.05000000
1995-06-28,14618.07000000
1995-06-29,14507.17000000
1995-06-30,14517.40000000
1995-07-03,14485.41000000
1995-07-04,14755.74000000
1995-07-05,14830.44000000
1995-07-06,15256.89000000
1995-07-07,16213.08000000
1995-07-10,16242.66000000
1995-07-11,16588.19000000
1995-07-12,16605.74000000
1995-07-13,16505.67000000
1995-07-14,16517.70000000
1995-07-17,16842.47000000
1995-07-18,16574.35000000
1995-07-19,16422.44000000
1995-07-20,16453.42000000
1995-07-21,16589.09000000
1995-07-24,16591.50000000
1995-07-25,16148.40000000
1995-07-26,16387.25000000
1995-07-27,16625.19000000
1995-07-28,16649.45000000
1995-07-31,16677.53000000
1995-08-01,16358.57000000
1995-08-02,16720.75000000
1995-08-03,16893.71000000
1995-08-04,16741.20000000
1995-08-07,16615.46000000
1995-08-08,16838.97000000
1995-08-09,16789.33000000
1995-08-10,16728.97000000
1995-08-11,16792.34000000
1995-08-14,16916.57000000
1995-08-15,17452.72000000
1995-08-16,18158.73000000
1995-08-17,18149.70000000
1995-08-18,18032.49000000
1995-08-21,17871.05000000
1995-08-22,17877.77000000
1995-08-23,17731.98000000
1995-08-24,17921.99000000
1995-08-25,17770.68000000
1995-08-28,17847.29000000
1995-08-29,18135.16000000
1995-08-30,17983.86000000
1995-08-31,18117.22000000
1995-09-01,18120.73000000
1995-09-04,17748.52000000
1995-09-05,17794.04000000
1995-09-06,17620.38000000
1995-09-07,17621.18000000
1995-09-08,18279.55000000
1995-09-11,18486.11000000
1995-09-12,18472.17000000
1995-09-13,18614.26000000
1995-09-14,18758.55000000
1995-09-18,18319.16000000
1995-09-19,18474.38000000
1995-09-20,18198.64000000
1995-09-21,18034.79000000
1995-09-22,17713.93000000
1995-09-25,17566.43000000
1995-09-26,17921.98000000
1995-09-27,18262.43000000
1995-09-28,18022.86000000
1995-09-29,17913.06000000
1995-10-02,17739.84000000
1995-10-03,18142.99000000
1995-10-04,18145.08000000
1995-10-05,18220.41000000
1995-10-06,18506.28000000
1995-10-09,18176.27000000
1995-10-11,17891.19000000
1995-10-12,17971.40000000
1995-10-13,17880.83000000
1995-10-16,18016.44000000
1995-10-17,17916.60000000
1995-10-18,17895.97000000
1995-10-19,17955.36000000
1995-10-20,18157.33000000
1995-10-23,18156.24000000
1995-10-24,18014.25000000
1995-10-25,17970.81000000
1995-10-26,17726.68000000
1995-10-27,17337.19000000
1995-10-30,17509.17000000
1995-10-31,17654.64000000
1995-11-01,17474.49000000
1995-11-02,18028.80000000
1995-11-06,18036.97000000
1995-11-07,18021.22000000
1995-11-08,17863.29000000
1995-11-09,17821.04000000
1995-11-10,17843.56000000
1995-11-13,17789.46000000
1995-11-14,17802.51000000
1995-11-15,17682.74000000
1995-11-16,17939.52000000
1995-11-17,18151.16000000
1995-11-20,18383.82000000
1995-11-21,18384.32000000
1995-11-22,18239.84000000
1995-11-24,18215.23000000
1995-11-27,18543.14000000
1995-11-28,18688.42000000
1995-11-29,18533.98000000
1995-11-30,18744.42000000
1995-12-01,18833.10000000
1995-12-04,18897.37000000
1995-12-05,18879.53000000
1995-12-06,19067.86000000
1995-12-07,19412.32000000
1995-12-08,19286.97000000
1995-12-11,19226.78000000
1995-12-12,19312.77000000
1995-12-13,19283.48000000
1995-12-14,19499.30000000
1995-12-15,19346.55000000
1995-12-18,19311.08000000
1995-12-19,19140.49000000
1995-12-20,19448.59000000
1995-12-21,19653.25000000
1995-12-22,19744.42000000
1995-12-25,19775.41000000
1995-12-26,19904.72000000
1995-12-27,20011.76000000
1995-12-28,19873.13000000
1995-12-29,19868.15000000
1996-01-04,20618.00000000
1996-01-05,20669.03000000
1996-01-08,20563.58000000
1996-01-09,20652.08000000
1996-01-10,20612.32000000
1996-01-11,20377.92000000
1996-01-12,20287.42000000
1996-01-16,20567.07000000
1996-01-17,20570.26000000
1996-01-18,20370.04000000
1996-01-19,20365.76000000
1996-01-22,20196.53000000
1996-01-23,20080.92000000
1996-01-24,20312.74000000
1996-01-25,20414.69000000
1996-01-26,20663.84000000
1996-01-29,20589.20000000
1996-01-30,20722.44000000
1996-01-31,20812.74000000
1996-02-01,20935.12000000
1996-02-02,20904.03000000
1996-02-05,20653.38000000
1996-02-06,20751.15000000
1996-02-07,20943.49000000
1996-02-08,21118.30000000
1996-02-09,20934.82000000
1996-02-13,20784.23000000
1996-02-14,20943.59000000
1996-02-15,20886.19000000
1996-02-16,20802.77000000
1996-02-19,20721.25000000
1996-02-20,20655.67000000
1996-02-21,20372.23000000
1996-02-22,20340.94000000
1996-02-23,20300.38000000
1996-02-26,20480.27000000
1996-02-27,20000.40000000
1996-02-28,19919.97000000
1996-02-29,20125.37000000
1996-03-01,20168.63000000
1996-03-04,20063.88000000
1996-03-05,20183.87000000
1996-03-06,20241.18000000
1996-03-07,19957.15000000
1996-03-08,20155.87000000
1996-03-11,19796.29000000
1996-03-12,19950.27000000
1996-03-13,19734.70000000
1996-03-14,19923.66000000
1996-03-15,20190.85000000
1996-03-18,20285.13000000
1996-03-19,20442.60000000
1996-03-21,20727.53000000
1996-03-22,20700.92000000
1996-03-25,20915.44000000
1996-03-26,21014.77000000
1996-03-27,21329.98000000
1996-03-28,21295.82000000
1996-03-29,21406.85000000
1996-04-01,21560.39000000
1996-04-02,21600.08000000
1996-04-03,21464.73000000
1996-04-04,21471.16000000
1996-04-05,21695.84000000
1996-04-08,21424.24000000
1996-04-09,21744.17000000
1996-04-10,21791.70000000
1996-04-11,21694.43000000
1996-04-12,21660.47000000
1996-04-15,21883.04000000
1996-04-16,21868.17000000
1996-04-17,21816.22000000
1996-04-18,21812.50000000
1996-04-19,21883.84000000
1996-04-22,22123.89000000
1996-04-23,22119.88000000
1996-04-24,22282.05000000
1996-04-25,22230.10000000
1996-04-26,22235.03000000
1996-04-30,22041.30000000
1996-05-01,21815.01000000
1996-05-02,21662.38000000
1996-05-07,21495.28000000
1996-05-08,21728.60000000
1996-05-09,21411.88000000
1996-05-10,21420.12000000
1996-05-13,21171.82000000
1996-05-14,21301.05000000
1996-05-15,22055.97000000
1996-05-16,22147.21000000
1996-05-17,21916.60000000
1996-05-20,21979.00000000
1996-05-21,22091.74000000
1996-05-22,21958.00000000
1996-05-23,21724.08000000
1996-05-24,21798.43000000
1996-05-27,21699.76000000
1996-05-28,21944.53000000
1996-05-29,22021.50000000
1996-05-30,21886.35000000
1996-05-31,21956.19000000
1996-06-03,21588.52000000
1996-06-04,21858.12000000
1996-06-05,21881.43000000
1996-06-06,21804.46000000
1996-06-07,21751.81000000
1996-06-10,21719.15000000
1996-06-11,21817.62000000
1996-06-12,22104.80000000
1996-06-13,22082.40000000
1996-06-14,22289.39000000
1996-06-17,22245.38000000
1996-06-18,22332.40000000
1996-06-19,22367.36000000
1996-06-20,22437.30000000
1996-06-21,22530.65000000
1996-06-24,22603.20000000
1996-06-25,22597.17000000
1996-06-26,22666.80000000
1996-06-27,22501.61000000
1996-06-28,22530.75000000
1996-07-01,22455.49000000
1996-07-02,22347.97000000
1996-07-03,22379.02000000
1996-07-04,22292.91000000
1996-07-05,22232.42000000
1996-07-08,21924.94000000
1996-07-09,21919.82000000
1996-07-10,21778.94000000
1996-07-11,21892.58000000
1996-07-12,21656.45000000
1996-07-15,21753.42000000
1996-07-16,21406.35000000
1996-07-17,21412.88000000
1996-07-18,21566.42000000
1996-07-19,21476.29000000
1996-07-22,21005.63000000
1996-07-23,21163.69000000
1996-07-24,20631.03000000
1996-07-25,20883.84000000
1996-07-26,21124.90000000
1996-07-29,20967.54000000
1996-07-30,20880.33000000
1996-07-31,20692.83000000
1996-08-01,20984.83000000
1996-08-02,20940.41000000
1996-08-05,21077.47000000
1996-08-06,20744.88000000
1996-08-07,20477.59000000
1996-08-08,20731.31000000
1996-08-09,20551.05000000
1996-08-12,20666.60000000
1996-08-13,20864.95000000
1996-08-14,20981.11000000
1996-08-15,20968.25000000
1996-08-16,20834.00000000
1996-08-19,21106.41000000
1996-08-20,21127.01000000
1996-08-21,21275.02000000
1996-08-22,21363.24000000
1996-08-23,21228.80000000
1996-08-26,20883.74000000
1996-08-27,20910.27000000
1996-08-28,20709.81000000
1996-08-29,20553.16000000
1996-08-30,20166.90000000
1996-09-02,20107.11000000
1996-09-03,20198.15000000
1996-09-04,20201.87000000
1996-09-05,20379.82000000
1996-09-06,20152.53000000
1996-09-09,20202.27000000
1996-09-10,20559.59000000
1996-09-11,20571.04000000
1996-09-12,20443.93000000
1996-09-13,20842.64000000
1996-09-17,21310.59000000
1996-09-18,21156.75000000
1996-09-19,21322.85000000
1996-09-20,21112.24000000
1996-09-24,21171.99000000
1996-09-25,21350.67000000
1996-09-26,21461.37000000
1996-09-27,21547.02000000
1996-09-30,21556.40000000
1996-10-01,21462.97000000
1996-10-02,21498.60000000
1996-10-03,21331.50000000
1996-10-04,21148.03000000
1996-10-07,21161.01000000
1996-10-08,21038.53000000
1996-10-09,20870.83000000
1996-10-11,20968.16000000
1996-10-14,21029.25000000
1996-10-15,21429.93000000
1996-10-16,21397.19000000
1996-10-17,21423.74000000
1996-10-18,21612.30000000
1996-10-21,21302.95000000
1996-10-22,21123.68000000
1996-10-23,21082.15000000
1996-10-24,21003.49000000
1996-10-25,20739.97000000
1996-10-28,20885.41000000
1996-10-29,20958.08000000
1996-10-30,20681.67000000
1996-10-31,20466.86000000
1996-11-01,20633.06000000
1996-11-05,20592.33000000
1996-11-06,20991.52000000
1996-11-07,20771.11000000
1996-11-08,21201.04000000
1996-11-11,21065.08000000
1996-11-12,21206.43000000
1996-11-13,20979.44000000
1996-11-14,21031.04000000
1996-11-15,20929.73000000
1996-11-18,20796.37000000
1996-11-19,20956.18000000
1996-11-20,21189.96000000
1996-11-21,21143.34000000
1996-11-22,21216.11000000
1996-11-25,21293.57000000
1996-11-26,21418.25000000
1996-11-27,21345.28000000
1996-11-28,21035.54000000
1996-11-29,21020.36000000
1996-12-02,20674.69000000
1996-12-03,20630.56000000
1996-12-04,20659.91000000
1996-12-05,20943.90000000
1996-12-06,20276.70000000
1996-12-09,20603.71000000
1996-12-10,20822.12000000
1996-12-11,20568.38000000
1996-12-12,20501.20000000
1996-12-13,20341.39000000
1996-12-16,20422.04000000
1996-12-17,20413.46000000
1996-12-18,20093.03000000
1996-12-19,19570.67000000
1996-12-20,19690.46000000
1996-12-24,19161.71000000
1996-12-25,19549.41000000
1996-12-26,19291.58000000
1996-12-27,19369.04000000
1996-12-30,19361.35000000
1997-01-06,19446.00000000
1997-01-07,18896.19000000
1997-01-08,18680.38000000
1997-01-09,18073.87000000
1997-01-10,17303.65000000
1997-01-13,18118.79000000
1997-01-14,18093.13000000
1997-01-16,18144.34000000
1997-01-17,18090.04000000
1997-01-20,17480.34000000
1997-01-21,17358.16000000
1997-01-22,18013.88000000
1997-01-23,17909.46000000
1997-01-24,17689.36000000
1997-01-27,17334.90000000
1997-01-28,17796.57000000
1997-01-29,18335.30000000
1997-01-30,17864.04000000
1997-01-31,18330.01000000
1997-02-03,18085.95000000
1997-02-04,18314.33000000
1997-02-05,18185.97000000
1997-02-06,18038.43000000
1997-02-07,17867.04000000
1997-02-10,18181.17000000
1997-02-12,18409.96000000
1997-02-13,18688.06000000
1997-02-14,18722.00000000
1997-02-17,18750.65000000
1997-02-18,18470.75000000
1997-02-19,18599.12000000
1997-02-20,19051.71000000
1997-02-21,19034.54000000
1997-02-24,18896.99000000
1997-02-25,19070.07000000
1997-02-26,18990.92000000
1997-02-27,19021.56000000
1997-02-28,18557.00000000
1997-03-03,18429.13000000
1997-03-04,18564.78000000
1997-03-05,18273.51000000
1997-03-06,18041.33000000
1997-03-07,18198.74000000
1997-03-10,18113.89000000
1997-03-11,18267.72000000
1997-03-12,18183.27000000
1997-03-13,17900.48000000
1997-03-14,17923.64000000
1997-03-17,18053.50000000
1997-03-18,18445.20000000
1997-03-19,18493.71000000
1997-03-21,18633.16000000
1997-03-24,18043.82000000
1997-03-25,18439.61000000
1997-03-26,18472.45000000
1997-03-27,18210.42000000
1997-03-28,18189.72000000
1997-03-31,18003.40000000
1997-04-01,17869.59000000
1997-04-02,18037.30000000
1997-04-03,18129.31000000
1997-04-04,17860.59000000
1997-04-07,17715.67000000
1997-04-08,18021.70000000
1997-04-09,17703.37000000
1997-04-10,17485.75000000
1997-04-11,17846.98000000
1997-04-14,17692.47000000
1997-04-15,17933.59000000
1997-04-16,18031.20000000
1997-04-17,18093.41000000
1997-04-18,18352.14000000
1997-04-21,18551.66000000
1997-04-22,18544.45000000
1997-04-23,18735.47000000
1997-04-24,18698.07000000
1997-04-25,18612.86000000
1997-04-28,18670.37000000
1997-04-30,19151.12000000
1997-05-01,19275.33000000
1997-05-02,19514.75000000
1997-05-06,20180.92000000
1997-05-07,20048.90000000
1997-05-08,20061.81000000
1997-05-09,19802.78000000
1997-05-12,20143.51000000
1997-05-13,20129.11000000
1997-05-14,20209.72000000
1997-05-15,20056.31000000
1997-05-16,20324.73000000
1997-05-19,20489.75000000
1997-05-20,20332.83000000
1997-05-21,19841.98000000
1997-05-22,19877.39000000
1997-05-23,20009.00000000
1997-05-26,20043.50000000
1997-05-27,19889.89000000
1997-05-28,20351.34000000
1997-05-29,20312.23000000
1997-05-30,20068.81000000
1997-06-02,20451.85000000
1997-06-03,20563.16000000
1997-06-04,20611.56000000
1997-06-05,20488.15000000
1997-06-06,20485.75000000
1997-06-09,20223.82000000
1997-06-10,20532.55000000
1997-06-11,20289.93000000
1997-06-12,20564.46000000
1997-06-13,20528.35000000
1997-06-16,20681.07000000
1997-06-17,20593.66000000
1997-06-18,20497.85000000
1997-06-19,20507.85000000
1997-06-20,20385.54000000
1997-06-23,20436.14000000
1997-06-24,20341.93000000
1997-06-25,20679.27000000
1997-06-26,20624.76000000
1997-06-27,20523.75000000
1997-06-30,20604.96000000
1997-07-01,20175.52000000
1997-07-02,20196.42000000
1997-07-03,20121.41000000
1997-07-04,19968.00000000
1997-07-07,19705.17000000
1997-07-08,19853.89000000
1997-07-09,19697.17000000
1997-07-10,19754.78000000
1997-07-11,19875.49000000
1997-07-14,20228.72000000
1997-07-15,20069.41000000
1997-07-16,20358.74000000
1997-07-17,20519.25000000
1997-07-18,20249.32000000
1997-07-22,20157.02000000
1997-07-23,20130.51000000
1997-07-24,20286.23000000
1997-07-25,20389.54000000
1997-07-28,20575.26000000
1997-07-29,20402.74000000
1997-07-30,20212.82000000
1997-07-31,20331.43000000
1997-08-01,19804.38000000
1997-08-04,19668.07000000
1997-08-05,19514.45000000
1997-08-06,19702.07000000
1997-08-07,19475.85000000
1997-08-08,19604.46000000
1997-08-11,18824.18000000
1997-08-12,19099.11000000
1997-08-13,19008.60000000
1997-08-14,19222.62000000
1997-08-15,19326.03000000
1997-08-18,19041.10000000
1997-08-19,18961.00000000
1997-08-20,19252.23000000
1997-08-21,19157.12000000
1997-08-22,18650.17000000
1997-08-25,18656.17000000
1997-08-26,18814.98000000
1997-08-27,18441.94000000
1997-08-28,18451.45000000
1997-08-29,18229.42000000
1997-09-01,17974.30000000
1997-09-02,18232.52000000
1997-09-03,18735.17000000
1997-09-04,18615.06000000
1997-09-05,18650.17000000
1997-09-08,18633.86000000
1997-09-09,18695.97000000
1997-09-10,18704.77000000
1997-09-11,18282.23000000
1997-09-12,17965.80000000
1997-09-16,17974.50000000
1997-09-17,17683.27000000
1997-09-18,17930.09000000
1997-09-19,18058.21000000
1997-09-22,18201.32000000
1997-09-24,18420.08000000
1997-09-25,18341.96000000
1997-09-26,17994.71000000
1997-09-29,17987.21000000
1997-09-30,17887.71000000
1997-10-01,17842.16000000
1997-10-02,17455.04000000
1997-10-03,17647.45000000
1997-10-06,17824.78000000
1997-10-07,17511.19000000
1997-10-08,17619.18000000
1997-10-09,17376.92000000
1997-10-13,17204.70000000
1997-10-14,17306.39000000
1997-10-15,17331.37000000
1997-10-16,17707.49000000
1997-10-17,17478.42000000
1997-10-20,17294.51000000
1997-10-21,17210.09000000
1997-10-22,17687.61000000
1997-10-23,17151.55000000
1997-10-24,17363.74000000
1997-10-27,17038.36000000
1997-10-28,16312.69000000
1997-10-29,16857.04000000
1997-10-30,16364.94000000
1997-10-31,16458.94000000
1997-11-04,16500.10000000
1997-11-05,16448.05000000
1997-11-06,16533.87000000
1997-11-07,15836.36000000
1997-11-10,15697.20000000
1997-11-11,15867.23000000
1997-11-12,15434.17000000
1997-11-13,15427.27000000
1997-11-14,15082.52000000
1997-11-17,16283.32000000
1997-11-18,16726.57000000
1997-11-19,15842.46000000
1997-11-20,16308.49000000
1997-11-21,16721.58000000
1997-11-25,15867.53000000
1997-11-26,16045.55000000
1997-11-27,16603.20000000
1997-11-28,16636.26000000
1997-12-01,17007.59000000
1997-12-02,16910.29000000
1997-12-03,16585.51000000
1997-12-04,16306.79000000
1997-12-05,16424.48000000
1997-12-08,16131.57000000
1997-12-09,16686.51000000
1997-12-10,16478.12000000
1997-12-11,16050.15000000
1997-12-12,15904.30000000
1997-12-15,15909.39000000
1997-12-16,15985.21000000
1997-12-17,16541.06000000
1997-12-18,16161.64000000
1997-12-19,15314.89000000
1997-12-22,14799.40000000
1997-12-24,14924.98000000
1997-12-25,15300.10000000
1997-12-26,14802.60000000
1997-12-29,14775.22000000
1997-12-30,15258.74000000
1998-01-05,14956.84000000
1998-01-06,14896.40000000
1998-01-07,15028.17000000
1998-01-08,15019.18000000
1998-01-09,14995.10000000
1998-01-12,14664.44000000
1998-01-13,14755.94000000
1998-01-14,15121.98000000
1998-01-16,16046.45000000
1998-01-19,16262.04000000
1998-01-20,16366.53000000
1998-01-21,16684.42000000
1998-01-22,16405.69000000
1998-01-23,16789.11000000
1998-01-26,17073.33000000
1998-01-27,16981.62000000
1998-01-28,16973.83000000
1998-01-29,17014.59000000
1998-01-30,16628.47000000
1998-02-02,16776.82000000
1998-02-03,17022.98000000
1998-02-04,16882.62000000
1998-02-05,17003.30000000
1998-02-06,17040.06000000
1998-02-09,17205.00000000
1998-02-10,17205.09000000
1998-02-12,17174.93000000
1998-02-13,16791.01000000
1998-02-16,16775.52000000
1998-02-17,16790.71000000
1998-02-18,16613.89000000
1998-02-19,16616.48000000
1998-02-20,16756.24000000
1998-02-23,16609.49000000
1998-02-24,16198.00000000
1998-02-25,16360.64000000
1998-02-26,16501.70000000
1998-02-27,16831.67000000
1998-03-02,17264.34000000
1998-03-03,17168.33000000
1998-03-04,17095.60000000
1998-03-05,16848.55000000
1998-03-06,17131.97000000
1998-03-09,16972.53000000
1998-03-10,16982.82000000
1998-03-11,16756.14000000
1998-03-12,16575.22000000
1998-03-13,17060.14000000
1998-03-16,16861.14000000
1998-03-17,16997.20000000
1998-03-18,16619.68000000
1998-03-19,16679.02000000
1998-03-20,16830.47000000
1998-03-23,16868.83000000
1998-03-24,16606.39000000
1998-03-25,16658.34000000
1998-03-26,16980.62000000
1998-03-27,16739.26000000
1998-03-30,16263.04000000
1998-03-31,16527.17000000
1998-04-01,16241.66000000
1998-04-02,15702.90000000
1998-04-03,15517.78000000
1998-04-06,15705.99000000
1998-04-07,15978.72000000
1998-04-08,16376.62000000
1998-04-09,16536.66000000
1998-04-10,16481.12000000
1998-04-13,16317.58000000
1998-04-14,16277.32000000
1998-04-15,16299.30000000
1998-04-16,15883.77000000
1998-04-17,15703.80000000
1998-04-20,15697.10000000
1998-04-21,15825.67000000
1998-04-22,15761.54000000
1998-04-23,15761.69000000
1998-04-24,16011.24000000
1998-04-27,15649.95000000
1998-04-28,15395.43000000
1998-04-30,15641.26000000
1998-05-01,15601.10000000
1998-05-06,15243.84000000
1998-05-07,15143.03000000
1998-05-08,15149.00000000
1998-05-11,15381.90000000
1998-05-12,15322.48000000
1998-05-13,15343.81000000
1998-05-14,15307.69000000
1998-05-15,15242.86000000
1998-05-18,15384.47000000
1998-05-19,15551.65000000
1998-05-20,15652.95000000
1998-05-21,15845.25000000
1998-05-22,15801.65000000
1998-05-25,15783.12000000
1998-05-26,15884.82000000
1998-05-27,15664.29000000
1998-05-28,15796.55000000
1998-05-29,15670.78000000
1998-06-01,15321.03000000
1998-06-02,15554.45000000
1998-06-03,15347.00000000
1998-06-04,15426.47000000
1998-06-05,15323.43000000
1998-06-08,15294.71000000
1998-06-09,15530.17000000
1998-06-10,15339.26000000
1998-06-11,15014.04000000
1998-06-12,15022.33000000
1998-06-15,14825.17000000
1998-06-16,14720.38000000
1998-06-17,14715.38000000
1998-06-18,15361.54000000
1998-06-19,15267.98000000
1998-06-22,15309.09000000
1998-06-23,15054.60000000
1998-06-24,15123.18000000
1998-06-25,15132.22000000
1998-06-26,15210.04000000
1998-06-29,15365.73000000
1998-06-30,15830.27000000
1998-07-01,16362.89000000
1998-07-02,16471.58000000
1998-07-03,16511.24000000
1998-07-06,16350.45000000
1998-07-07,16416.28000000
1998-07-08,16530.97000000
1998-07-09,16446.95000000
1998-07-10,16090.06000000
1998-07-13,16360.39000000
1998-07-14,16488.91000000
1998-07-15,16614.14000000
1998-07-16,16731.92000000
1998-07-17,16570.78000000
1998-07-21,16556.69000000
1998-07-22,16293.06000000
1998-07-23,16188.01000000
1998-07-24,16361.89000000
1998-07-27,15944.36000000
1998-07-28,16114.54000000
1998-07-29,16158.09000000
1998-07-30,16201.60000000
1998-07-31,16378.97000000
1998-08-03,16165.08000000
1998-08-04,16023.58000000
1998-08-05,15992.16000000
1998-08-06,15876.22000000
1998-08-07,15829.17000000
1998-08-10,15626.42000000
1998-08-11,15406.99000000
1998-08-12,15378.97000000
1998-08-13,15382.02000000
1998-08-14,15123.93000000
1998-08-17,14794.66000000
1998-08-18,15063.79000000
1998-08-19,15406.34000000
1998-08-20,15391.41000000
1998-08-21,15298.20000000
1998-08-24,14988.36000000
1998-08-25,15072.93000000
1998-08-26,14866.03000000
1998-08-27,14413.79000000
1998-08-28,13915.63000000
1998-08-31,14107.89000000
1998-09-01,14369.63000000
1998-09-02,14376.62000000
1998-09-03,14261.24000000
1998-09-04,14042.91000000
1998-09-07,14790.06000000
1998-09-08,14913.49000000
1998-09-09,14755.54000000
1998-09-10,14666.03000000
1998-09-11,13916.98000000
1998-09-14,14227.37000000
1998-09-16,14197.70000000
1998-09-17,13859.14000000
1998-09-18,13983.12000000
1998-09-21,13597.30000000
1998-09-22,13789.81000000
1998-09-24,14205.78000000
1998-09-25,13723.84000000
1998-09-28,13909.37000000
1998-09-29,13821.43000000
1998-09-30,13406.39000000
1998-10-01,13197.12000000
1998-10-02,13223.69000000
1998-10-05,12948.12000000
1998-10-06,13021.64000000
1998-10-07,13825.61000000
1998-10-08,13026.06000000
1998-10-09,12879.97000000
1998-10-12,13555.01000000
1998-10-13,13242.79000000
1998-10-14,13070.73000000
1998-10-15,12995.37000000
1998-10-16,13280.54000000
1998-10-19,13567.20000000
1998-10-20,13808.05000000
1998-10-21,14216.33000000
1998-10-22,14295.56000000
1998-10-23,14144.70000000
1998-10-26,13843.46000000
1998-10-27,13820.68000000
1998-10-28,13516.07000000
1998-10-29,13668.72000000
1998-10-30,13564.51000000
1998-11-02,13952.75000000
1998-11-04,14527.81000000
1998-11-05,14341.37000000
1998-11-06,14121.97000000
1998-11-09,14194.54000000
1998-11-10,14108.09000000
1998-11-11,14428.02000000
1998-11-12,14075.06000000
1998-11-13,14268.21000000
1998-11-16,14428.27000000
1998-11-17,14413.00000000
1998-11-18,14599.23000000
1998-11-19,14354.46000000
1998-11-20,14779.94000000
1998-11-24,15164.64000000
1998-11-25,15073.47000000
1998-11-26,15207.77000000
1998-11-27,15069.39000000
1998-11-30,14883.70000000
1998-12-01,14835.41000000
1998-12-02,14986.62000000
1998-12-03,14697.08000000
1998-12-04,14639.97000000
1998-12-07,14723.49000000
1998-12-08,14808.20000000
1998-12-09,14931.90000000
1998-12-10,14807.80000000
1998-12-11,14405.64000000
1998-12-14,14111.62000000
1998-12-15,14011.19000000
1998-12-16,14096.30000000
1998-12-17,14126.99000000
1998-12-18,14194.29000000
1998-12-21,14152.95000000
1998-12-22,13779.45000000
1998-12-24,13706.73000000
1998-12-25,13797.95000000
1998-12-28,13709.06000000
1998-12-29,13846.90000000
1998-12-30,13842.17000000
1999-01-04,13415.89000000
1999-01-05,13232.74000000
1999-01-06,13468.46000000
1999-01-07,13536.56000000
1999-01-08,13391.81000000
1999-01-11,13368.48000000
1999-01-12,13360.97000000
1999-01-13,13403.60000000
1999-01-14,13738.86000000
1999-01-18,13805.06000000
1999-01-19,13770.44000000
1999-01-20,14028.05000000
1999-01-21,14245.42000000
1999-01-22,14154.40000000
1999-01-25,14208.81000000
1999-01-26,14382.01000000
1999-01-27,14450.06000000
1999-01-28,14342.32000000
1999-01-29,14499.25000000
1999-02-01,14465.18000000
1999-02-02,14349.83000000
1999-02-03,14161.31000000
1999-02-04,14086.85000000
1999-02-05,13898.08000000
1999-02-08,13992.49000000
1999-02-09,13902.66000000
1999-02-10,13952.40000000
1999-02-12,13973.69000000
1999-02-15,14054.72000000
1999-02-16,14232.64000000
1999-02-17,14158.67000000
1999-02-18,14146.79000000
1999-02-19,14098.04000000
1999-02-22,14256.67000000
1999-02-23,14500.65000000
1999-02-24,14355.45000000
1999-02-25,14470.45000000
1999-02-26,14367.54000000
1999-03-01,14221.75000000
1999-03-02,13921.06000000
1999-03-03,14170.36000000
1999-03-04,14183.45000000
1999-03-05,14894.00000000
1999-03-08,14779.05000000
1999-03-09,15096.70000000
1999-03-10,15480.00000000
1999-03-11,15502.14000000
1999-03-12,15488.86000000
1999-03-15,15779.60000000
1999-03-16,16072.82000000
1999-03-17,16268.11000000
1999-03-18,15717.92000000
1999-03-19,16378.78000000
1999-03-23,16019.10000000
1999-03-24,15515.47000000
1999-03-25,15986.04000000
1999-03-26,16016.99000000
1999-03-29,16008.84000000
1999-03-30,15859.12000000
1999-03-31,15836.59000000
1999-04-01,16327.56000000
1999-04-02,16290.19000000
1999-04-05,16334.78000000
1999-04-06,16479.71000000
1999-04-07,16554.50000000
1999-04-08,16846.69000000
1999-04-09,16855.63000000
1999-04-12,16507.40000000
1999-04-13,16715.16000000
1999-04-14,16764.68000000
1999-04-15,16727.08000000
1999-04-16,16851.58000000
1999-04-19,16674.21000000
1999-04-20,16697.11000000
1999-04-21,16495.02000000
1999-04-22,16665.88000000
1999-04-23,16923.25000000
1999-04-26,16918.51000000
1999-04-27,16957.27000000
1999-04-28,16942.24000000
1999-04-30,16701.53000000
1999-05-06,17300.61000000
1999-05-07,16946.52000000
1999-05-10,16977.01000000
1999-05-11,16743.18000000
1999-05-12,16947.36000000
1999-05-13,16851.25000000
1999-05-14,16810.39000000
1999-05-17,16421.02000000
1999-05-18,16378.62000000
1999-05-19,16128.18000000
1999-05-20,16199.99000000
1999-05-21,16292.98000000
1999-05-24,16390.49000000
1999-05-25,16214.23000000
1999-05-26,16230.52000000
1999-05-27,16177.19000000
1999-05-28,15972.68000000
1999-05-31,16111.65000000
1999-06-01,16408.50000000
1999-06-02,16417.99000000
1999-06-03,16227.50000000
1999-06-04,16300.75000000
1999-06-07,16475.89000000
1999-06-08,16562.92000000
1999-06-09,16622.50000000
1999-06-10,17102.62000000
1999-06-11,17198.55000000
1999-06-14,17188.82000000
1999-06-15,17282.00000000
1999-06-16,17210.18000000
1999-06-17,17470.45000000
1999-06-18,17431.26000000
1999-06-21,17738.85000000
1999-06-22,17777.62000000
1999-06-23,17586.75000000
1999-06-24,17628.32000000
1999-06-25,17436.52000000
1999-06-28,17610.58000000
1999-06-29,17782.79000000
1999-06-30,17529.74000000
1999-07-01,17860.75000000
1999-07-02,17932.47000000
1999-07-05,18135.06000000
1999-07-06,18050.73000000
1999-07-07,17958.90000000
1999-07-08,17967.65000000
1999-07-09,17937.73000000
1999-07-12,18274.18000000
1999-07-13,18181.09000000
1999-07-14,18357.86000000
1999-07-15,18431.86000000
1999-07-16,18248.30000000
1999-07-19,18532.58000000
1999-07-21,18257.52000000
1999-07-22,17730.34000000
1999-07-23,17534.44000000
1999-07-26,17491.34000000
1999-07-27,17462.72000000
1999-07-28,17579.91000000
1999-07-29,17869.92000000
1999-07-30,17861.86000000
1999-08-02,17825.70000000
1999-08-03,17969.93000000
1999-08-04,17685.38000000
1999-08-05,17358.19000000
1999-08-06,17084.24000000
1999-08-09,17190.45000000
1999-08-10,17202.09000000
1999-08-11,17211.16000000
1999-08-12,17422.97000000
1999-08-13,17435.17000000
1999-08-16,17826.03000000
1999-08-17,17860.09000000
1999-08-18,17892.26000000
1999-08-19,17879.74000000
1999-08-20,18098.11000000
1999-08-23,18233.55000000
1999-08-24,18095.41000000
1999-08-25,17855.16000000
1999-08-26,17666.29000000
1999-08-27,17599.37000000
1999-08-30,17918.97000000
1999-08-31,17436.56000000
1999-09-01,17802.48000000
1999-09-02,17631.25000000
1999-09-03,17629.99000000
1999-09-06,17756.51000000
1999-09-07,17707.50000000
1999-09-08,17641.38000000
1999-09-09,17677.56000000
1999-09-10,17711.02000000
1999-09-13,17909.29000000
1999-09-14,17777.22000000
1999-09-16,17291.59000000
1999-09-17,17342.27000000
1999-09-20,17575.26000000
1999-09-21,17932.79000000
1999-09-22,17325.76000000
1999-09-24,16871.73000000
1999-09-27,16821.06000000
1999-09-28,17325.70000000
1999-09-29,17282.28000000
1999-09-30,17605.46000000
1999-10-01,17712.56000000
1999-10-04,17763.71000000
1999-10-05,17784.15000000
1999-10-06,17896.42000000
1999-10-07,18136.55000000
1999-10-08,18062.18000000
1999-10-12,18090.81000000
1999-10-13,17754.49000000
1999-10-14,17780.26000000
1999-10-15,17601.57000000
1999-10-18,17275.33000000
1999-10-19,17254.17000000
1999-10-20,17534.71000000
1999-10-21,17448.27000000
1999-10-22,17438.80000000
1999-10-25,17648.79000000
1999-10-26,17671.79000000
1999-10-27,17382.36000000
1999-10-28,17413.71000000
1999-10-29,17942.08000000
1999-11-01,17996.92000000
1999-11-02,17991.96000000
1999-11-04,18348.13000000
1999-11-05,18354.90000000
1999-11-08,18240.98000000
1999-11-09,18292.16000000
1999-11-10,18567.87000000
1999-11-11,18327.28000000
1999-11-12,18258.55000000
1999-11-15,18198.09000000
1999-11-16,18155.14000000
1999-11-17,18274.82000000
1999-11-18,18532.81000000
1999-11-19,18570.84000000
1999-11-22,18822.12000000
1999-11-24,18896.21000000
1999-11-25,18721.78000000
1999-11-26,18914.50000000
1999-11-29,18850.27000000
1999-11-30,18558.23000000
1999-12-01,18495.95000000
1999-12-02,18514.41000000
1999-12-03,18368.14000000
1999-12-06,18507.20000000
1999-12-07,18593.96000000
1999-12-08,18401.20000000
1999-12-09,18260.72000000
1999-12-10,18271.85000000
1999-12-13,18205.08000000
1999-12-14,18165.55000000
1999-12-15,18138.36000000
1999-12-16,18111.31000000
1999-12-17,18095.12000000
1999-12-20,18175.49000000
1999-12-21,18080.38000000
1999-12-22,18461.93000000
1999-12-24,18584.95000000
1999-12-27,18546.90000000
1999-12-28,18783.52000000
1999-12-29,18810.58000000
1999-12-30,18934.34000000
2000-01-04,19002.86000000
2000-01-05,18542.55000000
2000-01-06,18168.27000000
2000-01-07,18193.41000000
2000-01-11,18850.92000000
2000-01-12,18677.42000000
2000-01-13,18833.29000000
2000-01-14,18956.55000000
2000-01-17,19437.23000000
2000-01-18,19196.57000000
2000-01-19,18897.75000000
2000-01-20,19008.01000000
2000-01-21,18878.09000000
2000-01-24,19056.71000000
2000-01-25,18895.53000000
2000-01-26,19111.19000000
2000-01-27,19209.72000000
2000-01-28,19434.78000000
2000-01-31,19539.70000000
2000-02-01,19423.38000000
2000-02-02,19578.91000000
2000-02-03,19786.42000000
2000-02-04,19763.13000000
2000-02-07,19945.43000000
2000-02-08,19868.88000000
2000-02-09,20007.77000000
2000-02-10,19710.02000000
2000-02-14,19556.46000000
2000-02-15,19367.83000000
2000-02-16,19599.18000000
2000-02-17,19791.40000000
2000-02-18,19789.03000000
2000-02-21,19543.75000000
2000-02-22,19390.58000000
2000-02-23,19519.55000000
2000-02-24,19571.44000000
2000-02-25,19817.88000000
2000-02-28,19720.10000000
2000-02-29,19959.52000000
2000-03-01,20081.67000000
2000-03-02,20065.11000000
2000-03-03,19927.54000000
2000-03-06,19796.35000000
2000-03-07,19944.24000000
2000-03-08,19766.80000000
2000-03-09,19662.33000000
2000-03-10,19750.40000000
2000-03-13,19189.93000000
2000-03-14,19141.84000000
2000-03-15,19078.60000000
2000-03-16,19253.23000000
2000-03-17,19566.32000000
2000-03-21,19602.36000000
2000-03-22,19733.59000000
2000-03-23,19704.60000000
2000-03-24,19958.08000000
2000-03-27,20281.03000000
2000-03-28,20374.34000000
2000-03-29,20706.65000000
2000-03-30,20441.50000000
2000-03-31,20337.32000000
2000-04-03,20726.99000000
2000-04-04,20594.93000000
2000-04-05,20462.77000000
2000-04-06,20223.61000000
2000-04-07,20252.81000000
2000-04-10,20619.06000000
2000-04-11,20522.52000000
2000-04-12,20833.21000000
2000-04-13,20526.42000000
2000-04-14,20434.68000000
2000-04-17,19008.64000000
2000-04-18,18969.52000000
2000-04-19,19086.62000000
2000-04-20,18959.32000000
2000-04-21,18252.68000000
2000-04-24,18480.15000000
2000-04-25,18272.33000000
2000-04-26,18134.31000000
2000-04-27,18019.17000000
2000-04-28,17973.70000000
2000-05-01,18403.08000000
2000-05-02,18439.36000000
2000-05-08,18199.96000000
2000-05-09,17844.54000000
2000-05-10,17701.47000000
2000-05-11,16882.46000000
2000-05-12,17357.86000000
2000-05-15,17313.69000000
2000-05-16,17551.25000000
2000-05-17,17404.03000000
2000-05-18,17031.63000000
2000-05-19,16858.17000000
2000-05-22,16386.01000000
2000-05-23,16318.73000000
2000-05-24,16044.44000000
2000-05-25,16247.82000000
2000-05-26,16008.14000000
2000-05-29,16245.44000000
2000-05-30,16228.90000000
2000-05-31,16332.45000000
2000-06-01,16694.30000000
2000-06-02,16800.06000000
2000-06-05,17201.79000000
2000-06-06,17170.08000000
2000-06-07,17144.96000000
2000-06-08,17004.34000000
2000-06-09,16861.91000000
2000-06-12,16980.61000000
2000-06-13,16914.95000000
2000-06-14,16654.42000000
2000-06-15,16338.70000000
2000-06-16,16318.31000000
2000-06-19,16591.35000000
2000-06-20,16907.55000000
2000-06-21,17210.08000000
2000-06-22,17106.01000000
2000-06-23,16963.21000000
2000-06-26,16925.40000000
2000-06-27,17279.06000000
2000-06-28,17370.17000000
2000-06-29,17475.90000000
2000-06-30,17411.05000000
2000-07-03,17614.66000000
2000-07-04,17470.15000000
2000-07-05,17435.95000000
2000-07-06,17282.37000000
2000-07-07,17398.24000000
2000-07-10,17572.68000000
2000-07-11,17504.36000000
2000-07-12,17342.13000000
2000-07-13,17036.90000000
2000-07-14,17142.90000000
2000-07-17,17286.83000000
2000-07-18,16945.07000000
2000-07-19,16983.57000000
2000-07-21,16811.49000000
2000-07-24,16547.12000000
2000-07-25,16573.59000000
2000-07-26,16502.61000000
2000-07-27,16182.01000000
2000-07-28,15838.57000000
2000-07-31,15727.49000000
2000-08-01,16099.67000000
2000-08-02,16206.19000000
2000-08-03,15814.44000000
2000-08-04,15667.36000000
2000-08-07,16002.71000000
2000-08-08,15820.11000000
2000-08-09,16034.60000000
2000-08-10,15975.65000000
2000-08-11,16117.50000000
2000-08-14,16153.91000000
2000-08-15,16298.29000000
2000-08-16,16356.03000000
2000-08-17,16161.03000000
2000-08-18,16280.49000000
2000-08-21,16040.18000000
2000-08-22,16454.74000000
2000-08-23,16436.65000000
2000-08-24,16670.82000000
2000-08-25,16911.33000000
2000-08-28,17181.12000000
2000-08-29,17141.75000000
2000-08-30,16901.67000000
2000-08-31,16861.26000000
2000-09-01,16739.78000000
2000-09-04,16688.21000000
2000-09-05,16452.27000000
2000-09-06,16399.87000000
2000-09-07,16300.46000000
2000-09-08,16501.55000000
2000-09-11,16130.90000000
2000-09-12,16040.23000000
2000-09-13,16190.52000000
2000-09-14,16213.28000000
2000-09-18,16061.16000000
2000-09-19,16124.19000000
2000-09-20,16458.31000000
2000-09-21,16311.05000000
2000-09-22,15818.25000000
2000-09-25,15992.90000000
2000-09-26,15928.62000000
2000-09-27,15639.95000000
2000-09-28,15626.96000000
2000-09-29,15747.26000000
2000-10-02,15902.51000000
2000-10-03,15912.09000000
2000-10-04,16149.08000000
2000-10-05,16099.26000000
2000-10-06,15994.24000000
2000-10-10,15827.72000000
2000-10-11,15513.57000000
2000-10-12,15550.64000000
2000-10-13,15330.31000000
2000-10-16,15512.32000000
2000-10-17,15340.22000000
2000-10-18,14872.48000000
2000-10-19,14811.08000000
2000-10-20,15198.73000000
2000-10-23,15097.96000000
2000-10-24,15148.19000000
2000-10-25,14840.47000000
2000-10-26,14858.43000000
2000-10-27,14582.20000000
2000-10-30,14464.56000000
2000-10-31,14539.60000000
2000-11-01,14872.39000000
2000-11-02,14837.78000000
2000-11-06,15371.44000000
2000-11-07,15340.33000000
2000-11-08,15399.64000000
2000-11-09,15060.05000000
2000-11-10,14988.54000000
2000-11-13,14664.64000000
2000-11-14,14660.04000000
2000-11-15,14799.14000000
2000-11-16,14587.03000000
2000-11-17,14544.30000000
2000-11-20,14531.65000000
2000-11-21,14408.46000000
2000-11-22,14301.31000000
2000-11-24,14315.35000000
2000-11-27,14720.39000000
2000-11-28,14658.87000000
2000-11-29,14507.64000000
2000-11-30,14648.51000000
2000-12-01,14835.33000000
2000-12-04,14954.73000000
2000-12-05,14695.05000000
2000-12-06,14889.37000000
2000-12-07,14720.36000000
2000-12-08,14696.51000000
2000-12-11,15015.70000000
2000-12-12,15114.64000000
2000-12-13,15168.68000000
2000-12-14,14927.19000000
2000-12-15,14552.29000000
2000-12-18,14483.90000000
2000-12-19,14132.37000000
2000-12-20,13914.43000000
2000-12-21,13423.21000000
2000-12-22,13427.08000000
2000-12-25,13931.61000000
2000-12-26,14007.85000000
2000-12-27,13981.49000000
2000-12-28,13946.96000000
2000-12-29,13785.69000000
2001-01-04,13691.49000000
2001-01-05,13867.61000000
2001-01-09,13610.51000000
2001-01-10,13432.65000000
2001-01-11,13201.07000000
2001-01-12,13347.74000000
2001-01-15,13506.23000000
2001-01-16,13584.45000000
2001-01-17,13667.63000000
2001-01-18,13873.92000000
2001-01-19,13989.12000000
2001-01-22,14032.42000000
2001-01-23,13984.66000000
2001-01-24,13893.58000000
2001-01-25,13803.38000000
2001-01-26,13696.06000000
2001-01-29,13845.28000000
2001-01-30,13826.65000000
2001-01-31,13843.55000000
2001-02-01,13779.55000000
2001-02-02,13703.63000000
2001-02-05,13385.52000000
2001-02-06,13269.85000000
2001-02-07,13366.01000000
2001-02-08,13138.23000000
2001-02-09,13422.83000000
2001-02-13,13274.70000000
2001-02-14,13284.06000000
2001-02-15,13327.39000000
2001-02-16,13175.49000000
2001-02-19,13119.59000000
2001-02-20,13248.36000000
2001-02-21,13100.08000000
2001-02-22,13073.36000000
2001-02-23,13246.00000000
2001-02-26,13201.14000000
2001-02-27,13059.86000000
2001-02-28,12883.54000000
2001-03-01,12681.66000000
2001-03-02,12261.80000000
2001-03-05,12322.16000000
2001-03-06,12687.74000000
2001-03-07,12723.89000000
2001-03-08,12650.56000000
2001-03-09,12627.90000000
2001-03-12,12171.37000000
2001-03-13,11819.70000000
2001-03-14,11843.59000000
2001-03-15,12152.83000000
2001-03-16,12232.98000000
2001-03-19,12190.97000000
2001-03-21,13103.94000000
2001-03-22,12853.97000000
2001-03-23,13214.54000000
2001-03-26,13862.31000000
2001-03-27,13638.33000000
2001-03-28,13765.51000000
2001-03-29,13072.36000000
2001-03-30,12999.70000000
2001-04-02,12937.86000000
2001-04-03,13124.47000000
2001-04-04,13242.78000000
2001-04-05,13381.38000000
2001-04-06,13383.76000000
2001-04-09,12841.76000000
2001-04-10,12620.27000000
2001-04-11,13174.93000000
2001-04-12,13352.44000000
2001-04-13,13385.72000000
2001-04-16,13254.89000000
2001-04-17,13067.09000000
2001-04-18,13641.79000000
2001-04-19,13868.28000000
2001-04-20,13765.67000000
2001-04-23,13715.60000000
2001-04-24,13743.18000000
2001-04-25,13827.50000000
2001-04-26,13973.03000000
2001-04-27,13934.32000000
2001-05-01,14425.46000000
2001-05-02,14421.64000000
2001-05-07,14529.41000000
2001-05-08,14289.05000000
2001-05-09,14084.85000000
2001-05-10,14017.79000000
2001-05-11,14043.92000000
2001-05-14,13873.02000000
2001-05-15,14054.03000000
2001-05-16,13694.27000000
2001-05-17,13910.67000000
2001-05-18,13877.77000000
2001-05-21,14176.83000000
2001-05-22,14091.19000000
2001-05-23,14067.70000000
2001-05-24,13895.79000000
2001-05-25,13765.92000000
2001-05-28,13737.77000000
2001-05-29,13773.89000000
2001-05-30,13493.35000000
2001-05-31,13262.14000000
2001-06-01,13261.84000000
2001-06-04,13312.35000000
2001-06-05,13182.00000000
2001-06-06,13174.84000000
2001-06-07,13277.51000000
2001-06-08,13430.22000000
2001-06-11,13226.48000000
2001-06-12,12840.10000000
2001-06-13,12823.45000000
2001-06-14,12846.66000000
2001-06-15,12790.38000000
2001-06-18,12697.79000000
2001-06-19,12574.26000000
2001-06-20,12674.64000000
2001-06-21,12962.43000000
2001-06-22,13044.61000000
2001-06-25,12896.47000000
2001-06-26,12978.82000000
2001-06-27,12828.98000000
2001-06-28,12679.88000000
2001-06-29,12969.05000000
2001-07-02,12751.18000000
2001-07-03,12817.41000000
2001-07-04,12629.02000000
2001-07-05,12607.30000000
2001-07-06,12306.08000000
2001-07-09,12239.68000000
2001-07-10,12300.41000000
2001-07-11,12005.11000000
2001-07-12,12407.95000000
2001-07-13,12355.15000000
2001-07-16,12343.37000000
2001-07-17,12128.57000000
2001-07-18,11892.58000000
2001-07-19,11908.39000000
2001-07-23,11609.63000000
2001-07-24,11883.25000000
2001-07-25,11891.61000000
2001-07-26,11858.56000000
2001-07-27,11798.08000000
2001-07-30,11579.27000000
2001-07-31,11860.77000000
2001-08-01,11959.33000000
2001-08-02,12399.20000000
2001-08-03,12241.97000000
2001-08-06,12243.90000000
2001-08-07,12319.46000000
2001-08-08,12163.67000000
2001-08-09,11754.56000000
2001-08-10,11735.06000000
2001-08-13,11477.56000000
2001-08-14,11917.95000000
2001-08-15,11755.40000000
2001-08-16,11515.02000000
2001-08-17,11445.54000000
2001-08-20,11257.94000000
2001-08-21,11280.38000000
2001-08-22,11396.43000000
2001-08-23,11126.92000000
2001-08-24,11166.31000000
2001-08-27,11275.01000000
2001-08-28,11189.40000000
2001-08-29,10979.76000000
2001-08-30,10938.45000000
2001-08-31,10713.51000000
2001-09-03,10409.68000000
2001-09-04,10772.59000000
2001-09-05,10598.79000000
2001-09-06,10650.33000000
2001-09-07,10516.79000000
2001-09-10,10195.69000000
2001-09-11,10292.95000000
2001-09-12,9610.10000000
2001-09-13,9613.09000000
2001-09-14,10008.89000000
2001-09-17,9504.41000000
2001-09-18,9679.88000000
2001-09-19,9939.60000000
2001-09-20,9785.16000000
2001-09-21,9554.99000000
2001-09-25,9693.97000000
2001-09-26,9641.70000000
2001-09-27,9696.53000000
2001-09-28,9774.68000000
2001-10-01,9972.28000000
2001-10-02,10136.56000000
2001-10-03,9924.23000000
2001-10-04,10205.48000000
2001-10-05,10205.87000000
2001-10-09,10011.77000000
2001-10-10,9964.88000000
2001-10-11,10347.01000000
2001-10-12,10632.35000000
2001-10-15,10452.54000000
2001-10-16,10637.82000000
2001-10-17,10755.45000000
2001-10-18,10474.85000000
2001-10-19,10538.79000000
2001-10-22,10565.41000000
2001-10-23,10861.56000000
2001-10-24,10802.15000000
2001-10-25,10880.10000000
2001-10-26,10795.16000000
2001-10-29,10612.31000000
2001-10-30,10512.82000000
2001-10-31,10366.34000000
2001-11-01,10347.28000000
2001-11-02,10383.78000000
2001-11-05,10447.54000000
2001-11-06,10633.72000000
2001-11-07,10284.98000000
2001-11-08,10431.79000000
2001-11-09,10215.71000000
2001-11-12,10081.56000000
2001-11-13,10030.56000000
2001-11-14,10086.76000000
2001-11-15,10489.89000000
2001-11-16,10649.09000000
2001-11-19,10727.94000000
2001-11-20,10575.62000000
2001-11-21,10661.08000000
2001-11-22,10696.82000000
2001-11-26,11064.30000000
2001-11-27,10948.89000000
2001-11-28,10624.81000000
2001-11-29,10655.96000000
2001-11-30,10697.44000000
2001-12-03,10370.62000000
2001-12-04,10452.65000000
2001-12-05,10713.81000000
2001-12-06,10857.28000000
2001-12-07,10796.89000000
2001-12-10,10571.01000000
2001-12-11,10473.91000000
2001-12-12,10801.52000000
2001-12-13,10433.45000000
2001-12-14,10511.65000000
2001-12-17,10323.35000000
2001-12-18,10432.17000000
2001-12-19,10471.93000000
2001-12-20,10434.52000000
2001-12-21,10335.45000000
2001-12-25,10254.81000000
2001-12-26,10192.57000000
2001-12-27,10457.61000000
2001-12-28,10542.62000000
2002-01-04,10871.49000000
2002-01-07,10942.36000000
2002-01-08,10695.60000000
2002-01-09,10663.98000000
2002-01-10,10538.43000000
2002-01-11,10441.59000000
2002-01-15,10208.05000000
2002-01-16,10177.58000000
2002-01-17,10128.18000000
2002-01-18,10293.32000000
2002-01-21,10280.25000000
2002-01-22,10050.98000000
2002-01-23,10040.91000000
2002-01-24,10074.05000000
2002-01-25,10144.14000000
2002-01-28,10220.85000000
2002-01-29,10026.03000000
2002-01-30,9919.48000000
2002-01-31,9997.80000000
2002-02-01,9791.43000000
2002-02-04,9631.93000000
2002-02-05,9475.60000000
2002-02-06,9420.85000000
2002-02-07,9583.27000000
2002-02-08,9686.06000000
2002-02-12,9877.99000000
2002-02-13,9968.35000000
2002-02-14,10081.09000000
2002-02-15,10048.10000000
2002-02-18,10093.25000000
2002-02-19,9847.16000000
2002-02-20,9834.13000000
2002-02-21,10295.42000000
2002-02-22,10356.78000000
2002-02-25,10296.47000000
2002-02-26,10202.63000000
2002-02-27,10573.09000000
2002-02-28,10587.83000000
2002-03-01,10812.00000000
2002-03-04,11450.22000000
2002-03-05,11348.45000000
2002-03-06,11358.53000000
2002-03-07,11648.34000000
2002-03-08,11885.79000000
2002-03-11,11919.30000000
2002-03-12,11607.33000000
2002-03-13,11415.31000000
2002-03-14,11568.82000000
2002-03-15,11648.01000000
2002-03-18,11498.38000000
2002-03-19,11792.82000000
2002-03-20,11526.78000000
2002-03-22,11345.08000000
2002-03-25,11261.09000000
2002-03-26,11207.92000000
2002-03-27,11323.68000000
2002-03-28,11333.11000000
2002-03-29,11024.94000000
2002-04-01,11028.70000000
2002-04-02,11204.49000000
2002-04-03,11400.71000000
2002-04-04,11379.20000000
2002-04-05,11335.49000000
2002-04-08,11352.89000000
2002-04-09,11114.49000000
2002-04-10,11218.58000000
2002-04-11,11147.27000000
2002-04-12,10962.98000000
2002-04-15,11137.30000000
2002-04-16,11346.66000000
2002-04-17,11543.71000000
2002-04-18,11575.73000000
2002-04-19,11512.01000000
2002-04-22,11721.64000000
2002-04-23,11736.83000000
2002-04-24,11672.88000000
2002-04-25,11648.72000000
2002-04-26,11541.39000000
2002-04-30,11492.54000000
2002-05-01,11552.79000000
2002-05-02,11551.01000000
2002-05-07,11316.04000000
2002-05-08,11520.75000000
2002-05-09,11633.30000000
2002-05-10,11531.11000000
2002-05-13,11336.95000000
2002-05-14,11356.19000000
2002-05-15,11642.97000000
2002-05-16,11738.69000000
2002-05-17,11847.32000000
2002-05-20,11856.54000000
2002-05-21,11801.16000000
2002-05-22,11961.98000000
2002-05-23,11979.85000000
2002-05-24,11976.28000000
2002-05-27,11976.35000000
2002-05-28,11936.08000000
2002-05-29,11853.00000000
2002-05-30,11770.03000000
2002-05-31,11763.70000000
2002-06-03,11901.39000000
2002-06-04,11653.07000000
2002-06-05,11663.87000000
2002-06-06,11574.94000000
2002-06-07,11438.53000000
2002-06-10,11370.21000000
2002-06-11,11449.44000000
2002-06-12,11327.06000000
2002-06-13,11144.84000000
2002-06-14,10920.63000000
2002-06-17,10664.11000000
2002-06-18,10839.93000000
2002-06-19,10476.18000000
2002-06-20,10612.98000000
2002-06-21,10354.35000000
2002-06-24,10471.32000000
2002-06-25,10496.67000000
2002-06-26,10074.56000000
2002-06-27,10261.60000000
2002-06-28,10621.84000000
2002-07-01,10595.44000000
2002-07-02,10622.32000000
2002-07-03,10812.30000000
2002-07-04,10632.81000000
2002-07-05,10826.09000000
2002-07-08,10769.20000000
2002-07-09,10960.25000000
2002-07-10,10752.66000000
2002-07-11,10485.74000000
2002-07-12,10601.45000000
2002-07-15,10375.15000000
2002-07-16,10250.42000000
2002-07-17,10296.02000000
2002-07-18,10498.26000000
2002-07-19,10202.36000000
2002-07-22,10189.01000000
2002-07-23,10215.63000000
2002-07-24,9947.72000000
2002-07-25,9929.91000000
2002-07-26,9591.03000000
2002-07-29,9666.67000000
2002-07-30,10003.72000000
2002-07-31,9877.94000000
2002-08-01,9793.51000000
2002-08-02,9709.66000000
2002-08-05,9704.93000000
2002-08-06,9501.02000000
2002-08-07,9834.40000000
2002-08-08,9799.57000000
2002-08-09,9999.79000000
2002-08-12,9747.82000000
2002-08-13,9688.61000000
2002-08-14,9638.41000000
2002-08-15,9795.57000000
2002-08-16,9788.13000000
2002-08-19,9599.10000000
2002-08-20,9620.69000000
2002-08-21,9642.61000000
2002-08-22,9814.02000000
2002-08-23,9867.45000000
2002-08-26,10067.74000000
2002-08-27,9907.30000000
2002-08-28,9766.73000000
2002-08-29,9620.14000000
2002-08-30,9619.30000000
2002-09-02,9521.63000000
2002-09-03,9217.04000000
2002-09-04,9075.09000000
2002-09-05,9222.12000000
2002-09-06,9129.07000000
2002-09-09,9306.26000000
2002-09-10,9309.31000000
2002-09-11,9400.08000000
2002-09-12,9415.23000000
2002-09-13,9241.93000000
2002-09-17,9543.94000000
2002-09-18,9472.06000000
2002-09-19,9669.62000000
2002-09-20,9481.08000000
2002-09-24,9321.64000000
2002-09-25,9165.41000000
2002-09-26,9320.92000000
2002-09-27,9530.44000000
2002-09-30,9383.29000000
2002-10-01,9162.26000000
2002-10-02,9049.33000000
2002-10-03,8936.43000000
2002-10-04,9027.55000000
2002-10-07,8688.00000000
2002-10-08,8708.90000000
2002-10-09,8539.34000000
2002-10-10,8439.62000000
2002-10-11,8529.61000000
2002-10-15,8836.73000000
2002-10-16,8884.87000000
2002-10-17,8959.88000000
2002-10-18,9086.13000000
2002-10-21,8978.41000000
2002-10-22,8689.39000000
2002-10-23,8714.52000000
2002-10-24,8614.30000000
2002-10-25,8726.29000000
2002-10-28,8757.51000000
2002-10-29,8708.76000000
2002-10-30,8756.59000000
2002-10-31,8640.48000000
2002-11-01,8685.72000000
2002-11-05,8937.56000000
2002-11-06,8953.29000000
2002-11-07,8920.44000000
2002-11-08,8690.77000000
2002-11-11,8460.37000000
2002-11-12,8464.77000000
2002-11-13,8438.52000000
2002-11-14,8303.39000000
2002-11-15,8503.59000000
2002-11-18,8346.01000000
2002-11-19,8365.26000000
2002-11-20,8459.62000000
2002-11-21,8668.06000000
2002-11-22,8772.56000000
2002-11-25,8944.44000000
2002-11-26,8823.99000000
2002-11-27,8875.88000000
2002-11-28,9176.78000000
2002-11-29,9215.56000000
2002-12-02,9174.47000000
2002-12-03,9205.11000000
2002-12-04,9006.73000000
2002-12-05,8917.57000000
2002-12-06,8863.26000000
2002-12-09,8828.05000000
2002-12-10,8804.52000000
2002-12-11,8727.66000000
2002-12-12,8708.69000000
2002-12-13,8516.07000000
2002-12-16,8450.94000000
2002-12-17,8510.73000000
2002-12-18,8344.01000000
2002-12-19,8387.57000000
2002-12-20,8406.88000000
2002-12-24,8512.37000000
2002-12-25,8501.14000000
2002-12-26,8700.10000000
2002-12-27,8714.05000000
2002-12-30,8578.95000000
2003-01-06,8713.33000000
2003-01-07,8656.50000000
2003-01-08,8517.80000000
2003-01-09,8497.93000000
2003-01-10,8470.45000000
2003-01-14,8553.06000000
2003-01-15,8611.75000000
2003-01-16,8609.17000000
2003-01-17,8690.25000000
2003-01-20,8558.82000000
2003-01-21,8708.58000000
2003-01-22,8611.04000000
2003-01-23,8790.92000000
2003-01-24,8731.65000000
2003-01-27,8609.47000000
2003-01-28,8525.39000000
2003-01-29,8331.08000000
2003-01-30,8316.81000000
2003-01-31,8339.94000000
2003-02-03,8500.79000000
2003-02-04,8484.90000000
2003-02-05,8549.85000000
2003-02-06,8484.19000000
2003-02-07,8448.16000000
2003-02-10,8484.93000000
2003-02-12,8664.17000000
2003-02-13,8599.66000000
2003-02-14,8701.92000000
2003-02-17,8771.89000000
2003-02-18,8692.97000000
2003-02-19,8678.44000000
2003-02-20,8650.92000000
2003-02-21,8513.54000000
2003-02-24,8564.95000000
2003-02-25,8360.49000000
2003-02-26,8356.81000000
2003-02-27,8359.38000000
2003-02-28,8363.04000000
2003-03-03,8490.40000000
2003-03-04,8480.22000000
2003-03-05,8472.62000000
2003-03-06,8369.15000000
2003-03-07,8144.12000000
2003-03-10,8042.26000000
2003-03-11,7862.43000000
2003-03-12,7943.04000000
2003-03-13,7868.56000000
2003-03-14,8002.69000000
2003-03-17,7871.64000000
2003-03-18,7954.46000000
2003-03-19,8051.04000000
2003-03-20,8195.05000000
2003-03-24,8435.07000000
2003-03-25,8238.76000000
2003-03-26,8351.92000000
2003-03-27,8368.67000000
2003-03-28,8280.16000000
2003-03-31,7972.71000000
2003-04-01,7986.72000000
2003-04-02,8069.85000000
2003-04-03,8017.75000000
2003-04-04,8074.12000000
2003-04-07,8249.98000000
2003-04-08,8131.41000000
2003-04-09,8057.61000000
2003-04-10,7980.12000000
2003-04-11,7816.49000000
2003-04-14,7752.10000000
2003-04-15,7838.83000000
2003-04-16,7879.49000000
2003-04-17,7821.90000000
2003-04-18,7874.51000000
2003-04-21,7969.08000000
2003-04-22,7790.46000000
2003-04-23,7793.38000000
2003-04-24,7854.57000000
2003-04-25,7699.50000000
2003-04-28,7607.88000000
2003-04-30,7831.42000000
2003-05-01,7863.29000000
2003-05-02,7907.19000000
2003-05-06,8083.56000000
2003-05-07,8109.77000000
2003-05-08,8031.55000000
2003-05-09,8152.16000000
2003-05-12,8221.12000000
2003-05-13,8190.26000000
2003-05-14,8244.91000000
2003-05-15,8123.40000000
2003-05-16,8117.29000000
2003-05-19,8039.13000000
2003-05-20,8059.48000000
2003-05-21,8018.51000000
2003-05-22,8051.66000000
2003-05-23,8184.76000000
2003-05-26,8227.32000000
2003-05-27,8120.24000000
2003-05-28,8234.18000000
2003-05-29,8375.36000000
2003-05-30,8424.51000000
2003-06-02,8547.17000000
2003-06-03,8564.49000000
2003-06-04,8557.86000000
2003-06-05,8657.23000000
2003-06-06,8785.87000000
2003-06-09,8822.73000000
2003-06-10,8789.09000000
2003-06-11,8890.30000000
2003-06-12,8918.60000000
2003-06-13,8980.64000000
2003-06-16,8839.83000000
2003-06-17,9033.00000000
2003-06-18,9092.97000000
2003-06-19,9110.51000000
2003-06-20,9120.39000000
2003-06-23,9137.14000000
2003-06-24,8919.26000000
2003-06-25,8932.26000000
2003-06-26,8923.41000000
2003-06-27,9104.06000000
2003-06-30,9083.11000000
2003-07-01,9278.49000000
2003-07-02,9592.24000000
2003-07-03,9624.80000000
2003-07-04,9547.73000000
2003-07-07,9795.16000000
2003-07-08,9898.72000000
2003-07-09,9990.95000000
2003-07-10,9955.62000000
2003-07-11,9635.35000000
2003-07-14,9755.63000000
2003-07-15,9751.00000000
2003-07-16,9735.97000000
2003-07-17,9498.86000000
2003-07-18,9527.73000000
2003-07-22,9485.97000000
2003-07-23,9615.34000000
2003-07-24,9671.00000000
2003-07-25,9648.01000000
2003-07-28,9839.91000000
2003-07-29,9834.31000000
2003-07-30,9632.66000000
2003-07-31,9563.21000000
2003-08-01,9611.67000000
2003-08-04,9452.79000000
2003-08-05,9382.58000000
2003-08-06,9323.91000000
2003-08-07,9265.56000000
2003-08-08,9327.53000000
2003-08-11,9487.80000000
2003-08-12,9564.81000000
2003-08-13,9752.75000000
2003-08-14,9913.47000000
2003-08-15,9863.47000000
2003-08-18,10032.97000000
2003-08-19,10174.10000000
2003-08-20,10292.06000000
2003-08-21,10362.69000000
2003-08-22,10281.17000000
2003-08-25,10276.64000000
2003-08-26,10332.57000000
2003-08-27,10308.99000000
2003-08-28,10225.22000000
2003-08-29,10343.55000000
2003-09-01,10670.18000000
2003-09-02,10690.08000000
2003-09-03,10715.69000000
2003-09-04,10646.95000000
2003-09-05,10650.77000000
2003-09-08,10683.76000000
2003-09-09,10922.04000000
2003-09-10,10856.32000000
2003-09-11,10546.33000000
2003-09-12,10712.81000000
2003-09-16,10887.03000000
2003-09-17,10990.11000000
2003-09-18,11033.32000000
2003-09-19,10938.42000000
2003-09-22,10475.10000000
2003-09-24,10502.29000000
2003-09-25,10310.04000000
2003-09-26,10318.44000000
2003-09-29,10229.57000000
2003-09-30,10219.05000000
2003-10-01,10361.24000000
2003-10-02,10593.53000000
2003-10-03,10709.29000000
2003-10-06,10740.14000000
2003-10-07,10820.33000000
2003-10-08,10542.20000000
2003-10-09,10531.44000000
2003-10-10,10786.04000000
2003-10-14,10966.43000000
2003-10-15,10899.95000000
2003-10-16,11025.15000000
2003-10-17,11037.89000000
2003-10-20,11161.71000000
2003-10-21,11031.52000000
2003-10-22,10889.62000000
2003-10-23,10335.16000000
2003-10-24,10335.70000000
2003-10-27,10454.12000000
2003-10-28,10561.01000000
2003-10-29,10739.22000000
2003-10-30,10695.56000000
2003-10-31,10559.59000000
2003-11-04,10847.97000000
2003-11-05,10837.54000000
2003-11-06,10552.30000000
2003-11-07,10628.98000000
2003-11-10,10504.54000000
2003-11-11,10207.04000000
2003-11-12,10226.22000000
2003-11-13,10337.67000000
2003-11-14,10167.06000000
2003-11-17,9786.83000000
2003-11-18,9897.05000000
2003-11-19,9614.60000000
2003-11-20,9865.70000000
2003-11-21,9852.83000000
2003-11-25,9960.20000000
2003-11-26,10144.83000000
2003-11-27,10163.38000000
2003-11-28,10100.57000000
2003-12-01,10403.27000000
2003-12-02,10410.15000000
2003-12-03,10326.39000000
2003-12-04,10429.99000000
2003-12-05,10373.46000000
2003-12-08,10045.34000000
2003-12-09,10124.28000000
2003-12-10,9910.56000000
2003-12-11,10075.14000000
2003-12-12,10169.66000000
2003-12-15,10490.77000000
2003-12-16,10271.60000000
2003-12-17,10092.64000000
2003-12-18,10104.00000000
2003-12-19,10284.54000000
2003-12-22,10372.51000000
2003-12-24,10371.27000000
2003-12-25,10365.35000000
2003-12-26,10417.41000000
2003-12-29,10500.62000000
2003-12-30,10676.64000000
2004-01-05,10825.17000000
2004-01-06,10813.99000000
2004-01-07,10757.82000000
2004-01-08,10837.65000000
2004-01-09,10965.05000000
2004-01-13,10849.68000000
2004-01-14,10863.00000000
2004-01-15,10665.15000000
2004-01-16,10857.20000000
2004-01-19,11036.33000000
2004-01-20,11103.10000000
2004-01-21,11002.39000000
2004-01-22,11000.70000000
2004-01-23,11069.01000000
2004-01-26,10972.60000000
2004-01-27,10928.03000000
2004-01-28,10852.47000000
2004-01-29,10779.44000000
2004-01-30,10783.61000000
2004-02-02,10776.73000000
2004-02-03,10641.92000000
2004-02-04,10447.25000000
2004-02-05,10464.60000000
2004-02-06,10460.92000000
2004-02-09,10402.61000000
2004-02-10,10365.40000000
2004-02-12,10459.26000000
2004-02-13,10557.69000000
2004-02-16,10548.72000000
2004-02-17,10701.13000000
2004-02-18,10676.81000000
2004-02-19,10753.80000000
2004-02-20,10720.69000000
2004-02-23,10868.96000000
2004-02-24,10644.13000000
2004-02-25,10658.73000000
2004-02-26,10815.29000000
2004-02-27,11041.92000000
2004-03-01,11271.12000000
2004-03-02,11361.51000000
2004-03-03,11351.92000000
2004-03-04,11401.79000000
2004-03-05,11537.29000000
2004-03-08,11502.86000000
2004-03-09,11532.04000000
2004-03-10,11433.24000000
2004-03-11,11297.04000000
2004-03-12,11162.75000000
2004-03-15,11317.90000000
2004-03-16,11242.29000000
2004-03-17,11436.86000000
2004-03-18,11484.28000000
2004-03-19,11418.51000000
2004-03-22,11318.51000000
2004-03-23,11281.09000000
2004-03-24,11364.99000000
2004-03-25,11530.91000000
2004-03-26,11770.65000000
2004-03-29,11718.24000000
2004-03-30,11693.68000000
2004-03-31,11715.39000000
2004-04-01,11683.42000000
2004-04-02,11815.95000000
2004-04-05,11958.32000000
2004-04-06,12079.70000000
2004-04-07,12019.62000000
2004-04-08,12092.59000000
2004-04-09,11897.51000000
2004-04-12,12042.70000000
2004-04-13,12127.82000000
2004-04-14,12098.18000000
2004-04-15,11800.40000000
2004-04-16,11824.56000000
2004-04-19,11764.21000000
2004-04-20,11952.26000000
2004-04-21,11944.30000000
2004-04-22,11980.10000000
2004-04-23,12120.66000000
2004-04-26,12163.89000000
2004-04-27,12044.88000000
2004-04-28,12004.29000000
2004-04-30,11761.79000000
2004-05-06,11571.34000000
2004-05-07,11438.82000000
2004-05-10,10884.70000000
2004-05-11,10907.18000000
2004-05-12,11153.58000000
2004-05-13,10825.10000000
2004-05-14,10849.63000000
2004-05-17,10505.05000000
2004-05-18,10711.09000000
2004-05-19,10967.74000000
2004-05-20,10862.04000000
2004-05-21,11070.25000000
2004-05-24,11101.64000000
2004-05-25,10962.93000000
2004-05-26,11152.09000000
2004-05-27,11166.03000000
2004-05-28,11309.57000000
2004-05-31,11236.37000000
2004-06-01,11296.76000000
2004-06-02,11242.34000000
2004-06-03,11027.05000000
2004-06-04,11128.05000000
2004-06-07,11439.92000000
2004-06-08,11521.93000000
2004-06-09,11449.74000000
2004-06-10,11575.97000000
2004-06-11,11526.82000000
2004-06-14,11491.66000000
2004-06-15,11387.70000000
2004-06-16,11641.72000000
2004-06-17,11607.90000000
2004-06-18,11382.08000000
2004-06-21,11600.16000000
2004-06-22,11581.27000000
2004-06-23,11580.56000000
2004-06-24,11744.15000000
2004-06-25,11780.40000000
2004-06-28,11884.06000000
2004-06-29,11860.81000000
2004-06-30,11858.87000000
2004-07-01,11896.01000000
2004-07-02,11721.49000000
2004-07-05,11541.71000000
2004-07-06,11475.27000000
2004-07-07,11384.86000000
2004-07-08,11322.23000000
2004-07-09,11423.53000000
2004-07-12,11582.28000000
2004-07-13,11608.62000000
2004-07-14,11356.65000000
2004-07-15,11409.14000000
2004-07-16,11436.00000000
2004-07-20,11258.37000000
2004-07-21,11433.86000000
2004-07-22,11285.04000000
2004-07-23,11187.33000000
2004-07-26,11159.55000000
2004-07-27,11031.54000000
2004-07-28,11204.37000000
2004-07-29,11116.84000000
2004-07-30,11325.78000000
2004-08-02,11222.24000000
2004-08-03,11140.57000000
2004-08-04,11010.02000000
2004-08-05,11060.89000000
2004-08-06,10972.57000000
2004-08-09,10908.70000000
2004-08-10,10953.55000000
2004-08-11,11049.46000000
2004-08-12,11028.07000000
2004-08-13,10757.20000000
2004-08-16,10687.81000000
2004-08-17,10725.97000000
2004-08-18,10774.26000000
2004-08-19,10903.53000000
2004-08-20,10889.14000000
2004-08-23,10960.97000000
2004-08-24,10985.33000000
2004-08-25,11130.02000000
2004-08-26,11129.33000000
2004-08-27,11209.59000000
2004-08-30,11184.53000000
2004-08-31,11081.79000000
2004-09-01,11127.35000000
2004-09-02,11152.75000000
2004-09-03,11022.49000000
2004-09-06,11244.37000000
2004-09-07,11298.94000000
2004-09-08,11279.19000000
2004-09-09,11170.96000000
2004-09-10,11083.23000000
2004-09-13,11253.11000000
2004-09-14,11295.58000000
2004-09-15,11158.58000000
2004-09-16,11139.36000000
2004-09-17,11082.49000000
2004-09-21,11080.87000000
2004-09-22,11019.41000000
2004-09-24,10895.16000000
2004-09-27,10859.32000000
2004-09-28,10815.57000000
2004-09-29,10786.10000000
2004-09-30,10823.57000000
2004-10-01,10985.17000000
2004-10-04,11279.63000000
2004-10-05,11281.83000000
2004-10-06,11385.38000000
2004-10-07,11354.59000000
2004-10-08,11349.35000000
2004-10-12,11201.81000000
2004-10-13,11195.99000000
2004-10-14,11034.29000000
2004-10-15,10982.95000000
2004-10-18,10965.62000000
2004-10-19,11064.86000000
2004-10-20,10882.18000000
2004-10-21,10789.23000000
2004-10-22,10857.13000000
2004-10-25,10659.15000000
2004-10-26,10672.46000000
2004-10-27,10691.95000000
2004-10-28,10853.12000000
2004-10-29,10771.42000000
2004-11-01,10734.71000000
2004-11-02,10887.81000000
2004-11-04,10946.27000000
2004-11-05,11061.77000000
2004-11-08,10983.83000000
2004-11-09,10964.87000000
2004-11-10,10994.96000000
2004-11-11,10846.92000000
2004-11-12,11019.98000000
2004-11-15,11227.57000000
2004-11-16,11161.75000000
2004-11-17,11131.29000000
2004-11-18,11082.42000000
2004-11-19,11082.84000000
2004-11-22,10849.39000000
2004-11-24,10872.33000000
2004-11-25,10900.34000000
2004-11-26,10833.75000000
2004-11-29,10977.89000000
2004-11-30,10899.25000000
2004-12-01,10784.25000000
2004-12-02,10973.07000000
2004-12-03,11074.89000000
2004-12-06,10981.96000000
2004-12-07,10873.63000000
2004-12-08,10941.37000000
2004-12-09,10776.63000000
2004-12-10,10756.80000000
2004-12-13,10789.25000000
2004-12-14,10915.58000000
2004-12-15,10956.46000000
2004-12-16,10924.37000000
2004-12-17,11078.32000000
2004-12-20,11103.42000000
2004-12-21,11125.92000000
2004-12-22,11209.44000000
2004-12-24,11365.48000000
2004-12-27,11362.35000000
2004-12-28,11424.13000000
2004-12-29,11381.56000000
2004-12-30,11488.76000000
2005-01-04,11517.75000000
2005-01-05,11437.52000000
2005-01-06,11492.26000000
2005-01-07,11433.24000000
2005-01-11,11539.99000000
2005-01-12,11453.39000000
2005-01-13,11358.22000000
2005-01-14,11438.39000000
2005-01-17,11487.10000000
2005-01-18,11423.26000000
2005-01-19,11405.34000000
2005-01-20,11284.77000000
2005-01-21,11238.37000000
2005-01-24,11289.49000000
2005-01-25,11276.91000000
2005-01-26,11376.57000000
2005-01-27,11341.31000000
2005-01-28,11320.58000000
2005-01-31,11387.59000000
2005-02-01,11384.40000000
2005-02-02,11407.14000000
2005-02-03,11389.35000000
2005-02-04,11360.40000000
2005-02-07,11499.86000000
2005-02-08,11490.43000000
2005-02-09,11473.35000000
2005-02-10,11553.56000000
2005-02-14,11632.20000000
2005-02-15,11646.49000000
2005-02-16,11601.68000000
2005-02-17,11582.72000000
2005-02-18,11660.12000000
2005-02-21,11651.02000000
2005-02-22,11597.71000000
2005-02-23,11500.18000000
2005-02-24,11531.15000000
2005-02-25,11658.25000000
2005-02-28,11740.60000000
2005-03-01,11780.53000000
2005-03-02,11813.71000000
2005-03-03,11856.46000000
2005-03-04,11873.05000000
2005-03-07,11925.36000000
2005-03-08,11886.91000000
2005-03-09,11966.69000000
2005-03-10,11864.91000000
2005-03-11,11923.89000000
2005-03-14,11850.25000000
2005-03-15,11821.09000000
2005-03-16,11873.18000000
2005-03-17,11775.50000000
2005-03-18,11879.81000000
2005-03-22,11841.97000000
2005-03-23,11739.12000000
2005-03-24,11745.97000000
2005-03-25,11761.10000000
2005-03-28,11792.30000000
2005-03-29,11599.82000000
2005-03-30,11565.88000000
2005-03-31,11668.95000000
2005-04-01,11723.63000000
2005-04-04,11667.54000000
2005-04-05,11774.31000000
2005-04-06,11827.16000000
2005-04-07,11810.99000000
2005-04-08,11874.75000000
2005-04-11,11745.64000000
2005-04-12,11670.30000000
2005-04-13,11637.52000000
2005-04-14,11563.17000000
2005-04-15,11370.69000000
2005-04-18,10938.44000000
2005-04-19,11065.86000000
2005-04-20,11088.58000000
2005-04-21,10984.39000000
2005-04-22,11045.95000000
2005-04-25,11073.77000000
2005-04-26,11035.83000000
2005-04-27,11005.42000000
2005-04-28,11008.90000000
2005-05-02,11002.11000000
2005-05-06,11192.17000000
2005-05-09,11171.32000000
2005-05-10,11159.46000000
2005-05-11,11120.70000000
2005-05-12,11077.94000000
2005-05-13,11049.11000000
2005-05-16,10947.22000000
2005-05-17,10825.39000000
2005-05-18,10835.41000000
2005-05-19,11077.16000000
2005-05-20,11037.29000000
2005-05-23,11158.65000000
2005-05-24,11133.65000000
2005-05-25,11014.43000000
2005-05-26,11027.94000000
2005-05-27,11192.33000000
2005-05-30,11266.33000000
2005-05-31,11276.59000000
2005-06-01,11329.67000000
2005-06-02,11280.05000000
2005-06-03,11300.05000000
2005-06-06,11270.62000000
2005-06-07,11217.45000000
2005-06-08,11281.03000000
2005-06-09,11160.88000000
2005-06-10,11304.23000000
2005-06-13,11311.51000000
2005-06-14,11335.92000000
2005-06-15,11415.88000000
2005-06-16,11416.38000000
2005-06-17,11514.03000000
2005-06-20,11483.35000000
2005-06-21,11488.74000000
2005-06-22,11547.28000000
2005-06-23,11576.75000000
2005-06-24,11537.03000000
2005-06-27,11414.28000000
2005-06-28,11513.83000000
2005-06-29,11577.44000000
2005-06-30,11584.01000000
2005-07-01,11630.13000000
2005-07-04,11651.55000000
2005-07-05,11616.70000000
2005-07-06,11603.53000000
2005-07-07,11590.14000000
2005-07-08,11565.99000000
2005-07-11,11674.79000000
2005-07-12,11692.14000000
2005-07-13,11659.84000000
2005-07-14,11764.26000000
2005-07-15,11758.68000000
2005-07-19,11764.84000000
2005-07-20,11789.35000000
2005-07-21,11786.73000000
2005-07-22,11695.05000000
2005-07-25,11762.65000000
2005-07-26,11737.96000000
2005-07-27,11835.08000000
2005-07-28,11858.31000000
2005-07-29,11899.60000000
2005-08-01,11946.92000000
2005-08-02,11940.20000000
2005-08-03,11981.80000000
2005-08-04,11883.31000000
2005-08-05,11766.48000000
2005-08-08,11778.98000000
2005-08-09,11900.32000000
2005-08-10,12098.08000000
2005-08-11,12263.32000000
2005-08-12,12261.68000000
2005-08-15,12256.55000000
2005-08-16,12315.67000000
2005-08-17,12273.12000000
2005-08-18,12307.37000000
2005-08-19,12291.73000000
2005-08-22,12452.51000000
2005-08-23,12472.93000000
2005-08-24,12502.26000000
2005-08-25,12405.16000000
2005-08-26,12439.48000000
2005-08-29,12309.83000000
2005-08-30,12453.14000000
2005-08-31,12413.60000000
2005-09-01,12506.97000000
2005-09-02,12600.00000000
2005-09-05,12634.88000000
2005-09-06,12599.43000000
2005-09-07,12607.59000000
2005-09-08,12533.89000000
2005-09-09,12692.04000000
2005-09-12,12896.43000000
2005-09-13,12901.95000000
2005-09-14,12834.25000000
2005-09-15,12986.78000000
2005-09-16,12958.68000000
2005-09-20,13148.57000000
2005-09-21,13196.57000000
2005-09-22,13159.36000000
2005-09-26,13392.63000000
2005-09-27,13310.04000000
2005-09-28,13435.91000000
2005-09-29,13617.24000000
2005-09-30,13574.30000000
2005-10-03,13525.28000000
2005-10-04,13738.84000000
2005-10-05,13689.89000000
2005-10-06,13359.51000000
2005-10-07,13227.74000000
2005-10-11,13556.71000000
2005-10-12,13463.74000000
2005-10-13,13449.24000000
2005-10-14,13420.54000000
2005-10-17,13400.29000000
2005-10-18,13352.24000000
2005-10-19,13129.49000000
2005-10-20,13190.46000000
2005-10-21,13199.95000000
2005-10-24,13106.18000000
2005-10-25,13280.62000000
2005-10-26,13395.02000000
2005-10-27,13417.08000000
2005-10-28,13346.54000000
2005-10-31,13606.50000000
2005-11-01,13867.86000000
2005-11-02,13894.78000000
2005-11-04,14075.96000000
2005-11-07,14061.60000000
2005-11-08,14036.73000000
2005-11-09,14072.20000000
2005-11-10,14080.88000000
2005-11-11,14155.06000000
2005-11-14,14116.04000000
2005-11-15,14091.77000000
2005-11-16,14170.87000000
2005-11-17,14411.79000000
2005-11-18,14623.12000000
2005-11-21,14680.43000000
2005-11-22,14708.32000000
2005-11-24,14742.58000000
2005-11-25,14784.29000000
2005-11-28,14986.94000000
2005-11-29,14927.70000000
2005-11-30,14872.15000000
2005-12-01,15130.50000000
2005-12-02,15421.60000000
2005-12-05,15551.31000000
2005-12-06,15423.38000000
2005-12-07,15484.66000000
2005-12-08,15183.36000000
2005-12-09,15404.05000000
2005-12-12,15738.70000000
2005-12-13,15778.86000000
2005-12-14,15464.58000000
2005-12-15,15254.44000000
2005-12-16,15173.07000000
2005-12-19,15391.48000000
2005-12-20,15641.26000000
2005-12-21,15957.57000000
2005-12-22,15941.37000000
2005-12-26,16107.67000000
2005-12-27,15969.40000000
2005-12-28,16194.61000000
2005-12-29,16344.20000000
2005-12-30,16111.43000000
2006-01-04,16361.54000000
2006-01-05,16425.37000000
2006-01-06,16428.21000000
2006-01-10,16124.35000000
2006-01-11,16363.59000000
2006-01-12,16445.19000000
2006-01-13,16454.95000000
2006-01-16,16268.03000000
2006-01-17,15805.95000000
2006-01-18,15341.18000000
2006-01-19,15696.28000000
2006-01-20,15696.69000000
2006-01-23,15360.65000000
2006-01-24,15648.89000000
2006-01-25,15651.00000000
2006-01-26,15891.02000000
2006-01-27,16460.68000000
2006-01-30,16551.23000000
2006-01-31,16649.82000000
2006-02-01,16480.09000000
2006-02-02,16710.55000000
2006-02-03,16659.64000000
2006-02-06,16747.76000000
2006-02-07,16720.99000000
2006-02-08,16272.68000000
2006-02-09,16439.67000000
2006-02-10,16257.83000000
2006-02-13,15877.66000000
2006-02-14,16184.87000000
2006-02-15,15932.83000000
2006-02-16,16043.67000000
2006-02-17,15713.45000000
2006-02-20,15437.93000000
2006-02-21,15894.94000000
2006-02-22,15781.78000000
2006-02-23,16096.10000000
2006-02-24,16101.91000000
2006-02-27,16192.95000000
2006-02-28,16205.43000000
2006-03-01,15964.46000000
2006-03-02,15909.76000000
2006-03-03,15663.34000000
2006-03-06,15901.16000000
2006-03-07,15726.02000000
2006-03-08,15627.49000000
2006-03-09,16036.91000000
2006-03-10,16115.63000000
2006-03-13,16361.51000000
2006-03-14,16238.36000000
2006-03-15,16319.04000000
2006-03-16,16096.21000000
2006-03-17,16339.73000000
2006-03-20,16624.80000000
2006-03-22,16495.48000000
2006-03-23,16489.37000000
2006-03-24,16560.87000000
2006-03-27,16650.10000000
2006-03-28,16690.24000000
2006-03-29,16938.41000000
2006-03-30,17045.34000000
2006-03-31,17059.66000000
2006-04-03,17333.31000000
2006-04-04,17292.91000000
2006-04-05,17243.98000000
2006-04-06,17489.33000000
2006-04-07,17563.37000000
2006-04-10,17456.58000000
2006-04-11,17418.13000000
2006-04-12,17162.55000000
2006-04-13,17199.15000000
2006-04-14,17233.82000000
2006-04-17,17000.36000000
2006-04-18,17232.86000000
2006-04-19,17350.12000000
2006-04-20,17317.53000000
2006-04-21,17403.96000000
2006-04-24,16914.40000000
2006-04-25,16970.29000000
2006-04-26,17055.93000000
2006-04-27,17114.54000000
2006-04-28,16906.23000000
2006-05-01,16925.71000000
2006-05-02,17153.77000000
2006-05-08,17291.67000000
2006-05-09,17190.91000000
2006-05-10,16951.93000000
2006-05-11,16862.14000000
2006-05-12,16601.78000000
2006-05-15,16486.91000000
2006-05-16,16158.42000000
2006-05-17,16307.67000000
2006-05-18,16087.18000000
2006-05-19,16155.45000000
2006-05-22,15857.87000000
2006-05-23,15599.20000000
2006-05-24,15907.20000000
2006-05-25,15693.75000000
2006-05-26,15970.76000000
2006-05-29,15915.68000000
2006-05-30,15859.45000000
2006-05-31,15467.33000000
2006-06-01,15503.74000000
2006-06-02,15789.31000000
2006-06-05,15668.31000000
2006-06-06,15384.86000000
2006-06-07,15096.01000000
2006-06-08,14633.03000000
2006-06-09,14750.84000000
2006-06-12,14833.01000000
2006-06-13,14218.60000000
2006-06-14,14309.56000000
2006-06-15,14470.76000000
2006-06-16,14879.34000000
2006-06-19,14860.35000000
2006-06-20,14648.41000000
2006-06-21,14644.26000000
2006-06-22,15135.69000000
2006-06-23,15124.04000000
2006-06-26,15152.40000000
2006-06-27,15171.81000000
2006-06-28,14886.11000000
2006-06-29,15121.15000000
2006-06-30,15505.18000000
2006-07-03,15571.62000000
2006-07-04,15638.50000000
2006-07-05,15523.94000000
2006-07-06,15321.40000000
2006-07-07,15307.61000000
2006-07-10,15552.81000000
2006-07-11,15473.82000000
2006-07-12,15249.32000000
2006-07-13,15097.95000000
2006-07-14,14845.24000000
2006-07-18,14437.24000000
2006-07-19,14500.26000000
2006-07-20,14946.84000000
2006-07-21,14821.26000000
2006-07-24,14794.50000000
2006-07-25,15005.24000000
2006-07-26,14884.07000000
2006-07-27,15179.78000000
2006-07-28,15342.87000000
2006-07-31,15456.81000000
2006-08-01,15440.91000000
2006-08-02,15464.29000000
2006-08-03,15470.37000000
2006-08-04,15499.18000000
2006-08-07,15154.06000000
2006-08-08,15464.66000000
2006-08-09,15656.59000000
2006-08-10,15630.91000000
2006-08-11,15565.02000000
2006-08-14,15857.11000000
2006-08-15,15816.19000000
2006-08-16,16071.36000000
2006-08-17,16020.84000000
2006-08-18,16105.98000000
2006-08-21,15969.04000000
2006-08-22,16181.17000000
2006-08-23,16163.03000000
2006-08-24,15960.62000000
2006-08-25,15938.66000000
2006-08-28,15762.59000000
2006-08-29,15890.56000000
2006-08-30,15872.02000000
2006-08-31,16140.76000000
2006-09-01,16134.25000000
2006-09-04,16358.07000000
2006-09-05,16385.96000000
2006-09-06,16284.09000000
2006-09-07,16012.41000000
2006-09-08,16080.46000000
2006-09-11,15794.38000000
2006-09-12,15719.34000000
2006-09-13,15750.05000000
2006-09-14,15942.39000000
2006-09-15,15866.93000000
2006-09-19,15874.28000000
2006-09-20,15718.67000000
2006-09-21,15834.23000000
2006-09-22,15634.67000000
2006-09-25,15633.81000000
2006-09-26,15557.45000000
2006-09-27,15947.87000000
2006-09-28,16024.85000000
2006-09-29,16127.58000000
2006-10-02,16254.29000000
2006-10-03,16242.09000000
2006-10-04,16082.55000000
2006-10-05,16449.33000000
2006-10-06,16436.06000000
2006-10-10,16477.25000000
2006-10-11,16400.57000000
2006-10-12,16368.81000000
2006-10-13,16536.54000000
2006-10-16,16692.76000000
2006-10-17,16611.59000000
2006-10-18,16653.00000000
2006-10-19,16551.36000000
2006-10-20,16651.63000000
2006-10-23,16788.82000000
2006-10-24,16780.47000000
2006-10-25,16699.30000000
2006-10-26,16811.60000000
2006-10-27,16669.07000000
2006-10-30,16351.85000000
2006-10-31,16399.39000000
2006-11-01,16375.26000000
2006-11-02,16350.02000000
2006-11-06,16364.76000000
2006-11-07,16393.41000000
2006-11-08,16215.74000000
2006-11-09,16198.57000000
2006-11-10,16112.43000000
2006-11-13,16022.49000000
2006-11-14,16289.55000000
2006-11-15,16243.47000000
2006-11-16,16163.87000000
2006-11-17,16091.73000000
2006-11-20,15725.94000000
2006-11-21,15734.14000000
2006-11-22,15914.23000000
2006-11-24,15734.60000000
2006-11-27,15885.38000000
2006-11-28,15855.26000000
2006-11-29,16076.20000000
2006-11-30,16274.33000000
2006-12-01,16321.78000000
2006-12-04,16303.59000000
2006-12-05,16265.76000000
2006-12-06,16371.28000000
2006-12-07,16473.36000000
2006-12-08,16417.82000000
2006-12-11,16527.99000000
2006-12-12,16637.78000000
2006-12-13,16692.93000000
2006-12-14,16829.20000000
2006-12-15,16914.31000000
2006-12-18,16962.11000000
2006-12-19,16776.88000000
2006-12-20,17011.04000000
2006-12-21,17047.83000000
2006-12-22,17104.96000000
2006-12-25,17092.89000000
2006-12-26,17169.19000000
2006-12-27,17223.15000000
2006-12-28,17224.81000000
2006-12-29,17225.83000000
2007-01-04,17353.67000000
2007-01-05,17091.59000000
2007-01-09,17237.77000000
2007-01-10,16942.40000000
2007-01-11,16838.17000000
2007-01-12,17057.01000000
2007-01-15,17209.92000000
2007-01-16,17202.46000000
2007-01-17,17261.35000000
2007-01-18,17370.93000000
2007-01-19,17310.44000000
2007-01-22,17424.18000000
2007-01-23,17408.57000000
2007-01-24,17507.40000000
2007-01-25,17458.30000000
2007-01-26,17421.93000000
2007-01-29,17470.46000000
2007-01-30,17490.19000000
2007-01-31,17383.42000000
2007-02-01,17519.50000000
2007-02-02,17547.11000000
2007-02-05,17344.80000000
2007-02-06,17406.86000000
2007-02-07,17292.32000000
2007-02-08,17292.48000000
2007-02-09,17504.33000000
2007-02-13,17621.45000000
2007-02-14,17752.64000000
2007-02-15,17897.23000000
2007-02-16,17875.65000000
2007-02-19,17940.09000000
2007-02-20,17939.12000000
2007-02-21,17913.21000000
2007-02-22,18108.79000000
2007-02-23,18188.42000000
2007-02-26,18215.35000000
2007-02-27,18119.92000000
2007-02-28,17604.12000000
2007-03-01,17453.51000000
2007-03-02,17217.93000000
2007-03-05,16642.25000000
2007-03-06,16844.50000000
2007-03-07,16764.62000000
2007-03-08,17090.31000000
2007-03-09,17164.04000000
2007-03-12,17292.39000000
2007-03-13,17178.84000000
2007-03-14,16676.89000000
2007-03-15,16860.39000000
2007-03-16,16744.15000000
2007-03-19,17009.55000000
2007-03-20,17163.20000000
2007-03-22,17419.20000000
2007-03-23,17480.61000000
2007-03-26,17521.96000000
2007-03-27,17365.05000000
2007-03-28,17254.73000000
2007-03-29,17263.94000000
2007-03-30,17287.65000000
2007-04-02,17028.41000000
2007-04-03,17244.05000000
2007-04-04,17544.09000000
2007-04-05,17491.42000000
2007-04-06,17484.78000000
2007-04-09,17743.76000000
2007-04-10,17664.69000000
2007-04-11,17670.07000000
2007-04-12,17540.42000000
2007-04-13,17363.95000000
2007-04-16,17628.30000000
2007-04-17,17527.45000000
2007-04-18,17667.33000000
2007-04-19,17371.97000000
2007-04-20,17452.62000000
2007-04-23,17455.37000000
2007-04-24,17451.77000000
2007-04-25,17236.16000000
2007-04-26,17429.17000000
2007-04-27,17400.41000000
2007-05-01,17274.98000000
2007-05-02,17394.92000000
2007-05-07,17669.83000000
2007-05-08,17656.84000000
2007-05-09,17748.12000000
2007-05-10,17736.96000000
2007-05-11,17553.72000000
2007-05-14,17677.94000000
2007-05-15,17512.98000000
2007-05-16,17529.00000000
2007-05-17,17498.60000000
2007-05-18,17399.58000000
2007-05-21,17556.87000000
2007-05-22,17680.05000000
2007-05-23,17705.12000000
2007-05-24,17696.97000000
2007-05-25,17481.21000000
2007-05-28,17587.59000000
2007-05-29,17672.56000000
2007-05-30,17588.26000000
2007-05-31,17875.75000000
2007-06-01,17958.88000000
2007-06-04,17973.42000000
2007-06-05,18053.81000000
2007-06-06,18040.93000000
2007-06-07,18053.38000000
2007-06-08,17779.09000000
2007-06-11,17834.48000000
2007-06-12,17760.91000000
2007-06-13,17732.77000000
2007-06-14,17842.29000000
2007-06-15,17971.49000000
2007-06-18,18149.52000000
2007-06-19,18163.61000000
2007-06-20,18211.68000000
2007-06-21,18240.30000000
2007-06-22,18188.63000000
2007-06-25,18087.48000000
2007-06-26,18066.11000000
2007-06-27,17849.28000000
2007-06-28,17932.27000000
2007-06-29,18138.36000000
2007-07-02,18146.30000000
2007-07-03,18149.90000000
2007-07-04,18168.72000000
2007-07-05,18221.48000000
2007-07-06,18140.94000000
2007-07-09,18261.98000000
2007-07-10,18252.67000000
2007-07-11,18049.51000000
2007-07-12,17984.14000000
2007-07-13,18238.95000000
2007-07-17,18217.27000000
2007-07-18,18015.58000000
2007-07-19,18116.57000000
2007-07-20,18157.93000000
2007-07-23,17963.64000000
2007-07-24,18002.03000000
2007-07-25,17858.42000000
2007-07-26,17702.09000000
2007-07-27,17283.81000000
2007-07-30,17289.30000000
2007-07-31,17248.89000000
2007-08-01,16870.98000000
2007-08-02,16984.11000000
2007-08-03,16979.86000000
2007-08-06,16914.46000000
2007-08-07,16921.77000000
2007-08-08,17029.28000000
2007-08-09,17170.60000000
2007-08-10,16764.09000000
2007-08-13,16800.05000000
2007-08-14,16844.61000000
2007-08-15,16475.61000000
2007-08-16,16148.49000000
2007-08-17,15273.68000000
2007-08-20,15732.48000000
2007-08-21,15901.34000000
2007-08-22,15900.64000000
2007-08-23,16316.32000000
2007-08-24,16248.97000000
2007-08-27,16301.39000000
2007-08-28,16287.49000000
2007-08-29,16012.83000000
2007-08-30,16153.82000000
2007-08-31,16569.09000000
2007-09-03,16524.93000000
2007-09-04,16420.47000000
2007-09-05,16158.45000000
2007-09-06,16257.00000000
2007-09-07,16122.16000000
2007-09-10,15764.97000000
2007-09-11,15877.67000000
2007-09-12,15797.60000000
2007-09-13,15821.19000000
2007-09-14,16127.42000000
2007-09-18,15801.80000000
2007-09-19,16381.54000000
2007-09-20,16413.79000000
2007-09-21,16312.61000000
2007-09-25,16401.73000000
2007-09-26,16435.74000000
2007-09-27,16832.22000000
2007-09-28,16785.69000000
2007-10-01,16845.96000000
2007-10-02,17046.78000000
2007-10-03,17199.89000000
2007-10-04,17092.49000000
2007-10-05,17065.04000000
2007-10-09,17159.90000000
2007-10-10,17177.89000000
2007-10-11,17458.98000000
2007-10-12,17331.17000000
2007-10-15,17358.15000000
2007-10-16,17137.92000000
2007-10-17,16955.31000000
2007-10-18,17106.09000000
2007-10-19,16814.37000000
2007-10-22,16438.47000000
2007-10-23,16450.58000000
2007-10-24,16358.39000000
2007-10-25,16284.17000000
2007-10-26,16505.63000000
2007-10-29,16698.08000000
2007-10-30,16651.01000000
2007-10-31,16737.63000000
2007-11-01,16870.40000000
2007-11-02,16517.48000000
2007-11-05,16268.92000000
2007-11-06,16249.63000000
2007-11-07,16096.68000000
2007-11-08,15771.57000000
2007-11-09,15583.42000000
2007-11-12,15197.09000000
2007-11-13,15126.63000000
2007-11-14,15499.56000000
2007-11-15,15396.30000000
2007-11-16,15154.61000000
2007-11-19,15042.56000000
2007-11-20,15211.52000000
2007-11-21,14837.66000000
2007-11-22,14888.77000000
2007-11-26,15135.21000000
2007-11-27,15222.85000000
2007-11-28,15153.78000000
2007-11-29,15513.74000000
2007-11-30,15680.67000000
2007-12-03,15628.97000000
2007-12-04,15480.19000000
2007-12-05,15608.88000000
2007-12-06,15874.08000000
2007-12-07,15956.37000000
2007-12-10,15924.39000000
2007-12-11,16044.72000000
2007-12-12,15932.26000000
2007-12-13,15536.52000000
2007-12-14,15514.51000000
2007-12-17,15249.79000000
2007-12-18,15207.86000000
2007-12-19,15030.51000000
2007-12-20,15031.60000000
2007-12-21,15257.00000000
2007-12-25,15552.59000000
2007-12-26,15653.54000000
2007-12-27,15564.69000000
2007-12-28,15307.78000000
2008-01-04,14691.41000000
2008-01-07,14500.55000000
2008-01-08,14528.67000000
2008-01-09,14599.16000000
2008-01-10,14388.11000000
2008-01-11,14110.79000000
2008-01-15,13972.63000000
2008-01-16,13504.51000000
2008-01-17,13783.45000000
2008-01-18,13861.29000000
2008-01-21,13325.94000000
2008-01-22,12573.05000000
2008-01-23,12829.06000000
2008-01-24,13092.78000000
2008-01-25,13629.16000000
2008-01-28,13087.91000000
2008-01-29,13478.86000000
2008-01-30,13345.03000000
2008-01-31,13592.47000000
2008-02-01,13497.16000000
2008-02-04,13859.70000000
2008-02-05,13745.50000000
2008-02-06,13099.24000000
2008-02-07,13207.15000000
2008-02-08,13017.24000000
2008-02-12,13021.96000000
2008-02-13,13068.30000000
2008-02-14,13626.45000000
2008-02-15,13622.56000000
2008-02-18,13635.40000000
2008-02-19,13757.91000000
2008-02-20,13310.37000000
2008-02-21,13688.28000000
2008-02-22,13500.46000000
2008-02-25,13914.57000000
2008-02-26,13824.72000000
2008-02-27,14031.30000000
2008-02-28,13925.51000000
2008-02-29,13603.02000000
2008-03-03,12992.18000000
2008-03-04,12992.28000000
2008-03-05,12972.06000000
2008-03-06,13215.42000000
2008-03-07,12782.80000000
2008-03-10,12532.13000000
2008-03-11,12658.28000000
2008-03-12,12861.13000000
2008-03-13,12433.44000000
2008-03-14,12241.60000000
2008-03-17,11787.51000000
2008-03-18,11964.16000000
2008-03-19,12260.44000000
2008-03-21,12482.57000000
2008-03-24,12480.09000000
2008-03-25,12745.22000000
2008-03-26,12706.63000000
2008-03-27,12604.58000000
2008-03-28,12820.47000000
2008-03-31,12525.54000000
2008-04-01,12656.42000000
2008-04-02,13189.36000000
2008-04-03,13389.90000000
2008-04-04,13293.22000000
2008-04-07,13450.23000000
2008-04-08,13250.43000000
2008-04-09,13111.89000000
2008-04-10,12945.30000000
2008-04-11,13323.73000000
2008-04-14,12917.51000000
2008-04-15,12990.58000000
2008-04-16,13146.13000000
2008-04-17,13398.30000000
2008-04-18,13476.45000000
2008-04-21,13696.55000000
2008-04-22,13547.82000000
2008-04-23,13579.16000000
2008-04-24,13540.87000000
2008-04-25,13863.47000000
2008-04-28,13894.37000000
2008-04-30,13849.99000000
2008-05-01,13766.86000000
2008-05-02,14049.26000000
2008-05-07,14102.48000000
2008-05-08,13943.26000000
2008-05-09,13655.34000000
2008-05-12,13743.36000000
2008-05-13,13953.73000000
2008-05-14,14118.55000000
2008-05-15,14251.74000000
2008-05-16,14219.48000000
2008-05-19,14269.61000000
2008-05-20,14160.09000000
2008-05-21,13926.30000000
2008-05-22,13978.46000000
2008-05-23,14012.20000000
2008-05-26,13690.19000000
2008-05-27,13893.31000000
2008-05-28,13709.44000000
2008-05-29,14124.47000000
2008-05-30,14338.54000000
2008-06-02,14440.14000000
2008-06-03,14209.17000000
2008-06-04,14435.57000000
2008-06-05,14341.12000000
2008-06-06,14489.44000000
2008-06-09,14181.38000000
2008-06-10,14021.17000000
2008-06-11,14183.48000000
2008-06-12,13888.60000000
2008-06-13,13973.73000000
2008-06-16,14354.37000000
2008-06-17,14348.37000000
2008-06-18,14452.82000000
2008-06-19,14130.17000000
2008-06-20,13942.08000000
2008-06-23,13857.47000000
2008-06-24,13849.56000000
2008-06-25,13829.92000000
2008-06-26,13822.32000000
2008-06-27,13544.36000000
2008-06-30,13481.38000000
2008-07-01,13463.20000000
2008-07-02,13286.37000000
2008-07-03,13265.40000000
2008-07-04,13237.89000000
2008-07-07,13360.04000000
2008-07-08,13033.10000000
2008-07-09,13052.13000000
2008-07-10,13067.21000000
2008-07-11,13039.69000000
2008-07-14,13010.16000000
2008-07-15,12754.56000000
2008-07-16,12760.80000000
2008-07-17,12887.95000000
2008-07-18,12803.70000000
2008-07-22,13184.96000000
2008-07-23,13312.93000000
2008-07-24,13603.31000000
2008-07-25,13334.76000000
2008-07-28,13353.78000000
2008-07-29,13159.45000000
2008-07-30,13367.79000000
2008-07-31,13376.81000000
2008-08-01,13094.59000000
2008-08-04,12933.18000000
2008-08-05,12914.66000000
2008-08-06,13254.89000000
2008-08-07,13124.99000000
2008-08-08,13168.41000000
2008-08-11,13430.91000000
2008-08-12,13303.60000000
2008-08-13,13023.05000000
2008-08-14,12956.80000000
2008-08-15,13019.41000000
2008-08-18,13165.45000000
2008-08-19,12865.05000000
2008-08-20,12851.69000000
2008-08-21,12752.21000000
2008-08-22,12666.04000000
2008-08-25,12878.66000000
2008-08-26,12778.71000000
2008-08-27,12752.96000000
2008-08-28,12768.25000000
2008-08-29,13072.87000000
2008-09-01,12834.18000000
2008-09-02,12609.47000000
2008-09-03,12689.59000000
2008-09-04,12557.66000000
2008-09-05,12212.23000000
2008-09-08,12624.46000000
2008-09-09,12400.65000000
2008-09-10,12346.63000000
2008-09-11,12102.50000000
2008-09-12,12214.76000000
2008-09-16,11609.72000000
2008-09-17,11749.79000000
2008-09-18,11489.30000000
2008-09-19,11920.86000000
2008-09-22,12090.59000000
2008-09-24,12115.03000000
2008-09-25,12006.53000000
2008-09-26,11893.16000000
2008-09-29,11743.61000000
2008-09-30,11259.86000000
2008-10-01,11368.26000000
2008-10-02,11154.76000000
2008-10-03,10938.14000000
2008-10-06,10473.09000000
2008-10-07,10155.90000000
2008-10-08,9203.32000000
2008-10-09,9157.49000000
2008-10-10,8276.43000000
2008-10-14,9447.57000000
2008-10-15,9547.47000000
2008-10-16,8458.45000000
2008-10-17,8693.82000000
2008-10-20,9005.59000000
2008-10-21,9306.25000000
2008-10-22,8674.69000000
2008-10-23,8460.98000000
2008-10-24,7649.08000000
2008-10-27,7162.90000000
2008-10-28,7621.92000000
2008-10-29,8211.90000000
2008-10-30,9029.76000000
2008-10-31,8576.98000000
2008-11-04,9114.60000000
2008-11-05,9521.24000000
2008-11-06,8899.14000000
2008-11-07,8583.00000000
2008-11-10,9081.43000000
2008-11-11,8809.30000000
2008-11-12,8695.51000000
2008-11-13,8238.64000000
2008-11-14,8462.39000000
2008-11-17,8522.58000000
2008-11-18,8328.41000000
2008-11-19,8273.22000000
2008-11-20,7703.04000000
2008-11-21,7910.79000000
2008-11-25,8323.93000000
2008-11-26,8213.22000000
2008-11-27,8373.39000000
2008-11-28,8512.27000000
2008-12-01,8397.22000000
2008-12-02,7863.69000000
2008-12-03,8004.10000000
2008-12-04,7924.24000000
2008-12-05,7917.51000000
2008-12-08,8329.05000000
2008-12-09,8395.87000000
2008-12-10,8660.24000000
2008-12-11,8720.55000000
2008-12-12,8235.87000000
2008-12-15,8664.66000000
2008-12-16,8568.02000000
2008-12-17,8612.52000000
2008-12-18,8667.23000000
2008-12-19,8588.52000000
2008-12-22,8723.78000000
2008-12-24,8517.10000000
2008-12-25,8599.50000000
2008-12-26,8739.52000000
2008-12-29,8747.17000000
2008-12-30,8859.56000000
2009-01-05,9043.12000000
2009-01-06,9080.84000000
2009-01-07,9239.24000000
2009-01-08,8876.42000000
2009-01-09,8836.80000000
2009-01-13,8413.91000000
2009-01-14,8438.45000000
2009-01-15,8023.31000000
2009-01-16,8230.15000000
2009-01-19,8256.85000000
2009-01-20,8065.79000000
2009-01-21,7901.64000000
2009-01-22,8051.74000000
2009-01-23,7745.25000000
2009-01-26,7682.14000000
2009-01-27,8061.07000000
2009-01-28,8106.29000000
2009-01-29,8251.24000000
2009-01-30,7994.05000000
2009-02-02,7873.98000000
2009-02-03,7825.51000000
2009-02-04,8038.94000000
2009-02-05,7949.65000000
2009-02-06,8076.62000000
2009-02-09,7969.03000000
2009-02-10,7945.94000000
2009-02-12,7705.36000000
2009-02-13,7779.40000000
2009-02-16,7750.17000000
2009-02-17,7645.51000000
2009-02-18,7534.44000000
2009-02-19,7557.65000000
2009-02-20,7416.38000000
2009-02-23,7376.16000000
2009-02-24,7268.56000000
2009-02-25,7461.22000000
2009-02-26,7457.93000000
2009-02-27,7568.42000000
2009-03-02,7280.15000000
2009-03-03,7229.72000000
2009-03-04,7290.96000000
2009-03-05,7433.49000000
2009-03-06,7173.10000000
2009-03-09,7086.03000000
2009-03-10,7054.98000000
2009-03-11,7376.12000000
2009-03-12,7198.25000000
2009-03-13,7569.28000000
2009-03-16,7704.15000000
2009-03-17,7949.13000000
2009-03-18,7972.17000000
2009-03-19,7945.96000000
2009-03-23,8215.53000000
2009-03-24,8488.30000000
2009-03-25,8479.99000000
2009-03-26,8636.33000000
2009-03-27,8626.97000000
2009-03-30,8236.08000000
2009-03-31,8109.53000000
2009-04-01,8351.91000000
2009-04-02,8719.78000000
2009-04-03,8749.84000000
2009-04-06,8857.93000000
2009-04-07,8832.85000000
2009-04-08,8595.01000000
2009-04-09,8916.06000000
2009-04-10,8964.11000000
2009-04-13,8924.43000000
2009-04-14,8842.68000000
2009-04-15,8742.96000000
2009-04-16,8755.26000000
2009-04-17,8907.58000000
2009-04-20,8924.75000000
2009-04-21,8711.33000000
2009-04-22,8727.30000000
2009-04-23,8847.01000000
2009-04-24,8707.99000000
2009-04-27,8726.34000000
2009-04-28,8493.77000000
2009-04-30,8828.26000000
2009-05-01,8977.37000000
2009-05-07,9385.70000000
2009-05-08,9432.83000000
2009-05-11,9451.98000000
2009-05-12,9298.61000000
2009-05-13,9340.49000000
2009-05-14,9093.73000000
2009-05-15,9265.02000000
2009-05-18,9038.69000000
2009-05-19,9290.29000000
2009-05-20,9344.64000000
2009-05-21,9264.15000000
2009-05-22,9225.81000000
2009-05-25,9347.00000000
2009-05-26,9310.81000000
2009-05-27,9438.77000000
2009-05-28,9451.39000000
2009-05-29,9522.50000000
2009-06-01,9677.75000000
2009-06-02,9704.31000000
2009-06-03,9741.67000000
2009-06-04,9668.96000000
2009-06-05,9768.01000000
2009-06-08,9865.63000000
2009-06-09,9786.82000000
2009-06-10,9991.49000000
2009-06-11,9981.33000000
2009-06-12,10135.82000000
2009-06-15,10039.67000000
2009-06-16,9752.88000000
2009-06-17,9840.85000000
2009-06-18,9703.72000000
2009-06-19,9786.26000000
2009-06-22,9826.27000000
2009-06-23,9549.61000000
2009-06-24,9590.32000000
2009-06-25,9796.08000000
2009-06-26,9877.39000000
2009-06-29,9783.47000000
2009-06-30,9958.44000000
2009-07-01,9939.93000000
2009-07-02,9876.15000000
2009-07-03,9816.07000000
2009-07-06,9680.87000000
2009-07-07,9647.79000000
2009-07-08,9420.75000000
2009-07-09,9291.06000000
2009-07-10,9287.28000000
2009-07-13,9050.33000000
2009-07-14,9261.81000000
2009-07-15,9269.25000000
2009-07-16,9344.16000000
2009-07-17,9395.32000000
2009-07-21,9652.02000000
2009-07-22,9723.16000000
2009-07-23,9792.94000000
2009-07-24,9944.55000000
2009-07-27,10088.66000000
2009-07-28,10087.26000000
2009-07-29,10113.24000000
2009-07-30,10165.21000000
2009-07-31,10356.83000000
2009-08-03,10352.47000000
2009-08-04,10375.01000000
2009-08-05,10252.53000000
2009-08-06,10388.09000000
2009-08-07,10412.09000000
2009-08-10,10524.26000000
2009-08-11,10585.46000000
2009-08-12,10435.00000000
2009-08-13,10517.19000000
2009-08-14,10597.33000000
2009-08-17,10268.61000000
2009-08-18,10284.96000000
2009-08-19,10204.00000000
2009-08-20,10383.41000000
2009-08-21,10238.20000000
2009-08-24,10581.05000000
2009-08-25,10497.36000000
2009-08-26,10639.71000000
2009-08-27,10473.97000000
2009-08-28,10534.14000000
2009-08-31,10492.53000000
2009-09-01,10530.06000000
2009-09-02,10280.46000000
2009-09-03,10214.64000000
2009-09-04,10187.11000000
2009-09-07,10320.94000000
2009-09-08,10393.23000000
2009-09-09,10312.14000000
2009-09-10,10513.67000000
2009-09-11,10444.33000000
2009-09-14,10202.06000000
2009-09-15,10217.62000000
2009-09-16,10270.77000000
2009-09-17,10443.80000000
2009-09-18,10370.54000000
2009-09-24,10544.22000000
2009-09-25,10265.98000000
2009-09-28,10009.52000000
2009-09-29,10100.20000000
2009-09-30,10133.23000000
2009-10-01,9978.64000000
2009-10-02,9731.87000000
2009-10-05,9674.49000000
2009-10-06,9691.80000000
2009-10-07,9799.60000000
2009-10-08,9832.47000000
2009-10-09,10016.39000000
2009-10-13,10076.56000000
2009-10-14,10060.21000000
2009-10-15,10238.65000000
2009-10-16,10257.56000000
2009-10-19,10236.51000000
2009-10-20,10336.84000000
2009-10-21,10333.39000000
2009-10-22,10267.17000000
2009-10-23,10282.99000000
2009-10-26,10362.62000000
2009-10-27,10212.46000000
2009-10-28,10075.05000000
2009-10-29,9891.10000000
2009-10-30,10034.74000000
2009-11-02,9802.95000000
2009-11-04,9844.31000000
2009-11-05,9717.44000000
2009-11-06,9789.35000000
2009-11-09,9808.99000000
2009-11-10,9870.73000000
2009-11-11,9871.68000000
2009-11-12,9804.49000000
2009-11-13,9770.31000000
2009-11-16,9791.18000000
2009-11-17,9729.93000000
2009-11-18,9676.80000000
2009-11-19,9549.47000000
2009-11-20,9497.68000000
2009-11-24,9401.58000000
2009-11-25,9441.64000000
2009-11-26,9383.24000000
2009-11-27,9081.52000000
2009-11-30,9345.55000000
2009-12-01,9572.20000000
2009-12-02,9608.94000000
2009-12-03,9977.67000000
2009-12-04,10022.59000000
2009-12-07,10167.60000000
2009-12-08,10140.47000000
2009-12-09,10004.72000000
2009-12-10,9862.82000000
2009-12-11,10107.87000000
2009-12-14,10105.68000000
2009-12-15,10083.48000000
2009-12-16,10177.41000000
2009-12-17,10163.80000000
2009-12-18,10142.05000000
2009-12-21,10183.47000000
2009-12-22,10378.03000000
2009-12-24,10536.92000000
2009-12-25,10494.71000000
2009-12-28,10634.23000000
2009-12-29,10638.06000000
2009-12-30,10546.44000000
2010-01-04,10654.79000000
2010-01-05,10681.83000000
2010-01-06,10731.45000000
2010-01-07,10681.66000000
2010-01-08,10798.32000000
2010-01-12,10879.14000000
2010-01-13,10735.03000000
2010-01-14,10907.68000000
2010-01-15,10982.10000000
2010-01-18,10855.08000000
2010-01-19,10764.90000000
2010-01-20,10737.52000000
2010-01-21,10868.41000000
2010-01-22,10590.55000000
2010-01-25,10512.69000000
2010-01-26,10325.28000000
2010-01-27,10252.08000000
2010-01-28,10414.29000000
2010-01-29,10198.04000000
2010-02-01,10205.02000000
2010-02-02,10371.09000000
2010-02-03,10404.33000000
2010-02-04,10355.98000000
2010-02-05,10057.09000000
2010-02-08,9951.82000000
2010-02-09,9932.90000000
2010-02-10,9963.99000000
2010-02-12,10092.19000000
2010-02-15,10013.30000000
2010-02-16,10034.25000000
2010-02-17,10306.83000000
2010-02-18,10335.69000000
2010-02-19,10123.58000000
2010-02-22,10400.47000000
2010-02-23,10352.10000000
2010-02-24,10198.83000000
2010-02-25,10101.96000000
2010-02-26,10126.03000000
2010-03-01,10172.06000000
2010-03-02,10221.84000000
2010-03-03,10253.14000000
2010-03-04,10145.72000000
2010-03-05,10368.96000000
2010-03-08,10585.92000000
2010-03-09,10567.65000000
2010-03-10,10563.92000000
2010-03-11,10664.95000000
2010-03-12,10751.26000000
2010-03-15,10751.98000000
2010-03-16,10721.71000000
2010-03-17,10846.98000000
2010-03-18,10744.03000000
2010-03-19,10824.72000000
2010-03-23,10774.15000000
2010-03-24,10815.03000000
2010-03-25,10828.85000000
2010-03-26,10996.37000000
2010-03-29,10986.47000000
2010-03-30,11097.14000000
2010-03-31,11089.94000000
2010-04-01,11244.40000000
2010-04-02,11286.09000000
2010-04-05,11339.30000000
2010-04-06,11282.32000000
2010-04-07,11292.83000000
2010-04-08,11168.20000000
2010-04-09,11204.34000000
2010-04-12,11251.90000000
2010-04-13,11161.23000000
2010-04-14,11204.90000000
2010-04-15,11273.79000000
2010-04-16,11102.18000000
2010-04-19,10908.77000000
2010-04-20,10900.68000000
2010-04-21,11090.05000000
2010-04-22,10949.09000000
2010-04-23,10914.46000000
2010-04-26,11165.79000000
2010-04-27,11212.66000000
2010-04-28,10924.79000000
2010-04-30,11057.40000000
2010-05-06,10695.69000000
2010-05-07,10364.59000000
2010-05-10,10530.70000000
2010-05-11,10411.10000000
2010-05-12,10394.03000000
2010-05-13,10620.55000000
2010-05-14,10462.51000000
2010-05-17,10235.76000000
2010-05-18,10242.64000000
2010-05-19,10186.84000000
2010-05-20,10030.31000000
2010-05-21,9784.54000000
2010-05-24,9758.40000000
2010-05-25,9459.89000000
2010-05-26,9522.66000000
2010-05-27,9639.72000000
2010-05-28,9762.98000000
2010-05-31,9768.70000000
2010-06-01,9711.83000000
2010-06-02,9603.24000000
2010-06-03,9914.19000000
2010-06-04,9901.19000000
2010-06-07,9520.80000000
2010-06-08,9537.94000000
2010-06-09,9439.13000000
2010-06-10,9542.65000000
2010-06-11,9705.25000000
2010-06-14,9879.85000000
2010-06-15,9887.89000000
2010-06-16,10067.15000000
2010-06-17,9999.40000000
2010-06-18,9995.02000000
2010-06-21,10238.01000000
2010-06-22,10112.89000000
2010-06-23,9923.70000000
2010-06-24,9928.34000000
2010-06-25,9737.48000000
2010-06-28,9693.94000000
2010-06-29,9570.67000000
2010-06-30,9382.64000000
2010-07-01,9191.60000000
2010-07-02,9203.71000000
2010-07-05,9266.78000000
2010-07-06,9338.04000000
2010-07-07,9279.65000000
2010-07-08,9535.74000000
2010-07-09,9585.32000000
2010-07-12,9548.11000000
2010-07-13,9537.23000000
2010-07-14,9795.24000000
2010-07-15,9685.53000000
2010-07-16,9408.36000000
2010-07-20,9300.46000000
2010-07-21,9278.83000000
2010-07-22,9220.88000000
2010-07-23,9430.96000000
2010-07-26,9503.66000000
2010-07-27,9496.85000000
2010-07-28,9753.27000000
2010-07-29,9696.02000000
2010-07-30,9537.30000000
2010-08-02,9570.31000000
2010-08-03,9694.01000000
2010-08-04,9489.34000000
2010-08-05,9653.92000000
2010-08-06,9642.12000000
2010-08-09,9572.49000000
2010-08-10,9551.05000000
2010-08-11,9292.85000000
2010-08-12,9212.59000000
2010-08-13,9253.46000000
2010-08-16,9196.67000000
2010-08-17,9161.68000000
2010-08-18,9240.54000000
2010-08-19,9362.68000000
2010-08-20,9179.38000000
2010-08-23,9116.69000000
2010-08-24,8995.14000000
2010-08-25,8845.39000000
2010-08-26,8906.48000000
2010-08-27,8991.06000000
2010-08-30,9149.26000000
2010-08-31,8824.06000000
2010-09-01,8927.02000000
2010-09-02,9062.84000000
2010-09-03,9114.13000000
2010-09-06,9301.32000000
2010-09-07,9226.00000000
2010-09-08,9024.60000000
2010-09-09,9098.39000000
2010-09-10,9239.17000000
2010-09-13,9321.82000000
2010-09-14,9299.31000000
2010-09-15,9516.56000000
2010-09-16,9509.50000000
2010-09-17,9626.09000000
2010-09-21,9602.11000000
2010-09-22,9566.32000000
2010-09-24,9471.67000000
2010-09-27,9603.14000000
2010-09-28,9495.76000000
2010-09-29,9559.38000000
2010-09-30,9369.35000000
2010-10-01,9404.23000000
2010-10-04,9381.06000000
2010-10-05,9518.76000000
2010-10-06,9691.43000000
2010-10-07,9684.81000000
2010-10-08,9588.88000000
2010-10-12,9388.64000000
2010-10-13,9403.51000000
2010-10-14,9583.51000000
2010-10-15,9500.25000000
2010-10-18,9498.49000000
2010-10-19,9539.45000000
2010-10-20,9381.60000000
2010-10-21,9376.48000000
2010-10-22,9426.71000000
2010-10-25,9401.16000000
2010-10-26,9377.38000000
2010-10-27,9387.03000000
2010-10-28,9366.03000000
2010-10-29,9202.45000000
2010-11-01,9154.72000000
2010-11-02,9159.98000000
2010-11-04,9358.78000000
2010-11-05,9625.99000000
2010-11-08,9732.92000000
2010-11-09,9694.49000000
2010-11-10,9830.52000000
2010-11-11,9861.46000000
2010-11-12,9724.81000000
2010-11-15,9827.51000000
2010-11-16,9797.10000000
2010-11-17,9811.66000000
2010-11-18,10013.63000000
2010-11-19,10022.39000000
2010-11-22,10115.19000000
2010-11-24,10030.11000000
2010-11-25,10079.76000000
2010-11-26,10039.56000000
2010-11-29,10125.99000000
2010-11-30,9937.04000000
2010-12-01,9988.05000000
2010-12-02,10168.52000000
2010-12-03,10178.32000000
2010-12-06,10167.23000000
2010-12-07,10141.10000000
2010-12-08,10232.33000000
2010-12-09,10285.88000000
2010-12-10,10211.95000000
2010-12-13,10293.89000000
2010-12-14,10316.77000000
2010-12-15,10309.78000000
2010-12-16,10311.29000000
2010-12-17,10303.83000000
2010-12-20,10216.41000000
2010-12-21,10370.53000000
2010-12-22,10346.48000000
2010-12-24,10279.19000000
2010-12-27,10355.99000000
2010-12-28,10292.63000000
2010-12-29,10344.54000000
2010-12-30,10228.92000000
2011-01-04,10398.10000000
2011-01-05,10380.77000000
2011-01-06,10529.76000000
2011-01-07,10541.04000000
2011-01-11,10510.68000000
2011-01-12,10512.80000000
2011-01-13,10589.76000000
2011-01-14,10499.04000000
2011-01-17,10502.86000000
2011-01-18,10518.98000000
2011-01-19,10557.10000000
2011-01-20,10437.31000000
2011-01-21,10274.52000000
2011-01-24,10345.11000000
2011-01-25,10464.42000000
2011-01-26,10401.90000000
2011-01-27,10478.66000000
2011-01-28,10360.34000000
2011-01-31,10237.92000000
2011-02-01,10274.50000000
2011-02-02,10457.36000000
2011-02-03,10431.36000000
2011-02-04,10543.52000000
2011-02-07,10592.04000000
2011-02-08,10635.98000000
2011-02-09,10617.83000000
2011-02-10,10605.65000000
2011-02-14,10725.54000000
2011-02-15,10746.67000000
2011-02-16,10808.29000000
2011-02-17,10836.64000000
2011-02-18,10842.80000000
2011-02-21,10857.53000000
2011-02-22,10664.70000000
2011-02-23,10579.10000000
2011-02-24,10452.71000000
2011-02-25,10526.76000000
2011-02-28,10624.09000000
2011-03-01,10754.03000000
2011-03-02,10492.38000000
2011-03-03,10586.02000000
2011-03-04,10693.66000000
2011-03-07,10505.02000000
2011-03-08,10525.19000000
2011-03-09,10589.50000000
2011-03-10,10434.38000000
2011-03-11,10254.43000000
2011-03-14,9620.49000000
2011-03-15,8605.15000000
2011-03-16,9093.72000000
2011-03-17,8962.67000000
2011-03-18,9206.75000000
2011-03-22,9608.32000000
2011-03-23,9449.47000000
2011-03-24,9435.01000000
2011-03-25,9536.13000000
2011-03-28,9478.53000000
2011-03-29,9459.08000000
2011-03-30,9708.79000000
2011-03-31,9755.10000000
2011-04-01,9708.39000000
2011-04-04,9718.89000000
2011-04-05,9615.55000000
2011-04-06,9584.37000000
2011-04-07,9590.93000000
2011-04-08,9768.08000000
2011-04-11,9719.70000000
2011-04-12,9555.26000000
2011-04-13,9641.18000000
2011-04-14,9653.92000000
2011-04-15,9591.52000000
2011-04-18,9556.65000000
2011-04-19,9441.03000000
2011-04-20,9606.82000000
2011-04-21,9685.77000000
2011-04-22,9682.21000000
2011-04-25,9671.96000000
2011-04-26,9558.69000000
2011-04-27,9691.84000000
2011-04-28,9849.74000000
2011-05-02,10004.20000000
2011-05-06,9859.20000000
2011-05-09,9794.38000000
2011-05-10,9818.76000000
2011-05-11,9864.26000000
2011-05-12,9716.65000000
2011-05-13,9648.77000000
2011-05-16,9558.30000000
2011-05-17,9567.02000000
2011-05-18,9662.08000000
2011-05-19,9620.82000000
2011-05-20,9607.08000000
2011-05-23,9460.63000000
2011-05-24,9477.17000000
2011-05-25,9422.88000000
2011-05-26,9562.05000000
2011-05-27,9521.94000000
2011-05-30,9504.97000000
2011-05-31,9693.73000000
2011-06-01,9719.61000000
2011-06-02,9555.04000000
2011-06-03,9492.21000000
2011-06-06,9380.35000000
2011-06-07,9442.95000000
2011-06-08,9449.46000000
2011-06-09,9467.15000000
2011-06-10,9514.44000000
2011-06-13,9448.21000000
2011-06-14,9547.79000000
2011-06-15,9574.32000000
2011-06-16,9411.28000000
2011-06-17,9351.40000000
2011-06-20,9354.32000000
2011-06-21,9459.66000000
2011-06-22,9629.43000000
2011-06-23,9596.74000000
2011-06-24,9678.71000000
2011-06-27,9578.31000000
2011-06-28,9648.98000000
2011-06-29,9797.26000000
2011-06-30,9816.09000000
2011-07-01,9868.07000000
2011-07-04,9965.09000000
2011-07-05,9972.46000000
2011-07-06,10082.48000000
2011-07-07,10071.14000000
2011-07-08,10137.73000000
2011-07-11,10069.53000000
2011-07-12,9925.92000000
2011-07-13,9963.14000000
2011-07-14,9936.12000000
2011-07-15,9974.47000000
2011-07-19,9889.72000000
2011-07-20,10005.90000000
2011-07-21,10010.39000000
2011-07-22,10132.11000000
2011-07-25,10050.01000000
2011-07-26,10097.72000000
2011-07-27,10047.19000000
2011-07-28,9901.35000000
2011-07-29,9833.03000000
2011-08-01,9965.01000000
2011-08-02,9844.59000000
2011-08-03,9637.14000000
2011-08-04,9659.18000000
2011-08-05,9299.88000000
2011-08-08,9097.56000000
2011-08-09,8944.48000000
2011-08-10,9038.74000000
2011-08-11,8981.94000000
2011-08-12,8963.72000000
2011-08-15,9086.41000000
2011-08-16,9107.43000000
2011-08-17,9057.26000000
2011-08-18,8943.76000000
2011-08-19,8719.24000000
2011-08-22,8628.13000000
2011-08-23,8733.01000000
2011-08-24,8639.61000000
2011-08-25,8772.36000000
2011-08-26,8797.78000000
2011-08-29,8851.35000000
2011-08-30,8953.90000000
2011-08-31,8955.20000000
2011-09-01,9060.80000000
2011-09-02,8950.74000000
2011-09-05,8784.46000000
2011-09-06,8590.57000000
2011-09-07,8763.41000000
2011-09-08,8793.12000000
2011-09-09,8737.66000000
2011-09-12,8535.67000000
2011-09-13,8616.55000000
2011-09-14,8518.57000000
2011-09-15,8668.86000000
2011-09-16,8864.16000000
2011-09-20,8721.24000000
2011-09-21,8741.16000000
2011-09-22,8560.26000000
2011-09-26,8374.13000000
2011-09-27,8609.95000000
2011-09-28,8615.65000000
2011-09-29,8701.23000000
2011-09-30,8700.29000000
2011-10-03,8545.48000000
2011-10-04,8456.12000000
2011-10-05,8382.98000000
2011-10-06,8522.02000000
2011-10-07,8605.62000000
2011-10-11,8773.68000000
2011-10-12,8738.90000000
2011-10-13,8823.25000000
2011-10-14,8747.96000000
2011-10-17,8879.60000000
2011-10-18,8741.91000000
2011-10-19,8772.54000000
2011-10-20,8682.15000000
2011-10-21,8678.89000000
2011-10-24,8843.98000000
2011-10-25,8762.31000000
2011-10-26,8748.47000000
2011-10-27,8926.54000000
2011-10-28,9050.47000000
2011-10-31,8988.39000000
2011-11-01,8835.52000000
2011-11-02,8640.42000000
2011-11-04,8801.40000000
2011-11-07,8767.09000000
2011-11-08,8655.51000000
2011-11-09,8755.44000000
2011-11-10,8500.80000000
2011-11-11,8514.47000000
2011-11-14,8603.70000000
2011-11-15,8541.93000000
2011-11-16,8463.16000000
2011-11-17,8479.63000000
2011-11-18,8374.91000000
2011-11-21,8348.27000000
2011-11-22,8314.74000000
2011-11-24,8165.18000000
2011-11-25,8160.01000000
2011-11-28,8287.49000000
2011-11-29,8477.82000000
2011-11-30,8434.61000000
2011-12-01,8597.38000000
2011-12-02,8643.75000000
2011-12-05,8695.98000000
2011-12-06,8575.16000000
2011-12-07,8722.17000000
2011-12-08,8664.58000000
2011-12-09,8536.46000000
2011-12-12,8653.82000000
2011-12-13,8552.81000000
2011-12-14,8519.13000000
2011-12-15,8377.37000000
2011-12-16,8401.72000000
2011-12-19,8296.12000000
2011-12-20,8336.48000000
2011-12-21,8459.98000000
2011-12-22,8395.16000000
2011-12-26,8479.34000000
2011-12-27,8440.56000000
2011-12-28,8423.62000000
2011-12-29,8398.89000000
2011-12-30,8455.35000000
2012-01-04,8560.11000000
2012-01-05,8488.71000000
2012-01-06,8390.35000000
2012-01-10,8422.26000000
2012-01-11,8447.88000000
2012-01-12,8385.59000000
2012-01-13,8500.02000000
2012-01-16,8378.36000000
2012-01-17,8466.40000000
2012-01-18,8550.58000000
2012-01-19,8639.68000000
2012-01-20,8766.36000000
2012-01-23,8765.90000000
2012-01-24,8785.33000000
2012-01-25,8883.69000000
2012-01-26,8849.47000000
2012-01-27,8841.22000000
2012-01-30,8793.05000000
2012-01-31,8802.51000000
2012-02-01,8809.79000000
2012-02-02,8876.82000000
2012-02-03,8831.93000000
2012-02-06,8929.20000000
2012-02-07,8917.52000000
2012-02-08,9015.59000000
2012-02-09,9002.24000000
2012-02-10,8947.17000000
2012-02-13,8999.18000000
2012-02-14,9052.07000000
2012-02-15,9260.34000000
2012-02-16,9238.10000000
2012-02-17,9384.17000000
2012-02-20,9485.09000000
2012-02-21,9463.02000000
2012-02-22,9554.00000000
2012-02-23,9595.57000000
2012-02-24,9647.38000000
2012-02-27,9633.93000000
2012-02-28,9722.52000000
2012-02-29,9723.24000000
2012-03-01,9707.37000000
2012-03-02,9777.03000000
2012-03-05,9698.59000000
2012-03-06,9637.63000000
2012-03-07,9576.06000000
2012-03-08,9768.96000000
2012-03-09,9929.74000000
2012-03-12,9889.86000000
2012-03-13,9899.08000000
2012-03-14,10050.52000000
2012-03-15,10123.28000000
2012-03-16,10129.83000000
2012-03-19,10141.99000000
2012-03-21,10086.49000000
2012-03-22,10127.08000000
2012-03-23,10011.47000000
2012-03-26,10018.24000000
2012-03-27,10255.15000000
2012-03-28,10182.57000000
2012-03-29,10114.79000000
2012-03-30,10083.56000000
2012-04-02,10109.87000000
2012-04-03,10050.39000000
2012-04-04,9819.99000000
2012-04-05,9767.61000000
2012-04-06,9688.45000000
2012-04-09,9546.26000000
2012-04-10,9538.02000000
2012-04-11,9458.74000000
2012-04-12,9524.79000000
2012-04-13,9637.99000000
2012-04-16,9470.64000000
2012-04-17,9464.71000000
2012-04-18,9667.26000000
2012-04-19,9588.38000000
2012-04-20,9561.36000000
2012-04-23,9542.17000000
2012-04-24,9468.04000000
2012-04-25,9561.01000000
2012-04-26,9561.83000000
2012-04-27,9520.89000000
2012-05-01,9350.95000000
2012-05-02,9380.25000000
2012-05-07,9119.14000000
2012-05-08,9181.65000000
2012-05-09,9045.06000000
2012-05-10,9009.65000000
2012-05-11,8953.31000000
2012-05-14,8973.84000000
2012-05-15,8900.74000000
2012-05-16,8801.17000000
2012-05-17,8876.59000000
2012-05-18,8611.31000000
2012-05-21,8633.89000000
2012-05-22,8729.29000000
2012-05-23,8556.60000000
2012-05-24,8563.38000000
2012-05-25,8580.39000000
2012-05-28,8593.15000000
2012-05-29,8657.08000000
2012-05-30,8633.19000000
2012-05-31,8542.73000000
2012-06-01,8440.25000000
2012-06-04,8295.63000000
2012-06-05,8382.00000000
2012-06-06,8533.53000000
2012-06-07,8639.72000000
2012-06-08,8459.26000000
2012-06-11,8624.90000000
2012-06-12,8536.72000000
2012-06-13,8587.84000000
2012-06-14,8568.89000000
2012-06-15,8569.32000000
2012-06-18,8721.02000000
2012-06-19,8655.87000000
2012-06-20,8752.31000000
2012-06-21,8824.07000000
2012-06-22,8798.35000000
2012-06-25,8734.62000000
2012-06-26,8663.99000000
2012-06-27,8730.49000000
2012-06-28,8874.11000000
2012-06-29,9006.78000000
2012-07-02,9003.48000000
2012-07-03,9066.59000000
2012-07-04,9104.17000000
2012-07-05,9079.80000000
2012-07-06,9020.75000000
2012-07-09,8896.88000000
2012-07-10,8857.73000000
2012-07-11,8851.00000000
2012-07-12,8720.01000000
2012-07-13,8724.12000000
2012-07-17,8755.00000000
2012-07-18,8726.74000000
2012-07-19,8795.55000000
2012-07-20,8669.87000000
2012-07-23,8508.32000000
2012-07-24,8488.09000000
2012-07-25,8365.90000000
2012-07-26,8443.10000000
2012-07-27,8566.64000000
2012-07-30,8635.44000000
2012-07-31,8695.06000000
2012-08-01,8641.85000000
2012-08-02,8653.18000000
2012-08-03,8555.11000000
2012-08-06,8726.29000000
2012-08-07,8803.31000000
2012-08-08,8881.16000000
2012-08-09,8978.60000000
2012-08-10,8891.44000000
2012-08-13,8885.15000000
2012-08-14,8929.88000000
2012-08-15,8925.04000000
2012-08-16,9092.76000000
2012-08-17,9162.50000000
2012-08-20,9171.16000000
2012-08-21,9156.92000000
2012-08-22,9131.74000000
2012-08-23,9178.12000000
2012-08-24,9070.76000000
2012-08-27,9085.39000000
2012-08-28,9033.29000000
2012-08-29,9069.81000000
2012-08-30,8983.78000000
2012-08-31,8839.91000000
2012-09-03,8783.89000000
2012-09-04,8775.51000000
2012-09-05,8679.82000000
2012-09-06,8680.57000000
2012-09-07,8871.65000000
2012-09-10,8869.37000000
2012-09-11,8807.38000000
2012-09-12,8959.96000000
2012-09-13,8995.15000000
2012-09-14,9159.39000000
2012-09-18,9123.77000000
2012-09-19,9232.21000000
2012-09-20,9086.98000000
2012-09-21,9110.00000000
2012-09-24,9069.29000000
2012-09-25,9091.54000000
2012-09-26,8906.70000000
2012-09-27,8949.87000000
2012-09-28,8870.16000000
2012-10-01,8796.51000000
2012-10-02,8786.05000000
2012-10-03,8746.87000000
2012-10-04,8824.59000000
2012-10-05,8863.30000000
2012-10-09,8769.59000000
2012-10-10,8596.23000000
2012-10-11,8546.78000000
2012-10-12,8534.12000000
2012-10-15,8577.93000000
2012-10-16,8701.31000000
2012-10-17,8806.55000000
2012-10-18,8982.86000000
2012-10-19,9002.68000000
2012-10-22,9010.71000000
2012-10-23,9014.25000000
2012-10-24,8954.30000000
2012-10-25,9055.20000000
2012-10-26,8933.06000000
2012-10-29,8929.34000000
2012-10-30,8841.98000000
2012-10-31,8928.29000000
2012-11-01,8946.87000000
2012-11-02,9051.22000000
2012-11-05,9007.44000000
2012-11-06,8975.15000000
2012-11-07,8972.89000000
2012-11-08,8837.15000000
2012-11-09,8757.60000000
2012-11-12,8676.44000000
2012-11-13,8661.05000000
2012-11-14,8664.73000000
2012-11-15,8829.72000000
2012-11-16,9024.16000000
2012-11-19,9153.20000000
2012-11-20,9142.64000000
2012-11-21,9222.52000000
2012-11-22,9366.80000000
2012-11-26,9388.94000000
2012-11-27,9423.30000000
2012-11-28,9308.35000000
2012-11-29,9400.88000000
2012-11-30,9446.01000000
2012-12-03,9458.18000000
2012-12-04,9432.46000000
2012-12-05,9468.84000000
2012-12-06,9545.16000000
2012-12-07,9527.39000000
2012-12-10,9533.75000000
2012-12-11,9525.32000000
2012-12-12,9581.46000000
2012-12-13,9742.73000000
2012-12-14,9737.56000000
2012-12-17,9828.88000000
2012-12-18,9923.01000000
2012-12-19,10160.40000000
2012-12-20,10039.33000000
2012-12-21,9940.06000000
2012-12-25,10080.12000000
2012-12-26,10230.36000000
2012-12-27,10322.98000000
2012-12-28,10395.18000000
2013-01-04,10688.11000000
2013-01-07,10599.01000000
2013-01-08,10508.06000000
2013-01-09,10578.57000000
2013-01-10,10652.64000000
2013-01-11,10801.57000000
2013-01-15,10879.08000000
2013-01-16,10600.44000000
2013-01-17,10609.64000000
2013-01-18,10913.30000000
2013-01-21,10747.74000000
2013-01-22,10709.93000000
2013-01-23,10486.99000000
2013-01-24,10620.87000000
2013-01-25,10926.65000000
2013-01-28,10824.31000000
2013-01-29,10866.72000000
2013-01-30,11113.95000000
2013-01-31,11138.66000000
2013-02-01,11191.34000000
2013-02-04,11260.35000000
2013-02-05,11046.92000000
2013-02-06,11463.75000000
2013-02-07,11357.07000000
2013-02-08,11153.16000000
2013-02-12,11369.12000000
2013-02-13,11251.41000000
2013-02-14,11307.28000000
2013-02-15,11173.83000000
2013-02-18,11407.87000000
2013-02-19,11372.34000000
2013-02-20,11468.28000000
2013-02-21,11309.13000000
2013-02-22,11385.94000000
2013-02-25,11662.52000000
2013-02-26,11398.81000000
2013-02-27,11253.97000000
2013-02-28,11559.36000000
2013-03-01,11606.38000000
2013-03-04,11652.29000000
2013-03-05,11683.45000000
2013-03-06,11932.27000000
2013-03-07,11968.08000000
2013-03-08,12283.62000000
2013-03-11,12349.05000000
2013-03-12,12314.81000000
2013-03-13,12239.66000000
2013-03-14,12381.19000000
2013-03-15,12560.95000000
2013-03-18,12220.63000000
2013-03-19,12468.23000000
2013-03-21,12635.69000000
2013-03-22,12338.53000000
2013-03-25,12546.46000000
2013-03-26,12471.62000000
2013-03-27,12493.79000000
2013-03-28,12335.96000000
2013-03-29,12397.91000000
2013-04-01,12135.02000000
2013-04-02,12003.43000000
2013-04-03,12362.20000000
2013-04-04,12634.54000000
2013-04-05,12833.64000000
2013-04-08,13192.59000000
2013-04-09,13192.35000000
2013-04-10,13288.13000000
2013-04-11,13549.16000000
2013-04-12,13485.14000000
2013-04-15,13275.66000000
2013-04-16,13221.44000000
2013-04-17,13382.89000000
2013-04-18,13220.07000000
2013-04-19,13316.48000000
2013-04-22,13568.37000000
2013-04-23,13529.65000000
2013-04-24,13843.46000000
2013-04-25,13926.08000000
2013-04-26,13884.13000000
2013-04-30,13860.86000000
2013-05-01,13799.35000000
2013-05-02,13694.04000000
2013-05-07,14180.24000000
2013-05-08,14285.69000000
2013-05-09,14191.48000000
2013-05-10,14607.54000000
2013-05-13,14782.21000000
2013-05-14,14758.42000000
2013-05-15,15096.03000000
2013-05-16,15037.24000000
2013-05-17,15138.12000000
2013-05-20,15360.81000000
2013-05-21,15381.02000000
2013-05-22,15627.26000000
2013-05-23,14483.98000000
2013-05-24,14612.45000000
2013-05-27,14142.65000000
2013-05-28,14311.98000000
2013-05-29,14326.46000000
2013-05-30,13589.03000000
2013-05-31,13774.54000000
2013-06-03,13261.82000000
2013-06-04,13533.76000000
2013-06-05,13014.87000000
2013-06-06,12904.02000000
2013-06-07,12877.53000000
2013-06-10,13514.20000000
2013-06-11,13317.62000000
2013-06-12,13289.32000000
2013-06-13,12445.38000000
2013-06-14,12686.52000000
2013-06-17,13033.12000000
2013-06-18,13007.28000000
2013-06-19,13245.22000000
2013-06-20,13014.58000000
2013-06-21,13230.13000000
2013-06-24,13062.78000000
2013-06-25,12969.34000000
2013-06-26,12834.01000000
2013-06-27,13213.55000000
2013-06-28,13677.32000000
2013-07-01,13852.50000000
2013-07-02,14098.74000000
2013-07-03,14055.56000000
2013-07-04,14018.93000000
2013-07-05,14309.97000000
2013-07-08,14109.34000000
2013-07-09,14472.90000000
2013-07-10,14416.60000000
2013-07-11,14472.58000000
2013-07-12,14506.25000000
2013-07-16,14599.12000000
2013-07-17,14615.04000000
2013-07-18,14808.50000000
2013-07-19,14589.91000000
2013-07-22,14658.04000000
2013-07-23,14778.51000000
2013-07-24,14731.28000000
2013-07-25,14562.93000000
2013-07-26,14129.98000000
2013-07-29,13661.13000000
2013-07-30,13869.82000000
2013-07-31,13668.32000000
2013-08-01,14005.77000000
2013-08-02,14466.16000000
2013-08-05,14258.04000000
2013-08-06,14401.06000000
2013-08-07,13824.94000000
2013-08-08,13605.56000000
2013-08-09,13615.19000000
2013-08-12,13519.43000000
2013-08-13,13867.00000000
2013-08-14,14050.16000000
2013-08-15,13752.94000000
2013-08-16,13650.11000000
2013-08-19,13758.13000000
2013-08-20,13396.38000000
2013-08-21,13424.33000000
2013-08-22,13365.17000000
2013-08-23,13660.55000000
2013-08-26,13636.28000000
2013-08-27,13542.37000000
2013-08-28,13338.46000000
2013-08-29,13459.71000000
2013-08-30,13388.86000000
2013-09-02,13572.92000000
2013-09-03,13978.44000000
2013-09-04,14053.87000000
2013-09-05,14064.82000000
2013-09-06,13860.81000000
2013-09-09,14205.23000000
2013-09-10,14423.36000000
2013-09-11,14425.07000000
2013-09-12,14387.27000000
2013-09-13,14404.67000000
2013-09-17,14311.67000000
2013-09-18,14505.36000000
2013-09-19,14766.18000000
2013-09-20,14742.42000000
2013-09-24,14732.61000000
2013-09-25,14620.53000000
2013-09-26,14799.12000000
2013-09-27,14760.07000000
2013-09-30,14455.80000000
2013-10-01,14484.72000000
2013-10-02,14170.49000000
2013-10-03,14157.25000000
2013-10-04,14024.31000000
2013-10-07,13853.32000000
2013-10-08,13894.61000000
2013-10-09,14037.84000000
2013-10-10,14194.71000000
2013-10-11,14404.74000000
2013-10-15,14441.54000000
2013-10-16,14467.14000000
2013-10-17,14586.51000000
2013-10-18,14561.54000000
2013-10-21,14693.57000000
2013-10-22,14713.25000000
2013-10-23,14426.05000000
2013-10-24,14486.41000000
2013-10-25,14088.19000000
2013-10-28,14396.04000000
2013-10-29,14325.98000000
2013-10-30,14502.35000000
2013-10-31,14327.94000000
2013-11-01,14201.57000000
2013-11-05,14225.37000000
2013-11-06,14337.31000000
2013-11-07,14228.44000000
2013-11-08,14086.80000000
2013-11-11,14269.84000000
2013-11-12,14588.68000000
2013-11-13,14567.16000000
2013-11-14,14876.41000000
2013-11-15,15165.92000000
2013-11-18,15164.30000000
2013-11-19,15126.56000000
2013-11-20,15076.08000000
2013-11-21,15365.60000000
2013-11-22,15381.72000000
2013-11-25,15619.13000000
2013-11-26,15515.24000000
2013-11-27,15449.63000000
2013-11-28,15727.12000000
2013-11-29,15661.87000000
2013-12-02,15655.07000000
2013-12-03,15749.66000000
2013-12-04,15407.94000000
2013-12-05,15177.49000000
2013-12-06,15299.86000000
2013-12-09,15650.21000000
2013-12-10,15611.31000000
2013-12-11,15515.06000000
2013-12-12,15341.82000000
2013-12-13,15403.11000000
2013-12-16,15152.91000000
2013-12-17,15278.63000000
2013-12-18,15587.80000000
2013-12-19,15859.22000000
2013-12-20,15870.42000000
2013-12-24,15889.33000000
2013-12-25,16009.99000000
2013-12-26,16174.44000000
2013-12-27,16178.94000000
2013-12-30,16291.31000000
2014-01-06,15908.88000000
2014-01-07,15814.37000000
2014-01-08,16121.45000000
2014-01-09,15880.33000000
2014-01-10,15912.06000000
2014-01-14,15422.40000000
2014-01-15,15808.73000000
2014-01-16,15747.20000000
2014-01-17,15734.46000000
2014-01-20,15641.68000000
2014-01-21,15795.96000000
2014-01-22,15820.96000000
2014-01-23,15695.89000000
2014-01-24,15391.56000000
2014-01-27,15005.73000000
2014-01-28,14980.16000000
2014-01-29,15383.91000000
2014-01-30,15007.06000000
2014-01-31,14914.53000000
2014-02-03,14619.13000000
2014-02-04,14008.47000000
2014-02-05,14180.38000000
2014-02-06,14155.12000000
2014-02-07,14462.41000000
2014-02-10,14718.34000000
2014-02-12,14800.06000000
2014-02-13,14534.74000000
2014-02-14,14313.03000000
2014-02-17,14393.11000000
2014-02-18,14843.24000000
2014-02-19,14766.53000000
2014-02-20,14449.18000000
2014-02-21,14865.67000000
2014-02-24,14837.68000000
2014-02-25,15051.60000000
2014-02-26,14970.97000000
2014-02-27,14923.11000000
2014-02-28,14841.07000000
2014-03-03,14652.23000000
2014-03-04,14721.48000000
2014-03-05,14897.63000000
2014-03-06,15134.75000000
2014-03-07,15274.07000000
2014-03-10,15120.14000000
2014-03-11,15224.11000000
2014-03-12,14830.39000000
2014-03-13,14815.98000000
2014-03-14,14327.66000000
2014-03-17,14277.67000000
2014-03-18,14411.27000000
2014-03-19,14462.52000000
2014-03-20,14224.23000000
2014-03-24,14475.30000000
2014-03-25,14423.19000000
2014-03-26,14477.16000000
2014-03-27,14622.89000000
2014-03-28,14696.03000000
2014-03-31,14827.83000000
2014-04-01,14791.99000000
2014-04-02,14946.32000000
2014-04-03,15071.88000000
2014-04-04,15063.77000000
2014-04-07,14808.85000000
2014-04-08,14606.88000000
2014-04-09,14299.69000000
2014-04-10,14300.12000000
2014-04-11,13960.05000000
2014-04-14,13910.16000000
2014-04-15,13996.81000000
2014-04-16,14417.68000000
2014-04-17,14417.53000000
2014-04-18,14516.27000000
2014-04-21,14512.38000000
2014-04-22,14388.77000000
2014-04-23,14546.27000000
2014-04-24,14404.99000000
2014-04-25,14429.26000000
2014-04-28,14288.23000000
2014-04-30,14304.11000000
2014-05-01,14485.13000000
2014-05-02,14457.51000000
2014-05-07,14033.45000000
2014-05-08,14163.78000000
2014-05-09,14199.59000000
2014-05-12,14149.52000000
2014-05-13,14425.44000000
2014-05-14,14405.76000000
2014-05-15,14298.21000000
2014-05-16,14096.59000000
2014-05-19,14006.44000000
2014-05-20,14075.25000000
2014-05-21,14042.17000000
2014-05-22,14337.79000000
2014-05-23,14462.17000000
2014-05-26,14602.52000000
2014-05-27,14636.52000000
2014-05-28,14670.95000000
2014-05-29,14681.72000000
2014-05-30,14632.38000000
2014-06-02,14935.92000000
2014-06-03,15034.25000000
2014-06-04,15067.96000000
2014-06-05,15079.37000000
2014-06-06,15077.24000000
2014-06-09,15124.00000000
2014-06-10,14994.80000000
2014-06-11,15069.48000000
2014-06-12,14973.53000000
2014-06-13,15097.84000000
2014-06-16,14933.29000000
2014-06-17,14975.97000000
2014-06-18,15115.80000000
2014-06-19,15361.16000000
2014-06-20,15349.42000000
2014-06-23,15369.28000000
2014-06-24,15376.24000000
2014-06-25,15266.61000000
2014-06-26,15308.49000000
2014-06-27,15095.00000000
2014-06-30,15162.10000000
2014-07-01,15326.20000000
2014-07-02,15369.97000000
2014-07-03,15348.29000000
2014-07-04,15437.13000000
2014-07-07,15379.44000000
2014-07-08,15314.41000000
2014-07-09,15302.65000000
2014-07-10,15216.47000000
2014-07-11,15164.04000000
2014-07-14,15296.82000000
2014-07-15,15395.16000000
2014-07-16,15379.30000000
2014-07-17,15370.26000000
2014-07-18,15215.71000000
2014-07-22,15343.28000000
2014-07-23,15328.56000000
2014-07-24,15284.42000000
2014-07-25,15457.87000000
2014-07-28,15529.40000000
2014-07-29,15618.07000000
2014-07-30,15646.23000000
2014-07-31,15620.77000000
2014-08-01,15523.11000000
2014-08-04,15474.50000000
2014-08-05,15320.31000000
2014-08-06,15159.79000000
2014-08-07,15232.37000000
2014-08-08,14778.37000000
2014-08-11,15130.52000000
2014-08-12,15161.31000000
2014-08-13,15213.63000000
2014-08-14,15314.57000000
2014-08-15,15318.34000000
2014-08-18,15322.60000000
2014-08-19,15449.79000000
2014-08-20,15454.45000000
2014-08-21,15586.20000000
2014-08-22,15539.19000000
2014-08-25,15613.25000000
2014-08-26,15521.22000000
2014-08-27,15534.82000000
2014-08-28,15459.86000000
2014-08-29,15424.59000000
2014-09-01,15476.60000000
2014-09-02,15668.60000000
2014-09-03,15728.35000000
2014-09-04,15676.18000000
2014-09-05,15668.68000000
2014-09-08,15705.11000000
2014-09-09,15749.15000000
2014-09-10,15788.78000000
2014-09-11,15909.20000000
2014-09-12,15948.29000000
2014-09-16,15911.53000000
2014-09-17,15888.67000000
2014-09-18,16067.57000000
2014-09-19,16321.17000000
2014-09-22,16205.90000000
2014-09-24,16167.45000000
2014-09-25,16374.14000000
2014-09-26,16229.86000000
2014-09-29,16310.64000000
2014-09-30,16173.52000000
2014-10-01,16082.25000000
2014-10-02,15661.99000000
2014-10-03,15708.65000000
2014-10-06,15890.95000000
2014-10-07,15783.83000000
2014-10-08,15595.98000000
2014-10-09,15478.93000000
2014-10-10,15300.55000000
2014-10-14,14936.51000000
2014-10-15,15073.52000000
2014-10-16,14738.38000000
2014-10-17,14532.51000000
2014-10-20,15111.23000000
2014-10-21,14804.28000000
2014-10-22,15195.77000000
2014-10-23,15138.96000000
2014-10-24,15291.64000000
2014-10-27,15388.72000000
2014-10-28,15329.91000000
2014-10-29,15553.91000000
2014-10-30,15658.20000000
2014-10-31,16413.76000000
2014-11-04,16862.47000000
2014-11-05,16937.32000000
2014-11-06,16792.48000000
2014-11-07,16880.38000000
2014-11-10,16780.53000000
2014-11-11,17124.11000000
2014-11-12,17197.05000000
2014-11-13,17392.79000000
2014-11-14,17490.83000000
2014-11-17,16973.80000000
2014-11-18,17344.06000000
2014-11-19,17288.75000000
2014-11-20,17300.86000000
2014-11-21,17357.51000000
2014-11-25,17407.62000000
2014-11-26,17383.58000000
2014-11-27,17248.50000000
2014-11-28,17459.85000000
2014-12-01,17590.10000000
2014-12-02,17663.22000000
2014-12-03,17720.43000000
2014-12-04,17887.21000000
2014-12-05,17920.45000000
2014-12-08,17935.64000000
2014-12-09,17813.38000000
2014-12-10,17412.58000000
2014-12-11,17257.40000000
2014-12-12,17371.58000000
2014-12-15,17099.40000000
2014-12-16,16755.32000000
2014-12-17,16819.73000000
2014-12-18,17210.05000000
2014-12-19,17621.40000000
2014-12-22,17635.14000000
2014-12-24,17854.23000000
2014-12-25,17808.75000000
2014-12-26,17818.96000000
2014-12-29,17729.84000000
2014-12-30,17450.77000000
2015-01-05,17408.71000000
2015-01-06,16883.19000000
2015-01-07,16885.33000000
2015-01-08,17167.10000000
2015-01-09,17197.73000000
2015-01-13,17087.71000000
2015-01-14,16795.96000000
2015-01-15,17108.70000000
2015-01-16,16864.16000000
2015-01-19,17014.29000000
2015-01-20,17366.30000000
2015-01-21,17280.48000000
2015-01-22,17329.02000000
2015-01-23,17511.75000000
2015-01-26,17468.52000000
2015-01-27,17768.30000000
2015-01-28,17795.73000000
2015-01-29,17606.22000000
2015-01-30,17674.39000000
2015-02-02,17558.04000000
2015-02-03,17335.85000000
2015-02-04,17678.74000000
2015-02-05,17504.62000000
2015-02-06,17648.50000000
2015-02-09,17711.93000000
2015-02-10,17652.68000000
2015-02-12,17979.72000000
2015-02-13,17913.36000000
2015-02-16,18004.77000000
2015-02-17,17987.09000000
2015-02-18,18199.17000000
2015-02-19,18264.79000000
2015-02-20,18332.30000000
2015-02-23,18466.92000000
2015-02-24,18603.48000000
2015-02-25,18585.20000000
2015-02-26,18785.79000000
2015-02-27,18797.94000000
2015-03-02,18826.88000000
2015-03-03,18815.16000000
2015-03-04,18703.60000000
2015-03-05,18751.84000000
2015-03-06,18971.00000000
2015-03-09,18790.55000000
2015-03-10,18665.11000000
2015-03-11,18723.52000000
2015-03-12,18991.11000000
2015-03-13,19254.25000000
2015-03-16,19246.06000000
2015-03-17,19437.00000000
2015-03-18,19544.48000000
2015-03-19,19476.56000000
2015-03-20,19560.22000000
2015-03-23,19754.36000000
2015-03-24,19713.45000000
2015-03-25,19746.20000000
2015-03-26,19471.12000000
2015-03-27,19285.63000000
2015-03-30,19411.40000000
2015-03-31,19206.99000000
2015-04-01,19034.84000000
2015-04-02,19312.79000000
2015-04-03,19435.08000000
2015-04-06,19397.98000000
2015-04-07,19640.54000000
2015-04-08,19789.81000000
2015-04-09,19937.72000000
2015-04-10,19907.63000000
2015-04-13,19905.46000000
2015-04-14,19908.68000000
2015-04-15,19869.76000000
2015-04-16,19885.77000000
2015-04-17,19652.88000000
2015-04-20,19634.49000000
2015-04-21,19909.09000000
2015-04-22,20133.90000000
2015-04-23,20187.65000000
2015-04-24,20020.04000000
2015-04-27,19983.32000000
2015-04-28,20058.95000000
2015-04-30,19520.01000000
2015-05-01,19531.63000000
2015-05-07,19291.99000000
2015-05-08,19379.19000000
2015-05-11,19620.91000000
2015-05-12,19624.84000000
2015-05-13,19764.72000000
2015-05-14,19570.24000000
2015-05-15,19732.92000000
2015-05-18,19890.27000000
2015-05-19,20026.38000000
2015-05-20,20196.56000000
2015-05-21,20202.87000000
2015-05-22,20264.41000000
2015-05-25,20413.77000000
2015-05-26,20437.48000000
2015-05-27,20472.58000000
2015-05-28,20551.46000000
2015-05-29,20563.15000000
2015-06-01,20569.87000000
2015-06-02,20543.19000000
2015-06-03,20473.51000000
2015-06-04,20488.19000000
2015-06-05,20460.90000000
2015-06-08,20457.19000000
2015-06-09,20096.30000000
2015-06-10,20046.36000000
2015-06-11,20382.97000000
2015-06-12,20407.08000000
2015-06-15,20387.79000000
2015-06-16,20257.94000000
2015-06-17,20219.27000000
2015-06-18,19990.82000000
2015-06-19,20174.24000000
2015-06-22,20428.19000000
2015-06-23,20809.42000000
2015-06-24,20868.03000000
2015-06-25,20771.40000000
2015-06-26,20706.15000000
2015-06-29,20109.95000000
2015-06-30,20235.73000000
2015-07-01,20329.32000000
2015-07-02,20522.50000000
2015-07-03,20539.79000000
2015-07-06,20112.12000000
2015-07-07,20376.59000000
2015-07-08,19737.64000000
2015-07-09,19855.50000000
2015-07-10,19779.83000000
2015-07-13,20089.77000000
2015-07-14,20385.33000000
2015-07-15,20463.33000000
2015-07-16,20600.12000000
2015-07-17,20650.92000000
2015-07-21,20841.97000000
2015-07-22,20593.67000000
2015-07-23,20683.95000000
2015-07-24,20544.53000000
2015-07-27,20350.10000000
2015-07-28,20328.89000000
2015-07-29,20302.91000000
2015-07-30,20522.83000000
2015-07-31,20585.24000000
2015-08-03,20548.11000000
2015-08-04,20520.36000000
2015-08-05,20614.06000000
2015-08-06,20664.44000000
2015-08-07,20724.56000000
2015-08-10,20808.69000000
2015-08-11,20720.75000000
2015-08-12,20392.77000000
2015-08-13,20595.55000000
2015-08-14,20519.45000000
2015-08-17,20620.26000000
2015-08-18,20554.47000000
2015-08-19,20222.63000000
2015-08-20,20033.52000000
2015-08-21,19435.83000000
2015-08-24,18540.68000000
2015-08-25,17806.70000000
2015-08-26,18376.83000000
2015-08-27,18574.44000000
2015-08-28,19136.32000000
2015-08-31,18890.48000000
2015-09-01,18165.69000000
2015-09-02,18095.40000000
2015-09-03,18182.39000000
2015-09-04,17792.16000000
2015-09-07,17860.47000000
2015-09-08,17427.08000000
2015-09-09,18770.51000000
2015-09-10,18299.62000000
2015-09-11,18264.22000000
2015-09-14,17965.70000000
2015-09-15,18026.48000000
2015-09-16,18171.60000000
2015-09-17,18432.27000000
2015-09-18,18070.21000000
2015-09-24,17571.83000000
2015-09-25,17880.51000000
2015-09-28,17645.11000000
2015-09-29,16930.84000000
2015-09-30,17388.15000000
2015-10-01,17722.42000000
2015-10-02,17725.13000000
2015-10-05,18005.49000000
2015-10-06,18186.10000000
2015-10-07,18322.98000000
2015-10-08,18141.17000000
2015-10-09,18438.67000000
2015-10-13,18234.74000000
2015-10-14,17891.00000000
2015-10-15,18096.90000000
2015-10-16,18291.80000000
2015-10-19,18131.23000000
2015-10-20,18207.15000000
2015-10-21,18554.28000000
2015-10-22,18435.87000000
2015-10-23,18825.30000000
2015-10-26,18947.12000000
2015-10-27,18777.04000000
2015-10-28,18903.02000000
2015-10-29,18935.71000000
2015-10-30,19083.10000000
2015-11-02,18683.24000000
2015-11-04,18926.91000000
2015-11-05,19116.41000000
2015-11-06,19265.60000000
2015-11-09,19642.74000000
2015-11-10,19671.26000000
2015-11-11,19691.39000000
2015-11-12,19697.77000000
2015-11-13,19596.91000000
2015-11-16,19393.69000000
2015-11-17,19630.63000000
2015-11-18,19649.18000000
2015-11-19,19859.81000000
2015-11-20,19879.81000000
2015-11-24,19924.89000000
2015-11-25,19847.58000000
2015-11-26,19944.41000000
2015-11-27,19883.94000000
2015-11-30,19747.47000000
2015-12-01,20012.40000000
2015-12-02,19938.13000000
2015-12-03,19939.90000000
2015-12-04,19504.48000000
2015-12-07,19698.15000000
2015-12-08,19492.60000000
2015-12-09,19301.07000000
2015-12-10,19046.55000000
2015-12-11,19230.48000000
2015-12-14,18883.42000000
2015-12-15,18565.90000000
2015-12-16,19049.91000000
2015-12-17,19353.56000000
2015-12-18,18986.80000000
2015-12-21,18916.02000000
2015-12-22,18886.70000000
2015-12-24,18789.69000000
2015-12-25,18769.06000000
2015-12-28,18873.35000000
2015-12-29,18982.23000000
2015-12-30,19033.71000000
2016-01-04,18450.98000000
2016-01-05,18374.00000000
2016-01-06,18191.32000000
2016-01-07,17767.34000000
2016-01-08,17697.96000000
2016-01-12,17218.96000000
2016-01-13,17715.63000000
2016-01-14,17240.95000000
2016-01-15,17147.11000000
2016-01-18,16955.57000000
2016-01-19,17048.37000000
2016-01-20,16416.19000000
2016-01-21,16017.26000000
2016-01-22,16958.53000000
2016-01-25,17110.91000000
2016-01-26,16708.90000000
2016-01-27,17163.92000000
2016-01-28,17041.45000000
2016-01-29,17518.30000000
2016-02-01,17865.23000000
2016-02-02,17750.68000000
2016-02-03,17191.25000000
2016-02-04,17044.99000000
2016-02-05,16819.59000000
2016-02-08,17004.30000000
2016-02-09,16085.44000000
2016-02-10,15713.39000000
2016-02-12,14952.61000000
2016-02-15,16022.58000000
2016-02-16,16054.43000000
2016-02-17,15836.36000000
2016-02-18,16196.80000000
2016-02-19,15967.17000000
2016-02-22,16111.05000000
2016-02-23,16052.05000000
2016-02-24,15915.79000000
2016-02-25,16140.34000000
2016-02-26,16188.41000000
2016-02-29,16026.76000000
2016-03-01,16085.51000000
2016-03-02,16746.55000000
2016-03-03,16960.16000000
2016-03-04,17014.78000000
2016-03-07,16911.32000000
2016-03-08,16783.15000000
2016-03-09,16642.20000000
2016-03-10,16852.35000000
2016-03-11,16938.87000000
2016-03-14,17233.75000000
2016-03-15,17117.07000000
2016-03-16,16974.45000000
2016-03-17,16936.38000000
2016-03-18,16724.81000000
2016-03-22,17048.55000000
2016-03-23,17000.98000000
2016-03-24,16892.33000000
2016-03-25,17002.75000000
2016-03-28,17134.37000000
2016-03-29,17103.53000000
2016-03-30,16878.96000000
2016-03-31,16758.67000000
2016-04-01,16164.16000000
2016-04-04,16123.27000000
2016-04-05,15732.82000000
2016-04-06,15715.36000000
2016-04-07,15749.84000000
2016-04-08,15821.52000000
2016-04-11,15751.13000000
2016-04-12,15928.79000000
2016-04-13,16381.22000000
2016-04-14,16911.05000000
2016-04-15,16848.03000000
2016-04-18,16275.95000000
2016-04-19,16874.44000000
2016-04-20,16906.54000000
2016-04-21,17363.62000000
2016-04-22,17572.49000000
2016-04-25,17439.30000000
2016-04-26,17353.28000000
2016-04-27,17290.49000000
2016-04-28,16666.05000000
2016-05-02,16147.38000000
2016-05-06,16106.72000000
2016-05-09,16216.03000000
2016-05-10,16565.19000000
2016-05-11,16579.01000000
2016-05-12,16646.34000000
2016-05-13,16412.21000000
2016-05-16,16466.40000000
2016-05-17,16652.80000000
2016-05-18,16644.69000000
2016-05-19,16646.66000000
2016-05-20,16736.35000000
2016-05-23,16654.60000000
2016-05-24,16498.76000000
2016-05-25,16757.35000000
2016-05-26,16772.46000000
2016-05-27,16834.84000000
2016-05-30,17068.02000000
2016-05-31,17234.98000000
2016-06-01,16955.73000000
2016-06-02,16562.55000000
2016-06-03,16642.23000000
2016-06-06,16580.03000000
2016-06-07,16675.45000000
2016-06-08,16830.92000000
2016-06-09,16668.41000000
2016-06-10,16601.36000000
2016-06-13,16019.18000000
2016-06-14,15859.00000000
2016-06-15,15919.58000000
2016-06-16,15434.14000000
2016-06-17,15599.66000000
2016-06-20,15965.30000000
2016-06-21,16169.11000000
2016-06-22,16065.72000000
2016-06-23,16238.35000000
2016-06-24,14952.02000000
2016-06-27,15309.21000000
2016-06-28,15323.14000000
2016-06-29,15566.83000000
2016-06-30,15575.92000000
2016-07-01,15682.48000000
2016-07-04,15775.80000000
2016-07-05,15669.33000000
2016-07-06,15378.99000000
2016-07-07,15276.24000000
2016-07-08,15106.98000000
2016-07-11,15708.82000000
2016-07-12,16095.65000000
2016-07-13,16231.43000000
2016-07-14,16385.89000000
2016-07-15,16497.85000000
2016-07-19,16723.31000000
2016-07-20,16681.89000000
2016-07-21,16810.22000000
2016-07-22,16627.25000000
2016-07-25,16620.29000000
2016-07-26,16383.04000000
2016-07-27,16664.82000000
2016-07-28,16476.84000000
2016-07-29,16569.27000000
2016-08-01,16635.77000000
2016-08-02,16391.45000000
2016-08-03,16083.11000000
2016-08-04,16254.89000000
2016-08-05,16254.45000000
2016-08-08,16650.57000000
2016-08-09,16764.97000000
2016-08-10,16735.12000000
2016-08-12,16919.92000000
2016-08-15,16869.56000000
2016-08-16,16596.51000000
2016-08-17,16745.64000000
2016-08-18,16486.01000000
2016-08-19,16545.82000000
2016-08-22,16598.19000000
2016-08-23,16497.36000000
2016-08-24,16597.30000000
2016-08-25,16555.95000000
2016-08-26,16360.71000000
2016-08-29,16737.49000000
2016-08-30,16725.36000000
2016-08-31,16887.40000000
2016-09-01,16926.84000000
2016-09-02,16925.68000000
2016-09-05,17037.63000000
2016-09-06,17081.98000000
2016-09-07,17012.44000000
2016-09-08,16958.77000000
2016-09-09,16965.76000000
2016-09-12,16672.92000000
2016-09-13,16729.04000000
2016-09-14,16614.24000000
2016-09-15,16405.01000000
2016-09-16,16519.29000000
2016-09-20,16492.15000000
2016-09-21,16807.62000000
2016-09-23,16754.02000000
2016-09-26,16544.56000000
2016-09-27,16683.93000000
2016-09-28,16465.40000000
2016-09-29,16693.71000000
2016-09-30,16449.84000000
2016-10-03,16598.67000000
2016-10-04,16735.65000000
2016-10-05,16819.24000000
2016-10-06,16899.10000000
2016-10-07,16860.09000000
2016-10-11,17024.76000000
2016-10-12,16840.00000000
2016-10-13,16774.24000000
2016-10-14,16856.37000000
2016-10-17,16900.12000000
2016-10-18,16963.61000000
2016-10-19,16998.91000000
2016-10-20,17235.50000000
2016-10-21,17184.59000000
2016-10-24,17234.42000000
2016-10-25,17365.25000000
2016-10-26,17391.84000000
2016-10-27,17336.42000000
2016-10-28,17446.41000000
2016-10-31,17425.02000000
2016-11-01,17442.40000000
2016-11-02,17134.68000000
2016-11-04,16905.36000000
2016-11-07,17177.21000000
2016-11-08,17171.38000000
2016-11-09,16251.54000000
2016-11-10,17344.42000000
2016-11-11,17374.79000000
2016-11-14,17672.62000000
2016-11-15,17668.15000000
2016-11-16,17862.21000000
2016-11-17,17862.63000000
2016-11-18,17967.41000000
2016-11-21,18106.02000000
2016-11-22,18162.94000000
2016-11-24,18333.41000000
2016-11-25,18381.22000000
2016-11-28,18356.89000000
2016-11-29,18307.04000000
2016-11-30,18308.48000000
2016-12-01,18513.12000000
2016-12-02,18426.08000000
2016-12-05,18274.99000000
2016-12-06,18360.54000000
2016-12-07,18496.69000000
2016-12-08,18765.47000000
2016-12-09,18996.37000000
2016-12-12,19155.03000000
2016-12-13,19250.52000000
2016-12-14,19253.61000000
2016-12-15,19273.79000000
2016-12-16,19401.15000000
2016-12-19,19391.60000000
2016-12-20,19494.53000000
2016-12-21,19444.49000000
2016-12-22,19427.67000000
2016-12-26,19396.64000000
2016-12-27,19403.06000000
2016-12-28,19401.72000000
2016-12-29,19145.14000000
2016-12-30,19114.37000000
2017-01-04,19594.16000000
2017-01-05,19520.69000000
2017-01-06,19454.33000000
2017-01-10,19301.44000000
2017-01-11,19364.67000000
2017-01-12,19134.70000000
2017-01-13,19287.28000000
2017-01-16,19095.24000000
2017-01-17,18813.53000000
2017-01-18,18894.37000000
2017-01-19,19072.25000000
2017-01-20,19137.91000000
2017-01-23,18891.03000000
2017-01-24,18787.99000000
2017-01-25,19057.50000000
2017-01-26,19402.39000000
2017-01-27,19467.40000000
2017-01-30,19368.85000000
2017-01-31,19041.34000000
2017-02-01,19148.08000000
2017-02-02,18914.58000000
2017-02-03,18918.20000000
2017-02-06,18976.71000000
2017-02-07,18910.78000000
2017-02-08,19007.60000000
2017-02-09,18907.67000000
2017-02-10,19378.93000000
2017-02-13,19459.15000000
2017-02-14,19238.98000000
2017-02-15,19437.98000000
2017-02-16,19347.53000000
2017-02-17,19234.62000000
2017-02-20,19251.08000000
2017-02-21,19381.44000000
2017-02-22,19379.87000000
2017-02-23,19371.46000000
2017-02-24,19283.54000000
2017-02-27,19107.47000000
2017-02-28,19118.99000000
2017-03-01,19393.54000000
2017-03-02,19564.80000000
2017-03-03,19469.17000000
2017-03-06,19379.14000000
2017-03-07,19344.15000000
2017-03-08,19254.03000000
2017-03-09,19318.58000000
2017-03-10,19604.61000000
2017-03-13,19633.75000000
2017-03-14,19609.50000000
2017-03-15,19577.38000000
2017-03-16,19590.14000000
2017-03-17,19521.59000000
2017-03-21,19455.88000000
2017-03-22,19041.38000000
2017-03-23,19085.31000000
2017-03-24,19262.53000000
2017-03-27,18985.59000000
2017-03-28,19202.87000000
2017-03-29,19217.48000000
2017-03-30,19063.22000000
2017-03-31,18909.26000000
2017-04-03,18983.23000000
2017-04-04,18810.25000000
2017-04-05,18861.27000000
2017-04-06,18597.06000000
2017-04-07,18664.63000000
2017-04-10,18797.88000000
2017-04-11,18747.87000000
2017-04-12,18552.61000000
2017-04-13,18426.84000000
2017-04-14,18335.63000000
2017-04-17,18355.26000000
2017-04-18,18418.59000000
2017-04-19,18432.20000000
2017-04-20,18430.49000000
2017-04-21,18620.75000000
2017-04-24,18875.88000000
2017-04-25,19079.33000000
2017-04-26,19289.43000000
2017-04-27,19251.87000000
2017-04-28,19196.74000000
2017-05-01,19310.52000000
2017-05-02,19445.70000000
2017-05-08,19895.70000000
2017-05-09,19843.00000000
2017-05-10,19900.09000000
2017-05-11,19961.55000000
2017-05-12,19883.90000000
2017-05-15,19869.85000000
2017-05-16,19919.82000000
2017-05-17,19814.88000000
2017-05-18,19553.86000000
2017-05-19,19590.76000000
2017-05-22,19678.28000000
2017-05-23,19613.28000000
2017-05-24,19742.98000000
2017-05-25,19813.13000000
2017-05-26,19686.84000000
2017-05-29,19682.57000000
2017-05-30,19677.85000000
2017-05-31,19650.57000000
2017-06-01,19860.03000000
2017-06-02,20177.28000000
2017-06-05,20170.82000000
2017-06-06,19979.90000000
2017-06-07,19984.62000000
2017-06-08,19909.26000000
2017-06-09,20013.26000000
2017-06-12,19908.58000000
2017-06-13,19898.75000000
2017-06-14,19883.52000000
2017-06-15,19831.82000000
2017-06-16,19943.26000000
2017-06-19,20067.75000000
2017-06-20,20230.41000000
2017-06-21,20138.79000000
2017-06-22,20110.51000000
2017-06-23,20132.67000000
2017-06-26,20153.35000000
2017-06-27,20225.09000000
2017-06-28,20130.41000000
2017-06-29,20220.30000000
2017-06-30,20033.43000000
2017-07-03,20055.80000000
2017-07-04,20032.35000000
2017-07-05,20081.63000000
2017-07-06,19994.06000000
2017-07-07,19929.09000000
2017-07-10,20080.98000000
2017-07-11,20195.48000000
2017-07-12,20098.38000000
2017-07-13,20099.81000000
2017-07-14,20118.86000000
2017-07-18,19999.91000000
2017-07-19,20020.86000000
2017-07-20,20144.59000000
2017-07-21,20099.75000000
2017-07-24,19975.67000000
2017-07-25,19955.20000000
2017-07-26,20050.16000000
2017-07-27,20079.64000000
2017-07-28,19959.84000000
2017-07-31,19925.18000000
2017-08-01,19985.79000000
2017-08-02,20080.04000000
2017-08-03,20029.26000000
2017-08-04,19952.33000000
2017-08-07,20055.89000000
2017-08-08,19996.01000000
2017-08-09,19738.71000000
2017-08-10,19729.74000000
2017-08-14,19537.10000000
2017-08-15,19753.31000000
2017-08-16,19729.28000000
2017-08-17,19702.63000000
2017-08-18,19470.41000000
2017-08-21,19393.13000000
2017-08-22,19383.84000000
2017-08-23,19434.64000000
2017-08-24,19353.77000000
2017-08-25,19452.61000000
2017-08-28,19449.90000000
2017-08-29,19362.55000000
2017-08-30,19506.54000000
2017-08-31,19646.24000000
2017-09-01,19691.47000000
2017-09-04,19508.25000000
2017-09-05,19385.81000000
2017-09-06,19357.97000000
2017-09-07,19396.52000000
2017-09-08,19274.82000000
2017-09-11,19545.77000000
2017-09-12,19776.62000000
2017-09-13,19865.82000000
2017-09-14,19807.44000000
2017-09-15,19909.50000000
2017-09-19,20299.38000000
2017-09-20,20310.46000000
2017-09-21,20347.48000000
2017-09-22,20296.45000000
2017-09-25,20397.58000000
2017-09-26,20330.19000000
2017-09-27,20267.05000000
2017-09-28,20363.11000000
2017-09-29,20356.28000000
2017-10-02,20400.78000000
2017-10-03,20614.07000000
2017-10-04,20626.66000000
2017-10-05,20628.56000000
2017-10-06,20690.71000000
2017-10-10,20823.51000000
2017-10-11,20881.27000000
2017-10-12,20954.72000000
2017-10-13,21155.18000000
2017-10-16,21255.56000000
2017-10-17,21336.12000000
2017-10-18,21363.05000000
2017-10-19,21448.52000000
2017-10-20,21457.64000000
2017-10-23,21696.65000000
2017-10-24,21805.17000000
2017-10-25,21707.62000000
2017-10-26,21739.78000000
2017-10-27,22008.45000000
2017-10-30,22011.67000000
2017-10-31,22011.61000000
2017-11-01,22420.08000000
2017-11-02,22539.12000000
2017-11-06,22548.35000000
2017-11-07,22937.60000000
2017-11-08,22913.82000000
2017-11-09,22868.71000000
2017-11-10,22681.42000000
2017-11-13,22380.99000000
2017-11-14,22380.01000000
2017-11-15,22028.32000000
2017-11-16,22351.12000000
2017-11-17,22396.80000000
2017-11-20,22261.76000000
2017-11-21,22416.48000000
2017-11-22,22523.15000000
2017-11-24,22550.85000000
2017-11-27,22495.99000000
2017-11-28,22486.24000000
2017-11-29,22597.20000000
2017-11-30,22724.96000000
2017-12-01,22819.03000000
2017-12-04,22707.16000000
2017-12-05,22622.38000000
2017-12-06,22177.04000000
2017-12-07,22498.03000000
2017-12-08,22811.08000000
2017-12-11,22938.73000000
2017-12-12,22866.17000000
2017-12-13,22758.07000000
2017-12-14,22694.45000000
2017-12-15,22553.22000000
2017-12-18,22901.77000000
2017-12-19,22868.00000000
2017-12-20,22891.72000000
2017-12-21,22866.10000000
2017-12-22,22902.76000000
2017-12-25,22939.18000000
2017-12-26,22892.69000000
2017-12-27,22911.21000000
2017-12-28,22783.98000000
2017-12-29,22764.94000000
2018-01-04,23506.33000000
2018-01-05,23714.53000000
2018-01-09,23849.99000000
2018-01-10,23788.20000000
2018-01-11,23710.43000000
2018-01-12,23653.82000000
2018-01-15,23714.88000000
2018-01-16,23951.81000000
2018-01-17,23868.34000000
2018-01-18,23763.37000000
2018-01-19,23808.06000000
2018-01-22,23816.33000000
2018-01-23,24124.15000000
2018-01-24,23940.78000000
2018-01-25,23669.49000000
2018-01-26,23631.88000000
2018-01-29,23629.34000000
2018-01-30,23291.97000000
2018-01-31,23098.29000000
2018-02-01,23486.11000000
2018-02-02,23274.53000000
2018-02-05,22682.08000000
2018-02-06,21610.24000000
2018-02-07,21645.37000000
2018-02-08,21890.86000000
2018-02-09,21382.62000000
2018-02-13,21244.68000000
2018-02-14,21154.17000000
2018-02-15,21464.98000000
2018-02-16,21720.25000000
2018-02-19,22149.21000000
2018-02-20,21925.10000000
2018-02-21,21970.81000000
2018-02-22,21736.44000000
2018-02-23,21892.78000000
2018-02-26,22153.63000000
2018-02-27,22389.86000000
2018-02-28,22068.24000000
2018-03-01,21724.47000000
2018-03-02,21181.64000000
2018-03-05,21042.09000000
2018-03-06,21417.76000000
2018-03-07,21252.72000000
2018-03-08,21368.07000000
2018-03-09,21469.20000000
2018-03-12,21824.03000000
2018-03-13,21968.10000000
2018-03-14,21777.29000000
2018-03-15,21803.95000000
2018-03-16,21676.51000000
2018-03-19,21480.90000000
2018-03-20,21380.97000000
2018-03-22,21591.99000000
2018-03-23,20617.86000000
2018-03-26,20766.10000000
2018-03-27,21317.32000000
2018-03-28,21031.31000000
2018-03-29,21159.08000000
2018-03-30,21454.30000000
2018-04-02,21388.58000000
2018-04-03,21292.29000000
2018-04-04,21319.55000000
2018-04-05,21645.42000000
2018-04-06,21567.52000000
2018-04-09,21678.26000000
2018-04-10,21794.32000000
2018-04-11,21687.10000000
2018-04-12,21660.28000000
2018-04-13,21778.74000000
2018-04-16,21835.53000000
2018-04-17,21847.59000000
2018-04-18,22158.20000000
2018-04-19,22191.18000000
2018-04-20,22162.24000000
2018-04-23,22088.04000000
2018-04-24,22278.12000000
2018-04-25,22215.32000000
2018-04-26,22319.61000000
2018-04-27,22467.87000000
2018-05-01,22508.03000000
2018-05-02,22472.78000000
2018-05-07,22467.16000000
2018-05-08,22508.69000000
2018-05-09,22408.88000000
2018-05-10,22497.18000000
2018-05-11,22758.48000000
2018-05-14,22865.86000000
2018-05-15,22818.02000000
2018-05-16,22717.23000000
2018-05-17,22838.37000000
2018-05-18,22930.36000000
2018-05-21,23002.37000000
2018-05-22,22960.34000000
2018-05-23,22689.74000000
2018-05-24,22437.01000000
2018-05-25,22450.79000000
2018-05-28,22481.09000000
2018-05-29,22358.43000000
2018-05-30,22018.52000000
2018-05-31,22201.82000000
2018-06-01,22171.35000000
2018-06-04,22475.94000000
2018-06-05,22539.54000000
2018-06-06,22625.73000000
2018-06-07,22823.26000000
2018-06-08,22694.50000000
2018-06-11,22804.04000000
2018-06-12,22878.35000000
2018-06-13,22966.38000000
2018-06-14,22738.61000000
2018-06-15,22851.75000000
2018-06-18,22680.33000000
2018-06-19,22278.48000000
2018-06-20,22555.43000000
2018-06-21,22693.04000000
2018-06-22,22516.83000000
2018-06-25,22338.15000000
2018-06-26,22342.00000000
2018-06-27,22271.77000000
2018-06-28,22270.39000000
2018-06-29,22304.51000000
2018-07-02,21811.93000000
2018-07-03,21785.54000000
2018-07-04,21717.04000000
2018-07-05,21546.99000000
2018-07-06,21788.14000000
2018-07-09,22052.18000000
2018-07-10,22196.89000000
2018-07-11,21932.21000000
2018-07-12,22187.96000000
2018-07-13,22597.35000000
2018-07-17,22697.36000000
2018-07-18,22794.19000000
2018-07-19,22764.68000000
2018-07-20,22697.88000000
2018-07-23,22396.99000000
2018-07-24,22510.48000000
2018-07-25,22614.25000000
2018-07-26,22586.87000000
2018-07-27,22712.75000000
2018-07-30,22544.84000000
2018-07-31,22553.72000000
2018-08-01,22746.70000000
2018-08-02,22512.53000000
2018-08-03,22525.18000000
2018-08-06,22507.32000000
2018-08-07,22662.74000000
2018-08-08,22644.31000000
2018-08-09,22598.39000000
2018-08-10,22298.08000000
2018-08-13,21857.43000000
2018-08-14,22356.08000000
2018-08-15,22204.22000000
2018-08-16,22192.04000000
2018-08-17,22270.38000000
2018-08-20,22199.00000000
2018-08-21,22219.73000000
2018-08-22,22362.55000000
2018-08-23,22410.82000000
2018-08-24,22601.77000000
2018-08-27,22799.64000000
2018-08-28,22813.47000000
2018-08-29,22848.22000000
2018-08-30,22869.50000000
2018-08-31,22865.15000000
2018-09-03,22707.38000000
2018-09-04,22696.90000000
2018-09-05,22580.83000000
2018-09-06,22487.94000000
2018-09-07,22307.06000000
2018-09-10,22373.09000000
2018-09-11,22664.69000000
2018-09-12,22604.61000000
2018-09-13,22821.32000000
2018-09-14,23094.67000000
2018-09-18,23420.54000000
2018-09-19,23672.52000000
2018-09-20,23674.93000000
2018-09-21,23869.93000000
2018-09-25,23940.26000000
2018-09-26,24033.79000000
2018-09-27,23796.74000000
2018-09-28,24120.04000000
2018-10-01,24245.76000000
2018-10-02,24270.62000000
2018-10-03,24110.96000000
2018-10-04,23975.62000000
2018-10-05,23783.72000000
2018-10-09,23469.39000000
2018-10-10,23506.04000000
2018-10-11,22590.86000000
2018-10-12,22694.66000000
2018-10-15,22271.30000000
2018-10-16,22549.24000000
2018-10-17,22841.12000000
2018-10-18,22658.16000000
2018-10-19,22532.08000000
2018-10-22,22614.82000000
2018-10-23,22010.78000000
2018-10-24,22091.18000000
2018-10-25,21268.73000000
2018-10-26,21184.60000000
2018-10-29,21149.80000000
2018-10-30,21457.29000000
2018-10-31,21920.46000000
2018-11-01,21687.65000000
2018-11-02,22243.66000000
2018-11-05,21898.99000000
2018-11-06,22147.75000000
2018-11-07,22085.80000000
2018-11-08,22486.92000000
2018-11-09,22250.25000000
2018-11-12,22269.88000000
2018-11-13,21810.52000000
2018-11-14,21846.48000000
2018-11-15,21803.62000000
2018-11-16,21680.34000000
2018-11-19,21821.16000000
2018-11-20,21583.12000000
2018-11-21,21507.54000000
2018-11-22,21646.55000000
2018-11-26,21812.00000000
2018-11-27,21952.40000000
2018-11-28,22177.02000000
2018-11-29,22262.60000000
2018-11-30,22351.06000000
2018-12-03,22574.76000000
2018-12-04,22036.05000000
2018-12-05,21919.33000000
2018-12-06,21501.62000000
2018-12-07,21678.68000000
2018-12-10,21219.50000000
2018-12-11,21148.02000000
2018-12-12,21602.75000000
2018-12-13,21816.19000000
2018-12-14,21374.83000000
2018-12-17,21506.88000000
2018-12-18,21115.45000000
2018-12-19,20987.92000000
2018-12-20,20392.58000000
2018-12-21,20166.19000000
2018-12-25,19155.74000000
2018-12-26,19327.06000000
2018-12-27,20077.62000000
2018-12-28,20014.77000000
2019-01-04,19561.96000000
2019-01-07,20038.97000000
2019-01-08,20204.04000000
2019-01-09,20427.06000000
2019-01-10,20163.80000000
2019-01-11,20359.70000000
2019-01-15,20555.29000000
2019-01-16,20442.75000000
2019-01-17,20402.27000000
2019-01-18,20666.07000000
2019-01-21,20719.33000000
2019-01-22,20622.91000000
2019-01-23,20593.72000000
2019-01-24,20574.63000000
2019-01-25,20773.56000000
2019-01-28,20649.00000000
2019-01-29,20664.64000000
2019-01-30,20556.54000000
2019-01-31,20773.49000000
2019-02-01,20788.39000000
2019-02-04,20883.77000000
2019-02-05,20844.45000000
2019-02-06,20874.06000000
2019-02-07,20751.28000000
2019-02-08,20333.17000000
2019-02-12,20864.21000000
2019-02-13,21144.48000000
2019-02-14,21139.71000000
2019-02-15,20900.63000000
2019-02-18,21281.85000000
2019-02-19,21302.65000000
2019-02-20,21431.49000000
2019-02-21,21464.23000000
2019-02-22,21425.51000000
2019-02-25,21528.23000000
2019-02-26,21449.39000000
2019-02-27,21556.51000000
2019-02-28,21385.16000000
2019-03-01,21602.69000000
2019-03-04,21822.04000000
2019-03-05,21726.28000000
2019-03-06,21596.81000000
2019-03-07,21456.01000000
2019-03-08,21025.56000000
2019-03-11,21125.09000000
2019-03-12,21503.69000000
2019-03-13,21290.24000000
2019-03-14,21287.02000000
2019-03-15,21450.85000000
2019-03-18,21584.50000000
2019-03-19,21566.85000000
2019-03-20,21608.92000000
2019-03-22,21627.34000000
2019-03-25,20977.11000000
2019-03-26,21428.39000000
2019-03-27,21378.73000000
2019-03-28,21033.76000000
2019-03-29,21205.81000000
2019-04-01,21509.03000000
2019-04-02,21505.31000000
2019-04-03,21713.21000000
2019-04-04,21724.95000000
2019-04-05,21807.50000000
2019-04-08,21761.65000000
2019-04-09,21802.59000000
2019-04-10,21687.57000000
2019-04-11,21711.38000000
2019-04-12,21870.56000000
2019-04-15,22169.11000000
2019-04-16,22221.66000000
2019-04-17,22277.97000000
2019-04-18,22090.12000000
2019-04-19,22200.56000000
2019-04-22,22217.90000000
2019-04-23,22259.74000000
2019-04-24,22200.00000000
2019-04-25,22307.58000000
2019-04-26,22258.73000000
2019-05-07,21923.72000000
2019-05-08,21602.59000000
2019-05-09,21402.13000000
2019-05-10,21344.92000000
2019-05-13,21191.28000000
2019-05-14,21067.23000000
2019-05-15,21188.56000000
2019-05-16,21062.98000000
2019-05-17,21250.09000000
2019-05-20,21301.73000000
2019-05-21,21272.45000000
2019-05-22,21283.37000000
2019-05-23,21151.14000000
2019-05-24,21117.22000000
2019-05-27,21182.58000000
2019-05-28,21260.14000000
2019-05-29,21003.37000000
2019-05-30,20942.53000000
2019-05-31,20601.19000000
2019-06-03,20410.88000000
2019-06-04,20408.54000000
2019-06-05,20776.10000000
2019-06-06,20774.04000000
2019-06-07,20884.71000000
2019-06-10,21134.42000000
2019-06-11,21204.28000000
2019-06-12,21129.72000000
2019-06-13,21032.00000000
2019-06-14,21116.89000000
2019-06-17,21124.00000000
2019-06-18,20972.71000000
2019-06-19,21333.87000000
2019-06-20,21462.86000000
2019-06-21,21258.64000000
2019-06-24,21285.99000000
2019-06-25,21193.81000000
2019-06-26,21086.59000000
2019-06-27,21338.17000000
2019-06-28,21275.92000000
2019-07-01,21729.97000000
2019-07-02,21754.27000000
2019-07-03,21638.16000000
2019-07-04,21702.45000000
2019-07-05,21746.38000000
2019-07-08,21534.35000000
2019-07-09,21565.15000000
2019-07-10,21533.48000000
2019-07-11,21643.53000000
2019-07-12,21685.90000000
2019-07-16,21535.25000000
2019-07-17,21469.18000000
2019-07-18,21046.24000000
2019-07-19,21466.99000000
2019-07-22,21416.79000000
2019-07-23,21620.88000000
2019-07-24,21709.57000000
2019-07-25,21756.55000000
2019-07-26,21658.15000000
2019-07-29,21616.80000000
2019-07-30,21709.31000000
2019-07-31,21521.53000000
2019-08-01,21540.99000000
2019-08-02,21087.16000000
2019-08-05,20720.29000000
2019-08-06,20585.31000000
2019-08-07,20516.56000000
2019-08-08,20593.35000000
2019-08-09,20684.82000000
2019-08-13,20455.44000000
2019-08-14,20655.13000000
2019-08-15,20405.65000000
2019-08-16,20418.81000000
2019-08-19,20563.16000000
2019-08-20,20677.22000000
2019-08-21,20618.57000000
2019-08-22,20628.01000000
2019-08-23,20710.91000000
2019-08-26,20261.04000000
2019-08-27,20456.08000000
2019-08-28,20479.42000000
2019-08-29,20460.93000000
2019-08-30,20704.37000000
2019-09-02,20620.19000000
2019-09-03,20625.16000000
2019-09-04,20649.14000000
2019-09-05,21085.94000000
2019-09-06,21199.57000000
2019-09-09,21318.42000000
2019-09-10,21392.10000000
2019-09-11,21597.76000000
2019-09-12,21759.61000000
2019-09-13,21988.29000000
2019-09-17,22001.32000000
2019-09-18,21960.71000000
2019-09-19,22044.45000000
2019-09-20,22079.09000000
2019-09-24,22098.84000000
2019-09-25,22020.15000000
2019-09-26,22048.24000000
2019-09-27,21878.90000000
2019-09-30,21755.84000000
2019-10-01,21885.24000000
2019-10-02,21778.61000000
2019-10-03,21341.74000000
2019-10-04,21410.20000000
2019-10-07,21375.25000000
2019-10-08,21587.78000000
2019-10-09,21456.38000000
2019-10-10,21551.98000000
2019-10-11,21798.87000000
2019-10-15,22207.21000000
2019-10-16,22472.92000000
2019-10-17,22451.86000000
2019-10-18,22492.68000000
2019-10-21,22548.90000000
2019-10-23,22625.38000000
2019-10-24,22750.60000000
2019-10-25,22799.81000000
2019-10-28,22867.27000000
2019-10-29,22974.13000000
2019-10-30,22843.12000000
2019-10-31,22927.04000000
2019-11-01,22850.77000000
2019-11-05,23251.99000000
2019-11-06,23303.82000000
2019-11-07,23330.32000000
2019-11-08,23391.87000000
2019-11-11,23331.84000000
2019-11-12,23520.01000000
2019-11-13,23319.87000000
2019-11-14,23141.55000000
2019-11-15,23303.32000000
2019-11-18,23416.76000000
2019-11-19,23292.65000000
2019-11-20,23148.57000000
2019-11-21,23038.58000000
2019-11-22,23112.88000000
2019-11-25,23292.81000000
2019-11-26,23373.32000000
2019-11-27,23437.77000000
2019-11-28,23409.14000000
2019-11-29,23293.91000000
2019-12-02,23529.50000000
2019-12-03,23379.81000000
2019-12-04,23135.23000000
2019-12-05,23300.09000000
2019-12-06,23354.40000000
2019-12-09,23430.70000000
2019-12-10,23410.19000000
2019-12-11,23391.86000000
2019-12-12,23424.81000000
2019-12-13,24023.10000000
2019-12-16,23952.35000000
2019-12-17,24066.12000000
2019-12-18,23934.43000000
2019-12-19,23864.85000000
2019-12-20,23816.63000000
2019-12-23,23821.11000000
2019-12-24,23830.58000000
2019-12-25,23782.87000000
2019-12-26,23924.92000000
2019-12-27,23837.72000000
2019-12-30,23656.62000000
2020-01-06,23204.86000000
2020-01-07,23575.72000000
2020-01-08,23204.76000000
2020-01-09,23739.87000000
2020-01-10,23850.57000000
2020-01-14,24025.17000000
2020-01-15,23916.58000000
2020-01-16,23933.13000000
2020-01-17,24041.26000000
2020-01-20,24083.51000000
2020-01-21,23864.56000000
2020-01-22,24031.35000000
2020-01-23,23795.44000000
2020-01-24,23827.18000000
2020-01-27,23343.51000000
2020-01-28,23215.71000000
2020-01-29,23379.40000000
2020-01-30,22977.75000000
2020-01-31,23205.18000000
2020-02-03,22971.94000000
2020-02-04,23084.59000000
2020-02-05,23319.56000000
2020-02-06,23873.59000000
2020-02-07,23827.98000000
2020-02-10,23685.98000000
2020-02-12,23861.21000000
2020-02-13,23827.73000000
2020-02-14,23687.59000000
2020-02-17,23523.24000000
2020-02-18,23193.80000000
2020-02-19,23400.70000000
2020-02-20,23479.15000000
2020-02-21,23386.74000000
2020-02-25,22605.41000000
2020-02-26,22426.19000000
2020-02-27,21948.23000000
2020-02-28,21142.96000000
2020-03-02,21344.08000000
2020-03-03,21082.73000000
2020-03-04,21100.06000000
2020-03-05,21329.12000000
2020-03-06,20749.75000000
2020-03-09,19698.76000000
2020-03-10,19867.12000000
2020-03-11,19416.06000000
2020-03-12,18559.63000000
2020-03-13,17431.05000000
2020-03-16,17002.04000000
2020-03-17,17011.53000000
2020-03-18,16726.55000000
2020-03-19,16552.83000000
2020-03-23,16887.78000000
2020-03-24,18092.35000000
2020-03-25,19546.63000000
2020-03-26,18664.60000000
2020-03-27,19389.43000000
2020-03-30,19084.97000000
2020-03-31,18917.01000000
2020-04-01,18065.41000000
2020-04-02,17818.72000000
2020-04-03,17820.19000000
2020-04-06,18576.30000000
2020-04-07,18950.18000000
2020-04-08,19353.24000000
2020-04-09,19345.77000000
2020-04-10,19498.50000000
2020-04-13,19043.40000000
2020-04-14,19638.81000000
2020-04-15,19550.09000000
2020-04-16,19290.20000000
2020-04-17,19897.26000000
2020-04-20,19669.12000000
2020-04-21,19280.78000000
2020-04-22,19137.95000000
2020-04-23,19429.44000000
2020-04-24,19262.00000000
2020-04-27,19783.22000000
2020-04-28,19771.19000000
2020-04-30,20193.69000000
2020-05-01,19619.35000000
2020-05-07,19674.77000000
2020-05-08,20179.09000000
2020-05-11,20390.66000000
2020-05-12,20366.48000000
2020-05-13,20267.05000000
2020-05-14,19914.78000000
2020-05-15,20037.47000000
2020-05-18,20133.73000000
2020-05-19,20433.45000000
2020-05-20,20595.15000000
2020-05-21,20552.31000000
2020-05-22,20388.16000000
2020-05-25,20741.65000000
2020-05-26,21271.17000000
2020-05-27,21419.23000000
2020-05-28,21916.31000000
2020-05-29,21877.89000000
2020-06-01,22062.39000000
2020-06-02,22325.61000000
2020-06-03,22613.76000000
2020-06-04,22695.74000000
2020-06-05,22863.73000000
2020-06-08,23178.10000000
2020-06-09,23091.03000000
2020-06-10,23124.95000000
2020-06-11,22472.91000000
2020-06-12,22305.48000000
2020-06-15,21530.95000000
2020-06-16,22582.21000000
2020-06-17,22455.76000000
2020-06-18,22355.46000000
2020-06-19,22478.79000000
2020-06-22,22437.27000000
2020-06-23,22549.05000000
2020-06-24,22534.32000000
2020-06-25,22259.79000000
2020-06-26,22512.08000000
2020-06-29,21995.04000000
2020-06-30,22288.14000000
2020-07-01,22121.73000000
2020-07-02,22145.96000000
2020-07-03,22306.48000000
2020-07-06,22714.44000000
2020-07-07,22614.69000000
2020-07-08,22438.65000000
2020-07-09,22529.29000000
2020-07-10,22290.81000000
2020-07-13,22784.74000000
2020-07-14,22587.01000000
2020-07-15,22945.50000000
2020-07-16,22770.36000000
2020-07-17,22696.42000000
2020-07-20,22717.48000000
2020-07-21,22884.22000000
2020-07-22,22751.61000000
2020-07-27,22715.85000000
2020-07-28,22657.38000000
2020-07-29,22397.11000000
2020-07-30,22339.23000000
2020-07-31,21710.00000000
2020-08-03,22195.38000000
2020-08-04,22573.66000000
2020-08-05,22514.85000000
2020-08-06,22418.15000000
2020-08-07,22329.94000000
2020-08-11,22750.24000000
2020-08-12,22843.96000000
2020-08-13,23249.61000000
2020-08-14,23289.36000000
2020-08-17,23096.75000000
2020-08-18,23051.08000000
2020-08-19,23110.61000000
2020-08-20,22880.62000000
2020-08-21,22920.30000000
2020-08-24,22985.51000000
2020-08-25,23296.77000000
2020-08-26,23290.86000000
2020-08-27,23208.86000000
2020-08-28,22882.65000000
2020-08-31,23139.76000000
2020-09-01,23138.07000000
2020-09-02,23247.15000000
2020-09-03,23465.53000000
2020-09-04,23205.43000000
2020-09-07,23089.95000000
2020-09-08,23274.13000000
2020-09-09,23032.54000000
2020-09-10,23235.47000000
2020-09-11,23406.49000000
2020-09-14,23559.30000000
2020-09-15,23454.89000000
2020-09-16,23475.53000000
2020-09-17,23319.37000000
2020-09-18,23360.30000000
2020-09-23,23346.49000000
2020-09-24,23087.82000000
2020-09-25,23204.62000000
2020-09-28,23511.62000000
2020-09-29,23539.10000000
2020-09-30,23185.12000000
2020-10-01,23185.12000000
2020-10-02,23029.90000000
2020-10-05,23312.14000000
2020-10-06,23433.73000000
2020-10-07,23422.82000000
2020-10-08,23647.07000000
2020-10-09,23619.69000000
2020-10-12,23558.69000000
2020-10-13,23601.78000000
2020-10-14,23626.73000000
2020-10-15,23507.23000000
2020-10-16,23410.63000000
2020-10-19,23671.13000000
2020-10-20,23567.04000000
2020-10-21,23639.46000000
2020-10-22,23474.27000000
2020-10-23,23516.59000000
2020-10-26,23494.34000000
2020-10-27,23485.80000000
2020-10-28,23418.51000000
2020-10-29,23331.94000000
2020-10-30,22977.13000000
2020-11-02,23295.48000000
2020-11-04,23695.23000000
2020-11-05,24105.28000000
2020-11-06,24325.23000000
2020-11-09,24839.84000000
2020-11-10,24905.59000000
2020-11-11,25349.60000000
2020-11-12,25520.88000000
2020-11-13,25385.87000000
2020-11-16,25906.93000000
2020-11-17,26014.62000000
2020-11-18,25728.14000000
2020-11-19,25634.34000000
2020-11-20,25527.37000000
2020-11-24,26165.59000000
2020-11-25,26296.86000000
2020-11-26,26537.31000000
2020-11-27,26644.71000000
2020-11-30,26433.62000000
2020-12-01,26787.54000000
2020-12-02,26800.98000000
2020-12-03,26809.37000000
2020-12-04,26751.24000000
2020-12-07,26547.44000000
2020-12-08,26467.08000000
2020-12-09,26817.94000000
2020-12-10,26756.24000000
2020-12-11,26652.52000000
2020-12-14,26732.44000000
2020-12-15,26687.84000000
2020-12-16,26757.40000000
2020-12-17,26806.67000000
2020-12-18,26763.39000000
2020-12-21,26714.42000000
2020-12-22,26436.39000000
2020-12-23,26524.79000000
2020-12-24,26668.35000000
2020-12-25,26656.61000000
2020-12-28,26854.03000000
2020-12-29,27568.15000000
2020-12-30,27444.17000000
2021-01-04,27258.38000000
2021-01-05,27158.63000000
2021-01-06,27055.94000000
2021-01-07,27490.13000000
2021-01-08,28139.03000000
2021-01-12,28164.34000000
2021-01-13,28456.59000000
2021-01-14,28698.26000000
2021-01-15,28519.18000000
2021-01-18,28242.21000000
2021-01-19,28633.46000000
2021-01-20,28523.26000000
2021-01-21,28756.86000000
2021-01-22,28631.45000000
2021-01-25,28822.29000000
2021-01-26,28546.18000000
2021-01-27,28635.21000000
2021-01-28,28197.42000000
2021-01-29,27663.39000000
2021-02-01,28091.05000000
2021-02-02,28362.17000000
2021-02-03,28646.50000000
2021-02-04,28341.95000000
2021-02-05,28779.19000000
2021-02-08,29388.50000000
2021-02-09,29505.93000000
2021-02-10,29562.93000000
2021-02-12,29520.07000000
2021-02-15,30084.15000000
2021-02-16,30467.75000000
2021-02-17,30292.19000000
2021-02-18,30236.09000000
2021-02-19,30017.92000000
2021-02-22,30156.03000000
2021-02-24,29671.70000000
2021-02-25,30168.27000000
2021-02-26,28966.01000000
2021-03-01,29663.50000000
2021-03-02,29408.17000000
2021-03-03,29559.10000000
2021-03-04,28930.11000000
2021-03-05,28864.32000000
2021-03-08,28743.25000000
2021-03-09,29027.94000000
2021-03-10,29036.56000000
2021-03-11,29211.64000000
2021-03-12,29717.83000000
2021-03-15,29766.97000000
2021-03-16,29921.09000000
2021-03-17,29914.33000000
2021-03-18,30216.75000000
2021-03-19,29792.05000000
2021-03-22,29174.15000000
2021-03-23,28995.92000000
2021-03-24,28405.52000000
2021-03-25,28729.88000000
2021-03-26,29176.70000000
2021-03-29,29384.52000000
2021-03-30,29432.70000000
2021-03-31,29178.80000000
2021-04-01,29388.87000000
2021-04-02,29854.00000000
2021-04-05,30089.25000000
2021-04-06,29696.63000000
2021-04-07,29730.79000000
2021-04-08,29708.98000000
2021-04-09,29768.06000000
2021-04-12,29538.73000000
2021-04-13,29751.61000000
2021-04-14,29620.99000000
2021-04-15,29642.69000000
2021-04-16,29683.37000000
2021-04-19,29685.37000000
2021-04-20,29100.38000000
2021-04-21,28508.55000000
2021-04-22,29188.17000000
2021-04-23,29020.63000000
2021-04-26,29126.23000000
2021-04-27,28991.89000000
2021-04-28,29053.97000000
2021-04-30,28812.63000000
2021-05-06,29331.37000000
2021-05-07,29357.82000000
2021-05-10,29518.34000000
2021-05-11,28608.59000000
2021-05-12,28147.51000000
2021-05-13,27448.01000000
2021-05-14,28084.47000000
2021-05-17,27824.83000000
2021-05-18,28406.84000000
2021-05-19,28044.45000000
2021-05-20,28098.25000000
2021-05-21,28317.83000000
2021-05-24,28364.61000000
2021-05-25,28553.98000000
2021-05-26,28642.19000000
2021-05-27,28549.01000000
2021-05-28,29149.41000000
2021-05-31,28860.08000000
2021-06-01,28814.34000000
2021-06-02,28946.14000000
2021-06-03,29058.11000000
2021-06-04,28941.52000000
2021-06-07,29019.24000000
2021-06-08,28963.56000000
2021-06-09,28860.80000000
2021-06-10,28958.56000000
2021-06-11,28948.73000000
2021-06-14,29161.80000000
2021-06-15,29441.30000000
2021-06-16,29291.01000000
2021-06-17,29018.33000000
2021-06-18,28964.08000000
2021-06-21,28010.93000000
2021-06-22,28884.13000000
2021-06-23,28874.89000000
2021-06-24,28875.23000000
2021-06-25,29066.18000000
2021-06-28,29048.02000000
2021-06-29,28812.61000000
2021-06-30,28791.53000000
2021-07-01,28707.04000000
2021-07-02,28783.28000000
2021-07-05,28598.19000000
2021-07-06,28643.21000000
2021-07-07,28366.95000000
2021-07-08,28118.03000000
2021-07-09,27940.42000000
2021-07-12,28569.02000000
2021-07-13,28718.24000000
2021-07-14,28608.49000000
2021-07-15,28279.09000000
2021-07-16,28003.08000000
2021-07-19,27652.74000000
2021-07-20,27388.16000000
2021-07-21,27548.00000000
2021-07-26,27833.29000000
2021-07-27,27970.22000000
2021-07-28,27581.66000000
2021-07-29,27782.42000000
2021-07-30,27283.59000000
2021-08-02,27781.02000000
2021-08-03,27641.83000000
2021-08-04,27584.08000000
2021-08-05,27728.12000000
2021-08-06,27820.04000000
2021-08-10,27888.15000000
2021-08-11,28070.51000000
2021-08-12,28015.02000000
2021-08-13,27977.15000000
2021-08-16,27523.19000000
2021-08-17,27424.47000000
2021-08-18,27585.91000000
2021-08-19,27281.17000000
2021-08-20,27013.25000000
2021-08-23,27494.24000000
2021-08-24,27732.10000000
2021-08-25,27724.80000000
2021-08-26,27742.29000000
2021-08-27,27641.14000000
2021-08-30,27789.29000000
2021-08-31,28089.54000000
2021-09-01,28451.02000000
2021-09-02,28543.51000000
2021-09-03,29128.11000000
2021-09-06,29659.89000000
2021-09-07,29916.14000000
2021-09-08,30181.21000000
2021-09-09,30008.19000000
2021-09-10,30381.84000000
2021-09-13,30447.37000000
2021-09-14,30670.10000000
2021-09-15,30511.71000000
2021-09-16,30323.34000000
2021-09-17,30500.05000000
2021-09-21,29839.71000000
2021-09-22,29639.40000000
2021-09-24,30248.81000000
2021-09-27,30240.06000000
2021-09-28,30183.96000000
2021-09-29,29544.29000000
2021-09-30,29452.66000000
2021-10-01,28771.07000000
2021-10-04,28444.89000000
2021-10-05,27822.12000000
2021-10-06,27528.87000000
2021-10-07,27678.21000000
2021-10-08,28048.94000000
2021-10-11,28498.20000000
2021-10-12,28230.61000000
2021-10-13,28140.28000000
2021-10-14,28550.93000000
2021-10-15,29068.63000000
2021-10-18,29025.46000000
2021-10-19,29215.52000000
2021-10-20,29255.55000000
2021-10-21,28708.58000000
2021-10-22,28804.85000000
2021-10-25,28600.41000000
2021-10-26,29106.01000000
2021-10-27,29098.24000000
2021-10-28,28820.09000000
2021-10-29,28892.69000000
2021-11-01,29647.08000000
2021-11-02,29520.90000000
2021-11-04,29794.37000000
2021-11-05,29611.57000000
2021-11-08,29507.05000000
2021-11-09,29285.46000000
2021-11-10,29106.78000000
2021-11-11,29277.86000000
2021-11-12,29609.97000000
2021-11-15,29776.80000000
2021-11-16,29808.12000000
2021-11-17,29688.33000000
2021-11-18,29598.66000000
2021-11-19,29745.87000000
2021-11-22,29774.11000000
2021-11-24,29302.66000000
2021-11-25,29499.28000000
2021-11-26,28751.62000000
2021-11-29,28283.92000000
2021-11-30,27821.76000000
2021-12-01,27935.62000000
2021-12-02,27753.37000000
2021-12-03,28029.57000000
2021-12-06,27927.37000000
2021-12-07,28455.60000000
2021-12-08,28860.62000000
2021-12-09,28725.47000000
2021-12-10,28437.77000000
2021-12-13,28640.49000000
2021-12-14,28432.64000000
2021-12-15,28459.72000000
2021-12-16,29066.32000000
2021-12-17,28545.68000000
2021-12-20,27937.81000000
2021-12-21,28517.59000000
2021-12-22,28562.21000000
2021-12-23,28798.37000000
2021-12-24,28782.59000000
2021-12-27,28676.46000000
2021-12-28,29069.16000000
2021-12-29,28906.88000000
2021-12-30,28791.71000000
2022-01-04,29301.79000000
2022-01-05,29332.16000000
2022-01-06,28487.87000000
2022-01-07,28478.56000000
2022-01-11,28222.48000000
2022-01-12,28765.66000000
2022-01-13,28489.13000000
2022-01-14,28124.28000000
2022-01-17,28333.52000000
2022-01-18,28257.25000000
2022-01-19,27467.23000000
2022-01-20,27772.93000000
2022-01-21,27522.26000000
2022-01-24,27588.37000000
2022-01-25,27131.34000000
2022-01-26,27011.33000000
2022-01-27,26170.30000000
2022-01-28,26717.34000000
2022-01-31,27001.98000000
2022-02-01,27078.48000000
2022-02-02,27533.60000000
2022-02-03,27241.31000000
2022-02-04,27439.99000000
2022-02-07,27248.87000000
2022-02-08,27284.52000000
2022-02-09,27579.87000000
2022-02-10,27696.08000000
2022-02-14,27079.59000000
2022-02-15,26865.19000000
2022-02-16,27460.40000000
2022-02-17,27232.87000000
2022-02-18,27122.07000000
2022-02-21,26910.87000000
2022-02-22,26449.61000000
2022-02-24,25970.82000000
2022-02-25,26476.50000000
2022-02-28,26526.82000000
2022-03-01,26844.72000000
2022-03-02,26393.03000000
2022-03-03,26577.27000000
2022-03-04,25985.47000000
2022-03-07,25221.41000000
2022-03-08,24790.95000000
2022-03-09,24717.53000000
2022-03-10,25690.40000000
2022-03-11,25162.78000000
2022-03-14,25307.85000000
2022-03-15,25346.48000000
2022-03-16,25762.01000000
2022-03-17,26652.89000000
2022-03-18,26827.43000000
2022-03-22,27224.11000000
2022-03-23,28040.16000000
2022-03-24,28110.39000000
2022-03-25,28149.84000000
2022-03-28,27943.89000000
2022-03-29,28252.42000000
2022-03-30,28027.25000000
2022-03-31,27821.43000000
2022-04-01,27665.98000000
2022-04-04,27736.47000000
2022-04-05,27787.98000000
2022-04-06,27350.30000000
2022-04-07,26888.57000000
2022-04-08,26985.80000000
2022-04-11,26821.52000000
2022-04-12,26334.98000000
2022-04-13,26843.49000000
2022-04-14,27172.00000000
2022-04-15,27093.19000000
2022-04-18,26799.71000000
2022-04-19,26985.09000000
2022-04-20,27217.85000000
2022-04-21,27553.06000000
2022-04-22,27105.26000000
2022-04-25,26590.78000000
2022-04-26,26700.11000000
2022-04-27,26386.63000000
2022-04-28,26847.90000000
2022-05-02,26818.53000000
2022-05-06,27003.56000000
2022-05-09,26319.34000000
2022-05-10,26167.10000000
2022-05-11,26213.64000000
2022-05-12,25748.72000000
2022-05-13,26427.65000000
2022-05-16,26547.05000000
2022-05-17,26659.75000000
2022-05-18,26911.20000000
2022-05-19,26402.84000000
2022-05-20,26739.03000000
2022-05-23,27001.52000000
2022-05-24,26748.14000000
2022-05-25,26677.80000000
2022-05-26,26604.84000000
2022-05-27,26781.68000000
2022-05-30,27369.43000000
2022-05-31,27279.80000000
2022-06-01,27457.89000000
2022-06-02,27413.88000000
2022-06-03,27761.57000000
2022-06-06,27915.89000000
2022-06-07,27943.95000000
2022-06-08,28234.29000000
2022-06-09,28246.53000000
2022-06-10,27824.29000000
2022-06-13,26987.44000000
2022-06-14,26629.86000000
2022-06-15,26326.16000000
2022-06-16,26431.20000000
2022-06-17,25963.00000000
2022-06-20,25771.22000000
2022-06-21,26246.31000000
2022-06-22,26149.55000000
2022-06-23,26171.25000000
2022-06-24,26491.97000000
2022-06-27,26871.27000000
2022-06-28,27049.47000000
2022-06-29,26804.60000000
2022-06-30,26393.04000000
2022-07-01,25935.62000000
2022-07-04,26153.81000000
2022-07-05,26423.47000000
2022-07-06,26107.65000000
2022-07-07,26490.53000000
2022-07-08,26517.19000000
2022-07-11,26812.30000000
2022-07-12,26336.66000000
2022-07-13,26478.77000000
2022-07-14,26643.39000000
2022-07-15,26788.47000000
2022-07-19,26961.68000000
2022-07-20,27680.26000000
2022-07-21,27803.00000000
2022-07-22,27914.66000000
2022-07-25,27699.25000000
2022-07-26,27655.21000000
2022-07-27,27715.75000000
2022-07-28,27815.48000000
2022-07-29,27801.64000000
2022-08-01,27993.35000000
2022-08-02,27594.73000000
2022-08-03,27741.90000000
2022-08-04,27932.20000000
2022-08-05,28175.87000000
2022-08-08,28249.24000000
2022-08-09,27999.96000000
2022-08-10,27819.33000000
2022-08-12,28546.98000000
2022-08-15,28871.78000000
2022-08-16,28868.91000000
2022-08-17,29222.77000000
2022-08-18,28942.14000000
2022-08-19,28930.33000000
2022-08-22,28794.50000000
2022-08-23,28452.75000000
2022-08-24,28313.47000000
2022-08-25,28479.01000000
2022-08-26,28641.38000000
2022-08-29,27878.96000000
2022-08-30,28195.58000000
2022-08-31,28091.53000000
2022-09-01,27661.47000000
2022-09-02,27650.84000000
2022-09-05,27619.61000000
2022-09-06,27626.51000000
2022-09-07,27430.30000000
2022-09-08,28065.28000000
2022-09-09,28214.75000000
2022-09-12,28542.11000000
2022-09-13,28614.63000000
2022-09-14,27818.62000000
2022-09-15,27875.91000000
2022-09-16,27567.65000000
2022-09-20,27688.42000000
2022-09-21,27313.13000000
2022-09-22,27153.83000000
2022-09-26,26431.55000000
2022-09-27,26571.87000000
2022-09-28,26173.98000000
2022-09-29,26422.05000000
2022-09-30,25937.21000000
2022-10-03,26215.79000000
2022-10-04,26992.21000000
2022-10-05,27120.53000000
2022-10-06,27311.30000000
2022-10-07,27116.11000000
2022-10-11,26401.25000000
2022-10-12,26396.83000000
2022-10-13,26237.42000000
2022-10-14,27090.76000000
2022-10-17,26775.79000000
2022-10-18,27156.14000000
2022-10-19,27257.38000000
2022-10-20,27006.96000000
2022-10-21,26890.58000000
2022-10-24,26974.90000000
2022-10-25,27250.28000000
2022-10-26,27431.84000000
2022-10-27,27345.24000000
2022-10-28,27105.20000000
2022-10-31,27587.46000000
2022-11-01,27678.92000000
2022-11-02,27663.39000000
2022-11-04,27199.74000000
2022-11-07,27527.64000000
2022-11-08,27872.11000000
2022-11-09,27716.43000000
2022-11-10,27446.10000000
2022-11-11,28263.57000000
2022-11-14,27963.47000000
2022-11-15,27990.17000000
2022-11-16,28028.30000000
2022-11-17,27930.57000000
2022-11-18,27899.77000000
2022-11-21,27944.79000000
2022-11-22,28115.74000000
2022-11-24,28383.09000000
2022-11-25,28283.03000000
2022-11-28,28162.83000000
2022-11-29,28027.84000000
2022-11-30,27968.99000000
2022-12-01,28226.08000000
2022-12-02,27777.90000000
2022-12-05,27820.40000000
2022-12-06,27885.87000000
2022-12-07,27686.40000000
2022-12-08,27574.43000000
2022-12-09,27901.01000000
2022-12-12,27842.33000000
2022-12-13,27954.85000000
2022-12-14,28156.21000000
2022-12-15,28051.70000000
2022-12-16,27527.12000000
2022-12-19,27237.64000000
2022-12-20,26568.03000000
2022-12-21,26387.72000000
2022-12-22,26507.87000000
2022-12-23,26235.25000000
2022-12-26,26405.87000000
2022-12-27,26447.87000000
2022-12-28,26340.50000000
2022-12-29,26093.67000000
2022-12-30,26094.50000000
2023-01-04,25716.86000000
2023-01-05,25820.80000000
2023-01-06,25973.85000000
2023-01-10,26175.56000000
2023-01-11,26446.00000000
2023-01-12,26449.82000000
2023-01-13,26119.52000000
2023-01-16,25822.32000000
2023-01-17,26138.68000000
2023-01-18,26791.12000000
2023-01-19,26405.23000000
2023-01-20,26553.53000000
2023-01-23,26906.04000000
2023-01-24,27299.19000000
2023-01-25,27395.01000000
2023-01-26,27362.75000000
2023-01-27,27382.56000000
2023-01-30,27433.40000000
2023-01-31,27327.11000000
2023-02-01,27346.88000000
2023-02-02,27402.05000000
2023-02-03,27509.46000000
2023-02-06,27693.65000000
2023-02-07,27685.47000000
2023-02-08,27606.46000000
2023-02-09,27584.35000000
2023-02-10,27670.98000000
2023-02-13,27427.32000000
2023-02-14,27602.77000000
2023-02-15,27501.86000000
2023-02-16,27696.44000000
2023-02-17,27513.13000000
2023-02-20,27531.94000000
2023-02-21,27473.10000000
2023-02-22,27104.32000000
2023-02-24,27453.48000000
2023-02-27,27423.96000000
2023-02-28,27445.56000000
2023-03-01,27516.53000000
2023-03-02,27498.87000000
2023-03-03,27927.47000000
2023-03-06,28237.78000000
2023-03-07,28309.16000000
2023-03-08,28444.19000000
2023-03-09,28623.15000000
2023-03-10,28143.97000000
2023-03-13,27832.96000000
2023-03-14,27222.04000000
2023-03-15,27229.48000000
2023-03-16,27010.61000000
2023-03-17,27333.79000000
2023-03-20,26945.67000000
2023-03-22,27466.61000000
2023-03-23,27419.61000000
2023-03-24,27385.25000000
2023-03-27,27476.87000000
2023-03-28,27518.25000000
2023-03-29,27883.78000000
2023-03-30,27782.93000000
2023-03-31,28041.48000000
2023-04-03,28188.15000000
2023-04-04,28287.42000000
2023-04-05,27813.26000000
2023-04-06,27472.63000000
2023-04-07,27518.31000000
2023-04-10,27633.66000000
2023-04-11,27923.37000000
2023-04-12,28082.70000000
2023-04-13,28156.97000000
2023-04-14,28493.47000000
2023-04-17,28514.78000000
2023-04-18,28658.83000000
2023-04-19,28606.76000000
2023-04-20,28657.57000000
2023-04-21,28564.37000000
2023-04-24,28593.52000000
2023-04-25,28620.07000000
2023-04-26,28416.47000000
2023-04-27,28457.68000000
2023-04-28,28856.44000000
2023-05-01,29123.18000000
2023-05-02,29157.95000000
2023-05-08,28949.88000000
2023-05-09,29242.82000000
2023-05-10,29122.18000000
2023-05-11,29126.72000000
2023-05-12,29388.30000000
2023-05-15,29626.34000000
2023-05-16,29842.99000000
2023-05-17,30093.59000000
2023-05-18,30573.93000000
2023-05-19,30808.35000000
2023-05-22,31086.82000000
2023-05-23,30957.77000000
2023-05-24,30682.68000000
2023-05-25,30801.13000000
2023-05-26,30916.31000000
2023-05-29,31233.54000000
2023-05-30,31328.16000000
2023-05-31,30887.88000000
2023-06-01,31148.01000000
2023-06-02,31524.22000000
2023-06-05,32217.43000000
2023-06-06,32506.78000000
2023-06-07,31913.74000000
2023-06-08,31641.27000000
2023-06-09,32265.17000000
2023-06-12,32434.00000000
2023-06-13,33018.65000000
2023-06-14,33502.42000000
2023-06-15,33485.49000000
2023-06-16,33706.08000000
2023-06-19,33370.42000000
2023-06-20,33388.91000000
2023-06-21,33575.14000000
2023-06-22,33264.88000000
2023-06-23,32781.54000000
2023-06-26,32698.81000000
2023-06-27,32538.33000000
2023-06-28,33193.99000000
2023-06-29,33234.14000000
2023-06-30,33189.04000000
2023-07-03,33753.33000000
2023-07-04,33422.52000000
2023-07-05,33338.70000000
2023-07-06,32773.02000000
2023-07-07,32388.42000000
2023-07-10,32189.73000000
2023-07-11,32203.57000000
2023-07-12,31943.93000000
2023-07-13,32419.33000000
2023-07-14,32391.26000000
2023-07-18,32493.89000000
2023-07-19,32896.03000000
2023-07-20,32490.52000000
2023-07-21,32304.25000000
2023-07-24,32700.94000000
2023-07-25,32682.51000000
2023-07-26,32668.34000000
2023-07-27,32891.16000000
2023-07-28,32759.23000000
2023-07-31,33172.22000000
2023-08-01,33476.58000000
2023-08-02,32707.69000000
2023-08-03,32159.28000000
2023-08-04,32192.75000000
2023-08-07,32254.56000000
2023-08-08,32377.29000000
2023-08-09,32204.33000000
2023-08-10,32473.65000000
2023-08-14,32059.91000000
2023-08-15,32238.89000000
2023-08-16,31766.82000000
2023-08-17,31626.00000000
2023-08-18,31450.76000000
2023-08-21,31565.64000000
2023-08-22,31856.71000000
2023-08-23,32010.26000000
2023-08-24,32287.21000000
2023-08-25,31624.28000000
2023-08-28,32169.99000000
2023-08-29,32226.97000000
2023-08-30,32333.46000000
2023-08-31,32619.34000000
2023-09-01,32710.62000000
2023-09-04,32939.18000000
2023-09-05,33036.76000000
2023-09-06,33241.02000000
2023-09-07,32991.08000000
2023-09-08,32606.84000000
2023-09-11,32467.76000000
2023-09-12,32776.37000000
2023-09-13,32706.52000000
2023-09-14,33168.10000000
2023-09-15,33533.09000000
2023-09-19,33242.59000000
2023-09-20,33023.78000000
2023-09-21,32571.03000000
2023-09-22,32402.41000000
2023-09-25,32678.62000000
2023-09-26,32315.05000000
2023-09-27,32371.90000000
2023-09-28,31872.52000000
2023-09-29,31857.62000000
2023-10-02,31759.88000000
2023-10-03,31237.94000000
2023-10-04,30526.88000000
2023-10-05,31075.36000000
2023-10-06,30994.67000000
2023-10-10,31746.53000000
2023-10-11,31936.51000000
2023-10-12,32494.66000000
2023-10-13,32315.99000000
2023-10-16,31659.03000000
2023-10-17,32040.29000000
2023-10-18,32042.25000000
2023-10-19,31430.62000000
2023-10-20,31259.36000000
2023-10-23,30999.55000000
2023-10-24,31062.35000000
2023-10-25,31269.92000000
2023-10-26,30601.78000000
2023-10-27,30991.69000000
2023-10-30,30696.96000000
2023-10-31,30858.85000000
2023-11-01,31601.65000000
2023-11-02,31949.89000000
2023-11-06,32708.48000000
2023-11-07,32271.82000000
2023-11-08,32166.48000000
2023-11-09,32646.46000000
2023-11-10,32568.11000000
2023-11-13,32585.11000000
2023-11-14,32695.93000000
2023-11-15,33519.70000000
2023-11-16,33424.41000000
2023-11-17,33585.20000000
2023-11-20,33388.03000000
2023-11-21,33354.14000000
2023-11-22,33451.83000000
2023-11-24,33625.53000000
2023-11-27,33447.67000000
2023-11-28,33408.39000000
2023-11-29,33321.22000000
2023-11-30,33486.89000000
2023-12-01,33431.51000000
2023-12-04,33231.27000000
2023-12-05,32775.82000000
2023-12-06,33445.90000000
2023-12-07,32858.31000000
2023-12-08,32307.86000000
2023-12-11,32791.80000000
2023-12-12,32843.70000000
2023-12-13,32926.35000000
2023-12-14,32686.25000000
2023-12-15,32970.55000000
2023-12-18,32758.98000000
2023-12-19,33219.39000000
2023-12-20,33675.94000000
2023-12-21,33140.47000000
2023-12-22,33169.05000000
2023-12-25,33254.03000000
2023-12-26,33305.85000000
2023-12-27,33681.24000000
2023-12-28,33539.62000000
2023-12-29,33464.17000000
2024-01-04,33288.29000000
2024-01-05,33377.42000000
2024-01-09,33763.18000000
2024-01-10,34441.72000000
2024-01-11,35049.86000000
2024-01-12,35577.11000000
2024-01-15,35901.79000000
2024-01-16,35619.18000000
2024-01-17,35477.75000000
2024-01-18,35466.17000000
2024-01-19,35963.27000000
2024-01-22,36546.95000000
2024-01-23,36517.57000000
2024-01-24,36226.48000000
2024-01-25,36236.47000000
2024-01-26,35751.07000000
2024-01-29,36026.94000000
2024-01-30,36065.86000000
2024-01-31,36286.71000000
2024-02-01,36011.46000000
2024-02-02,36158.02000000
2024-02-05,36354.16000000
2024-02-06,36160.66000000
2024-02-07,36119.92000000
2024-02-08,36863.28000000
2024-02-09,36897.42000000
2024-02-13,37963.97000000
2024-02-14,37703.32000000
2024-02-15,38157.94000000
2024-02-16,38487.24000000
2024-02-19,38470.38000000
2024-02-20,38363.61000000
2024-02-21,38262.16000000
2024-02-22,39098.68000000
2024-02-26,39233.71000000
2024-02-27,39239.52000000
2024-02-28,39208.03000000
2024-02-29,39166.19000000
2024-03-01,39910.82000000
2024-03-04,40109.23000000
2024-03-05,40097.63000000
2024-03-06,40090.78000000
2024-03-07,39598.71000000
2024-03-08,39688.94000000
2024-03-11,38820.49000000
2024-03-12,38797.51000000
2024-03-13,38695.97000000
2024-03-14,38807.38000000
2024-03-15,38707.64000000
2024-03-18,39740.44000000
2024-03-19,40003.60000000
2024-03-21,40815.66000000
2024-03-22,40888.43000000
2024-03-25,40414.12000000
2024-03-26,40398.03000000
2024-03-27,40762.73000000
2024-03-28,40168.07000000
2024-03-29,40369.44000000
2024-04-01,39803.09000000
2024-04-02,39838.91000000
2024-04-03,39451.85000000
2024-04-04,39773.14000000
2024-04-05,38992.08000000
2024-04-08,39347.04000000
2024-04-09,39773.13000000
2024-04-10,39581.81000000
2024-04-11,39442.63000000
2024-04-12,39523.55000000
2024-04-15,39232.80000000
2024-04-16,38471.20000000
2024-04-17,37961.80000000
2024-04-18,38079.70000000
2024-04-19,37068.35000000
2024-04-22,37438.61000000
2024-04-23,37552.16000000
2024-04-24,38460.08000000
2024-04-25,37628.48000000
2024-04-26,37934.76000000
2024-04-30,38405.66000000
2024-05-01,38274.05000000
2024-05-02,38236.07000000
2024-05-07,38835.10000000
2024-05-08,38202.37000000
2024-05-09,38073.98000000
2024-05-10,38229.11000000
2024-05-13,38179.46000000
2024-05-14,38356.06000000
2024-05-15,38385.73000000
2024-05-16,38920.26000000
2024-05-17,38787.38000000
2024-05-20,39069.68000000
2024-05-21,38946.93000000
2024-05-22,38617.10000000
2024-05-23,39103.22000000
2024-05-24,38646.11000000
2024-05-27,38900.02000000
2024-05-28,38855.37000000
2024-05-29,38556.87000000
2024-05-30,38054.13000000
2024-05-31,38487.90000000
2024-06-03,38923.03000000
2024-06-04,38837.46000000
2024-06-05,38490.17000000
2024-06-06,38703.51000000
2024-06-07,38683.93000000
2024-06-10,39038.16000000
2024-06-11,39134.79000000
2024-06-12,38876.71000000
2024-06-13,38720.47000000
2024-06-14,38814.56000000
2024-06-17,38102.44000000
2024-06-18,38482.11000000
2024-06-19,38570.76000000
2024-06-20,38633.02000000
2024-06-21,38596.47000000
2024-06-24,38804.65000000
2024-06-25,39173.15000000
2024-06-26,39667.07000000
2024-06-27,39341.54000000
2024-06-28,39583.08000000
2024-07-01,39631.06000000
2024-07-02,40074.69000000
2024-07-03,40580.76000000
2024-07-04,40913.65000000
2024-07-05,40912.37000000
2024-07-08,40780.70000000
2024-07-09,41580.17000000
2024-07-10,41831.99000000
2024-07-11,42224.02000000
2024-07-12,41190.68000000
2024-07-16,41275.08000000
2024-07-17,41097.69000000
2024-07-18,40126.35000000
2024-07-19,40063.79000000
2024-07-22,39599.00000000
2024-07-23,39594.39000000
2024-07-24,39154.85000000
2024-07-25,37869.51000000
2024-07-26,37667.41000000
2024-07-29,38468.63000000
2024-07-30,38525.95000000
2024-07-31,39101.82000000
2024-08-01,38126.33000000
2024-08-02,35909.70000000
2024-08-05,31458.42000000
2024-08-06,34675.46000000
2024-08-07,35089.62000000
2024-08-08,34831.15000000
2024-08-09,35025.00000000
2024-08-13,36232.51000000
2024-08-14,36442.43000000
2024-08-15,36726.64000000
2024-08-16,38062.67000000
2024-08-19,37388.62000000
2024-08-20,38062.92000000
2024-08-21,37951.80000000
2024-08-22,38211.01000000
2024-08-23,38364.27000000
2024-08-26,38110.22000000
2024-08-27,38288.62000000
2024-08-28,38371.76000000
2024-08-29,38362.53000000
2024-08-30,38647.75000000
2024-09-02,38700.87000000
2024-09-03,38686.31000000
2024-09-04,37047.61000000
2024-09-05,36657.09000000
2024-09-06,36391.47000000
2024-09-09,36215.75000000
2024-09-10,36159.16000000
2024-09-11,35619.77000000
2024-09-12,36833.27000000
2024-09-13,36581.76000000
2024-09-17,36203.22000000
2024-09-18,36380.17000000
2024-09-19,37155.33000000
2024-09-20,37723.91000000
2024-09-24,37940.59000000
2024-09-25,37870.26000000
2024-09-26,38925.63000000
2024-09-27,39829.56000000
2024-09-30,37919.55000000
2024-10-01,38651.97000000
2024-10-02,37808.76000000
2024-10-03,38552.06000000
2024-10-04,38635.62000000
2024-10-07,39332.74000000
2024-10-08,38937.54000000
2024-10-09,39277.96000000
2024-10-10,39380.89000000
2024-10-11,39605.80000000
2024-10-15,39910.55000000
2024-10-16,39180.30000000
2024-10-17,38911.19000000
2024-10-18,38981.75000000
2024-10-21,38954.60000000
2024-10-22,38411.96000000
2024-10-23,38104.86000000
2024-10-24,38143.29000000
2024-10-25,37913.92000000
2024-10-28,38605.53000000
2024-10-29,38903.68000000
2024-10-30,39277.39000000
2024-10-31,39081.25000000
2024-11-01,38053.67000000
2024-11-05,38474.90000000
2024-11-06,39480.67000000
2024-11-07,39381.41000000
2024-11-08,39500.37000000
2024-11-11,39533.32000000
2024-11-12,39376.09000000
2024-11-13,38721.66000000
2024-11-14,38535.70000000
2024-11-15,38642.91000000
2024-11-18,38220.85000000
2024-11-19,38414.43000000
2024-11-20,38352.34000000
2024-11-21,38026.17000000
2024-11-22,38283.85000000
2024-11-25,38780.14000000
2024-11-26,38442.00000000
2024-11-27,38134.97000000
2024-11-28,38349.06000000
2024-11-29,38208.03000000
2024-12-02,38513.02000000
2024-12-03,39248.86000000
2024-12-04,39276.39000000
2024-12-05,39395.60000000
2024-12-06,39091.17000000
2024-12-09,39160.50000000
2024-12-10,39367.58000000
2024-12-11,39372.23000000
2024-12-12,39849.14000000
2024-12-13,39470.44000000
2024-12-16,39457.49000000
2024-12-17,39364.68000000
2024-12-18,39081.71000000
2024-12-19,38813.58000000
2024-12-20,38701.90000000
2024-12-23,39161.34000000
2024-12-24,39036.85000000
2024-12-25,39130.43000000
2024-12-26,39568.06000000
2024-12-27,40281.16000000
2024-12-30,39894.54000000
2025-01-06,39307.05000000
2025-01-07,40083.30000000
2025-01-08,39981.06000000
2025-01-09,39605.09000000
2025-01-10,39190.40000000
2025-01-14,38474.30000000
2025-01-15,38444.58000000
2025-01-16,38572.60000000
2025-01-17,38451.46000000
2025-01-20,38902.50000000
2025-01-21,39027.98000000
2025-01-22,39646.25000000
2025-01-23,39958.87000000
2025-01-24,39931.98000000
2025-01-27,39565.80000000
2025-01-28,39016.87000000
2025-01-29,39414.78000000
2025-01-30,39513.97000000
2025-01-31,39572.49000000
2025-02-03,38520.09000000
2025-02-04,38798.37000000
2025-02-05,38831.48000000
2025-02-06,39066.53000000
2025-02-07,38787.02000000
2025-02-10,38801.17000000
2025-02-12,38963.70000000
2025-02-13,39461.47000000
2025-02-14,39149.43000000
2025-02-17,39174.25000000
2025-02-18,39270.40000000
2025-02-19,39164.61000000
2025-02-20,38678.04000000
2025-02-21,38776.94000000
2025-02-25,38237.79000000
2025-02-26,38142.37000000
2025-02-27,38256.17000000
2025-02-28,37155.50000000
2025-03-03,37785.47000000
2025-03-04,37331.18000000
2025-03-05,37418.24000000
2025-03-06,37704.93000000
2025-03-07,36887.17000000
2025-03-10,37028.27000000
2025-03-11,36793.11000000
2025-03-12,36819.09000000
2025-03-13,36790.03000000
2025-03-14,37053.10000000
2025-03-17,37396.52000000
2025-03-18,37845.42000000
2025-03-19,37751.88000000
2025-03-21,37677.06000000
2025-03-24,37608.49000000
2025-03-25,37780.54000000
2025-03-26,38027.29000000
2025-03-27,37799.97000000
2025-03-28,37120.33000000
2025-03-31,35617.56000000
2025-04-01,35624.48000000
2025-04-02,35725.87000000
2025-04-03,34735.93000000
2025-04-04,33780.58000000
2025-04-07,31136.58000000
2025-04-08,33012.58000000
2025-04-09,31714.03000000
2025-04-10,34609.00000000
2025-04-11,33585.58000000
2025-04-14,33982.36000000
2025-04-15,34267.54000000
2025-04-16,33920.40000000
2025-04-17,34377.60000000
2025-04-18,34730.28000000
2025-04-21,34279.92000000
2025-04-22,34220.60000000
2025-04-23,34868.63000000
2025-04-24,35039.15000000
2025-04-25,35705.74000000
2025-04-28,35839.99000000
2025-04-30,36045.38000000
2025-05-01,36452.30000000
2025-05-02,36830.69000000
2025-05-07,36779.66000000
2025-05-08,36928.63000000
2025-05-09,37503.33000000
2025-05-12,37644.26000000
2025-05-13,38183.26000000
2025-05-14,38128.13000000
2025-05-15,37755.51000000
2025-05-16,37753.72000000
2025-05-19,37498.63000000
2025-05-20,37529.49000000
2025-05-21,37298.98000000
2025-05-22,36985.87000000
2025-05-23,37160.47000000
2025-05-26,37531.53000000
2025-05-27,37724.11000000
2025-05-28,37722.40000000
2025-05-29,38432.98000000
2025-05-30,37965.10000000
2025-06-02,37470.67000000
2025-06-03,37446.81000000
2025-06-04,37747.45000000
2025-06-05,37554.49000000
2025-06-06,37741.61000000
2025-06-09,38088.57000000
2025-06-10,38211.51000000
2025-06-11,38421.19000000
2025-06-12,38173.09000000
2025-06-13,37834.25000000
2025-06-16,38311.33000000
2025-06-17,38536.74000000
2025-06-18,38885.15000000
2025-06-19,38488.34000000
2025-06-20,38403.23000000
2025-06-23,38354.09000000
2025-06-24,38790.56000000
2025-06-25,38942.07000000
2025-06-26,39584.58000000
2025-06-27,40150.79000000
2025-06-30,40487.39000000
2025-07-01,39986.33000000
2025-07-02,39762.48000000
2025-07-03,39785.90000000
2025-07-04,39810.88000000
2025-07-07,39587.68000000
2025-07-08,39688.81000000
2025-07-09,39821.28000000
2025-07-10,39646.36000000
2025-07-11,39569.68000000
2025-07-14,39459.62000000
2025-07-15,39678.02000000
2025-07-16,39663.40000000
2025-07-17,39901.19000000
2025-07-18,39819.11000000
2025-07-22,39774.92000000
2025-07-23,41171.32000000
2025-07-24,41826.34000000
2025-07-25,41456.23000000
2025-07-28,40998.27000000
2025-07-29,40674.55000000
2025-07-30,40654.70000000
2025-07-31,41069.82000000
2025-08-01,40799.60000000
2025-08-04,40290.70000000
2025-08-05,40549.54000000
2025-08-06,40794.86000000
2025-08-07,41059.15000000
2025-08-08,41820.48000000
2025-08-12,42718.17000000
2025-08-13,43274.67000000
2025-08-14,42649.26000000
2025-08-15,43378.31000000
2025-08-18,43714.31000000
2025-08-19,43546.29000000
2025-08-20,42888.55000000
2025-08-21,42610.17000000
2025-08-22,42633.29000000
2025-08-25,42807.82000000
2025-08-26,42394.40000000
2025-08-27,42520.27000000
2025-08-28,42828.79000000
2025-08-29,42718.47000000
2025-09-01,42188.79000000
2025-09-02,42310.49000000
2025-09-03,41938.89000000
2025-09-04,42580.27000000
2025-09-05,43018.75000000
2025-09-08,43643.81000000
2025-09-09,43459.29000000
2025-09-10,43837.67000000
2025-09-11,44372.50000000
2025-09-12,44768.12000000
2025-09-16,44902.27000000
2025-09-17,44790.38000000
2025-09-18,45303.43000000
2025-09-19,45045.81000000
2025-09-22,45493.66000000
2025-09-24,45630.31000000
2025-09-25,45754.93000000
2025-09-26,45354.99000000
2025-09-29,45043.75000000
2025-09-30,44932.63000000
2025-10-01,44550.85000000
2025-10-02,44936.73000000
2025-10-03,45769.50000000
2025-10-06,47944.76000000
2025-10-07,47950.88000000
2025-10-08,47734.99000000
2025-10-09,48580.44000000
2025-10-10,48088.80000000
2025-10-14,46847.32000000
2025-10-15,47672.67000000
2025-10-16,48277.74000000
2025-10-17,47582.15000000
2025-10-20,49185.50000000
2025-10-21,49316.06000000
2025-10-22,49307.79000000
2025-10-23,48641.61000000
2025-10-24,49299.65000000
2025-10-27,50512.32000000
2025-10-28,50219.18000000
2025-10-29,51307.65000000
2025-10-30,51325.61000000
2025-10-31,52411.34000000
2025-11-04,51497.20000000
2025-11-05,50212.27000000
2025-11-06,50883.68000000
2025-11-07,50276.37000000
2025-11-10,50911.76000000
2025-11-11,50842.93000000
2025-11-12,51063.31000000
2025-11-13,51281.83000000
2025-11-14,50376.53000000
2025-11-17,50323.91000000
2025-11-18,48702.98000000
2025-11-19,48537.70000000
2025-11-20,49823.94000000
2025-11-21,48625.88000000
2025-11-25,48659.52000000
2025-11-26,49559.07000000
2025-11-27,50167.10000000
2025-11-28,50253.91000000
2025-12-01,49303.28000000
2025-12-02,49303.45000000
2025-12-03,49864.68000000
2025-12-04,51028.42000000
2025-12-05,50491.87000000
2025-12-08,50581.94000000
2025-12-09,50655.10000000
2025-12-10,50602.80000000
2025-12-11,50148.82000000
2025-12-12,50836.55000000
2025-12-15,50168.11000000
2025-12-16,49383.29000000
2025-12-17,49512.28000000
2025-12-18,49001.50000000
2025-12-19,49507.21000000
2025-12-22,50402.39000000
2025-12-23,50412.87000000
2025-12-24,50344.10000000
2025-12-25,50407.79000000
2025-12-26,50750.39000000
2025-12-29,50526.92000000
2025-12-30,50339.48000000
2026-01-05,51832.80000000
2026-01-06,52518.08000000
2026-01-07,51961.98000000
2026-01-08,51117.26000000
2026-01-09,51939.89000000
2026-01-13,53549.16000000
2026-01-14,54341.23000000
2026-01-15,54110.50000000
2026-01-16,53936.17000000
2026-01-19,53583.57000000
2026-01-20,52991.10000000
2026-01-21,52774.64000000
2026-01-22,53688.89000000
2026-01-23,53846.87000000
2026-01-26,52885.25000000
2026-01-27,53333.54000000
2026-01-28,53358.71000000
2026-01-29,53375.60000000
2026-01-30,53322.85000000
2026-02-02,52655.18000000
2026-02-03,54720.66000000
2026-02-04,54293.36000000
2026-02-05,53818.04000000
2026-02-06,54253.68000000
2026-02-09,56363.94000000
2026-02-10,57650.54000000
2026-02-12,57639.84000000
2026-02-13,56941.97000000
2026-02-16,56806.41000000
2026-02-17,56566.49000000
2026-02-18,57143.84000000
2026-02-19,57467.83000000
2026-02-20,56825.70000000
2026-02-24,57321.09000000
2026-02-25,58583.12000000
2026-02-26,58753.39000000
2026-02-27,58850.27000000
2026-03-02,58057.24000000
2026-03-03,56279.05000000
2026-03-04,54245.54000000
2026-03-05,55278.06000000
2026-03-06,55620.84000000
2026-03-09,52728.72000000
2026-03-10,54248.39000000
2026-03-11,55025.37000000
2026-03-12,54452.96000000
2026-03-13,53819.61000000
2026-03-16,53751.15000000
2026-03-17,53700.39000000
2026-03-18,55239.40000000
2026-03-19,53372.53000000
2026-03-23,51515.49000000
2026-03-24,52252.28000000
2026-03-25,53749.62000000
2026-03-26,53603.65000000
2026-03-27,53373.07000000
2026-03-30,51885.85000000
2026-03-31,51063.72000000
2026-04-01,53739.68000000
2026-04-02,52463.27000000
2026-04-03,53123.49000000
2026-04-06,53413.68000000
2026-04-07,53429.56000000
2026-04-08,56308.42000000
2026-04-09,55895.32000000
2026-04-10,56924.11000000
2026-04-13,56502.77000000
2026-04-14,57877.39000000
2026-04-15,58134.24000000
2026-04-16,59518.34000000
2026-04-17,58475.90000000
2026-04-20,58824.89000000
2026-04-21,59349.17000000
2026-04-22,59585.86000000
2026-04-23,59140.23000000
2026-04-24,59716.18000000
2026-04-27,60537.36000000
2026-04-28,59917.46000000
2026-04-30,59284.92000000
2026-05-01,59513.12000000
2026-05-07,62833.84000000
2026-05-08,62713.65000000
2026-05-11,62417.88000000
2026-05-12,62742.57000000
2026-05-13,63272.11000000
2026-05-14,62654.05000000
2026-05-15,61409.29000000
2026-05-18,60815.95000000
2026-05-19,60550.59000000
2026-05-20,59804.41000000
2026-05-21,61684.14000000
2026-05-22,63339.07000000
2026-05-25,65158.19000000
2026-05-26,64996.09000000
2026-05-27,64999.41000000
2026-05-28,64693.12000000
2026-05-29,66329.50000000
2026-06-01,66934.33000000
2026-06-02,66734.24000000
2026-06-03,68402.13000000
2026-06-04,67470.69000000
2026-06-05,66588.12000000
2026-06-08,64024.60000000
2026-06-09,65416.63000000
2026-06-10,64179.27000000
2026-06-11,64217.27000000
2026-06-12,66020.04000000
