Date,Close
1988-01-04,256.01998901
1988-01-05,258.76998901
1988-01-06,259.02999878
1988-01-07,261.20999146
1988-01-08,243.55000305
1988-01-11,247.66999817
1988-01-12,245.60000610
1988-01-13,246.02000427
1988-01-14,246.08999634
1988-01-15,252.28999329
1988-01-18,252.11999512
1988-01-19,249.57000732
1988-01-20,242.86999512
1988-01-21,243.38000488
1988-01-22,246.75000000
1988-01-25,252.50999451
1988-01-26,249.94999695
1988-01-27,249.75999451
1988-01-28,253.66999817
1988-01-29,257.47000122
1988-02-01,255.50999451
1988-02-02,256.14999390
1988-02-03,252.78999329
1988-02-04,252.97000122
1988-02-05,251.91999817
1988-02-08,250.10000610
1988-02-09,252.77000427
1988-02-10,257.76000977
1988-02-11,257.05999756
1988-02-12,258.86999512
1988-02-16,261.14001465
1988-02-17,260.54000854
1988-02-18,259.23001099
1988-02-19,262.95999146
1988-02-22,267.07998657
1988-02-23,266.48001099
1988-02-24,265.95999146
1988-02-25,263.10000610
1988-02-26,263.98999023
1988-02-29,269.48001099
1988-03-01,269.44000244
1988-03-02,269.75000000
1988-03-03,269.64999390
1988-03-04,269.10000610
1988-03-07,269.22000122
1988-03-08,271.33999634
1988-03-09,271.02999878
1988-03-10,265.77999878
1988-03-11,266.89999390
1988-03-14,268.35998535
1988-03-15,268.13000488
1988-03-16,270.86999512
1988-03-17,273.26998901
1988-03-18,273.17999268
1988-03-21,270.79000854
1988-03-22,270.89999390
1988-03-23,270.98001099
1988-03-24,265.38000488
1988-03-25,260.72000122
1988-03-28,260.27999878
1988-03-29,262.32998657
1988-03-30,260.32000732
1988-03-31,261.14999390
1988-04-04,258.41000366
1988-04-05,260.89001465
1988-04-06,267.94000244
1988-04-07,268.60998535
1988-04-08,271.92001343
1988-04-11,272.67999268
1988-04-12,273.89999390
1988-04-13,274.10998535
1988-04-14,262.20999146
1988-04-15,262.23001099
1988-04-18,261.67999268
1988-04-19,260.39001465
1988-04-20,258.57998657
1988-04-21,258.88000488
1988-04-22,262.64001465
1988-04-25,265.04000854
1988-04-26,266.60998535
1988-04-27,266.51998901
1988-04-28,265.32000732
1988-04-29,264.04000854
1988-05-02,264.32998657
1988-05-03,265.89001465
1988-05-04,263.23001099
1988-05-05,261.83999634
1988-05-06,260.58999634
1988-05-09,259.88000488
1988-05-10,261.01000977
1988-05-11,256.64999390
1988-05-12,257.20999146
1988-05-13,260.20001221
1988-05-16,262.29000854
1988-05-17,259.04998779
1988-05-18,255.02000427
1988-05-19,256.29998779
1988-05-20,256.76000977
1988-05-23,254.58000183
1988-05-24,257.32998657
1988-05-25,257.64001465
1988-05-26,258.52999878
1988-05-27,257.39999390
1988-05-31,266.32000732
1988-06-01,270.95001221
1988-06-02,269.57998657
1988-06-03,270.73999023
1988-06-06,271.41000366
1988-06-07,269.55999756
1988-06-08,276.01998901
1988-06-09,274.77999878
1988-06-10,275.86999512
1988-06-13,276.07000732
1988-06-14,279.01000977
1988-06-15,279.17001343
1988-06-16,274.42001343
1988-06-17,275.35998535
1988-06-20,273.61999512
1988-06-21,276.39999390
1988-06-22,280.45999146
1988-06-23,279.60998535
1988-06-24,278.73999023
1988-06-27,273.97000122
1988-06-28,277.32000732
1988-06-29,275.97000122
1988-06-30,278.54000854
1988-07-01,276.85998535
1988-07-05,281.04998779
1988-07-06,277.19000244
1988-07-07,276.95001221
1988-07-08,275.16000366
1988-07-11,275.73001099
1988-07-12,272.98001099
1988-07-13,274.48001099
1988-07-14,275.47000122
1988-07-15,277.29000854
1988-07-18,275.73999023
1988-07-19,273.67999268
1988-07-20,275.23001099
1988-07-21,271.82998657
1988-07-22,268.60998535
1988-07-25,269.89001465
1988-07-26,270.45001221
1988-07-27,267.76000977
1988-07-28,271.35000610
1988-07-29,277.48999023
1988-08-01,277.76000977
1988-08-02,277.70999146
1988-08-03,278.67999268
1988-08-04,277.80999756
1988-08-05,277.07000732
1988-08-08,275.95999146
1988-08-09,272.57000732
1988-08-10,267.89001465
1988-08-11,268.79998779
1988-08-12,268.60000610
1988-08-15,264.76998901
1988-08-16,266.73001099
1988-08-17,266.95001221
1988-08-18,267.23999023
1988-08-19,266.45001221
1988-08-22,263.17999268
1988-08-23,263.29998779
1988-08-24,267.44000244
1988-08-25,265.45999146
1988-08-26,266.04000854
1988-08-29,268.85998535
1988-08-30,269.07998657
1988-08-31,268.07000732
1988-09-01,264.85000610
1988-09-02,271.19000244
1988-09-06,272.36999512
1988-09-07,272.66000366
1988-09-08,272.69000244
1988-09-09,273.77999878
1988-09-12,273.41000366
1988-09-13,274.42001343
1988-09-14,276.35998535
1988-09-15,275.16000366
1988-09-16,277.76000977
1988-09-19,275.89001465
1988-09-20,276.92999268
1988-09-21,277.42999268
1988-09-22,276.42001343
1988-09-23,277.01998901
1988-09-26,276.32000732
1988-09-27,275.70001221
1988-09-28,276.54998779
1988-09-29,280.17999268
1988-09-30,279.48999023
1988-10-03,279.08999634
1988-10-04,278.35000610
1988-10-05,279.61999512
1988-10-06,280.17001343
1988-10-07,286.04000854
1988-10-10,286.20999146
1988-10-11,285.89999390
1988-10-12,281.83999634
1988-10-13,283.11999512
1988-10-14,283.44000244
1988-10-17,284.39001465
1988-10-18,287.45999146
1988-10-19,284.98001099
1988-10-20,291.05999756
1988-10-21,291.86999512
1988-10-24,290.48999023
1988-10-25,290.61999512
1988-10-26,289.66000366
1988-10-27,285.44000244
1988-10-28,286.75000000
1988-10-31,287.26998901
1988-11-01,287.51000977
1988-11-02,287.51000977
1988-11-03,287.70999146
1988-11-04,284.97000122
1988-11-07,282.64999390
1988-11-08,283.97000122
1988-11-09,282.14999390
1988-11-10,282.58999634
1988-11-11,276.63000488
1988-11-14,276.54998779
1988-11-15,277.20999146
1988-11-16,272.60000610
1988-11-17,273.42001343
1988-11-18,275.42999268
1988-11-21,275.19000244
1988-11-22,276.20999146
1988-11-23,278.08999634
1988-11-25,276.35998535
1988-11-28,277.89001465
1988-11-29,280.29000854
1988-11-30,283.17999268
1988-12-01,281.95001221
1988-12-02,281.30999756
1988-12-05,284.60000610
1988-12-06,287.39001465
1988-12-07,287.95999146
1988-12-08,286.35000610
1988-12-09,286.92999268
1988-12-12,286.42999268
1988-12-13,286.23999023
1988-12-14,285.22000122
1988-12-15,284.16000366
1988-12-16,286.26000977
1988-12-19,288.98001099
1988-12-20,287.50000000
1988-12-21,287.41000366
1988-12-22,286.89001465
1988-12-23,288.17001343
1988-12-27,287.10000610
1988-12-28,287.36999512
1988-12-29,289.80999756
1988-12-30,288.11999512
1989-01-03,285.64999390
1989-01-04,289.98999023
1989-01-05,290.60998535
1989-01-06,291.29000854
1989-01-09,291.64999390
1989-01-10,291.02999878
1989-01-11,292.73001099
1989-01-12,293.92999268
1989-01-13,294.72000122
1989-01-16,295.00000000
1989-01-17,294.39001465
1989-01-18,297.48001099
1989-01-19,297.86999512
1989-01-20,297.60000610
1989-01-23,295.44000244
1989-01-24,299.64001465
1989-01-25,300.35000610
1989-01-26,303.01998901
1989-01-27,305.23999023
1989-01-30,306.51000977
1989-01-31,309.20999146
1989-02-01,308.85998535
1989-02-02,308.76000977
1989-02-03,308.91000366
1989-02-06,308.16000366
1989-02-07,311.92999268
1989-02-08,310.92001343
1989-02-09,308.29998779
1989-02-10,304.19000244
1989-02-13,304.88000488
1989-02-14,304.20001221
1989-02-15,306.76000977
1989-02-16,307.35998535
1989-02-17,309.48999023
1989-02-21,308.69000244
1989-02-22,303.42001343
1989-02-23,304.69000244
1989-02-24,299.55999756
1989-02-27,300.38000488
1989-02-28,301.51000977
1989-03-01,299.76998901
1989-03-02,302.76998901
1989-03-03,304.05999756
1989-03-06,307.92999268
1989-03-07,306.98001099
1989-03-08,307.20999146
1989-03-09,307.17999268
1989-03-10,306.10000610
1989-03-13,308.67999268
1989-03-14,308.51000977
1989-03-15,310.13000488
1989-03-16,313.02999878
1989-03-17,305.98999023
1989-03-20,303.10000610
1989-03-21,304.57998657
1989-03-22,303.70001221
1989-03-23,302.11999512
1989-03-27,303.98001099
1989-03-28,305.05999756
1989-03-29,305.85998535
1989-03-30,306.07998657
1989-03-31,308.54000854
1989-04-03,310.20999146
1989-04-04,309.22000122
1989-04-05,310.20001221
1989-04-06,309.20999146
1989-04-07,311.16000366
1989-04-10,311.14999390
1989-04-11,312.60000610
1989-04-12,313.13000488
1989-04-13,310.44000244
1989-04-14,315.64001465
1989-04-17,316.04000854
1989-04-18,320.57000732
1989-04-19,321.76000977
1989-04-20,320.76000977
1989-04-21,324.33999634
1989-04-24,323.44000244
1989-04-25,321.45999146
1989-04-26,321.70999146
1989-04-27,324.48999023
1989-04-28,324.55999756
1989-05-01,324.10998535
1989-05-02,323.14001465
1989-05-03,323.23999023
1989-05-04,323.01998901
1989-05-05,322.95001221
1989-05-08,321.39999390
1989-05-09,320.73999023
1989-05-10,321.39999390
1989-05-11,322.63000488
1989-05-12,329.89001465
1989-05-15,332.45999146
1989-05-16,331.73001099
1989-05-17,334.04998779
1989-05-18,334.60000610
1989-05-19,338.04998779
1989-05-22,338.92001343
1989-05-23,335.07000732
1989-05-24,335.98001099
1989-05-25,336.08999634
1989-05-26,338.73999023
1989-05-30,336.14001465
1989-05-31,337.69000244
1989-06-01,339.25000000
1989-06-02,343.00000000
1989-06-05,339.38000488
1989-06-06,341.79998779
1989-06-07,344.66000366
1989-06-08,344.45001221
1989-06-09,344.51000977
1989-06-12,344.07000732
1989-06-13,341.63000488
1989-06-14,341.55999756
1989-06-15,337.60998535
1989-06-16,338.95001221
1989-06-19,339.57000732
1989-06-20,338.92001343
1989-06-21,338.10998535
1989-06-22,341.10998535
1989-06-23,346.04000854
1989-06-26,344.76998901
1989-06-27,346.72000122
1989-06-28,343.98999023
1989-06-29,337.51998901
1989-06-30,335.77999878
1989-07-03,337.19000244
1989-07-05,338.72000122
1989-07-06,339.73001099
1989-07-07,343.27999878
1989-07-10,345.60000610
1989-07-11,347.41000366
1989-07-12,348.51000977
1989-07-13,348.64999390
1989-07-14,350.69000244
1989-07-17,351.35998535
1989-07-18,350.23001099
1989-07-19,354.85998535
1989-07-20,352.51000977
1989-07-21,355.04000854
1989-07-24,352.75000000
1989-07-25,353.00000000
1989-07-26,357.44000244
1989-07-27,361.67001343
1989-07-28,361.85000610
1989-07-31,366.10000610
1989-08-01,363.76998901
1989-08-02,364.45001221
1989-08-03,365.02999878
1989-08-04,364.20999146
1989-08-07,370.10000610
1989-08-08,370.17999268
1989-08-09,367.69000244
1989-08-10,369.11999512
1989-08-11,365.48001099
1989-08-14,363.82998657
1989-08-15,365.60000610
1989-08-16,366.67001343
1989-08-17,365.41000366
1989-08-18,367.08999634
1989-08-21,361.47000122
1989-08-22,362.07000732
1989-08-23,365.79000854
1989-08-24,373.02999878
1989-08-25,372.01998901
1989-08-28,373.85000610
1989-08-29,371.52999878
1989-08-30,372.39999390
1989-08-31,373.25000000
1989-09-01,375.77999878
1989-09-05,374.57998657
1989-09-06,371.07000732
1989-09-07,370.14001465
1989-09-08,370.57998657
1989-09-11,369.54998779
1989-09-12,370.69000244
1989-09-13,367.25000000
1989-09-14,364.82998657
1989-09-15,366.85998535
1989-09-18,368.64999390
1989-09-19,368.61999512
1989-09-20,368.54000854
1989-09-21,367.77999878
1989-09-22,369.22000122
1989-09-25,366.38000488
1989-09-26,366.50000000
1989-09-27,367.32998657
1989-09-28,371.11999512
1989-09-29,371.73999023
1989-10-02,373.58999634
1989-10-03,377.82998657
1989-10-04,380.26000977
1989-10-05,380.29998779
1989-10-06,382.25000000
1989-10-09,383.33999634
1989-10-10,382.63000488
1989-10-11,380.35998535
1989-10-12,378.64999390
1989-10-13,355.48999023
1989-10-16,365.35998535
1989-10-17,363.57998657
1989-10-18,364.22000122
1989-10-19,369.95001221
1989-10-20,369.98999023
1989-10-23,367.54998779
1989-10-24,366.35000610
1989-10-25,365.11999512
1989-10-26,360.32000732
1989-10-27,357.26000977
1989-10-30,357.32998657
1989-10-31,363.10998535
1989-11-01,364.01000977
1989-11-02,361.30999756
1989-11-03,360.41000366
1989-11-06,355.19000244
1989-11-07,357.69000244
1989-11-08,361.27999878
1989-11-09,359.70001221
1989-11-10,362.50000000
1989-11-13,363.11999512
1989-11-14,361.50000000
1989-11-15,364.25000000
1989-11-16,364.35998535
1989-11-17,365.50000000
1989-11-20,363.13000488
1989-11-21,363.39001465
1989-11-22,365.86999512
1989-11-24,368.11999512
1989-11-27,370.04000854
1989-11-28,370.26998901
1989-11-29,367.95001221
1989-11-30,370.51000977
1989-12-01,375.51998901
1989-12-04,376.51998901
1989-12-05,374.61999512
1989-12-06,373.51998901
1989-12-07,372.51998901
1989-12-08,373.70001221
1989-12-11,373.72000122
1989-12-12,377.14999390
1989-12-13,378.25000000
1989-12-14,376.29998779
1989-12-15,375.38000488
1989-12-18,368.57000732
1989-12-19,367.26998901
1989-12-20,367.69000244
1989-12-21,369.77999878
1989-12-22,372.80999756
1989-12-26,372.23001099
1989-12-27,374.38000488
1989-12-28,376.38000488
1989-12-29,379.41000366
1990-01-02,386.16000366
1990-01-03,385.17001343
1990-01-04,382.01998901
1990-01-05,378.29998779
1990-01-08,380.04000854
1990-01-09,375.55999756
1990-01-10,373.08999634
1990-01-11,374.39999390
1990-01-12,365.22000122
1990-01-15,362.07998657
1990-01-16,366.11999512
1990-01-17,362.54000854
1990-01-18,363.38000488
1990-01-19,364.42999268
1990-01-22,355.04000854
1990-01-23,356.35998535
1990-01-24,348.44000244
1990-01-25,350.51998901
1990-01-26,350.25000000
1990-01-29,349.67001343
1990-01-30,347.38000488
1990-01-31,353.94000244
1990-02-01,353.67999268
1990-02-02,356.02999878
1990-02-05,357.27999878
1990-02-06,355.04998779
1990-02-07,359.52999878
1990-02-08,358.70001221
1990-02-09,359.57998657
1990-02-12,355.89001465
1990-02-13,357.01000977
1990-02-14,358.10000610
1990-02-15,361.23001099
1990-02-16,358.98999023
1990-02-20,353.91000366
1990-02-21,353.57000732
1990-02-22,351.48001099
1990-02-23,349.89999390
1990-02-26,354.88000488
1990-02-27,356.66000366
1990-02-28,358.50000000
1990-03-01,359.45999146
1990-03-02,362.48999023
1990-03-05,360.67999268
1990-03-06,365.23999023
1990-03-07,364.19000244
1990-03-08,367.79000854
1990-03-09,365.42001343
1990-03-12,366.23999023
1990-03-13,363.36999512
1990-03-14,364.32000732
1990-03-15,365.63000488
1990-03-16,369.79000854
1990-03-19,371.55999756
1990-03-20,369.47000122
1990-03-21,367.48999023
1990-03-22,363.10998535
1990-03-23,364.76998901
1990-03-26,365.44000244
1990-03-27,369.64001465
1990-03-28,370.19000244
1990-03-29,368.88000488
1990-03-30,368.00000000
1990-04-02,366.72000122
1990-04-03,372.13000488
1990-04-04,369.52999878
1990-04-05,369.14999390
1990-04-06,368.48001099
1990-04-09,369.89001465
1990-04-10,370.64999390
1990-04-11,370.48999023
1990-04-12,373.14001465
1990-04-16,373.60998535
1990-04-17,373.54998779
1990-04-18,369.27999878
1990-04-19,366.42999268
1990-04-20,363.22000122
1990-04-23,358.85000610
1990-04-24,358.13000488
1990-04-25,359.98001099
1990-04-26,361.00000000
1990-04-27,356.88000488
1990-04-30,358.82000732
1990-05-01,360.48001099
1990-05-02,362.92001343
1990-05-03,364.20999146
1990-05-04,367.45999146
1990-05-07,369.89999390
1990-05-08,371.64001465
1990-05-09,372.64001465
1990-05-10,373.73999023
1990-05-11,382.72000122
1990-05-14,385.89001465
1990-05-15,385.39999390
1990-05-16,385.17999268
1990-05-17,385.70999146
1990-05-18,385.89999390
1990-05-21,389.64001465
1990-05-22,390.32998657
1990-05-23,391.27999878
1990-05-24,390.36999512
1990-05-25,386.38000488
1990-05-29,393.07998657
1990-05-30,393.32000732
1990-05-31,393.79998779
1990-06-01,395.94000244
1990-06-04,400.64001465
1990-06-05,399.85998535
1990-06-06,398.04998779
1990-06-07,396.08999634
1990-06-08,391.26000977
1990-06-11,394.60998535
1990-06-12,399.67001343
1990-06-13,398.20999146
1990-06-14,396.04000854
1990-06-15,396.05999756
1990-06-18,389.50000000
1990-06-19,391.26998901
1990-06-20,391.95999146
1990-06-21,393.45999146
1990-06-22,387.95999146
1990-06-25,384.77999878
1990-06-26,384.51998901
1990-06-27,387.89001465
1990-06-28,390.64001465
1990-06-29,391.14001465
1990-07-02,392.80999756
1990-07-03,393.66000366
1990-07-05,388.82000732
1990-07-06,391.82000732
1990-07-09,393.04998779
1990-07-10,389.75000000
1990-07-11,394.92999268
1990-07-12,399.52999878
1990-07-13,401.57998657
1990-07-16,403.45999146
1990-07-17,401.89999390
1990-07-18,398.30999756
1990-07-19,399.51998901
1990-07-20,395.45999146
1990-07-23,388.60998535
1990-07-24,389.14001465
1990-07-25,390.58999634
1990-07-26,389.32998657
1990-07-27,386.70001221
1990-07-30,389.10000610
1990-07-31,389.89001465
1990-08-01,389.22000122
1990-08-02,384.85998535
1990-08-03,377.67001343
1990-08-06,366.51000977
1990-08-07,367.10998535
1990-08-08,370.98001099
1990-08-09,372.80999756
1990-08-10,368.07000732
1990-08-13,371.82998657
1990-08-14,372.48999023
1990-08-15,373.25000000
1990-08-16,364.91000366
1990-08-17,359.89999390
1990-08-20,360.72000122
1990-08-21,353.45999146
1990-08-22,347.64001465
1990-08-23,337.22000122
1990-08-24,342.10998535
1990-08-27,353.14999390
1990-08-28,353.17001343
1990-08-29,356.32998657
1990-08-30,350.30999756
1990-08-31,354.64999390
1990-09-04,355.32000732
1990-09-05,356.75000000
1990-09-06,352.45001221
1990-09-07,355.69000244
1990-09-10,353.91000366
1990-09-11,353.32000732
1990-09-12,354.97000122
1990-09-13,350.69000244
1990-09-14,348.70001221
1990-09-17,349.76000977
1990-09-18,350.86999512
1990-09-19,348.67001343
1990-09-20,343.10998535
1990-09-21,342.92999268
1990-09-24,335.67001343
1990-09-25,339.75000000
1990-09-26,336.23001099
1990-09-27,331.79000854
1990-09-28,337.39001465
1990-10-01,347.29998779
1990-10-02,347.60000610
1990-10-03,343.61999512
1990-10-04,345.04998779
1990-10-05,343.75000000
1990-10-08,345.92999268
1990-10-09,336.70999146
1990-10-10,331.51998901
1990-10-11,326.07998657
1990-10-12,331.11999512
1990-10-15,334.73001099
1990-10-16,329.98001099
1990-10-17,329.82000732
1990-10-18,337.52999878
1990-10-19,344.98001099
1990-10-22,347.54000854
1990-10-23,344.89999390
1990-10-24,345.17001343
1990-10-25,342.51000977
1990-10-26,336.57000732
1990-10-29,333.51000977
1990-10-30,336.01000977
1990-10-31,335.95001221
1990-11-01,339.35000610
1990-11-02,344.73001099
1990-11-05,348.20001221
1990-11-06,345.00000000
1990-11-07,338.80999756
1990-11-08,340.76000977
1990-11-09,347.70999146
1990-11-12,354.07000732
1990-11-13,352.10998535
1990-11-14,355.20001221
1990-11-15,351.47000122
1990-11-16,351.69000244
1990-11-19,354.16000366
1990-11-20,349.70001221
1990-11-21,350.51998901
1990-11-23,349.50000000
1990-11-26,351.17999268
1990-11-27,353.07998657
1990-11-28,352.92001343
1990-11-29,351.23001099
1990-11-30,357.67001343
1990-12-03,360.00000000
1990-12-04,362.57000732
1990-12-05,366.54000854
1990-12-06,365.61999512
1990-12-07,364.17001343
1990-12-10,365.50000000
1990-12-11,362.92001343
1990-12-12,367.08999634
1990-12-13,366.17001343
1990-12-14,363.36999512
1990-12-17,362.50000000
1990-12-18,367.00000000
1990-12-19,367.19000244
1990-12-20,367.10000610
1990-12-21,368.91000366
1990-12-24,367.13000488
1990-12-26,368.20999146
1990-12-27,365.36999512
1990-12-28,365.95999146
1990-12-31,367.63000488
1991-01-02,363.44000244
1991-01-03,358.39999390
1991-01-04,357.51000977
1991-01-07,351.39001465
1991-01-08,350.79000854
1991-01-09,347.01998901
1991-01-10,350.39999390
1991-01-11,351.19000244
1991-01-14,348.22000122
1991-01-15,349.60998535
1991-01-16,352.35000610
1991-01-17,365.50000000
1991-01-18,370.27999878
1991-01-21,368.98001099
1991-01-22,365.92001343
1991-01-23,368.04998779
1991-01-24,373.20999146
1991-01-25,374.66000366
1991-01-28,374.69000244
1991-01-29,374.57998657
1991-01-30,380.26998901
1991-01-31,383.64001465
1991-02-01,382.67999268
1991-02-04,388.85998535
1991-02-05,392.32998657
1991-02-06,399.95001221
1991-02-07,398.33999634
1991-02-08,401.55999756
1991-02-11,412.05999756
1991-02-12,408.67999268
1991-02-13,412.70001221
1991-02-14,407.35000610
1991-02-15,412.83999634
1991-02-19,413.23999023
1991-02-20,408.50000000
1991-02-21,408.30999756
1991-02-22,409.17999268
1991-02-25,411.11999512
1991-02-26,406.20999146
1991-02-27,411.75000000
1991-02-28,411.07998657
1991-03-01,414.92001343
1991-03-04,413.77999878
1991-03-05,422.10000610
1991-03-06,421.50000000
1991-03-07,421.25000000
1991-03-08,420.23999023
1991-03-11,418.13000488
1991-03-12,414.86999512
1991-03-13,419.98001099
1991-03-14,418.79000854
1991-03-15,418.89001465
1991-03-18,417.23999023
1991-03-19,411.07998657
1991-03-20,412.57998657
1991-03-21,411.07998657
1991-03-22,412.27999878
1991-03-25,414.97000122
1991-03-26,422.23001099
1991-03-27,421.17001343
1991-03-28,421.02999878
1991-04-01,416.73999023
1991-04-02,425.97000122
1991-04-03,425.38000488
1991-04-04,426.50000000
1991-04-05,421.54998779
1991-04-08,425.26998901
1991-04-09,419.57000732
1991-04-10,419.10998535
1991-04-11,424.14999390
1991-04-12,427.26000977
1991-04-15,428.23001099
1991-04-16,435.45999146
1991-04-17,438.64999390
1991-04-18,436.42001343
1991-04-19,431.64999390
1991-04-22,428.02999878
1991-04-23,428.94000244
1991-04-24,430.08999634
1991-04-25,426.17001343
1991-04-26,425.95001221
1991-04-29,420.01000977
1991-04-30,422.02999878
1991-05-01,427.58999634
1991-05-02,427.85998535
1991-05-03,428.23001099
1991-05-06,427.70001221
1991-05-07,424.80999756
1991-05-08,426.14999390
1991-05-09,431.69000244
1991-05-10,423.29998779
1991-05-13,424.57000732
1991-05-14,418.82000732
1991-05-15,415.42999268
1991-05-16,419.58999634
1991-05-17,420.02999878
1991-05-20,420.00000000
1991-05-21,423.51000977
1991-05-22,424.47000122
1991-05-23,423.10000610
1991-05-24,426.05999756
1991-05-28,431.22000122
1991-05-29,432.19000244
1991-05-30,436.92001343
1991-05-31,440.23999023
1991-06-03,438.38000488
1991-06-04,438.07000732
1991-06-05,435.07998657
1991-06-06,433.45999146
1991-06-07,428.72000122
1991-06-10,427.89001465
1991-06-11,430.77999878
1991-06-12,425.79998779
1991-06-13,426.95001221
1991-06-14,432.22000122
1991-06-17,429.79000854
1991-06-18,428.07998657
1991-06-19,424.13000488
1991-06-20,424.51000977
1991-06-21,427.14001465
1991-06-24,419.67001343
1991-06-25,419.35998535
1991-06-26,420.44000244
1991-06-27,423.61999512
1991-06-28,420.07000732
1991-07-01,427.73001099
1991-07-02,427.22000122
1991-07-03,422.70999146
1991-07-05,423.63000488
1991-07-08,428.01000977
1991-07-09,425.98001099
1991-07-10,425.55999756
1991-07-11,426.95001221
1991-07-12,430.67001343
1991-07-15,433.17001343
1991-07-16,432.22000122
1991-07-17,431.82998657
1991-07-18,436.57998657
1991-07-19,435.27999878
1991-07-22,433.79998779
1991-07-23,429.88000488
1991-07-24,429.01000977
1991-07-25,431.66000366
1991-07-26,431.64999390
1991-07-29,434.25000000
1991-07-30,438.36999512
1991-07-31,439.64999390
1991-08-01,438.89001465
1991-08-02,439.01998901
1991-08-05,436.79000854
1991-08-06,443.30999756
1991-08-07,443.42001343
1991-08-08,442.07998657
1991-08-09,439.72000122
1991-08-12,440.86999512
1991-08-13,442.70999146
1991-08-14,443.08999634
1991-08-15,442.47000122
1991-08-16,438.27999878
1991-08-19,428.01000977
1991-08-20,431.39001465
1991-08-21,444.07998657
1991-08-22,444.94000244
1991-08-23,448.17001343
1991-08-26,447.95999146
1991-08-27,447.16000366
1991-08-28,451.29998779
1991-08-29,451.11999512
1991-08-30,450.05999756
1991-09-03,446.39001465
1991-09-04,443.94000244
1991-09-05,443.01000977
1991-09-06,442.97000122
1991-09-09,442.52999878
1991-09-10,438.10998535
1991-09-11,438.72000122
1991-09-12,441.29000854
1991-09-13,437.02999878
1991-09-16,439.70999146
1991-09-17,439.42999268
1991-09-18,441.07000732
1991-09-19,441.77999878
1991-09-20,442.26998901
1991-09-23,440.00000000
1991-09-24,442.20999146
1991-09-25,441.29000854
1991-09-26,440.85000610
1991-09-27,440.17999268
1991-09-30,442.52999878
1991-10-01,444.07998657
1991-10-02,443.01000977
1991-10-03,438.69000244
1991-10-04,435.22000122
1991-10-07,433.26998901
1991-10-08,434.63000488
1991-10-09,430.22000122
1991-10-10,434.50000000
1991-10-11,435.60000610
1991-10-14,441.32998657
1991-10-15,446.54000854
1991-10-16,448.58999634
1991-10-17,447.60000610
1991-10-18,448.26000977
1991-10-21,445.45001221
1991-10-22,442.95999146
1991-10-23,443.07998657
1991-10-24,439.79998779
1991-10-25,438.83999634
1991-10-28,445.01000977
1991-10-29,447.35998535
1991-10-30,449.04998779
1991-10-31,448.48001099
1991-11-01,447.20001221
1991-11-04,446.38000488
1991-11-05,444.82000732
1991-11-06,446.36999512
1991-11-07,450.73001099
1991-11-08,450.00000000
1991-11-11,450.26000977
1991-11-12,454.44000244
1991-11-13,455.25000000
1991-11-14,455.00000000
1991-11-15,438.35998535
1991-11-18,441.51000977
1991-11-19,434.85998535
1991-11-20,433.85998535
1991-11-21,435.61999512
1991-11-22,431.25000000
1991-11-25,430.45001221
1991-11-26,433.45001221
1991-11-27,431.89999390
1991-11-29,430.41000366
1991-12-02,437.67001343
1991-12-03,437.26998901
1991-12-04,436.27999878
1991-12-05,433.22000122
1991-12-06,435.19000244
1991-12-09,434.29998779
1991-12-10,434.02999878
1991-12-11,433.80999756
1991-12-12,438.23999023
1991-12-13,441.60000610
1991-12-16,441.60998535
1991-12-17,439.69000244
1991-12-18,440.54000854
1991-12-19,439.44000244
1991-12-20,444.64999390
1991-12-23,455.89001465
1991-12-24,459.05999756
1991-12-26,465.42001343
1991-12-27,467.41000366
1991-12-30,477.39001465
1991-12-31,479.63000488
1992-01-02,479.83999634
1992-01-03,482.23999023
1992-01-06,480.85000610
1992-01-07,480.23001099
1992-01-08,481.02999878
1992-01-09,480.50000000
1992-01-10,477.60998535
1992-01-13,476.75000000
1992-01-14,483.77999878
1992-01-15,484.20001221
1992-01-16,481.26998901
1992-01-17,482.04998779
1992-01-20,479.17001343
1992-01-21,474.89999390
1992-01-22,481.22000122
1992-01-23,477.57998657
1992-01-24,478.17999268
1992-01-27,477.70001221
1992-01-28,477.73001099
1992-01-29,472.45001221
1992-01-30,473.94000244
1992-01-31,470.70001221
1992-02-03,471.67999268
1992-02-04,476.83999634
1992-02-05,477.01998901
1992-02-06,477.11999512
1992-02-07,474.07000732
1992-02-10,477.39999390
1992-02-11,477.44000244
1992-02-12,481.35000610
1992-02-13,477.41000366
1992-02-14,476.17999268
1992-02-18,470.32000732
1992-02-19,471.35000610
1992-02-20,477.89001465
1992-02-21,475.07998657
1992-02-24,476.13000488
1992-02-25,474.16000366
1992-02-26,479.82000732
1992-02-27,478.11999512
1992-02-28,476.79000854
1992-03-02,476.66000366
1992-03-03,477.27999878
1992-03-04,473.23999023
1992-03-05,470.01000977
1992-03-06,467.70999146
1992-03-09,468.70001221
1992-03-10,470.70999146
1992-03-11,467.41000366
1992-03-12,467.25000000
1992-03-13,469.51998901
1992-03-16,470.17999268
1992-03-17,473.92001343
1992-03-18,473.42001343
1992-03-19,474.17999268
1992-03-20,475.92001343
1992-03-23,474.32000732
1992-03-24,473.13000488
1992-03-25,471.79998779
1992-03-26,472.20999146
1992-03-27,467.17001343
1992-03-30,466.70001221
1992-03-31,467.51998901
1992-04-01,468.16000366
1992-04-02,463.85998535
1992-04-03,465.10998535
1992-04-06,469.98999023
1992-04-07,461.29000854
1992-04-08,457.16000366
1992-04-09,464.32000732
1992-04-10,468.58999634
1992-04-13,470.67999268
1992-04-14,477.98999023
1992-04-15,482.50000000
1992-04-16,482.25000000
1992-04-20,475.47000122
1992-04-21,475.60000610
1992-04-22,475.07998657
1992-04-23,477.16000366
1992-04-24,474.20001221
1992-04-27,473.61999512
1992-04-28,474.47000122
1992-04-29,477.83999634
1992-04-30,481.25000000
1992-05-01,478.45001221
1992-05-04,483.76998901
1992-05-05,483.76000977
1992-05-06,483.75000000
1992-05-07,483.04998779
1992-05-08,483.29998779
1992-05-11,486.35000610
1992-05-12,483.82998657
1992-05-13,484.04998779
1992-05-14,480.23999023
1992-05-15,476.94000244
1992-05-18,480.29000854
1992-05-19,484.45001221
1992-05-20,483.33999634
1992-05-21,480.10000610
1992-05-22,481.85998535
1992-05-26,478.95001221
1992-05-27,479.85000610
1992-05-28,485.20999146
1992-05-29,483.60000610
1992-06-01,486.04000854
1992-06-02,481.76998901
1992-06-03,483.05999756
1992-06-04,481.57000732
1992-06-05,481.82998657
1992-06-08,481.73999023
1992-06-09,478.10000610
1992-06-10,474.82998657
1992-06-11,476.92999268
1992-06-12,477.77999878
1992-06-15,478.41000366
1992-06-16,476.16000366
1992-06-17,469.08999634
1992-06-18,467.58999634
1992-06-19,470.76000977
1992-06-22,470.45001221
1992-06-23,471.20001221
1992-06-24,471.20999146
1992-06-25,470.39001465
1992-06-26,470.89999390
1992-06-29,477.33999634
1992-06-30,476.41000366
1992-07-01,481.95001221
1992-07-02,480.66000366
1992-07-06,483.32000732
1992-07-07,477.86999512
1992-07-08,479.17999268
1992-07-09,483.82998657
1992-07-10,484.29000854
1992-07-13,484.58999634
1992-07-14,487.88000488
1992-07-15,487.20999146
1992-07-16,487.76000977
1992-07-17,485.52999878
1992-07-20,483.39001465
1992-07-21,483.41000366
1992-07-22,480.10000610
1992-07-23,481.45001221
1992-07-24,480.89001465
1992-07-27,480.92001343
1992-07-28,487.98001099
1992-07-29,493.51998901
1992-07-30,495.51000977
1992-07-31,495.86999512
1992-08-03,497.04998779
1992-08-04,496.39001465
1992-08-05,493.85998535
1992-08-06,492.16000366
1992-08-07,490.36999512
1992-08-10,491.22000122
1992-08-11,490.63000488
1992-08-12,489.35000610
1992-08-13,489.32000732
1992-08-14,491.95999146
1992-08-17,493.01998901
1992-08-18,493.82998657
1992-08-19,490.14001465
1992-08-20,490.26000977
1992-08-21,486.26998901
1992-08-24,481.48999023
1992-08-25,482.60998535
1992-08-26,484.94000244
1992-08-27,484.98001099
1992-08-28,486.51998901
1992-08-31,485.72000122
1992-09-01,488.23001099
1992-09-02,490.51000977
1992-09-03,490.54000854
1992-09-04,489.52999878
1992-09-08,486.45999146
1992-09-09,488.91000366
1992-09-10,493.14001465
1992-09-11,492.70999146
1992-09-14,499.60998535
1992-09-15,493.20999146
1992-09-16,493.38000488
1992-09-17,493.41000366
1992-09-18,496.92999268
1992-09-21,496.10000610
1992-09-22,490.23999023
1992-09-23,490.60000610
1992-09-24,492.04000854
1992-09-25,487.22000122
1992-09-28,489.98001099
1992-09-29,490.23001099
1992-09-30,491.42999268
1992-10-01,489.66000366
1992-10-02,482.82000732
1992-10-05,479.64999390
1992-10-06,479.20999146
1992-10-07,475.76000977
1992-10-08,479.92001343
1992-10-09,473.94000244
1992-10-12,479.57000732
1992-10-13,481.76000977
1992-10-14,481.85000610
1992-10-15,482.16000366
1992-10-16,484.67001343
1992-10-19,488.54000854
1992-10-20,489.14999390
1992-10-21,489.38000488
1992-10-22,488.47000122
1992-10-23,487.89001465
1992-10-26,492.41000366
1992-10-27,492.89001465
1992-10-28,494.82998657
1992-10-29,495.69000244
1992-10-30,493.13000488
1992-11-02,498.07998657
1992-11-03,494.89001465
1992-11-04,491.70001221
1992-11-05,493.48999023
1992-11-06,492.80999756
1992-11-09,494.04998779
1992-11-10,494.11999512
1992-11-11,498.33999634
1992-11-12,499.17001343
1992-11-13,498.69000244
1992-11-16,496.76000977
1992-11-17,495.20001221
1992-11-18,499.44000244
1992-11-19,500.36999512
1992-11-20,504.00000000
1992-11-23,502.26000977
1992-11-24,505.35000610
1992-11-25,507.26000977
1992-11-27,508.42001343
1992-11-30,509.92001343
1992-12-01,509.42001343
1992-12-02,508.44000244
1992-12-03,508.48999023
1992-12-04,511.07000732
1992-12-07,514.97998047
1992-12-08,516.98999023
1992-12-09,515.58001709
1992-12-10,514.39001465
1992-12-11,513.33001709
1992-12-14,512.30999756
1992-12-15,512.03002930
1992-12-16,510.79000854
1992-12-17,515.45001221
1992-12-18,522.38000488
1992-12-21,521.70001221
1992-12-22,521.23999023
1992-12-23,519.73999023
1992-12-24,520.89001465
1992-12-28,520.19000244
1992-12-29,518.83001709
1992-12-30,519.84002686
1992-12-31,516.17999268
1993-01-04,516.00000000
1993-01-05,514.85998535
1993-01-06,515.08001709
1993-01-07,510.57998657
1993-01-08,508.60998535
1993-01-11,510.89999390
1993-01-12,511.01000977
1993-01-13,513.40997314
1993-01-14,516.85998535
1993-01-15,518.34997559
1993-01-18,517.97998047
1993-01-19,515.96997070
1993-01-20,513.88000488
1993-01-21,516.40002441
1993-01-22,517.13000488
1993-01-25,521.86999512
1993-01-26,521.85998535
1993-01-27,519.67999268
1993-01-28,520.33001709
1993-01-29,520.48999023
1993-02-01,525.03002930
1993-02-02,525.21997070
1993-02-03,530.75000000
1993-02-04,533.89001465
1993-02-05,533.19000244
1993-02-08,532.13000488
1993-02-09,529.26000977
1993-02-10,530.35998535
1993-02-11,532.07000732
1993-02-12,528.52001953
1993-02-16,515.91998291
1993-02-17,515.21997070
1993-02-18,513.59002686
1993-02-19,516.36999512
1993-02-22,517.70001221
1993-02-23,517.29998779
1993-02-24,524.55999756
1993-02-25,526.32000732
1993-02-26,527.59002686
1993-03-01,526.07000732
1993-03-02,533.21002197
1993-03-03,534.95001221
1993-03-04,532.71997070
1993-03-05,531.36999512
1993-03-08,541.66998291
1993-03-09,541.42999268
1993-03-10,543.72998047
1993-03-11,540.64001465
1993-03-12,536.02001953
1993-03-15,537.95001221
1993-03-16,537.91998291
1993-03-17,534.29998779
1993-03-18,538.57000732
1993-03-19,536.53002930
1993-03-22,534.98999023
1993-03-23,534.84997559
1993-03-24,534.03002930
1993-03-25,537.61999512
1993-03-26,533.92999268
1993-03-29,537.59002686
1993-03-30,539.05999756
1993-03-31,538.71997070
1993-04-01,537.09002686
1993-04-02,526.71002197
1993-04-05,527.84997559
1993-04-06,526.50000000
1993-04-07,528.36999512
1993-04-08,527.34997559
1993-04-12,535.15002441
1993-04-13,536.16998291
1993-04-14,535.50000000
1993-04-15,535.22998047
1993-04-16,535.88000488
1993-04-19,534.15997314
1993-04-20,531.35998535
1993-04-21,529.59997559
1993-04-22,524.85998535
1993-04-23,521.71997070
1993-04-26,517.67999268
1993-04-27,523.09002686
1993-04-28,523.09997559
1993-04-29,524.14001465
1993-04-30,525.70001221
1993-05-03,528.54998779
1993-05-04,530.59002686
1993-05-05,531.25000000
1993-05-06,529.88000488
1993-05-07,528.97998047
1993-05-10,529.85998535
1993-05-11,531.76000977
1993-05-12,532.30999756
1993-05-13,525.67999268
1993-05-14,526.36999512
1993-05-17,527.46997070
1993-05-18,527.48999023
1993-05-19,536.20001221
1993-05-20,539.84002686
1993-05-21,534.15997314
1993-05-24,536.86999512
1993-05-25,538.02001953
1993-05-26,543.53997803
1993-05-27,542.32000732
1993-05-28,539.76000977
1993-06-01,544.20001221
1993-06-02,544.40997314
1993-06-03,542.82000732
1993-06-04,539.92999268
1993-06-07,537.15002441
1993-06-08,533.60998535
1993-06-09,535.10998535
1993-06-10,534.65002441
1993-06-11,536.91998291
1993-06-14,537.48999023
1993-06-15,535.78997803
1993-06-16,537.20001221
1993-06-17,538.54998779
1993-06-18,532.71997070
1993-06-21,535.78002930
1993-06-22,535.42999268
1993-06-23,532.14001465
1993-06-24,536.52001953
1993-06-25,537.70001221
1993-06-28,542.90002441
1993-06-29,541.53002930
1993-06-30,541.34002686
1993-07-01,539.55999756
1993-07-02,536.01000977
1993-07-06,530.73999023
1993-07-07,532.42999268
1993-07-08,539.40997314
1993-07-09,538.84002686
1993-07-12,539.86999512
1993-07-13,538.79998779
1993-07-14,541.21002197
1993-07-15,540.21002197
1993-07-16,536.03997803
1993-07-19,536.42999268
1993-07-20,537.98999023
1993-07-21,537.84002686
1993-07-22,534.63000488
1993-07-23,537.73999023
1993-07-26,540.21997070
1993-07-27,539.28997803
1993-07-28,538.03002930
1993-07-29,541.70001221
1993-07-30,539.15997314
1993-08-02,541.75000000
1993-08-03,540.89001465
1993-08-04,540.05999756
1993-08-05,539.65002441
1993-08-06,540.34002686
1993-08-09,543.21002197
1993-08-10,541.71997070
1993-08-11,542.96997070
1993-08-12,541.20001221
1993-08-13,542.65997314
1993-08-16,545.50000000
1993-08-17,546.50000000
1993-08-18,550.02001953
1993-08-19,550.53002930
1993-08-20,550.21997070
1993-08-23,549.15002441
1993-08-24,554.65002441
1993-08-25,555.15997314
1993-08-26,556.38000488
1993-08-27,555.78002930
1993-08-30,557.53002930
1993-08-31,559.61999512
1993-09-01,559.20001221
1993-09-02,557.03002930
1993-09-03,557.16998291
1993-09-07,553.78002930
1993-09-08,551.53997803
1993-09-09,552.78997803
1993-09-10,557.90002441
1993-09-13,558.53002930
1993-09-14,555.94000244
1993-09-15,558.03002930
1993-09-16,555.42999268
1993-09-17,554.70001221
1993-09-20,550.23999023
1993-09-21,547.70001221
1993-09-22,551.64001465
1993-09-23,553.50000000
1993-09-24,553.60998535
1993-09-27,558.72998047
1993-09-28,558.40997314
1993-09-29,556.72998047
1993-09-30,555.33001709
1993-10-01,558.23999023
1993-10-04,558.53002930
1993-10-05,558.40002441
1993-10-06,557.84002686
1993-10-07,555.96997070
1993-10-08,557.39001465
1993-10-11,558.08001709
1993-10-12,558.36999512
1993-10-13,558.82000732
1993-10-14,565.34002686
1993-10-15,568.57000732
1993-10-18,567.35998535
1993-10-19,564.66998291
1993-10-20,564.50000000
1993-10-21,563.64001465
1993-10-22,561.10998535
1993-10-25,562.32000732
1993-10-26,562.53002930
1993-10-27,562.90997314
1993-10-28,566.69000244
1993-10-29,566.82000732
1993-11-01,568.48999023
1993-11-02,567.85998535
1993-11-03,561.33001709
1993-11-04,554.82000732
1993-11-05,557.66998291
1993-11-08,558.55999756
1993-11-09,558.76000977
1993-11-10,562.90002441
1993-11-11,561.59002686
1993-11-12,564.94000244
1993-11-15,563.10998535
1993-11-16,566.84002686
1993-11-17,564.53002930
1993-11-18,563.09997559
1993-11-19,561.92999268
1993-11-22,557.73999023
1993-11-23,560.11999512
1993-11-24,561.94000244
1993-11-26,562.79998779
1993-11-29,561.50000000
1993-11-30,561.40997314
1993-12-01,561.58001709
1993-12-02,563.17999268
1993-12-03,565.34002686
1993-12-06,567.30999756
1993-12-07,567.75000000
1993-12-08,567.17999268
1993-12-09,564.80999756
1993-12-10,564.53002930
1993-12-13,566.71002197
1993-12-14,563.53997803
1993-12-15,562.07000732
1993-12-16,563.90997314
1993-12-17,567.61999512
1993-12-20,566.98999023
1993-12-21,566.33001709
1993-12-22,568.78997803
1993-12-23,568.86999512
1993-12-27,573.09997559
1993-12-28,573.59997559
1993-12-29,573.17999268
1993-12-30,570.84002686
1993-12-31,568.20001221
1994-01-03,567.09997559
1994-01-04,569.07000732
1994-01-05,569.90002441
1994-01-06,569.36999512
1994-01-07,572.76000977
1994-01-10,579.36999512
1994-01-11,577.97998047
1994-01-12,578.03002930
1994-01-13,576.01000977
1994-01-14,579.03997803
1994-01-17,577.07000732
1994-01-18,578.23999023
1994-01-19,578.30999756
1994-01-20,579.14001465
1994-01-21,578.82000732
1994-01-24,575.53997803
1994-01-25,574.32000732
1994-01-26,577.11999512
1994-01-27,581.82000732
1994-01-28,583.84997559
1994-01-31,587.52001953
1994-02-01,585.27001953
1994-02-02,588.19000244
1994-02-03,586.69000244
1994-02-04,573.67999268
1994-02-07,576.20001221
1994-02-08,575.35998535
1994-02-09,577.60998535
1994-02-10,572.96002197
1994-02-11,574.51000977
1994-02-14,574.71002197
1994-02-15,577.64001465
1994-02-16,578.00000000
1994-02-17,575.01000977
1994-02-18,571.86999512
1994-02-22,576.58001709
1994-02-23,575.75000000
1994-02-24,567.90997314
1994-02-25,570.14001465
1994-02-28,571.57000732
1994-03-01,568.33001709
1994-03-02,569.00000000
1994-03-03,566.83001709
1994-03-04,569.00000000
1994-03-07,571.71997070
1994-03-08,570.47998047
1994-03-09,572.16998291
1994-03-10,568.32000732
1994-03-11,571.44000244
1994-03-14,572.61999512
1994-03-15,572.21002197
1994-03-16,575.19000244
1994-03-17,577.03002930
1994-03-18,577.22998047
1994-03-21,574.14001465
1994-03-22,574.46997070
1994-03-23,574.15002441
1994-03-24,569.02001953
1994-03-25,564.71997070
1994-03-28,564.01000977
1994-03-29,554.84002686
1994-03-30,546.35998535
1994-03-31,546.65002441
1994-04-04,538.36999512
1994-04-05,550.02001953
1994-04-06,549.72998047
1994-04-07,553.20001221
1994-04-08,548.59997559
1994-04-11,552.04998779
1994-04-12,549.25000000
1994-04-13,547.65002441
1994-04-14,547.84002686
1994-04-15,547.59002686
1994-04-18,543.08001709
1994-04-19,543.20001221
1994-04-20,542.48999023
1994-04-21,550.80999756
1994-04-22,549.45001221
1994-04-25,555.77001953
1994-04-26,554.83001709
1994-04-28,551.44000244
1994-04-29,553.65997314
1994-05-02,556.44000244
1994-05-03,556.53997803
1994-05-04,555.00000000
1994-05-05,554.78002930
1994-05-06,550.46002197
1994-05-09,544.14001465
1994-05-10,548.71997070
1994-05-11,543.20001221
1994-05-12,546.01000977
1994-05-13,546.50000000
1994-05-16,547.09997559
1994-05-17,553.21002197
1994-05-18,558.55999756
1994-05-19,562.02001953
1994-05-20,560.34997559
1994-05-23,558.29998779
1994-05-24,560.39001465
1994-05-25,562.42999268
1994-05-26,563.32000732
1994-05-27,563.76000977
1994-05-31,562.75000000
1994-06-01,564.19000244
1994-06-02,564.34002686
1994-06-03,567.42999268
1994-06-06,566.01000977
1994-06-07,565.21002197
1994-06-08,563.79998779
1994-06-09,565.04998779
1994-06-10,566.05999756
1994-06-13,566.60998535
1994-06-14,570.67999268
1994-06-15,568.53002930
1994-06-16,570.20001221
1994-06-17,565.90997314
1994-06-20,562.25000000
1994-06-21,557.14001465
1994-06-22,559.30999756
1994-06-23,555.03997803
1994-06-24,546.84997559
1994-06-27,552.48999023
1994-06-28,551.09997559
1994-06-29,553.08001709
1994-06-30,548.96002197
1994-07-01,551.46997070
1994-07-05,551.83001709
1994-07-06,551.54998779
1994-07-07,554.33001709
1994-07-08,555.77001953
1994-07-11,554.00000000
1994-07-12,553.86999512
1994-07-13,554.83001709
1994-07-14,560.67999268
1994-07-15,561.59997559
1994-07-18,562.96997070
1994-07-19,561.30999756
1994-07-20,558.52001953
1994-07-21,559.77001953
1994-07-22,560.39001465
1994-07-25,561.90002441
1994-07-26,560.85998535
1994-07-27,559.91998291
1994-07-28,561.96997070
1994-07-29,566.97998047
1994-08-01,570.53997803
1994-08-02,570.15997314
1994-08-03,571.28997803
1994-08-04,567.66998291
1994-08-05,566.07000732
1994-08-08,567.19000244
1994-08-09,567.51000977
1994-08-10,570.50000000
1994-08-11,568.76000977
1994-08-12,572.59002686
1994-08-15,571.89001465
1994-08-16,576.65997314
1994-08-17,576.89001465
1994-08-18,574.42999268
1994-08-19,575.08001709
1994-08-22,573.46002197
1994-08-23,576.19000244
1994-08-24,581.83001709
1994-08-25,580.73999023
1994-08-26,587.96997070
1994-08-29,589.04998779
1994-08-30,590.92999268
1994-08-31,590.22998047
1994-09-01,587.45001221
1994-09-02,584.90997314
1994-09-06,586.02001953
1994-09-07,584.90997314
1994-09-08,587.64001465
1994-09-09,581.73999023
1994-09-12,579.33001709
1994-09-13,580.96997070
1994-09-14,582.57000732
1994-09-15,590.08001709
1994-09-16,585.59002686
1994-09-19,585.40002441
1994-09-20,576.10998535
1994-09-21,573.75000000
1994-09-22,573.52001953
1994-09-23,571.53002930
1994-09-26,573.33001709
1994-09-27,574.86999512
1994-09-28,578.34997559
1994-09-29,575.20001221
1994-09-30,575.79998779
1994-10-03,574.82000732
1994-10-04,566.04998779
1994-10-05,564.71997070
1994-10-06,563.28002930
1994-10-07,566.75000000
1994-10-10,571.65997314
1994-10-11,580.09002686
1994-10-12,579.69000244
1994-10-13,582.17999268
1994-10-14,584.26000977
1994-10-17,584.14001465
1994-10-18,582.53997803
1994-10-19,585.80999756
1994-10-20,581.53997803
1994-10-21,579.09997559
1994-10-24,574.09002686
1994-10-25,575.03002930
1994-10-26,576.46002197
1994-10-27,580.47998047
1994-10-28,590.38000488
1994-10-31,588.72998047
1994-11-01,583.97998047
1994-11-02,581.65002441
1994-11-03,583.48999023
1994-11-04,576.75000000
1994-11-07,577.90997314
1994-11-08,581.27001953
1994-11-09,581.01000977
1994-11-10,579.76000977
1994-11-11,577.23999023
1994-11-14,581.98999023
1994-11-15,580.75000000
1994-11-16,581.57000732
1994-11-17,579.03997803
1994-11-18,576.53997803
1994-11-21,572.60998535
1994-11-22,562.34997559
1994-11-23,562.22998047
1994-11-25,565.39001465
1994-11-28,567.83001709
1994-11-29,569.11999512
1994-11-30,567.28997803
1994-12-01,561.42999268
1994-12-02,566.98999023
1994-12-05,567.10998535
1994-12-06,566.86999512
1994-12-07,564.53997803
1994-12-08,557.33001709
1994-12-09,559.46002197
1994-12-12,562.64001465
1994-12-13,563.53997803
1994-12-14,569.58001709
1994-12-15,570.09002686
1994-12-16,574.42999268
1994-12-19,573.33001709
1994-12-20,572.34997559
1994-12-21,575.50000000
1994-12-22,575.58001709
1994-12-23,576.21002197
1994-12-27,579.53002930
1994-12-28,577.51000977
1994-12-29,577.91998291
1994-12-30,575.71002197
1995-01-03,575.52001953
1995-01-04,577.69000244
1995-01-05,577.29998779
1995-01-06,577.71997070
1995-01-09,577.97998047
1995-01-10,579.04998779
1995-01-11,579.03002930
1995-01-12,579.00000000
1995-01-13,584.53997803
1995-01-16,588.82000732
1995-01-17,589.67999268
1995-01-18,589.27001953
1995-01-19,585.79998779
1995-01-20,583.08001709
1995-01-23,584.40997314
1995-01-24,584.52001953
1995-01-25,586.59002686
1995-01-26,587.71997070
1995-01-27,590.33001709
1995-01-30,588.08001709
1995-01-31,590.64001465
1995-02-01,590.65002441
1995-02-02,593.72998047
1995-02-03,601.13000488
1995-02-06,604.55999756
1995-02-07,604.21002197
1995-02-08,604.73999023
1995-02-09,603.61999512
1995-02-10,605.33001709
1995-02-13,605.71002197
1995-02-14,606.96002197
1995-02-15,609.52001953
1995-02-16,610.38000488
1995-02-17,606.40997314
1995-02-21,607.40997314
1995-02-22,610.41998291
1995-02-23,612.86999512
1995-02-24,614.40002441
1995-02-27,609.11999512
1995-02-28,613.65002441
1995-03-01,611.64001465
1995-03-02,611.01000977
1995-03-03,611.50000000
1995-03-06,611.86999512
1995-03-07,607.47998047
1995-03-08,608.77001953
1995-03-09,609.10998535
1995-03-10,617.20001221
1995-03-13,617.84997559
1995-03-14,621.45001221
1995-03-15,620.21002197
1995-03-16,624.71002197
1995-03-17,624.84997559
1995-03-20,625.65002441
1995-03-21,624.29998779
1995-03-22,625.05999756
1995-03-23,625.40997314
1995-03-24,631.73999023
1995-03-27,634.83001709
1995-03-28,635.71997070
1995-03-29,634.73999023
1995-03-30,633.65002441
1995-03-31,631.76000977
1995-04-03,633.33001709
1995-04-04,637.77001953
1995-04-05,638.30999756
1995-04-06,638.95001221
1995-04-07,639.44000244
1995-04-10,640.21002197
1995-04-11,638.34002686
1995-04-12,640.46002197
1995-04-13,643.07000732
1995-04-17,639.21997070
1995-04-18,638.28002930
1995-04-19,637.72998047
1995-04-20,638.19000244
1995-04-21,642.23999023
1995-04-24,647.92999268
1995-04-25,647.01000977
1995-04-26,647.77001953
1995-04-27,648.89001465
1995-04-28,650.35998535
1995-05-01,649.95001221
1995-05-02,650.80999756
1995-05-03,657.94000244
1995-05-04,658.21997070
1995-05-05,657.73999023
1995-05-08,662.82000732
1995-05-09,662.58001709
1995-05-10,663.65002441
1995-05-11,663.76000977
1995-05-12,665.28002930
1995-05-15,668.22998047
1995-05-16,668.89001465
1995-05-17,667.47998047
1995-05-18,658.03997803
1995-05-19,657.84997559
1995-05-22,663.57000732
1995-05-23,669.85998535
1995-05-24,669.95001221
1995-05-25,670.09997559
1995-05-26,663.95001221
1995-05-30,663.89001465
1995-05-31,676.35998535
1995-06-01,676.53002930
1995-06-02,675.40002441
1995-06-05,679.32000732
1995-06-06,679.35998535
1995-06-07,676.28997803
1995-06-08,675.39001465
1995-06-09,669.79998779
1995-06-12,673.55999756
1995-06-13,680.40997314
1995-06-14,680.98999023
1995-06-15,681.82000732
1995-06-16,685.26000977
1995-06-19,692.15002441
1995-06-20,691.84997559
1995-06-21,690.59002686
1995-06-22,699.63000488
1995-06-23,697.91998291
1995-06-26,690.84002686
1995-06-27,688.67999268
1995-06-28,691.89001465
1995-06-29,690.79998779
1995-06-30,692.07000732
1995-07-03,695.08001709
1995-07-05,695.40997314
1995-07-06,704.14001465
1995-07-07,707.28002930
1995-07-10,708.33001709
1995-07-11,705.28002930
1995-07-12,713.09997559
1995-07-13,713.26000977
1995-07-14,711.84997559
1995-07-17,715.45001221
1995-07-18,710.09997559
1995-07-19,700.65997314
1995-07-20,703.92999268
1995-07-21,704.04998779
1995-07-24,707.86999512
1995-07-25,713.55999756
1995-07-26,714.25000000
1995-07-27,718.95001221
1995-07-28,716.07000732
1995-07-31,715.02001953
1995-08-01,711.95001221
1995-08-02,711.03002930
1995-08-03,711.15997314
1995-08-04,711.45001221
1995-08-07,712.90997314
1995-08-08,713.44000244
1995-08-09,712.67999268
1995-08-10,709.98999023
1995-08-11,707.14001465
1995-08-14,713.09997559
1995-08-15,711.71002197
1995-08-16,713.66998291
1995-08-17,712.52001953
1995-08-18,712.82000732
1995-08-21,711.44000244
1995-08-22,713.27001953
1995-08-23,710.34002686
1995-08-24,710.77001953
1995-08-25,714.15002441
1995-08-28,712.82000732
1995-08-29,714.13000488
1995-08-30,715.53997803
1995-08-31,716.82000732
1995-09-01,719.34002686
1995-09-05,726.26000977
1995-09-06,727.67999268
1995-09-07,727.88000488
1995-09-08,730.94000244
1995-09-11,732.53997803
1995-09-12,735.86999512
1995-09-13,739.10998535
1995-09-14,745.30999756
1995-09-15,744.97998047
1995-09-18,744.50000000
1995-09-19,746.34002686
1995-09-20,749.65997314
1995-09-21,744.88000488
1995-09-22,743.26000977
1995-09-25,743.35998535
1995-09-26,742.84997559
1995-09-27,742.73999023
1995-09-28,748.92999268
1995-09-29,747.07000732
1995-10-02,743.65002441
1995-10-03,744.46997070
1995-10-04,743.47998047
1995-10-05,745.21997070
1995-10-06,745.10998535
1995-10-09,739.84002686
1995-10-10,738.75000000
1995-10-11,741.34002686
1995-10-12,746.02001953
1995-10-13,747.82000732
1995-10-16,745.92999268
1995-10-17,750.72998047
1995-10-18,751.71002197
1995-10-19,755.83001709
1995-10-20,751.76000977
1995-10-23,748.70001221
1995-10-24,750.59002686
1995-10-25,745.42999268
1995-10-26,738.10998535
1995-10-27,742.00000000
1995-10-30,746.63000488
1995-10-31,744.40002441
1995-11-01,748.01000977
1995-11-02,755.23999023
1995-11-03,756.36999512
1995-11-06,753.73999023
1995-11-07,751.03002930
1995-11-08,758.09997559
1995-11-09,760.30999756
1995-11-10,759.65997314
1995-11-13,759.26000977
1995-11-14,755.48999023
1995-11-15,761.66998291
1995-11-16,766.05999756
1995-11-17,769.57000732
1995-11-20,765.55999756
1995-11-21,770.00000000
1995-11-22,767.65997314
1995-11-24,769.69000244
1995-11-27,771.42999268
1995-11-28,778.09997559
1995-11-29,779.97998047
1995-11-30,777.07000732
1995-12-01,779.15002441
1995-12-04,787.79998779
1995-12-05,793.01000977
1995-12-06,796.40997314
1995-12-07,791.28997803
1995-12-08,792.97998047
1995-12-11,795.63000488
1995-12-12,794.67999268
1995-12-13,798.76000977
1995-12-14,792.69000244
1995-12-15,791.95001221
1995-12-18,779.77001953
1995-12-19,786.34997559
1995-12-20,778.69000244
1995-12-21,784.57000732
1995-12-22,786.46997070
1995-12-26,789.47998047
1995-12-27,790.20001221
1995-12-28,789.69000244
1995-12-29,792.03997803
1996-01-02,798.21997070
1996-01-03,799.11999512
1996-01-04,794.46997070
1996-01-05,793.20001221
1996-01-08,795.67999268
1996-01-09,784.15997314
1996-01-10,770.10998535
1996-01-11,775.57000732
1996-01-12,774.42999268
1996-01-15,771.86999512
1996-01-16,782.96997070
1996-01-17,780.36999512
1996-01-18,782.84997559
1996-01-19,787.47998047
1996-01-22,789.50000000
1996-01-23,788.71997070
1996-01-24,797.98999023
1996-01-25,794.21997070
1996-01-26,800.13000488
1996-01-29,803.65002441
1996-01-30,811.30999756
1996-01-31,819.00000000
1996-02-01,822.29998779
1996-02-02,818.96997070
1996-02-05,826.22998047
1996-02-06,832.55999756
1996-02-07,837.34002686
1996-02-08,845.44000244
1996-02-09,845.86999512
1996-02-12,852.46997070
1996-02-13,851.47998047
1996-02-14,845.23999023
1996-02-15,839.90002441
1996-02-16,835.70001221
1996-02-20,826.26000977
1996-02-21,836.01000977
1996-02-22,849.92999268
1996-02-23,850.22998047
1996-02-26,839.11999512
1996-02-27,835.05999756
1996-02-28,832.09997559
1996-02-29,826.59002686
1996-03-01,831.70001221
1996-03-04,840.15002441
1996-03-05,846.65997314
1996-03-06,842.02001953
1996-03-07,844.21002197
1996-03-08,818.19000244
1996-03-11,826.65002441
1996-03-12,822.86999512
1996-03-13,825.14001465
1996-03-14,828.15002441
1996-03-15,828.90002441
1996-03-18,843.44000244
1996-03-19,842.21997070
1996-03-20,840.02001953
1996-03-21,839.04998779
1996-03-22,840.90002441
1996-03-25,840.15002441
1996-03-26,843.94000244
1996-03-27,838.95001221
1996-03-28,839.00000000
1996-03-29,834.54998779
1996-04-01,845.20001221
1996-04-02,847.34997559
1996-04-03,848.16998291
1996-04-04,848.21002197
1996-04-08,833.46997070
1996-04-09,830.84002686
1996-04-10,819.61999512
1996-04-11,816.70001221
1996-04-12,823.85998535
1996-04-15,831.33001709
1996-04-16,834.58001709
1996-04-17,830.30999756
1996-04-18,832.91998291
1996-04-19,834.80999756
1996-04-22,838.46002197
1996-04-23,843.25000000
1996-04-24,841.46002197
1996-04-25,844.96002197
1996-04-26,845.83001709
1996-04-29,846.77001953
1996-04-30,846.84997559
1996-05-01,847.48999023
1996-05-02,833.11999512
1996-05-03,830.89001465
1996-05-06,829.90997314
1996-05-07,826.63000488
1996-05-08,835.28002930
1996-05-09,836.36999512
1996-05-10,845.07000732
1996-05-13,857.44000244
1996-05-14,862.89001465
1996-05-15,862.78997803
1996-05-16,862.14001465
1996-05-17,867.76000977
1996-05-20,873.34002686
1996-05-21,872.84997559
1996-05-22,880.30999756
1996-05-23,877.19000244
1996-05-24,880.46002197
1996-05-28,872.32000732
1996-05-29,866.96002197
1996-05-30,872.00000000
1996-05-31,868.69000244
1996-06-03,866.83001709
1996-06-04,873.21002197
1996-06-05,881.09002686
1996-06-06,874.21997070
1996-06-07,874.59997559
1996-06-10,873.14001465
1996-06-11,871.59997559
1996-06-12,869.47998047
1996-06-13,868.08001709
1996-06-14,865.40002441
1996-06-17,864.53002930
1996-06-18,860.52001953
1996-06-19,860.40002441
1996-06-20,860.60998535
1996-06-21,866.78997803
1996-06-24,869.40997314
1996-06-25,868.92999268
1996-06-26,863.88000488
1996-06-27,869.29998779
1996-06-28,872.01000977
1996-07-01,878.96997070
1996-07-02,876.19000244
1996-07-03,874.63000488
1996-07-05,855.19000244
1996-07-08,849.07000732
1996-07-09,852.03002930
1996-07-10,853.77001953
1996-07-11,840.34002686
1996-07-12,841.01000977
1996-07-15,819.67999268
1996-07-16,817.82000732
1996-07-17,825.32000732
1996-07-18,837.73999023
1996-07-19,831.46002197
1996-07-22,825.00000000
1996-07-23,816.03002930
1996-07-24,815.77001953
1996-07-25,821.65997314
1996-07-26,827.80999756
1996-07-29,821.42999268
1996-07-30,827.13000488
1996-07-31,833.47998047
1996-08-01,846.77001953
1996-08-02,863.05999756
1996-08-05,860.19000244
1996-08-06,863.02001953
1996-08-07,865.46002197
1996-08-08,863.44000244
1996-08-09,863.01000977
1996-08-12,867.84002686
1996-08-13,860.82000732
1996-08-14,863.35998535
1996-08-15,863.71002197
1996-08-16,867.63000488
1996-08-19,869.45001221
1996-08-20,868.36999512
1996-08-21,867.66998291
1996-08-22,875.01000977
1996-08-23,870.28002930
1996-08-26,866.16998291
1996-08-27,869.46997070
1996-08-28,867.61999512
1996-08-29,858.09997559
1996-08-30,851.05999756
1996-09-03,854.63000488
1996-09-04,856.14001465
1996-09-05,848.15002441
1996-09-06,856.36999512
1996-09-09,866.94000244
1996-09-10,867.10998535
1996-09-11,871.80999756
1996-09-12,877.15002441
1996-09-13,889.41998291
1996-09-16,894.15997314
1996-09-17,892.80999756
1996-09-18,890.91998291
1996-09-19,892.96997070
1996-09-20,898.23999023
1996-09-23,897.54998779
1996-09-24,896.40997314
1996-09-25,896.72998047
1996-09-26,897.04998779
1996-09-27,897.50000000
1996-09-30,898.96997070
1996-10-01,901.28997803
1996-10-02,907.88000488
1996-10-03,906.28002930
1996-10-04,917.65997314
1996-10-07,920.15997314
1996-10-08,916.84002686
1996-10-09,911.86999512
1996-10-10,909.15997314
1996-10-11,917.08001709
1996-10-14,920.84997559
1996-10-15,919.59002686
1996-10-16,922.07000732
1996-10-17,925.52001953
1996-10-18,930.54998779
1996-10-21,929.28002930
1996-10-22,924.97998047
1996-10-23,925.92999268
1996-10-24,919.41998291
1996-10-25,917.63000488
1996-10-28,912.83001709
1996-10-29,918.48999023
1996-10-30,917.95001221
1996-10-31,923.76000977
1996-11-01,921.90997314
1996-11-04,925.88000488
1996-11-05,935.59002686
1996-11-06,949.46997070
1996-11-07,953.66998291
1996-11-08,957.90997314
1996-11-11,959.28997803
1996-11-12,956.36999512
1996-11-13,958.67999268
1996-11-14,964.98999023
1996-11-15,967.34002686
1996-11-18,966.63000488
1996-11-19,973.39001465
1996-11-20,975.90997314
1996-11-21,974.35998535
1996-11-22,982.21997070
1996-11-25,993.15997314
1996-11-26,991.97998047
1996-11-27,990.89001465
1996-11-29,993.58001709
1996-12-02,993.00000000
1996-12-03,982.15002441
1996-12-04,978.23999023
1996-12-05,977.40997314
1996-12-06,971.21002197
1996-12-09,984.63000488
1996-12-10,981.65002441
1996-12-11,972.84997559
1996-12-12,958.15002441
1996-12-13,957.26000977
1996-12-16,947.22998047
1996-12-17,953.88000488
1996-12-18,961.15997314
1996-12-19,979.88000488
1996-12-20,983.98999023
1996-12-23,981.42999268
1996-12-24,986.86999512
1996-12-26,993.15997314
1996-12-27,994.84997559
1996-12-30,991.01000977
1996-12-31,973.90002441
1997-01-02,969.04998779
1997-01-03,983.55999756
1997-01-06,983.08001709
1997-01-07,990.47998047
1997-01-08,984.40002441
1997-01-09,992.89001465
1997-01-10,999.01000977
1997-01-13,999.08001709
1997-01-14,1011.39001465
1997-01-15,1009.21997070
1997-01-16,1012.59997559
1997-01-17,1021.09002686
1997-01-20,1021.78997803
1997-01-21,1029.70996094
1997-01-22,1034.41003418
1997-01-23,1023.02001953
1997-01-24,1013.75000000
1997-01-27,1006.52001953
1997-01-28,1006.59997559
1997-01-29,1016.63000488
1997-01-30,1032.11999512
1997-01-31,1034.73999023
1997-02-03,1035.58996582
1997-02-04,1039.00000000
1997-02-05,1024.71997070
1997-02-06,1027.50000000
1997-02-07,1039.91003418
1997-02-10,1034.51000977
1997-02-11,1039.98999023
1997-02-12,1057.64001465
1997-02-13,1069.68005371
1997-02-14,1065.31005859
1997-02-18,1075.81994629
1997-02-19,1070.92004395
1997-02-20,1058.19995117
1997-02-21,1056.85998535
1997-02-24,1068.08996582
1997-02-25,1070.50000000
1997-02-26,1062.22998047
1997-02-27,1048.43005371
1997-02-28,1042.84997559
1997-03-03,1048.78002930
1997-03-04,1043.18994141
1997-03-05,1058.09997559
1997-03-06,1053.69995117
1997-03-07,1062.17004395
1997-03-10,1073.64001465
1997-03-11,1070.60998535
1997-03-12,1061.51000977
1997-03-13,1042.31994629
1997-03-14,1047.08996582
1997-03-17,1050.48999023
1997-03-18,1042.52001953
1997-03-19,1037.40002441
1997-03-20,1033.33996582
1997-03-21,1035.26000977
1997-03-24,1044.25000000
1997-03-25,1041.93994141
1997-03-26,1044.07995605
1997-03-27,1022.14001465
1997-03-31,1000.00000000
1997-04-01,1003.33001709
1997-04-02,990.92999268
1997-04-03,991.21002197
1997-04-04,1001.25000000
1997-04-07,1006.84997559
1997-04-08,1012.40997314
1997-04-09,1005.17999268
1997-04-10,1002.21997070
1997-04-11,974.94000244
1997-04-14,982.97998047
1997-04-15,997.50000000
1997-04-16,1009.21997070
1997-04-17,1006.92999268
1997-04-18,1012.96997070
1997-04-21,1005.08001709
1997-04-22,1023.90002441
1997-04-23,1022.66998291
1997-04-24,1019.42999268
1997-04-25,1011.75000000
1997-04-28,1021.91998291
1997-04-29,1049.84997559
1997-04-30,1059.69995117
1997-05-01,1056.13000488
1997-05-02,1075.22998047
1997-05-05,1098.14001465
1997-05-06,1094.94995117
1997-05-07,1079.05004883
1997-05-08,1085.21997070
1997-05-09,1091.48999023
1997-05-12,1108.57995605
1997-05-13,1102.78002930
1997-05-14,1106.79003906
1997-05-15,1114.85998535
1997-05-16,1099.00000000
1997-05-19,1103.68005371
1997-05-20,1114.88000488
1997-05-21,1111.93994141
1997-05-22,1107.07995605
1997-05-23,1122.16003418
1997-05-27,1125.71997070
1997-05-28,1122.59997559
1997-05-29,1118.61999512
1997-05-30,1124.21997070
1997-06-02,1121.68994141
1997-06-03,1120.54003906
1997-06-04,1113.68994141
1997-06-05,1118.22998047
1997-06-06,1137.61999512
1997-06-09,1144.15002441
1997-06-10,1147.30004883
1997-06-11,1153.20996094
1997-06-12,1171.91003418
1997-06-13,1184.90002441
1997-06-16,1185.78002930
1997-06-17,1186.46997070
1997-06-18,1179.41003418
1997-06-19,1191.29003906
1997-06-20,1192.23999023
1997-06-23,1165.61999512
1997-06-24,1189.13000488
1997-06-25,1179.42004395
1997-06-26,1172.63000488
1997-06-27,1177.44995117
1997-06-30,1174.58996582
1997-07-01,1182.56994629
1997-07-02,1199.97998047
1997-07-03,1217.10998535
1997-07-07,1210.85998535
1997-07-08,1219.81994629
1997-07-09,1205.00000000
1997-07-10,1213.31994629
1997-07-11,1217.33996582
1997-07-14,1219.59997559
1997-07-15,1229.40002441
1997-07-16,1243.85998535
1997-07-17,1237.28002930
1997-07-18,1215.63000488
1997-07-21,1212.50000000
1997-07-22,1240.43994141
1997-07-23,1243.90002441
1997-07-24,1248.88000488
1997-07-25,1246.86999512
1997-07-28,1243.76000977
1997-07-29,1251.66003418
1997-07-30,1265.20996094
1997-07-31,1268.05004883
1997-08-01,1258.58996582
1997-08-04,1262.81005859
1997-08-05,1265.57995605
1997-08-06,1276.25000000
1997-08-07,1264.19995117
1997-08-08,1240.75000000
1997-08-11,1245.67004395
1997-08-12,1231.81994629
1997-08-13,1226.09997559
1997-08-14,1229.80004883
1997-08-15,1197.98999023
1997-08-18,1213.68005371
1997-08-19,1231.68005371
1997-08-20,1249.60998535
1997-08-21,1230.60998535
1997-08-22,1228.63000488
1997-08-25,1224.11999512
1997-08-26,1214.64001465
1997-08-27,1215.71997070
1997-08-28,1202.56005859
1997-08-29,1197.01000977
1997-09-02,1234.43994141
1997-09-03,1235.14001465
1997-09-04,1239.17004395
1997-09-05,1236.81994629
1997-09-08,1239.76000977
1997-09-09,1242.98999023
1997-09-10,1223.59997559
1997-09-11,1215.41003418
1997-09-12,1230.52001953
1997-09-15,1225.26000977
1997-09-16,1259.71997070
1997-09-17,1256.29003906
1997-09-18,1262.06005859
1997-09-19,1266.36999512
1997-09-22,1272.94995117
1997-09-23,1268.29003906
1997-09-24,1258.40002441
1997-09-25,1249.65002441
1997-09-26,1259.79003906
1997-09-29,1270.64001465
1997-09-30,1262.56005859
1997-10-01,1273.51000977
1997-10-02,1280.30004883
1997-10-03,1286.42004395
1997-10-06,1296.63000488
1997-10-07,1310.59997559
1997-10-08,1298.57995605
1997-10-09,1294.31994629
1997-10-10,1289.54003906
1997-10-13,1291.03002930
1997-10-14,1293.93994141
1997-10-15,1287.88000488
1997-10-16,1273.92004395
1997-10-17,1259.16003418
1997-10-20,1274.43994141
1997-10-21,1296.68005371
1997-10-22,1291.70996094
1997-10-23,1267.97998047
1997-10-24,1255.91003418
1997-10-27,1169.68994141
1997-10-28,1229.52001953
1997-10-29,1226.21997070
1997-10-30,1205.79003906
1997-10-31,1220.40002441
1997-11-03,1252.95996094
1997-11-04,1255.32995605
1997-11-05,1258.18005371
1997-11-06,1251.96997070
1997-11-07,1238.19995117
1997-11-10,1229.79003906
1997-11-11,1233.32995605
1997-11-12,1209.81994629
1997-11-13,1224.19995117
1997-11-14,1239.88000488
1997-11-17,1263.76000977
1997-11-18,1253.26000977
1997-11-19,1261.94995117
1997-11-20,1281.18994141
1997-11-21,1286.68994141
1997-11-24,1264.79003906
1997-11-25,1270.47998047
1997-11-26,1271.82995605
1997-11-28,1276.89001465
1997-12-01,1302.81994629
1997-12-02,1298.69995117
1997-12-03,1305.83996582
1997-12-04,1300.97998047
1997-12-05,1315.28002930
1997-12-08,1313.46997070
1997-12-09,1304.66003418
1997-12-10,1296.73999023
1997-12-11,1277.21997070
1997-12-12,1275.16003418
1997-12-15,1288.56005859
1997-12-16,1294.78002930
1997-12-17,1291.52001953
1997-12-18,1277.89001465
1997-12-19,1266.50000000
1997-12-22,1275.78002930
1997-12-23,1256.31994629
1997-12-24,1247.75000000
1997-12-26,1252.79003906
1997-12-29,1275.81005859
1997-12-30,1299.33996582
1997-12-31,1298.81994629
1998-01-02,1305.04003906
1998-01-05,1307.78002930
1998-01-06,1293.80004883
1998-01-07,1290.66003418
1998-01-08,1280.06994629
1998-01-09,1242.09997559
1998-01-12,1257.53002930
1998-01-13,1274.86999512
1998-01-14,1282.70996094
1998-01-15,1273.09997559
1998-01-16,1287.53002930
1998-01-20,1310.43005371
1998-01-21,1300.07995605
1998-01-22,1289.68005371
1998-01-23,1282.40002441
1998-01-26,1281.54003906
1998-01-27,1297.69995117
1998-01-28,1309.31005859
1998-01-29,1320.16003418
1998-01-30,1313.18994141
1998-02-02,1341.31994629
1998-02-03,1347.71997070
1998-02-04,1349.10998535
1998-02-05,1344.77001953
1998-02-06,1356.95996094
1998-02-09,1354.75000000
1998-02-10,1365.84997559
1998-02-11,1367.48999023
1998-02-12,1373.16003418
1998-02-13,1367.77001953
1998-02-17,1371.41003418
1998-02-18,1384.23999023
1998-02-19,1379.18994141
1998-02-20,1387.16003418
1998-02-23,1392.45996094
1998-02-24,1382.29003906
1998-02-25,1399.04003906
1998-02-26,1406.94995117
1998-02-27,1407.90002441
1998-03-02,1405.72998047
1998-03-03,1411.54003906
1998-03-04,1405.56005859
1998-03-05,1389.27001953
1998-03-06,1417.09997559
1998-03-09,1412.57995605
1998-03-10,1428.63000488
1998-03-11,1434.56005859
1998-03-12,1436.72998047
1998-03-13,1434.98999023
1998-03-16,1449.32995605
1998-03-17,1450.91003418
1998-03-18,1457.79003906
1998-03-19,1463.51000977
1998-03-20,1476.17004395
1998-03-23,1471.34997559
1998-03-24,1484.92004395
1998-03-25,1479.94995117
1998-03-26,1478.43005371
1998-03-27,1471.48999023
1998-03-30,1468.96997070
1998-03-31,1480.00000000
1998-04-01,1488.69995117
1998-04-02,1504.68994141
1998-04-03,1508.31994629
1998-04-06,1506.56005859
1998-04-07,1491.11999512
1998-04-08,1480.54003906
1998-04-09,1492.68005371
1998-04-13,1491.44995117
1998-04-14,1499.58996582
1998-04-15,1504.40002441
1998-04-16,1489.43994141
1998-04-17,1509.01000977
1998-04-20,1510.26000977
1998-04-21,1514.32995605
1998-04-22,1519.61999512
1998-04-23,1504.91003418
1998-04-24,1489.20996094
1998-04-27,1460.50000000
1998-04-28,1458.72998047
1998-04-29,1471.77001953
1998-04-30,1494.89001465
1998-05-01,1507.32995605
1998-05-04,1508.77001953
1998-05-05,1499.96997070
1998-05-06,1486.09997559
1998-05-07,1472.97998047
1998-05-08,1490.47998047
1998-05-11,1489.19995117
1998-05-12,1501.57995605
1998-05-13,1506.00000000
1998-05-14,1504.03002930
1998-05-15,1492.45996094
1998-05-18,1488.70996094
1998-05-19,1493.69995117
1998-05-20,1506.75000000
1998-05-21,1500.80004883
1998-05-22,1495.18994141
1998-05-26,1473.06005859
1998-05-27,1470.83996582
1998-05-28,1478.28002930
1998-05-29,1469.18994141
1998-06-01,1469.45996094
1998-06-02,1472.47998047
1998-06-03,1458.68005371
1998-06-04,1474.98999023
1998-06-05,1500.68005371
1998-06-08,1503.27001953
1998-06-09,1506.93005371
1998-06-10,1498.75000000
1998-06-11,1475.29003906
1998-06-12,1481.06005859
1998-06-15,1451.65002441
1998-06-16,1465.91003418
1998-06-17,1492.28002930
1998-06-18,1491.34997559
1998-06-19,1483.65002441
1998-06-22,1487.11999512
1998-06-23,1509.06994629
1998-06-24,1527.18005371
1998-06-25,1522.31994629
1998-06-26,1527.85998535
1998-06-29,1535.01000977
1998-06-30,1528.86999512
1998-07-01,1548.77001953
1998-07-02,1545.89001465
1998-07-06,1560.82995605
1998-07-07,1557.25000000
1998-07-08,1573.44995117
1998-07-09,1562.92004395
1998-07-10,1570.70996094
1998-07-13,1571.93005371
1998-07-14,1588.67004395
1998-07-15,1584.93994141
1998-07-16,1597.35998535
1998-07-17,1601.07995605
1998-07-20,1597.52001953
1998-07-21,1571.84997559
1998-07-22,1570.63000488
1998-07-23,1537.81994629
1998-07-24,1539.22998047
1998-07-27,1547.96997070
1998-07-28,1524.98999023
1998-07-29,1518.50000000
1998-07-30,1542.66003418
1998-07-31,1512.58996582
1998-08-03,1501.53002930
1998-08-04,1447.15002441
1998-08-05,1459.92004395
1998-08-06,1471.11999512
1998-08-07,1470.88000488
1998-08-10,1462.44995117
1998-08-11,1443.60998535
1998-08-12,1464.46997070
1998-08-13,1451.93005371
1998-08-14,1435.57995605
1998-08-17,1463.88000488
1998-08-18,1487.70996094
1998-08-19,1483.56005859
1998-08-20,1474.92004395
1998-08-21,1460.94995117
1998-08-24,1470.28002930
1998-08-25,1476.64001465
1998-08-26,1465.06005859
1998-08-27,1408.97998047
1998-08-28,1388.30004883
1998-08-31,1293.90002441
1998-09-01,1343.93994141
1998-09-02,1339.14001465
1998-09-03,1328.06994629
1998-09-04,1316.81005859
1998-09-08,1383.92004395
1998-09-09,1360.66003418
1998-09-10,1325.51000977
1998-09-11,1364.94995117
1998-09-14,1393.17004395
1998-09-15,1403.93994141
1998-09-16,1414.58996582
1998-09-17,1378.68005371
1998-09-18,1380.33996582
1998-09-21,1385.51000977
1998-09-22,1393.28002930
1998-09-23,1442.66003418
1998-09-24,1411.04003906
1998-09-25,1413.79003906
1998-09-28,1419.56994629
1998-09-29,1420.04003906
1998-09-30,1376.79003906
1998-10-01,1335.35998535
1998-10-02,1357.38000488
1998-10-05,1338.36999512
1998-10-06,1333.06994629
1998-10-07,1314.63000488
1998-10-08,1299.43994141
1998-10-09,1333.22998047
1998-10-12,1351.27001953
1998-10-13,1347.41003418
1998-10-14,1361.96997070
1998-10-15,1418.81005859
1998-10-16,1430.92004395
1998-10-19,1439.00000000
1998-10-20,1441.08996582
1998-10-21,1449.30004883
1998-10-22,1460.93005371
1998-10-23,1450.36999512
1998-10-26,1452.59997559
1998-10-27,1443.15002441
1998-10-28,1447.15002441
1998-10-29,1471.51000977
1998-10-30,1488.78002930
1998-11-02,1506.31005859
1998-11-03,1505.31994629
1998-11-04,1516.15002441
1998-11-05,1536.84997559
1998-11-06,1546.69995117
1998-11-09,1532.29003906
1998-11-10,1529.92004395
1998-11-11,1520.04003906
1998-11-12,1515.75000000
1998-11-13,1526.70996094
1998-11-16,1540.51000977
1998-11-17,1545.20996094
1998-11-18,1552.40002441
1998-11-19,1563.52001953
1998-11-20,1578.36999512
1998-11-23,1611.83996582
1998-11-24,1604.86999512
1998-11-25,1610.28002930
1998-11-27,1617.94995117
1998-11-30,1579.02001953
1998-12-01,1594.86999512
1998-12-02,1589.77001953
1998-12-03,1561.16003418
1998-12-04,1597.27001953
1998-12-07,1612.18005371
1998-12-08,1603.68994141
1998-12-09,1606.68005371
1998-12-10,1581.65002441
1998-12-11,1583.92004395
1998-12-14,1549.63000488
1998-12-15,1579.02001953
1998-12-16,1577.86999512
1998-12-17,1602.46997070
1998-12-18,1613.41003418
1998-12-21,1633.56005859
1998-12-22,1634.57995605
1998-12-23,1668.50000000
1998-12-24,1665.44995117
1998-12-28,1664.39001465
1998-12-29,1687.03002930
1998-12-30,1673.66003418
1998-12-31,1670.01000977
1999-01-04,1668.52001953
1999-01-05,1691.25000000
1999-01-06,1729.07995605
1999-01-07,1725.64001465
1999-01-08,1732.93005371
1999-01-11,1717.68994141
1999-01-12,1684.56994629
1999-01-13,1677.72998047
1999-01-14,1647.56994629
1999-01-15,1689.81994629
1999-01-19,1701.70996094
1999-01-20,1708.08996582
1999-01-21,1678.93005371
1999-01-22,1665.39001465
1999-01-25,1677.33996582
1999-01-26,1702.26000977
1999-01-27,1690.07995605
1999-01-28,1720.43994141
1999-01-29,1739.83996582
1999-02-01,1730.81005859
1999-02-02,1715.91003418
1999-02-03,1729.83996582
1999-02-04,1697.91003418
1999-02-05,1685.57995605
1999-02-08,1691.80004883
1999-02-09,1654.23999023
1999-02-10,1664.64001465
1999-02-11,1706.25000000
1999-02-12,1673.77001953
1999-02-16,1689.75000000
1999-02-17,1665.68005371
1999-02-18,1683.83996582
1999-02-19,1686.47998047
1999-02-22,1731.31994629
1999-02-23,1730.05004883
1999-02-24,1706.03002930
1999-02-25,1694.82995605
1999-02-26,1685.77001953
1999-03-01,1682.85998535
1999-03-02,1668.36999512
1999-03-03,1671.73999023
1999-03-04,1697.76000977
1999-03-05,1737.05004883
1999-03-08,1747.04003906
1999-03-09,1743.10998535
1999-03-10,1752.75000000
1999-03-11,1767.93005371
1999-03-12,1763.73999023
1999-03-15,1781.02001953
1999-03-16,1779.83996582
1999-03-17,1768.27001953
1999-03-18,1793.84997559
1999-03-19,1770.33996582
1999-03-22,1767.26000977
1999-03-23,1719.76000977
1999-03-24,1728.56994629
1999-03-25,1757.75000000
1999-03-26,1747.94995117
1999-03-29,1785.50000000
1999-03-30,1772.79003906
1999-03-31,1753.20996094
1999-04-01,1763.31005859
1999-04-05,1800.67004395
1999-04-06,1796.33996582
1999-04-07,1808.96997070
1999-04-08,1832.33996582
1999-04-09,1838.30004883
1999-04-12,1852.34997559
1999-04-13,1840.40002441
1999-04-14,1811.29003906
1999-04-15,1803.68005371
1999-04-16,1798.42004395
1999-04-19,1758.18994141
1999-04-20,1780.93994141
1999-04-21,1821.88000488
1999-04-22,1852.85998535
1999-04-23,1850.18005371
1999-04-26,1854.53002930
1999-04-27,1858.29003906
1999-04-28,1842.21997070
1999-04-29,1831.53002930
1999-04-30,1821.10998535
1999-05-03,1847.63000488
1999-05-04,1816.79003906
1999-05-05,1838.07995605
1999-05-06,1817.39001465
1999-05-07,1835.06005859
1999-05-10,1829.16003418
1999-05-11,1850.16003418
1999-05-12,1861.96997070
1999-05-13,1866.86999512
1999-05-14,1826.31005859
1999-05-17,1828.67004395
1999-05-18,1820.35998535
1999-05-19,1835.32995605
1999-05-20,1828.05004883
1999-05-21,1816.41003418
1999-05-24,1784.14001465
1999-05-25,1753.79003906
1999-05-26,1781.83996582
1999-05-27,1750.18994141
1999-05-28,1778.09997559
1999-06-01,1767.80004883
1999-06-02,1768.92004395
1999-06-03,1775.40002441
1999-06-04,1813.96997070
1999-06-07,1823.29003906
1999-06-08,1799.86999512
1999-06-09,1801.79003906
1999-06-10,1780.18994141
1999-06-11,1768.04003906
1999-06-14,1768.56005859
1999-06-15,1778.35998535
1999-06-16,1818.40002441
1999-06-17,1831.44995117
1999-06-18,1835.47998047
1999-06-21,1843.93005371
1999-06-22,1826.00000000
1999-06-23,1822.17004395
1999-06-24,1798.55004883
1999-06-25,1797.91003418
1999-06-28,1820.08996582
1999-06-29,1847.58996582
1999-06-30,1876.78002930
1999-07-01,1888.15002441
1999-07-02,1902.18005371
1999-07-06,1898.15002441
1999-07-07,1909.13000488
1999-07-08,1907.28002930
1999-07-09,1919.40002441
1999-07-12,1913.68994141
1999-07-13,1906.18994141
1999-07-14,1912.54003906
1999-07-15,1928.20996094
1999-07-16,1940.76000977
1999-07-19,1925.55004883
1999-07-20,1883.76000977
1999-07-21,1886.85998535
1999-07-22,1861.82995605
1999-07-23,1856.31005859
1999-07-26,1843.75000000
1999-07-27,1864.38000488
1999-07-28,1868.05004883
1999-07-29,1835.02001953
1999-07-30,1818.18005371
1999-08-02,1817.27001953
1999-08-03,1809.30004883
1999-08-04,1786.51000977
1999-08-05,1798.10998535
1999-08-06,1780.06005859
1999-08-09,1776.68005371
1999-08-10,1754.32995605
1999-08-11,1782.84997559
1999-08-12,1777.75000000
1999-08-13,1818.25000000
1999-08-16,1822.53002930
1999-08-17,1840.88000488
1999-08-18,1825.56005859
1999-08-19,1812.97998047
1999-08-20,1830.81994629
1999-08-23,1863.18005371
1999-08-24,1867.68005371
1999-08-25,1892.86999512
1999-08-26,1865.79003906
1999-08-27,1847.11999512
1999-08-30,1814.10998535
1999-08-31,1809.18994141
1999-09-01,1824.19995117
1999-09-02,1807.82995605
1999-09-03,1860.15002441
1999-09-07,1851.01000977
1999-09-08,1842.56005859
1999-09-09,1847.36999512
1999-09-10,1852.84997559
1999-09-13,1842.95996094
1999-09-14,1832.22998047
1999-09-15,1807.17004395
1999-09-16,1807.97998047
1999-09-17,1831.22998047
1999-09-20,1831.42004395
1999-09-21,1793.08996582
1999-09-22,1797.15002441
1999-09-23,1755.88000488
1999-09-24,1751.69995117
1999-09-27,1759.85998535
1999-09-28,1758.77001953
1999-09-29,1739.92004395
1999-09-30,1759.58996582
1999-10-01,1759.77001953
1999-10-04,1789.70996094
1999-10-05,1785.31994629
1999-10-06,1818.60998535
1999-10-07,1808.00000000
1999-10-08,1833.21997070
1999-10-11,1832.10998535
1999-10-12,1801.68994141
1999-10-13,1764.09997559
1999-10-14,1761.18005371
1999-10-15,1711.77001953
1999-10-18,1721.00000000
1999-10-19,1730.86999512
1999-10-20,1769.55004883
1999-10-21,1761.57995605
1999-10-22,1786.35998535
1999-10-25,1775.34997559
1999-10-26,1759.27001953
1999-10-27,1779.71997070
1999-10-28,1842.80004883
1999-10-29,1870.93994141
1999-11-01,1858.85998535
1999-11-02,1850.13000488
1999-11-03,1860.28002930
1999-11-04,1870.88000488
1999-11-05,1881.32995605
1999-11-08,1890.81005859
1999-11-09,1875.06994629
1999-11-10,1886.51000977
1999-11-11,1897.50000000
1999-11-12,1917.71997070
1999-11-15,1915.46997070
1999-11-16,1950.82995605
1999-11-17,1938.21997070
1999-11-18,1957.86999512
1999-11-19,1953.83996582
1999-11-22,1952.41003418
1999-11-23,1930.09997559
1999-11-24,1947.20996094
1999-11-26,1946.71997070
1999-11-29,1934.94995117
1999-11-30,1908.96997070
1999-12-01,1921.48999023
1999-12-02,1937.06994629
1999-12-03,1970.43005371
1999-12-06,1956.76000977
1999-12-07,1937.33996582
1999-12-08,1930.23999023
1999-12-09,1936.08996582
1999-12-10,1948.36999512
1999-12-13,1946.22998047
1999-12-14,1929.68005371
1999-12-15,1943.70996094
1999-12-16,1951.31005859
1999-12-17,1954.43994141
1999-12-20,1950.43994141
1999-12-21,1971.56005859
1999-12-22,1975.50000000
1999-12-23,2006.06994629
1999-12-27,2004.36999512
1999-12-28,2005.14001465
1999-12-29,2013.38000488
1999-12-30,2014.81005859
1999-12-31,2021.40002441
2000-01-03,2002.10998535
2000-01-04,1925.41003418
2000-01-05,1929.28002930
2000-01-06,1931.51000977
2000-01-07,1983.82995605
2000-01-10,2006.06994629
2000-01-11,1979.92004395
2000-01-12,1971.35998535
2000-01-13,1995.34997559
2000-01-14,2016.64001465
2000-01-18,2002.89001465
2000-01-19,2004.02001953
2000-01-20,1989.81005859
2000-01-21,1984.01000977
2000-01-24,1929.19995117
2000-01-25,1940.90002441
2000-01-26,1932.78002930
2000-01-27,1925.31005859
2000-01-28,1872.60998535
2000-01-31,1919.83996582
2000-02-01,1940.23999023
2000-02-02,1940.20996094
2000-02-03,1962.20996094
2000-02-04,1961.43994141
2000-02-07,1961.30004883
2000-02-08,1985.48999023
2000-02-09,1944.56994629
2000-02-10,1951.65002441
2000-02-11,1910.92004395
2000-02-14,1914.88000488
2000-02-15,1931.57995605
2000-02-16,1912.11999512
2000-02-17,1912.95996094
2000-02-18,1854.84997559
2000-02-22,1863.26000977
2000-02-23,1875.16003418
2000-02-24,1865.19995117
2000-02-25,1837.69995117
2000-02-28,1858.17004395
2000-02-29,1883.50000000
2000-03-01,1901.51000977
2000-03-02,1905.08996582
2000-03-03,1942.89001465
2000-03-06,1918.43994141
2000-03-07,1869.32995605
2000-03-08,1884.81005859
2000-03-09,1933.10998535
2000-03-10,1923.97998047
2000-03-13,1908.42004395
2000-03-14,1874.68994141
2000-03-15,1920.28002930
2000-03-16,2012.03002930
2000-03-17,2020.31005859
2000-03-20,2009.53002930
2000-03-21,2060.89990234
2000-03-22,2070.27001953
2000-03-23,2107.12988281
2000-03-24,2107.28002930
2000-03-27,2102.31005859
2000-03-28,2080.08007812
2000-03-29,2081.44995117
2000-03-30,2053.05004883
2000-03-31,2067.76000977
2000-04-03,2077.96997070
2000-04-04,2062.53002930
2000-04-05,2052.52001953
2000-04-06,2072.14990234
2000-04-07,2092.87011719
2000-04-10,2076.45996094
2000-04-11,2071.21997070
2000-04-12,2025.22998047
2000-04-13,1988.43005371
2000-04-14,1872.55004883
2000-04-17,1934.50000000
2000-04-18,1990.04003906
2000-04-19,1970.57995605
2000-04-20,1980.35998535
2000-04-24,1973.91003418
2000-04-25,2039.59997559
2000-04-26,2017.04003906
2000-04-27,2022.68005371
2000-04-28,2005.55004883
2000-05-01,2027.40002441
2000-05-02,1997.08996582
2000-05-03,1954.22998047
2000-05-04,1946.65002441
2000-05-05,1978.52001953
2000-05-08,1967.01000977
2000-05-09,1950.50000000
2000-05-10,1910.79003906
2000-05-11,1945.38000488
2000-05-12,1963.58996582
2000-05-15,2007.03002930
2000-05-16,2025.95996094
2000-05-17,2000.93994141
2000-05-18,1986.40002441
2000-05-19,1944.65002441
2000-05-22,1936.04003906
2000-05-23,1898.93994141
2000-05-24,1933.84997559
2000-05-25,1909.67004395
2000-05-26,1904.97998047
2000-05-30,1966.58996582
2000-05-31,1964.40002441
2000-06-01,2003.44995117
2000-06-02,2042.79003906
2000-06-05,2029.50000000
2000-06-06,2015.97998047
2000-06-07,2034.91003418
2000-06-08,2021.56005859
2000-06-09,2015.03002930
2000-06-12,1999.92004395
2000-06-13,2032.57995605
2000-06-14,2034.18994141
2000-06-15,2045.52001953
2000-06-16,2026.00000000
2000-06-19,2055.84008789
2000-06-20,2041.93994141
2000-06-21,2046.34997559
2000-06-22,2009.13000488
2000-06-23,1994.32995605
2000-06-26,2013.46997070
2000-06-27,2006.88000488
2000-06-28,2013.07995605
2000-06-29,1995.89001465
2000-06-30,2012.82995605
2000-07-03,2033.57995605
2000-07-05,2001.70996094
2000-07-06,2016.41003418
2000-07-07,2047.18994141
2000-07-10,2042.65002441
2000-07-11,2049.98999023
2000-07-12,2066.79003906
2000-07-13,2070.86010742
2000-07-14,2090.43994141
2000-07-17,2091.13989258
2000-07-18,2067.96997070
2000-07-19,2051.76000977
2000-07-20,2070.61010742
2000-07-21,2049.31005859
2000-07-24,2027.41003418
2000-07-25,2041.51000977
2000-07-26,2011.01000977
2000-07-27,2007.29003906
2000-07-28,1966.19995117
2000-07-31,1981.35998535
2000-08-01,1991.43005371
2000-08-02,1992.41003418
2000-08-03,2011.80004883
2000-08-04,2026.40002441
2000-08-07,2049.13989258
2000-08-08,2054.12011719
2000-08-09,2040.55004883
2000-08-10,2023.32995605
2000-08-11,2039.51000977
2000-08-14,2066.89990234
2000-08-15,2057.03002930
2000-08-16,2050.92993164
2000-08-17,2073.43994141
2000-08-18,2067.47998047
2000-08-21,2078.25000000
2000-08-22,2076.37988281
2000-08-23,2087.39990234
2000-08-24,2090.65991211
2000-08-25,2088.10009766
2000-08-28,2098.71997070
2000-08-29,2092.98999023
2000-08-30,2083.47998047
2000-08-31,2104.42993164
2000-09-01,2108.76000977
2000-09-05,2089.77001953
2000-09-06,2069.39990234
2000-09-07,2083.67993164
2000-09-08,2072.58007812
2000-09-11,2065.34008789
2000-09-12,2055.26000977
2000-09-13,2059.77001953
2000-09-14,2054.20996094
2000-09-15,2033.31994629
2000-09-18,2003.81005859
2000-09-19,2025.17004395
2000-09-20,2013.33996582
2000-09-21,2010.20996094
2000-09-22,2009.76000977
2000-09-25,1996.31994629
2000-09-26,1979.92004395
2000-09-27,1979.31005859
2000-09-28,2023.32995605
2000-09-29,1993.32995605
2000-10-02,1992.93994141
2000-10-03,1979.43994141
2000-10-04,1990.61999512
2000-10-05,1993.69995117
2000-10-06,1955.81994629
2000-10-09,1946.16003418
2000-10-10,1925.41003418
2000-10-11,1894.36999512
2000-10-12,1846.07995605
2000-10-13,1907.70996094
2000-10-16,1908.33996582
2000-10-17,1874.11999512
2000-10-18,1863.34997559
2000-10-19,1928.09997559
2000-10-20,1939.43994141
2000-10-23,1937.85998535
2000-10-24,1941.13000488
2000-10-25,1895.03002930
2000-10-26,1894.42004395
2000-10-27,1915.55004883
2000-10-30,1942.19995117
2000-10-31,1984.91003418
2000-11-01,1973.71997070
2000-11-02,1983.72998047
2000-11-03,1981.50000000
2000-11-06,1989.18994141
2000-11-07,1988.80004883
2000-11-08,1957.61999512
2000-11-09,1945.23999023
2000-11-10,1897.78002930
2000-11-13,1877.51000977
2000-11-14,1921.67004395
2000-11-15,1931.43994141
2000-11-16,1907.19995117
2000-11-17,1900.88000488
2000-11-20,1866.01000977
2000-11-21,1872.71997070
2000-11-22,1838.00000000
2000-11-24,1865.00000000
2000-11-27,1875.01000977
2000-11-28,1857.30004883
2000-11-29,1865.89001465
2000-11-30,1828.42004395
2000-12-01,1828.81005859
2000-12-04,1842.35998535
2000-12-05,1914.08996582
2000-12-06,1879.57995605
2000-12-07,1868.64001465
2000-12-08,1905.29003906
2000-12-11,1919.65002441
2000-12-12,1907.09997559
2000-12-13,1891.93005371
2000-12-14,1865.44995117
2000-12-15,1825.42004395
2000-12-18,1840.18005371
2000-12-19,1816.35998535
2000-12-20,1759.61999512
2000-12-21,1773.70996094
2000-12-22,1817.00000000
2000-12-26,1829.82995605
2000-12-27,1849.33996582
2000-12-28,1856.76000977
2000-12-29,1837.36999512
2001-01-02,1785.85998535
2001-01-03,1875.56005859
2001-01-04,1855.81994629
2001-01-05,1807.13000488
2001-01-08,1804.04003906
2001-01-09,1810.97998047
2001-01-10,1828.50000000
2001-01-11,1847.36999512
2001-01-12,1835.54003906
2001-01-16,1847.13000488
2001-01-17,1851.16003418
2001-01-18,1876.93994141
2001-01-19,1869.38000488
2001-01-22,1869.89001465
2001-01-23,1894.25000000
2001-01-24,1899.70996094
2001-01-25,1890.27001953
2001-01-26,1886.80004883
2001-01-29,1899.75000000
2001-01-30,1913.13000488
2001-01-31,1902.55004883
2001-02-01,1913.10998535
2001-02-02,1879.68994141
2001-02-05,1886.47998047
2001-02-06,1883.71997070
2001-02-07,1868.29003906
2001-02-08,1856.66003418
2001-02-09,1831.95996094
2001-02-12,1853.65002441
2001-02-13,1837.77001953
2001-02-14,1834.09997559
2001-02-15,1849.15002441
2001-02-16,1814.21997070
2001-02-20,1782.75000000
2001-02-21,1749.85998535
2001-02-22,1746.50000000
2001-02-23,1736.81994629
2001-02-26,1767.29003906
2001-02-27,1753.88000488
2001-02-28,1729.07995605
2001-03-01,1730.92004395
2001-03-02,1721.08996582
2001-03-05,1731.42004395
2001-03-06,1748.73999023
2001-03-07,1760.35998535
2001-03-08,1764.39001465
2001-03-09,1720.70996094
2001-03-12,1646.42004395
2001-03-13,1671.18994141
2001-03-14,1628.02001953
2001-03-15,1637.60998535
2001-03-16,1605.47998047
2001-03-19,1633.81005859
2001-03-20,1594.50000000
2001-03-21,1565.97998047
2001-03-22,1559.65002441
2001-03-23,1590.69995117
2001-03-26,1608.65002441
2001-03-27,1649.79003906
2001-03-28,1609.67004395
2001-03-29,1602.26000977
2001-03-30,1619.54003906
2001-04-02,1599.35998535
2001-04-03,1544.34997559
2001-04-04,1540.17004395
2001-04-05,1607.45996094
2001-04-06,1575.70996094
2001-04-09,1588.50000000
2001-04-10,1631.68994141
2001-04-11,1628.22998047
2001-04-12,1652.82995605
2001-04-16,1647.50000000
2001-04-17,1664.43994141
2001-04-18,1729.26000977
2001-04-19,1750.97998047
2001-04-20,1736.02001953
2001-04-23,1710.01000977
2001-04-24,1689.22998047
2001-04-25,1716.17004395
2001-04-26,1724.38000488
2001-04-27,1750.31994629
2001-04-30,1745.39001465
2001-05-01,1769.11999512
2001-05-02,1770.66003418
2001-05-03,1744.54003906
2001-05-04,1769.78002930
2001-05-07,1765.48999023
2001-05-08,1762.41003418
2001-05-09,1754.71997070
2001-05-10,1754.45996094
2001-05-11,1741.32995605
2001-05-14,1746.01000977
2001-05-15,1746.75000000
2001-05-16,1796.71997070
2001-05-17,1801.63000488
2001-05-18,1806.82995605
2001-05-21,1836.02001953
2001-05-22,1831.19995117
2001-05-23,1802.83996582
2001-05-24,1808.64001465
2001-05-25,1787.28002930
2001-05-29,1773.45996094
2001-05-30,1746.10998535
2001-05-31,1757.08996582
2001-06-01,1763.86999512
2001-06-04,1772.92004395
2001-06-05,1795.95996094
2001-06-06,1777.25000000
2001-06-07,1786.98999023
2001-06-08,1770.20996094
2001-06-11,1755.43005371
2001-06-12,1757.47998047
2001-06-13,1737.93994141
2001-06-14,1707.56005859
2001-06-15,1699.84997559
2001-06-18,1691.58996582
2001-06-19,1697.41003418
2001-06-20,1712.26000977
2001-06-21,1731.75000000
2001-06-22,1715.39001465
2001-06-25,1705.93994141
2001-06-26,1703.36999512
2001-06-27,1695.60998535
2001-06-28,1716.81005859
2001-06-29,1714.31994629
2001-07-02,1731.53002930
2001-07-03,1728.65002441
2001-07-05,1707.68005371
2001-07-06,1667.90002441
2001-07-09,1679.40002441
2001-07-10,1655.31005859
2001-07-11,1653.54003906
2001-07-12,1692.72998047
2001-07-13,1703.31005859
2001-07-16,1684.77001953
2001-07-17,1701.56994629
2001-07-18,1692.27001953
2001-07-19,1702.52001953
2001-07-20,1696.67004395
2001-07-23,1668.90002441
2001-07-24,1641.76000977
2001-07-25,1668.16003418
2001-07-26,1685.61999512
2001-07-27,1689.79003906
2001-07-30,1688.03002930
2001-07-31,1697.44995117
2001-08-01,1704.23999023
2001-08-02,1711.17004395
2001-08-03,1702.43005371
2001-08-06,1683.03002930
2001-08-07,1688.59997559
2001-08-08,1659.57995605
2001-08-09,1659.76000977
2001-08-10,1669.20996094
2001-08-13,1670.95996094
2001-08-14,1664.60998535
2001-08-15,1652.70996094
2001-08-16,1657.88000488
2001-08-17,1630.34997559
2001-08-20,1643.58996582
2001-08-21,1623.73999023
2001-08-22,1635.16003418
2001-08-23,1630.67004395
2001-08-24,1662.73999023
2001-08-27,1654.71997070
2001-08-28,1629.91003418
2001-08-29,1612.05004883
2001-08-30,1584.77001953
2001-08-31,1591.18005371
2001-09-04,1590.29003906
2001-09-05,1588.93005371
2001-09-06,1553.41003418
2001-09-07,1524.46997070
2001-09-10,1533.97998047
2001-09-17,1459.00000000
2001-09-18,1450.54003906
2001-09-19,1427.25000000
2001-09-20,1382.93005371
2001-09-21,1356.60998535
2001-09-24,1409.50000000
2001-09-25,1421.91003418
2001-09-26,1415.01000977
2001-09-27,1431.29003906
2001-09-28,1462.68994141
2001-10-01,1459.32995605
2001-10-02,1477.29003906
2001-10-03,1507.03002930
2001-10-04,1503.31005859
2001-10-05,1506.10998535
2001-10-08,1493.54003906
2001-10-09,1485.63000488
2001-10-10,1519.77001953
2001-10-11,1542.97998047
2001-10-12,1534.85998535
2001-10-15,1532.52001953
2001-10-16,1543.15002441
2001-10-17,1514.50000000
2001-10-18,1502.60998535
2001-10-19,1509.45996094
2001-10-22,1532.55004883
2001-10-23,1525.34997559
2001-10-24,1525.95996094
2001-10-25,1546.90002441
2001-10-26,1553.26000977
2001-10-29,1516.39001465
2001-10-30,1490.43994141
2001-10-31,1490.57995605
2001-11-01,1524.95996094
2001-11-02,1529.34997559
2001-11-05,1551.39001465
2001-11-06,1573.93005371
2001-11-07,1570.16003418
2001-11-08,1574.08996582
2001-11-09,1576.60998535
2001-11-12,1573.81994629
2001-11-13,1603.28002930
2001-11-14,1606.64001465
2001-11-15,1608.08996582
2001-11-16,1603.17004395
2001-11-19,1620.66003418
2001-11-20,1608.90002441
2001-11-21,1601.02001953
2001-11-23,1619.78002930
2001-11-26,1629.76000977
2001-11-27,1618.61999512
2001-11-28,1589.38000488
2001-11-29,1605.98999023
2001-11-30,1604.92004395
2001-12-03,1591.47998047
2001-12-04,1612.46997070
2001-12-05,1649.00000000
2001-12-06,1644.47998047
2001-12-07,1632.09997559
2001-12-10,1606.22998047
2001-12-11,1601.76000977
2001-12-12,1602.44995117
2001-12-13,1577.57995605
2001-12-14,1582.81005859
2001-12-17,1598.73999023
2001-12-18,1610.82995605
2001-12-19,1620.27001953
2001-12-20,1606.92004395
2001-12-21,1613.93994141
2001-12-24,1613.59997559
2001-12-26,1620.26000977
2001-12-27,1631.68994141
2001-12-28,1637.22998047
2001-12-31,1618.97998047
2002-01-02,1628.51000977
2002-01-03,1643.47998047
2002-01-04,1653.68994141
2002-01-07,1642.94995117
2002-01-08,1637.47998047
2002-01-09,1629.69995117
2002-01-10,1631.71997070
2002-01-11,1616.34997559
2002-01-14,1606.19995117
2002-01-15,1617.18005371
2002-01-16,1591.04003906
2002-01-17,1607.02001953
2002-01-18,1591.07995605
2002-01-22,1579.41003418
2002-01-23,1591.93994141
2002-01-24,1597.55004883
2002-01-25,1599.14001465
2002-01-28,1598.85998535
2002-01-29,1553.22998047
2002-01-30,1571.68994141
2002-01-31,1595.34997559
2002-02-01,1584.06005859
2002-02-04,1544.89001465
2002-02-05,1538.69995117
2002-02-06,1529.68005371
2002-02-07,1525.26000977
2002-02-08,1547.93994141
2002-02-11,1570.20996094
2002-02-12,1563.94995117
2002-02-13,1580.03002930
2002-02-14,1577.29003906
2002-02-15,1559.97998047
2002-02-19,1530.57995605
2002-02-20,1551.36999512
2002-02-21,1527.33996582
2002-02-22,1539.91003418
2002-02-25,1567.58996582
2002-02-26,1567.65002441
2002-02-27,1569.01000977
2002-02-28,1564.58996582
2002-03-01,1600.02001953
2002-03-04,1631.25000000
2002-03-05,1620.36999512
2002-03-06,1644.19995117
2002-03-07,1636.85998535
2002-03-08,1646.43994141
2002-03-11,1652.04003906
2002-03-12,1648.28002930
2002-03-13,1632.45996094
2002-03-14,1631.00000000
2002-03-15,1649.56005859
2002-03-18,1648.72998047
2002-03-19,1655.43994141
2002-03-20,1629.43005371
2002-03-21,1631.93005371
2002-03-22,1625.02001953
2002-03-25,1601.20996094
2002-03-26,1610.81005859
2002-03-27,1619.44995117
2002-03-28,1623.43005371
2002-04-01,1622.22998047
2002-04-02,1608.39001465
2002-04-03,1592.59997559
2002-04-04,1593.95996094
2002-04-05,1588.88000488
2002-04-08,1592.88000488
2002-04-09,1582.35998535
2002-04-10,1600.35998535
2002-04-11,1562.52001953
2002-04-12,1572.89001465
2002-04-15,1560.92004395
2002-04-16,1597.47998047
2002-04-17,1594.31994629
2002-04-18,1592.07995605
2002-04-19,1593.06994629
2002-04-22,1568.52001953
2002-04-23,1558.79003906
2002-04-24,1547.73999023
2002-04-25,1545.40002441
2002-04-26,1524.07995605
2002-04-29,1508.75000000
2002-04-30,1525.00000000
2002-05-01,1538.65002441
2002-05-02,1536.16003418
2002-05-03,1520.43994141
2002-05-06,1491.05004883
2002-05-07,1486.56994629
2002-05-08,1542.53002930
2002-05-09,1520.39001465
2002-05-10,1494.86999512
2002-05-13,1522.80004883
2002-05-14,1555.04003906
2002-05-15,1546.72998047
2002-05-16,1556.93005371
2002-05-17,1569.17004395
2002-05-20,1548.31005859
2002-05-21,1531.31994629
2002-05-22,1540.11999512
2002-05-23,1555.81994629
2002-05-24,1537.02001953
2002-05-28,1523.89001465
2002-05-29,1514.32995605
2002-05-30,1510.25000000
2002-05-31,1513.77001953
2002-06-03,1476.26000977
2002-06-04,1476.28002930
2002-06-05,1489.88000488
2002-06-06,1460.50000000
2002-06-07,1458.20996094
2002-06-10,1462.78002930
2002-06-11,1438.46997070
2002-06-12,1448.16003418
2002-06-13,1433.01000977
2002-06-14,1429.78002930
2002-06-17,1470.83996582
2002-06-18,1472.25000000
2002-06-19,1447.97998047
2002-06-20,1428.55004883
2002-06-21,1404.20996094
2002-06-24,1409.30004883
2002-06-25,1385.77001953
2002-06-26,1382.78002930
2002-06-27,1407.10998535
2002-06-28,1405.93994141
2002-07-01,1375.88000488
2002-07-02,1346.95996094
2002-07-03,1355.40002441
2002-07-05,1405.19995117
2002-07-08,1388.43994141
2002-07-09,1354.22998047
2002-07-10,1308.30004883
2002-07-11,1318.18005371
2002-07-12,1309.68005371
2002-07-15,1304.76000977
2002-07-16,1280.78002930
2002-07-17,1287.97998047
2002-07-18,1253.20996094
2002-07-19,1205.16003418
2002-07-22,1165.47998047
2002-07-23,1133.98999023
2002-07-24,1199.01000977
2002-07-25,1192.28002930
2002-07-26,1212.41003418
2002-07-29,1278.09997559
2002-07-30,1283.61999512
2002-07-31,1296.33996582
2002-08-01,1258.21997070
2002-08-02,1229.18994141
2002-08-05,1187.06994629
2002-08-06,1222.58996582
2002-08-07,1247.28002930
2002-08-08,1288.11999512
2002-08-09,1292.93994141
2002-08-12,1286.08996582
2002-08-13,1258.35998535
2002-08-14,1309.04003906
2002-08-15,1324.31994629
2002-08-16,1322.35998535
2002-08-19,1353.63000488
2002-08-20,1334.69995117
2002-08-21,1351.81994629
2002-08-22,1370.84997559
2002-08-23,1339.79003906
2002-08-26,1349.88000488
2002-08-27,1331.19995117
2002-08-28,1307.28002930
2002-08-29,1307.28002930
2002-08-30,1304.85998535
2002-09-03,1250.68005371
2002-09-04,1273.03002930
2002-09-05,1252.77001953
2002-09-06,1273.88000488
2002-09-09,1286.79003906
2002-09-10,1296.22998047
2002-09-11,1296.25000000
2002-09-12,1264.42004395
2002-09-13,1268.56994629
2002-09-16,1270.44995117
2002-09-17,1245.39001465
2002-09-18,1239.69995117
2002-09-19,1202.46997070
2002-09-20,1205.42004395
2002-09-23,1188.76000977
2002-09-24,1168.21997070
2002-09-25,1197.56005859
2002-09-26,1219.59997559
2002-09-27,1180.28002930
2002-09-30,1163.04003906
2002-10-01,1209.58996582
2002-10-02,1181.31994629
2002-10-03,1168.56994629
2002-10-04,1142.35998535
2002-10-07,1120.52001953
2002-10-08,1139.90002441
2002-10-09,1108.91003418
2002-10-10,1147.80004883
2002-10-11,1192.63000488
2002-10-14,1201.36999512
2002-10-15,1258.23999023
2002-10-16,1228.01000977
2002-10-17,1255.42004395
2002-10-18,1262.83996582
2002-10-21,1284.72998047
2002-10-22,1271.07995605
2002-10-23,1279.63000488
2002-10-24,1260.17004395
2002-10-25,1281.81005859
2002-10-28,1271.19995117
2002-10-29,1259.79003906
2002-10-30,1272.25000000
2002-10-31,1265.41003418
2002-11-01,1287.13000488
2002-11-04,1297.68994141
2002-11-05,1307.80004883
2002-11-06,1320.04003906
2002-11-07,1290.15002441
2002-11-08,1278.93994141
2002-11-11,1252.42004395
2002-11-12,1262.14001465
2002-11-13,1261.96997070
2002-11-14,1293.20996094
2002-11-15,1301.28002930
2002-11-18,1287.79003906
2002-11-19,1282.60998535
2002-11-20,1307.60998535
2002-11-21,1335.75000000
2002-11-22,1331.17004395
2002-11-25,1334.52001953
2002-11-26,1306.79003906
2002-11-27,1343.46997070
2002-11-29,1339.89001465
2002-12-02,1337.34997559
2002-12-03,1317.65002441
2002-12-04,1313.54003906
2002-12-05,1297.80004883
2002-12-06,1305.98999023
2002-12-09,1277.05004883
2002-12-10,1294.91003418
2002-12-11,1295.91003418
2002-12-12,1291.16003418
2002-12-13,1273.82995605
2002-12-16,1303.84997559
2002-12-17,1293.26000977
2002-12-18,1276.35998535
2002-12-19,1266.79003906
2002-12-20,1283.26000977
2002-12-23,1285.59997559
2002-12-24,1278.57995605
2002-12-26,1274.56005859
2002-12-27,1254.66003418
2002-12-30,1260.42004395
2002-12-31,1261.18005371
2003-01-02,1303.17004395
2003-01-03,1302.55004883
2003-01-06,1331.81994629
2003-01-07,1323.17004395
2003-01-08,1304.94995117
2003-01-09,1330.31005859
2003-01-10,1330.29003906
2003-01-13,1328.50000000
2003-01-14,1336.25000000
2003-01-15,1317.18005371
2003-01-16,1312.01000977
2003-01-17,1293.63000488
2003-01-21,1273.31005859
2003-01-22,1260.16003418
2003-01-23,1273.04003906
2003-01-24,1235.83996582
2003-01-27,1215.85998535
2003-01-28,1231.73999023
2003-01-29,1240.31005859
2003-01-30,1212.22998047
2003-01-31,1228.14001465
2003-02-03,1234.79003906
2003-02-04,1217.40002441
2003-02-05,1211.04003906
2003-02-06,1203.57995605
2003-02-07,1191.45996094
2003-02-10,1200.51000977
2003-02-11,1190.82995605
2003-02-12,1176.15002441
2003-02-13,1174.43005371
2003-02-14,1199.60998535
2003-02-18,1223.10998535
2003-02-19,1214.66003418
2003-02-20,1203.18005371
2003-02-21,1219.09997559
2003-02-24,1196.70996094
2003-02-25,1205.31994629
2003-02-26,1189.97998047
2003-02-27,1204.10998535
2003-02-28,1209.70996094
2003-03-03,1200.59997559
2003-03-04,1182.17004395
2003-03-05,1193.86999512
2003-03-06,1182.81994629
2003-03-07,1192.61999512
2003-03-10,1161.84997559
2003-03-11,1152.15002441
2003-03-12,1157.60998535
2003-03-13,1197.56005859
2003-03-14,1199.55004883
2003-03-17,1242.08996582
2003-03-18,1247.40002441
2003-03-19,1258.36999512
2003-03-20,1260.77001953
2003-03-21,1289.73999023
2003-03-24,1244.31005859
2003-03-25,1259.43994141
2003-03-26,1252.58996582
2003-03-27,1250.70996094
2003-03-28,1243.51000977
2003-03-31,1221.45996094
2003-04-01,1236.30004883
2003-04-02,1268.81994629
2003-04-03,1262.43005371
2003-04-04,1265.90002441
2003-04-07,1267.48999023
2003-04-08,1265.56994629
2003-04-09,1247.98999023
2003-04-10,1256.04003906
2003-04-11,1251.41003418
2003-04-14,1275.81994629
2003-04-15,1283.95996094
2003-04-16,1268.28002930
2003-04-17,1287.98999023
2003-04-21,1285.71997070
2003-04-22,1313.63000488
2003-04-23,1324.68005371
2003-04-24,1313.75000000
2003-04-25,1295.56994629
2003-04-28,1318.84997559
2003-04-29,1323.26000977
2003-04-30,1322.06994629
2003-05-01,1321.39001465
2003-05-02,1341.28002930
2003-05-05,1336.23999023
2003-05-06,1347.54003906
2003-05-07,1340.86999512
2003-05-08,1327.42004395
2003-05-09,1346.68005371
2003-05-12,1363.60998535
2003-05-13,1359.73999023
2003-05-14,1355.76000977
2003-05-15,1366.58996582
2003-05-16,1363.31994629
2003-05-19,1329.38000488
2003-05-20,1327.86999512
2003-05-21,1333.32995605
2003-05-22,1345.53002930
2003-05-23,1347.48999023
2003-05-27,1373.85998535
2003-05-28,1376.57995605
2003-05-29,1371.51000977
2003-05-30,1391.71997070
2003-06-02,1396.69995117
2003-06-03,1403.29003906
2003-06-04,1424.91003418
2003-06-05,1430.64001465
2003-06-06,1427.28002930
2003-06-09,1410.20996094
2003-06-10,1423.10998535
2003-06-11,1441.85998535
2003-06-12,1443.41003418
2003-06-13,1429.10998535
2003-06-16,1461.15002441
2003-06-17,1462.47998047
2003-06-18,1460.31994629
2003-06-19,1438.08996582
2003-06-20,1439.54003906
2003-06-23,1419.23999023
2003-06-24,1421.85998535
2003-06-25,1410.09997559
2003-06-26,1425.81994629
2003-06-27,1411.96997070
2003-06-30,1409.47998047
2003-07-01,1421.03002930
2003-07-02,1437.60998535
2003-07-03,1425.96997070
2003-07-07,1453.06994629
2003-07-08,1458.51000977
2003-07-09,1450.51000977
2003-07-10,1430.95996094
2003-07-11,1444.69995117
2003-07-14,1453.00000000
2003-07-15,1448.02001953
2003-07-16,1438.85998535
2003-07-17,1421.10998535
2003-07-18,1437.89001465
2003-07-21,1416.88000488
2003-07-22,1430.34997559
2003-07-23,1431.09997559
2003-07-24,1420.95996094
2003-07-25,1445.69995117
2003-07-28,1442.57995605
2003-07-29,1432.31005859
2003-07-30,1429.91003418
2003-07-31,1434.32995605
2003-08-01,1419.64001465
2003-08-04,1423.51000977
2003-08-05,1398.42004395
2003-08-06,1401.01000977
2003-08-07,1411.27001953
2003-08-08,1416.30004883
2003-08-11,1421.01000977
2003-08-12,1435.17004395
2003-08-13,1426.55004883
2003-08-14,1435.95996094
2003-08-15,1436.43005371
2003-08-18,1449.65002441
2003-08-19,1453.44995117
2003-08-20,1450.60998535
2003-08-21,1454.97998047
2003-08-22,1440.17004395
2003-08-25,1441.10998535
2003-08-26,1445.51000977
2003-08-27,1445.83996582
2003-08-28,1454.69995117
2003-08-29,1462.30004883
2003-09-02,1482.60998535
2003-09-03,1489.25000000
2003-09-04,1491.77001953
2003-09-05,1482.23999023
2003-09-08,1497.21997070
2003-09-09,1484.93005371
2003-09-10,1467.29003906
2003-09-11,1475.71997070
2003-09-12,1478.93994141
2003-09-15,1473.43005371
2003-09-16,1494.50000000
2003-09-17,1489.69995117
2003-09-18,1509.46997070
2003-09-19,1504.73999023
2003-09-22,1485.16003418
2003-09-23,1494.18994141
2003-09-24,1465.66003418
2003-09-25,1457.08996582
2003-09-26,1448.03002930
2003-09-29,1462.19995117
2003-09-30,1446.77001953
2003-10-01,1479.22998047
2003-10-02,1482.35998535
2003-10-03,1496.31994629
2003-10-06,1502.85998535
2003-10-07,1510.05004883
2003-10-08,1502.65002441
2003-10-09,1509.85998535
2003-10-10,1509.00000000
2003-10-13,1519.59997559
2003-10-14,1525.59997559
2003-10-15,1521.94995117
2003-10-16,1526.80004883
2003-10-17,1511.18005371
2003-10-20,1518.96997070
2003-10-21,1520.93005371
2003-10-22,1498.28002930
2003-10-23,1503.26000977
2003-10-24,1496.19995117
2003-10-27,1499.43005371
2003-10-28,1522.20996094
2003-10-29,1524.41003418
2003-10-30,1523.11999512
2003-10-31,1528.61999512
2003-11-03,1540.70996094
2003-11-04,1532.33996582
2003-11-05,1530.54003906
2003-11-06,1539.75000000
2003-11-07,1533.02001953
2003-11-10,1524.26000977
2003-11-11,1523.46997070
2003-11-12,1541.48999023
2003-11-13,1541.30004883
2003-11-14,1529.83996582
2003-11-17,1520.06994629
2003-11-18,1506.31994629
2003-11-19,1518.51000977
2003-11-20,1505.76000977
2003-11-21,1508.20996094
2003-11-24,1532.68994141
2003-11-25,1535.48999023
2003-11-26,1542.39001465
2003-11-28,1542.06994629
2003-12-01,1559.50000000
2003-12-02,1554.42004395
2003-12-03,1552.08996582
2003-12-04,1559.46997070
2003-12-05,1547.52001953
2003-12-08,1558.95996094
2003-12-09,1545.68005371
2003-12-10,1544.31005859
2003-12-11,1562.22998047
2003-12-12,1566.50000000
2003-12-15,1557.66003418
2003-12-16,1568.02001953
2003-12-17,1570.15002441
2003-12-18,1588.90002441
2003-12-19,1588.18994141
2003-12-22,1594.43005371
2003-12-23,1598.93005371
2003-12-24,1596.05004883
2003-12-26,1598.75000000
2003-12-29,1619.16003418
2003-12-30,1619.58996582
2003-12-31,1622.93994141
2004-01-02,1618.05004883
2004-01-05,1638.09997559
2004-01-06,1640.31005859
2004-01-07,1644.59997559
2004-01-08,1652.82995605
2004-01-09,1638.14001465
2004-01-12,1646.03002930
2004-01-13,1637.32995605
2004-01-14,1650.95996094
2004-01-15,1653.20996094
2004-01-16,1664.56994629
2004-01-20,1663.03002930
2004-01-21,1676.06994629
2004-01-22,1670.72998047
2004-01-23,1667.26000977
2004-01-26,1687.43994141
2004-01-27,1670.91003418
2004-01-28,1648.43994141
2004-01-29,1657.08996582
2004-01-30,1652.72998047
2004-02-02,1658.79003906
2004-02-03,1659.92004395
2004-02-04,1646.29003906
2004-02-05,1649.34997559
2004-02-06,1670.14001465
2004-02-09,1666.16003418
2004-02-10,1674.55004883
2004-02-11,1693.03002930
2004-02-12,1684.92004395
2004-02-13,1675.85998535
2004-02-17,1692.21997070
2004-02-18,1684.90002441
2004-02-19,1678.01000977
2004-02-20,1673.70996094
2004-02-23,1669.19995117
2004-02-24,1666.42004395
2004-02-25,1673.33996582
2004-02-26,1675.63000488
2004-02-27,1675.69995117
2004-03-01,1691.90002441
2004-03-02,1681.88000488
2004-03-03,1685.17004395
2004-03-04,1690.82995605
2004-03-05,1693.76000977
2004-03-08,1679.73999023
2004-03-09,1670.06994629
2004-03-10,1645.79003906
2004-03-11,1621.20996094
2004-03-12,1641.42004395
2004-03-15,1617.91003418
2004-03-16,1627.03002930
2004-03-17,1646.29003906
2004-03-18,1644.20996094
2004-03-19,1625.83996582
2004-03-22,1604.80004883
2004-03-23,1602.67004395
2004-03-24,1598.84997559
2004-03-25,1625.01000977
2004-03-26,1623.35998535
2004-03-29,1644.75000000
2004-03-30,1651.43005371
2004-03-31,1650.42004395
2004-04-01,1659.16003418
2004-04-02,1673.41003418
2004-04-05,1686.23999023
2004-04-06,1683.22998047
2004-04-07,1672.14001465
2004-04-08,1670.35998535
2004-04-12,1679.02001953
2004-04-13,1655.98999023
2004-04-14,1654.17004395
2004-04-15,1655.15002441
2004-04-16,1663.61999512
2004-04-19,1665.40002441
2004-04-20,1639.48999023
2004-04-21,1648.31005859
2004-04-22,1671.63000488
2004-04-23,1672.61999512
2004-04-26,1665.19995117
2004-04-27,1668.98999023
2004-04-28,1646.19995117
2004-04-29,1634.16003418
2004-04-30,1624.51000977
2004-05-03,1639.45996094
2004-05-04,1642.50000000
2004-05-05,1645.65002441
2004-05-06,1634.75000000
2004-05-07,1612.31005859
2004-05-10,1595.38000488
2004-05-11,1607.93994141
2004-05-12,1611.15002441
2004-05-13,1610.05004883
2004-05-14,1609.11999512
2004-05-17,1592.22998047
2004-05-18,1603.14001465
2004-05-19,1599.29003906
2004-05-20,1600.06005859
2004-05-21,1606.48999023
2004-05-24,1609.21997070
2004-05-25,1635.14001465
2004-05-26,1638.16003418
2004-05-27,1647.65002441
2004-05-28,1646.80004883
2004-06-01,1647.56994629
2004-06-02,1653.67004395
2004-06-03,1641.43005371
2004-06-04,1650.07995605
2004-06-07,1676.47998047
2004-06-08,1679.20996094
2004-06-09,1663.38000488
2004-06-10,1671.02001953
2004-06-14,1655.00000000
2004-06-15,1664.92004395
2004-06-16,1667.22998047
2004-06-17,1665.02001953
2004-06-18,1669.39001465
2004-06-21,1662.45996094
2004-06-22,1668.55004883
2004-06-23,1682.75000000
2004-06-24,1678.06994629
2004-06-25,1668.93005371
2004-06-28,1667.60998535
2004-06-29,1671.83996582
2004-06-30,1678.82995605
2004-07-01,1661.53002930
2004-07-02,1656.32995605
2004-07-06,1642.83996582
2004-07-07,1646.35998535
2004-07-08,1632.89001465
2004-07-09,1638.42004395
2004-07-12,1640.72998047
2004-07-13,1641.95996094
2004-07-14,1636.61999512
2004-07-15,1629.57995605
2004-07-16,1621.81005859
2004-07-19,1621.08996582
2004-07-20,1632.52001953
2004-07-21,1610.88000488
2004-07-22,1615.27001953
2004-07-23,1599.61999512
2004-07-26,1596.47998047
2004-07-27,1612.32995605
2004-07-28,1613.50000000
2004-07-29,1621.34997559
2004-07-30,1623.26000977
2004-08-02,1630.47998047
2004-08-03,1620.28002930
2004-08-04,1619.00000000
2004-08-05,1592.64001465
2004-08-06,1568.06994629
2004-08-09,1569.95996094
2004-08-10,1590.34997559
2004-08-11,1586.43005371
2004-08-12,1567.94995117
2004-08-13,1570.43994141
2004-08-16,1591.93994141
2004-08-17,1595.56994629
2004-08-18,1615.71997070
2004-08-19,1609.96997070
2004-08-20,1620.46997070
2004-08-23,1616.68005371
2004-08-24,1617.45996094
2004-08-25,1630.48999023
2004-08-26,1630.68005371
2004-08-27,1634.82995605
2004-08-30,1622.28002930
2004-08-31,1629.82995605
2004-09-01,1632.81994629
2004-09-02,1651.14001465
2004-09-03,1644.25000000
2004-09-07,1655.65002441
2004-09-08,1648.52001953
2004-09-09,1651.65002441
2004-09-10,1659.83996582
2004-09-13,1663.09997559
2004-09-14,1666.81994629
2004-09-15,1655.09997559
2004-09-16,1659.78002930
2004-09-17,1667.25000000
2004-09-20,1657.88000488
2004-09-21,1668.39001465
2004-09-22,1645.17004395
2004-09-23,1637.81994629
2004-09-24,1640.40002441
2004-09-27,1630.67004395
2004-09-28,1640.61999512
2004-09-29,1647.79003906
2004-09-30,1647.47998047
2004-10-01,1672.48999023
2004-10-04,1678.09997559
2004-10-05,1677.08996582
2004-10-06,1688.82995605
2004-10-07,1672.07995605
2004-10-08,1659.51000977
2004-10-11,1662.83996582
2004-10-12,1659.06994629
2004-10-13,1647.13000488
2004-10-14,1631.81005859
2004-10-15,1639.07995605
2004-10-18,1647.69995117
2004-10-19,1631.73999023
2004-10-20,1632.48999023
2004-10-21,1636.76000977
2004-10-22,1620.84997559
2004-10-25,1619.47998047
2004-10-26,1643.56994629
2004-10-27,1665.01000977
2004-10-28,1668.55004883
2004-10-29,1672.65002441
2004-11-01,1673.10998535
2004-11-02,1673.16003418
2004-11-03,1692.21997070
2004-11-04,1719.64001465
2004-11-05,1726.33996582
2004-11-08,1724.58996582
2004-11-09,1724.07995605
2004-11-10,1722.67004395
2004-11-11,1738.31994629
2004-11-12,1754.32995605
2004-11-15,1753.98999023
2004-11-16,1741.71997070
2004-11-17,1751.56994629
2004-11-18,1753.96997070
2004-11-19,1734.44995117
2004-11-22,1744.70996094
2004-11-23,1744.31005859
2004-11-24,1751.55004883
2004-11-26,1753.08996582
2004-11-29,1747.33996582
2004-11-30,1740.32995605
2004-12-01,1766.90002441
2004-12-02,1765.36999512
2004-12-03,1766.63000488
2004-12-06,1765.32995605
2004-12-07,1745.83996582
2004-12-08,1754.75000000
2004-12-09,1764.34997559
2004-12-10,1762.51000977
2004-12-13,1778.54003906
2004-12-14,1785.51000977
2004-12-15,1789.14001465
2004-12-16,1785.51000977
2004-12-17,1772.18994141
2004-12-20,1772.86999512
2004-12-21,1788.93005371
2004-12-22,1795.66003418
2004-12-23,1796.48999023
2004-12-27,1788.76000977
2004-12-28,1801.57995605
2004-12-29,1801.70996094
2004-12-30,1801.97998047
2004-12-31,1799.55004883
2005-01-03,1784.95996094
2005-01-04,1764.30004883
2005-01-05,1758.06994629
2005-01-06,1764.63000488
2005-01-07,1762.11999512
2005-01-10,1768.17004395
2005-01-11,1757.51000977
2005-01-12,1764.71997070
2005-01-13,1749.47998047
2005-01-14,1759.97998047
2005-01-18,1777.04003906
2005-01-19,1760.28002930
2005-01-20,1746.60998535
2005-01-21,1735.43005371
2005-01-24,1729.32995605
2005-01-25,1736.25000000
2005-01-26,1744.71997070
2005-01-27,1745.57995605
2005-01-28,1740.95996094
2005-01-31,1755.68005371
2005-02-01,1767.79003906
2005-02-02,1773.63000488
2005-02-03,1769.26000977
2005-02-04,1788.81994629
2005-02-07,1786.92004395
2005-02-08,1788.16003418
2005-02-09,1773.28002930
2005-02-10,1780.80004883
2005-02-11,1793.54003906
2005-02-14,1794.97998047
2005-02-15,1801.06005859
2005-02-16,1801.58996582
2005-02-17,1787.41003418
2005-02-18,1788.65002441
2005-02-22,1762.76000977
2005-02-23,1772.76000977
2005-02-24,1787.33996582
2005-02-25,1804.17004395
2005-02-28,1792.63000488
2005-03-01,1802.79003906
2005-03-02,1802.92004395
2005-03-03,1803.51000977
2005-03-04,1820.88000488
2005-03-07,1825.69995117
2005-03-08,1817.11999512
2005-03-09,1798.79003906
2005-03-10,1802.19995117
2005-03-11,1789.01000977
2005-03-14,1799.14001465
2005-03-15,1785.60998535
2005-03-16,1771.34997559
2005-03-17,1774.55004883
2005-03-18,1773.71997070
2005-03-21,1764.97998047
2005-03-22,1747.03002930
2005-03-23,1748.28002930
2005-03-24,1746.61999512
2005-03-28,1750.89001465
2005-03-29,1737.93994141
2005-03-30,1762.08996582
2005-03-31,1760.89001465
2005-04-01,1749.44995117
2005-04-04,1754.43005371
2005-04-05,1762.31994629
2005-04-06,1766.68994141
2005-04-07,1777.34997559
2005-04-08,1762.52001953
2005-04-11,1762.56005859
2005-04-12,1772.43994141
2005-04-13,1751.77001953
2005-04-14,1734.25000000
2005-04-15,1705.26000977
2005-04-18,1710.27001953
2005-04-19,1720.43005371
2005-04-20,1697.73999023
2005-04-21,1731.27001953
2005-04-22,1719.66003418
2005-04-25,1734.56005859
2005-04-26,1719.08996582
2005-04-27,1726.20996094
2005-04-28,1707.13000488
2005-04-29,1727.48999023
2005-05-02,1735.43005371
2005-05-03,1733.94995117
2005-05-04,1755.92004395
2005-05-05,1751.46997070
2005-05-06,1749.65002441
2005-05-09,1760.86999512
2005-05-10,1742.06005859
2005-05-11,1750.26000977
2005-05-12,1732.89001465
2005-05-13,1725.15002441
2005-05-16,1742.73999023
2005-05-17,1755.09997559
2005-05-18,1773.01000977
2005-05-19,1781.28002930
2005-05-20,1778.58996582
2005-05-23,1785.45996094
2005-05-24,1785.80004883
2005-05-25,1779.81005859
2005-05-26,1791.41003418
2005-05-27,1793.33996582
2005-05-31,1782.45996094
2005-06-01,1799.15002441
2005-06-02,1802.18994141
2005-06-03,1789.82995605
2005-06-06,1792.14001465
2005-06-07,1791.89001465
2005-06-08,1788.30004883
2005-06-09,1797.71997070
2005-06-10,1793.51000977
2005-06-13,1798.06994629
2005-06-14,1802.72998047
2005-06-15,1806.78002930
2005-06-16,1813.34997559
2005-06-17,1822.34997559
2005-06-20,1821.06005859
2005-06-21,1817.35998535
2005-06-22,1817.80004883
2005-06-23,1798.48999023
2005-06-24,1784.77001953
2005-06-27,1783.44995117
2005-06-28,1800.06994629
2005-06-29,1797.72998047
2005-06-30,1784.98999023
2005-07-01,1789.84997559
2005-07-05,1805.68005371
2005-07-06,1791.05004883
2005-07-07,1795.55004883
2005-07-08,1816.52001953
2005-07-11,1827.91003418
2005-07-12,1832.15002441
2005-07-13,1833.97998047
2005-07-14,1838.80004883
2005-07-15,1840.93005371
2005-07-18,1830.75000000
2005-07-19,1843.06994629
2005-07-20,1852.02001953
2005-07-21,1839.80004883
2005-07-22,1849.81005859
2005-07-25,1842.84997559
2005-07-26,1846.04003906
2005-07-27,1854.71997070
2005-07-28,1865.64001465
2005-07-29,1851.36999512
2005-08-01,1853.13000488
2005-08-02,1866.28002930
2005-08-03,1868.06005859
2005-08-04,1854.30004883
2005-08-05,1840.18994141
2005-08-08,1835.36999512
2005-08-09,1847.76000977
2005-08-10,1845.16003418
2005-08-11,1858.43005371
2005-08-12,1847.31005859
2005-08-15,1852.78002930
2005-08-16,1830.98999023
2005-08-17,1832.81994629
2005-08-18,1831.08996582
2005-08-19,1832.29003906
2005-08-22,1835.31994629
2005-08-23,1829.10998535
2005-08-24,1817.21997070
2005-08-25,1821.45996094
2005-08-26,1810.52001953
2005-08-29,1821.56005859
2005-08-30,1815.96997070
2005-08-31,1834.47998047
2005-09-01,1836.36999512
2005-09-02,1831.06005859
2005-09-06,1854.22998047
2005-09-07,1859.00000000
2005-09-08,1852.00000000
2005-09-09,1866.73999023
2005-09-12,1865.44995117
2005-09-13,1851.86999512
2005-09-14,1845.83996582
2005-09-15,1846.76000977
2005-09-16,1862.10998535
2005-09-19,1851.73999023
2005-09-20,1837.19995117
2005-09-21,1820.48999023
2005-09-22,1827.54003906
2005-09-23,1828.54003906
2005-09-26,1829.05004883
2005-09-27,1829.13000488
2005-09-28,1831.31994629
2005-09-29,1847.61999512
2005-09-30,1849.32995605
2005-10-03,1846.17004395
2005-10-04,1827.95996094
2005-10-05,1801.40002441
2005-10-06,1794.04003906
2005-10-07,1800.70996094
2005-10-10,1787.80004883
2005-10-11,1784.21997070
2005-10-12,1773.59997559
2005-10-13,1772.35998535
2005-10-14,1787.01000977
2005-10-17,1792.32995605
2005-10-18,1774.31994629
2005-10-19,1801.01000977
2005-10-20,1774.02001953
2005-10-21,1776.72998047
2005-10-24,1806.58996582
2005-10-25,1802.30004883
2005-10-26,1794.56005859
2005-10-27,1776.01000977
2005-10-28,1805.56005859
2005-10-31,1818.50000000
2005-11-01,1812.10998535
2005-11-02,1830.43005371
2005-11-03,1838.85998535
2005-11-04,1839.16003418
2005-11-07,1843.27001953
2005-11-08,1837.80004883
2005-11-09,1841.00000000
2005-11-10,1856.90002441
2005-11-11,1862.56005859
2005-11-14,1861.25000000
2005-11-15,1854.28002930
2005-11-16,1857.96997070
2005-11-17,1875.48999023
2005-11-18,1883.98999023
2005-11-21,1893.93005371
2005-11-22,1903.66003418
2005-11-23,1910.39001465
2005-11-25,1914.41003418
2005-11-28,1898.36999512
2005-11-29,1898.73999023
2005-11-30,1887.28002930
2005-12-01,1910.22998047
2005-12-02,1910.85998535
2005-12-05,1906.42004395
2005-12-06,1908.89001465
2005-12-07,1899.68994141
2005-12-08,1897.56994629
2005-12-09,1902.92004395
2005-12-12,1904.58996582
2005-12-13,1915.30004883
2005-12-14,1923.43994141
2005-12-15,1920.84997559
2005-12-16,1915.40002441
2005-12-19,1904.20996094
2005-12-20,1903.81005859
2005-12-21,1908.65002441
2005-12-22,1917.16003418
2005-12-23,1918.25000000
2005-12-27,1899.93005371
2005-12-28,1902.73999023
2005-12-29,1897.19995117
2005-12-30,1887.93994141
2006-01-03,1918.95996094
2006-01-04,1926.39001465
2006-01-05,1926.43994141
2006-01-06,1945.02001953
2006-01-09,1952.13000488
2006-01-10,1951.53002930
2006-01-11,1958.56005859
2006-01-12,1946.28002930
2006-01-13,1948.64001465
2006-01-17,1941.56994629
2006-01-18,1934.20996094
2006-01-19,1944.97998047
2006-01-20,1909.34997559
2006-01-23,1912.91003418
2006-01-24,1917.54003906
2006-01-25,1914.28002930
2006-01-26,1928.17004395
2006-01-27,1943.33996582
2006-01-30,1945.66003418
2006-01-31,1937.93005371
2006-02-01,1941.75000000
2006-02-02,1924.67004395
2006-02-03,1914.50000000
2006-02-06,1916.04003906
2006-02-07,1900.57995605
2006-02-08,1917.83996582
2006-02-09,1915.09997559
2006-02-10,1920.00000000
2006-02-13,1914.02001953
2006-02-14,1933.45996094
2006-02-15,1940.68994141
2006-02-16,1955.06005859
2006-02-17,1951.82995605
2006-02-21,1945.44995117
2006-02-22,1960.26000977
2006-02-23,1953.36999512
2006-02-24,1956.14001465
2006-02-27,1963.57995605
2006-02-28,1943.18994141
2006-03-01,1959.77001953
2006-03-02,1956.59997559
2006-03-03,1953.73999023
2006-03-06,1940.19995117
2006-03-07,1936.68005371
2006-03-08,1941.17004395
2006-03-09,1931.72998047
2006-03-10,1945.93005371
2006-03-13,1950.39001465
2006-03-14,1970.66003418
2006-03-15,1979.20996094
2006-03-16,1982.76000977
2006-03-17,1985.68994141
2006-03-20,1982.40002441
2006-03-21,1970.50000000
2006-03-22,1982.40002441
2006-03-23,1977.29003906
2006-03-24,1979.23999023
2006-03-27,1977.18994141
2006-03-28,1964.46997070
2006-03-29,1979.51000977
2006-03-30,1975.59997559
2006-03-31,1967.38000488
2006-04-03,1971.93005371
2006-04-04,1984.46997070
2006-04-05,1993.20996094
2006-04-06,1989.86999512
2006-04-07,1969.30004883
2006-04-10,1971.03002930
2006-04-11,1956.11999512
2006-04-12,1958.48999023
2006-04-13,1960.01000977
2006-04-17,1954.25000000
2006-04-18,1988.18005371
2006-04-19,1991.83996582
2006-04-20,1994.22998047
2006-04-21,1993.98999023
2006-04-24,1989.19995117
2006-04-25,1979.51000977
2006-04-26,1985.29003906
2006-04-27,1992.39001465
2006-04-28,1993.79003906
2006-05-01,1985.55004883
2006-05-02,1997.75000000
2006-05-03,1989.96997070
2006-05-04,1996.73999023
2006-05-05,2017.33996582
2006-05-08,2015.83996582
2006-05-09,2016.59997559
2006-05-10,2013.98999023
2006-05-11,1988.56005859
2006-05-12,1966.27001953
2006-05-15,1971.44995117
2006-05-16,1967.79003906
2006-05-17,1935.18005371
2006-05-18,1922.31994629
2006-05-19,1930.27001953
2006-05-22,1922.71997070
2006-05-23,1914.38000488
2006-05-24,1917.47998047
2006-05-25,1939.52001953
2006-05-26,1950.86999512
2006-05-30,1920.08996582
2006-05-31,1936.41003418
2006-06-01,1960.28002930
2006-06-02,1964.10998535
2006-06-05,1929.22998047
2006-06-06,1927.13000488
2006-06-07,1915.77001953
2006-06-08,1918.58996582
2006-06-09,1910.01000977
2006-06-12,1885.81005859
2006-06-13,1866.92004395
2006-06-14,1876.67004395
2006-06-15,1916.56005859
2006-06-16,1909.52001953
2006-06-19,1892.11999512
2006-06-20,1892.13000488
2006-06-21,1910.61999512
2006-06-22,1900.97998047
2006-06-23,1899.31994629
2006-06-26,1908.56005859
2006-06-27,1891.23999023
2006-06-28,1901.97998047
2006-06-29,1943.08996582
2006-06-30,1939.03002930
2006-07-03,1954.48999023
2006-07-05,1940.55004883
2006-07-06,1945.90002441
2006-07-07,1932.75000000
2006-07-10,1935.61999512
2006-07-11,1943.66003418
2006-07-12,1922.61999512
2006-07-13,1897.72998047
2006-07-14,1888.43005371
2006-07-17,1885.81994629
2006-07-18,1889.47998047
2006-07-19,1924.73999023
2006-07-20,1908.42004395
2006-07-21,1894.93994141
2006-07-24,1926.50000000
2006-07-25,1938.68005371
2006-07-26,1937.95996094
2006-07-27,1930.31994629
2006-07-28,1953.85998535
2006-07-31,1951.00000000
2006-08-01,1942.21997070
2006-08-02,1954.18005371
2006-08-03,1957.41003418
2006-08-04,1956.05004883
2006-08-07,1950.63000488
2006-08-08,1944.21997070
2006-08-09,1936.30004883
2006-08-10,1945.60998535
2006-08-11,1938.13000488
2006-08-14,1940.50000000
2006-08-15,1967.26000977
2006-08-16,1982.81005859
2006-08-17,1986.04003906
2006-08-18,1993.43005371
2006-08-21,1986.10998535
2006-08-22,1988.09997559
2006-08-23,1979.34997559
2006-08-24,1984.08996582
2006-08-25,1982.81005859
2006-08-28,1993.06005859
2006-08-29,1997.20996094
2006-08-30,1998.07995605
2006-08-31,1997.42004395
2006-09-01,2008.46997070
2006-09-05,2012.00000000
2006-09-06,1992.42004395
2006-09-07,1982.93005371
2006-09-08,1990.43994141
2006-09-11,1991.48999023
2006-09-12,2012.31994629
2006-09-13,2020.48999023
2006-09-14,2017.85998535
2006-09-15,2023.34997559
2006-09-18,2025.39001465
2006-09-19,2021.01000977
2006-09-20,2031.58996582
2006-09-21,2021.07995605
2006-09-22,2016.08996582
2006-09-25,2033.86999512
2006-09-26,2049.19995117
2006-09-27,2049.96997070
2006-09-28,2053.92993164
2006-09-29,2048.88989258
2006-10-02,2041.98999023
2006-10-03,2046.28002930
2006-10-04,2071.44995117
2006-10-05,2076.62988281
2006-10-06,2071.05004883
2006-10-09,2072.70996094
2006-10-10,2077.01000977
2006-10-11,2071.89990234
2006-10-12,2091.68994141
2006-10-13,2095.96997070
2006-10-16,2101.27001953
2006-10-17,2093.58007812
2006-10-18,2096.70996094
2006-10-19,2098.32006836
2006-10-20,2100.86010742
2006-10-23,2113.82006836
2006-10-24,2114.36010742
2006-10-25,2121.84008789
2006-10-26,2132.38989258
2006-10-27,2114.64990234
2006-10-30,2115.62988281
2006-10-31,2115.64990234
2006-11-01,2100.37011719
2006-11-02,2100.20996094
2006-11-03,2095.67993164
2006-11-06,2119.53002930
2006-11-07,2124.28002930
2006-11-08,2129.21997070
2006-11-09,2118.32006836
2006-11-10,2122.26000977
2006-11-13,2128.16992188
2006-11-14,2141.94995117
2006-11-15,2147.60009766
2006-11-16,2152.57006836
2006-11-17,2154.80004883
2006-11-20,2153.76000977
2006-11-21,2157.41992188
2006-11-22,2162.64990234
2006-11-24,2154.95996094
2006-11-27,2125.66992188
2006-11-28,2133.52001953
2006-11-29,2154.09008789
2006-11-30,2155.88989258
2006-12-01,2149.85009766
2006-12-04,2169.00000000
2006-12-05,2177.75000000
2006-12-06,2175.44995117
2006-12-07,2166.87011719
2006-12-08,2170.84008789
2006-12-11,2175.80004883
2006-12-12,2173.58007812
2006-12-13,2176.52001953
2006-12-14,2195.59008789
2006-12-15,2198.07006836
2006-12-18,2190.96997070
2006-12-19,2195.80004883
2006-12-20,2192.76000977
2006-12-21,2185.20996094
2006-12-22,2173.89990234
2006-12-26,2183.37988281
2006-12-27,2199.14990234
2006-12-28,2196.00000000
2006-12-29,2186.12988281
2007-01-03,2183.91992188
2007-01-04,2186.60009766
2007-01-05,2173.29003906
2007-01-08,2178.80004883
2007-01-09,2177.67993164
2007-01-10,2182.15991211
2007-01-11,2196.02001953
2007-01-12,2206.67993164
2007-01-16,2208.47998047
2007-01-17,2206.69995117
2007-01-18,2200.19995117
2007-01-19,2206.60009766
2007-01-22,2195.00000000
2007-01-23,2202.77001953
2007-01-24,2221.56005859
2007-01-25,2196.54003906
2007-01-26,2193.88989258
2007-01-29,2191.70996094
2007-01-30,2204.39990234
2007-01-31,2219.18994141
2007-02-01,2231.61010742
2007-02-02,2235.38989258
2007-02-05,2233.43994141
2007-02-06,2235.02001953
2007-02-07,2239.05004883
2007-02-08,2236.45996094
2007-02-09,2220.71997070
2007-02-12,2213.58007812
2007-02-13,2230.80004883
2007-02-14,2248.39990234
2007-02-15,2250.96997070
2007-02-16,2249.07006836
2007-02-20,2255.47998047
2007-02-21,2252.42993164
2007-02-22,2251.03002930
2007-02-23,2243.26000977
2007-02-26,2240.72998047
2007-02-27,2163.11010742
2007-02-28,2175.78002930
2007-03-01,2170.16992188
2007-03-02,2145.42993164
2007-03-05,2125.34008789
2007-03-06,2158.36010742
2007-03-07,2153.64990234
2007-03-08,2169.13989258
2007-03-09,2170.62011719
2007-03-12,2176.50000000
2007-03-13,2132.76000977
2007-03-14,2147.17993164
2007-03-15,2155.17993164
2007-03-16,2146.92993164
2007-03-19,2170.33007812
2007-03-20,2184.10009766
2007-03-21,2221.45996094
2007-03-22,2220.67993164
2007-03-23,2223.12011719
2007-03-26,2225.26000977
2007-03-27,2211.52001953
2007-03-28,2194.37988281
2007-03-29,2202.67993164
2007-03-30,2200.12011719
2007-04-02,2205.85009766
2007-04-03,2226.76000977
2007-04-04,2229.26000977
2007-04-05,2236.70996094
2007-04-09,2238.03002930
2007-04-10,2243.92993164
2007-04-11,2229.43994141
2007-04-12,2243.30004883
2007-04-13,2251.12011719
2007-04-16,2275.35009766
2007-04-17,2280.01000977
2007-04-18,2281.61010742
2007-04-19,2278.90991211
2007-04-20,2300.08007812
2007-04-23,2294.83007812
2007-04-24,2294.02001953
2007-04-25,2317.50000000
2007-04-26,2315.90991211
2007-04-27,2315.69995117
2007-04-30,2297.58007812
2007-05-01,2303.67993164
2007-05-02,2318.84008789
2007-05-03,2329.54003906
2007-05-04,2334.61010742
2007-05-07,2340.67993164
2007-05-08,2338.13989258
2007-05-09,2346.30004883
2007-05-10,2313.93994141
2007-05-11,2336.47998047
2007-05-14,2332.42993164
2007-05-15,2329.61010742
2007-05-16,2350.39990234
2007-05-17,2348.43994141
2007-05-18,2363.96997070
2007-05-21,2367.62988281
2007-05-22,2366.10009766
2007-05-23,2363.29003906
2007-05-24,2340.63989258
2007-05-25,2353.41992188
2007-05-29,2357.38989258
2007-05-30,2377.09008789
2007-05-31,2377.75000000
2007-06-01,2386.62988281
2007-06-04,2391.12988281
2007-06-05,2378.43994141
2007-06-06,2357.94995117
2007-06-07,2316.62988281
2007-06-08,2342.97998047
2007-06-11,2345.27001953
2007-06-12,2320.21997070
2007-06-13,2356.02001953
2007-06-14,2367.52001953
2007-06-15,2382.96997070
2007-06-18,2380.09008789
2007-06-19,2384.26000977
2007-06-20,2351.87011719
2007-06-21,2366.91992188
2007-06-22,2336.40991211
2007-06-25,2328.90991211
2007-06-26,2321.45996094
2007-06-27,2342.84008789
2007-06-28,2341.89990234
2007-06-29,2338.25000000
2007-07-02,2363.28002930
2007-07-03,2372.21997070
2007-07-05,2373.07006836
2007-07-06,2381.59008789
2007-07-09,2383.80004883
2007-07-10,2349.97998047
2007-07-11,2363.71997070
2007-07-12,2408.79003906
2007-07-13,2416.28002930
2007-07-16,2411.64990234
2007-07-17,2411.40991211
2007-07-18,2406.68994141
2007-07-19,2417.50000000
2007-07-20,2387.95996094
2007-07-23,2399.63989258
2007-07-24,2352.12011719
2007-07-25,2363.12011719
2007-07-26,2307.97998047
2007-07-27,2271.40991211
2007-07-30,2294.75000000
2007-07-31,2265.75000000
2007-08-01,2282.30004883
2007-08-02,2292.79003906
2007-08-03,2231.97998047
2007-08-06,2285.92993164
2007-08-07,2300.10009766
2007-08-08,2333.23999023
2007-08-09,2264.50000000
2007-08-10,2265.36010742
2007-08-13,2264.58007812
2007-08-14,2223.70996094
2007-08-15,2193.39990234
2007-08-16,2200.61010742
2007-08-17,2254.67993164
2007-08-20,2254.07006836
2007-08-21,2256.53002930
2007-08-22,2283.09008789
2007-08-23,2280.67993164
2007-08-24,2307.21997070
2007-08-27,2287.62011719
2007-08-28,2234.03002930
2007-08-29,2283.58007812
2007-08-30,2274.15991211
2007-08-31,2299.70996094
2007-09-04,2323.83007812
2007-09-05,2298.15991211
2007-09-06,2308.35009766
2007-09-07,2269.32006836
2007-09-10,2266.51000977
2007-09-11,2297.40991211
2007-09-12,2298.13989258
2007-09-13,2317.62988281
2007-09-14,2318.11010742
2007-09-17,2306.25000000
2007-09-18,2373.62988281
2007-09-19,2388.14990234
2007-09-20,2372.61010742
2007-09-21,2383.56005859
2007-09-24,2371.03002930
2007-09-25,2370.27001953
2007-09-26,2383.53002930
2007-09-27,2392.91992188
2007-09-28,2385.71997070
2007-10-01,2417.43994141
2007-10-02,2416.83007812
2007-10-03,2406.31005859
2007-10-04,2411.40991211
2007-10-05,2435.15991211
2007-10-08,2427.33007812
2007-10-09,2447.03002930
2007-10-10,2443.02001953
2007-10-11,2430.55004883
2007-10-12,2442.12011719
2007-10-15,2421.66992188
2007-10-16,2405.76000977
2007-10-17,2410.21997070
2007-10-18,2408.45996094
2007-10-19,2346.78002930
2007-10-22,2355.73999023
2007-10-23,2376.47998047
2007-10-24,2370.70996094
2007-10-25,2368.42993164
2007-10-26,2401.07006836
2007-10-29,2410.33007812
2007-10-30,2394.81005859
2007-10-31,2423.66992188
2007-11-01,2360.20996094
2007-11-02,2362.20996094
2007-11-05,2350.68994141
2007-11-06,2379.05004883
2007-11-07,2310.40991211
2007-11-08,2309.17993164
2007-11-09,2276.26000977
2007-11-12,2253.53002930
2007-11-13,2319.86010742
2007-11-14,2304.06005859
2007-11-15,2273.72998047
2007-11-16,2285.66992188
2007-11-19,2245.81005859
2007-11-20,2256.02001953
2007-11-21,2220.20996094
2007-11-23,2257.94995117
2007-11-26,2205.48999023
2007-11-27,2238.52001953
2007-11-28,2303.16992188
2007-11-29,2304.42993164
2007-11-30,2322.34008789
2007-12-03,2308.73999023
2007-12-04,2293.64990234
2007-12-05,2329.70996094
2007-12-06,2364.96997070
2007-12-07,2360.79003906
2007-12-10,2378.60009766
2007-12-11,2318.52001953
2007-12-12,2332.85009766
2007-12-13,2335.79003906
2007-12-14,2303.79003906
2007-12-17,2269.23999023
2007-12-18,2283.50000000
2007-12-19,2280.46997070
2007-12-20,2292.22998047
2007-12-21,2330.81005859
2007-12-24,2349.65991211
2007-12-26,2351.60009766
2007-12-27,2318.71997070
2007-12-28,2322.11010742
2007-12-31,2306.22998047
2008-01-02,2273.40991211
2008-01-03,2273.40991211
2008-01-04,2217.59008789
2008-01-07,2224.76000977
2008-01-08,2184.66992188
2008-01-09,2214.60009766
2008-01-10,2232.25000000
2008-01-11,2202.03002930
2008-01-14,2225.97998047
2008-01-15,2170.51000977
2008-01-16,2158.58007812
2008-01-17,2095.86010742
2008-01-18,2083.23999023
2008-01-22,2060.14990234
2008-01-23,2104.37011719
2008-01-24,2125.61010742
2008-01-25,2091.87988281
2008-01-28,2128.63989258
2008-01-29,2141.85009766
2008-01-30,2131.79003906
2008-01-31,2167.89990234
2008-02-01,2194.42993164
2008-02-04,2171.51000977
2008-02-05,2102.22998047
2008-02-06,2087.05004883
2008-02-07,2104.02001953
2008-02-08,2095.20996094
2008-02-11,2107.64990234
2008-02-12,2123.06005859
2008-02-13,2152.76000977
2008-02-14,2123.93994141
2008-02-15,2125.85009766
2008-02-19,2124.12011719
2008-02-20,2141.94995117
2008-02-21,2115.12988281
2008-02-22,2132.02001953
2008-02-25,2161.51000977
2008-02-26,2176.47998047
2008-02-27,2175.00000000
2008-02-28,2155.81005859
2008-02-29,2097.47998047
2008-03-03,2098.63989258
2008-03-04,2091.41992188
2008-03-05,2103.41992188
2008-03-06,2057.43994141
2008-03-07,2040.17004395
2008-03-10,2008.70996094
2008-03-11,2083.36010742
2008-03-12,2065.20996094
2008-03-13,2075.87988281
2008-03-14,2032.79003906
2008-03-17,2014.88000488
2008-03-18,2100.37988281
2008-03-19,2049.39990234
2008-03-20,2098.45996094
2008-03-24,2130.62011719
2008-03-25,2135.54003906
2008-03-26,2116.92993164
2008-03-27,2093.11010742
2008-03-28,2076.56005859
2008-03-31,2088.41992188
2008-04-01,2163.37988281
2008-04-02,2159.62988281
2008-04-03,2162.45996094
2008-04-04,2164.20996094
2008-04-07,2167.61010742
2008-04-08,2157.28002930
2008-04-09,2139.98999023
2008-04-10,2149.66992188
2008-04-11,2106.01000977
2008-04-14,2098.91992188
2008-04-15,2108.59008789
2008-04-16,2156.66992188
2008-04-17,2158.08007812
2008-04-18,2197.23999023
2008-04-21,2193.87011719
2008-04-22,2174.59008789
2008-04-23,2180.90991211
2008-04-24,2194.95996094
2008-04-25,2209.25000000
2008-04-28,2207.02001953
2008-04-29,2198.50000000
2008-04-30,2190.12988281
2008-05-01,2228.09008789
2008-05-02,2235.30004883
2008-05-05,2225.37011719
2008-05-06,2242.46997070
2008-05-07,2202.77001953
2008-05-08,2210.94995117
2008-05-09,2196.54003906
2008-05-12,2220.81005859
2008-05-13,2220.45996094
2008-05-14,2229.73999023
2008-05-15,2253.76000977
2008-05-16,2256.63989258
2008-05-19,2258.73999023
2008-05-20,2237.79003906
2008-05-21,2202.02001953
2008-05-22,2208.19995117
2008-05-23,2179.05004883
2008-05-27,2193.97998047
2008-05-28,2203.10009766
2008-05-29,2215.12011719
2008-05-30,2218.50000000
2008-06-02,2195.27001953
2008-06-03,2182.64990234
2008-06-04,2183.01000977
2008-06-05,2225.73999023
2008-06-06,2157.23999023
2008-06-09,2159.03002930
2008-06-10,2153.77001953
2008-06-11,2117.84008789
2008-06-12,2124.93994141
2008-06-13,2156.95996094
2008-06-16,2157.13989258
2008-06-17,2142.55004883
2008-06-18,2121.78002930
2008-06-19,2130.30004883
2008-06-20,2090.82006836
2008-06-23,2090.93994141
2008-06-24,2085.08007812
2008-06-25,2097.37011719
2008-06-26,2036.40002441
2008-06-27,2028.89001465
2008-06-30,2031.46997070
2008-07-01,2039.66003418
2008-07-02,2002.64001465
2008-07-03,2004.86999512
2008-07-07,1988.08996582
2008-07-08,2022.82995605
2008-07-09,1976.96997070
2008-07-10,1990.78002930
2008-07-11,1968.85998535
2008-07-14,1951.07995605
2008-07-15,1929.84997559
2008-07-16,1978.46997070
2008-07-17,2002.30004883
2008-07-18,2002.88000488
2008-07-21,2001.85998535
2008-07-22,2028.91003418
2008-07-23,2037.15002441
2008-07-24,1990.08996582
2008-07-25,1998.41003418
2008-07-28,1961.22998047
2008-07-29,2007.20996094
2008-07-30,2040.81005859
2008-07-31,2014.39001465
2008-08-01,2003.16003418
2008-08-04,1985.22998047
2008-08-05,2042.43994141
2008-08-06,2050.22998047
2008-08-07,2013.66003418
2008-08-08,2061.77001953
2008-08-11,2076.59008789
2008-08-12,2051.65991211
2008-08-13,2046.34997559
2008-08-14,2057.71997070
2008-08-15,2066.36010742
2008-08-18,2035.30004883
2008-08-19,2016.52001953
2008-08-20,2029.15002441
2008-08-21,2034.34997559
2008-08-22,2057.63989258
2008-08-25,2017.27001953
2008-08-26,2024.71997070
2008-08-27,2041.23999023
2008-08-28,2071.86010742
2008-08-29,2043.53002930
2008-09-02,2035.23999023
2008-09-03,2032.13000488
2008-09-04,1971.36999512
2008-09-05,1980.18005371
2008-09-08,2021.13000488
2008-09-09,1952.14001465
2008-09-10,1964.25000000
2008-09-11,1992.00000000
2008-09-12,1996.26000977
2008-09-15,1902.17004395
2008-09-16,1935.48999023
2008-09-17,1844.31005859
2008-09-18,1924.84997559
2008-09-19,2002.31994629
2008-09-22,1925.85998535
2008-09-23,1895.78002930
2008-09-24,1892.05004883
2008-09-25,1929.23999023
2008-09-26,1935.79003906
2008-09-29,1765.71997070
2008-09-30,1861.43994141
2008-10-01,1853.26000977
2008-10-02,1778.90002441
2008-10-03,1754.91003418
2008-10-06,1687.33996582
2008-10-07,1590.51000977
2008-10-08,1573.33996582
2008-10-09,1453.52001953
2008-10-10,1436.56005859
2008-10-13,1602.93005371
2008-10-14,1594.41003418
2008-10-15,1450.50000000
2008-10-16,1512.20996094
2008-10-17,1502.83996582
2008-10-20,1574.50000000
2008-10-21,1526.02001953
2008-10-22,1433.21997070
2008-10-23,1451.36999512
2008-10-24,1401.29003906
2008-10-27,1356.78002930
2008-10-28,1503.16003418
2008-10-29,1486.72998047
2008-10-30,1525.36999512
2008-10-31,1548.81005859
2008-11-03,1544.91003418
2008-11-04,1608.00000000
2008-11-05,1524.20996094
2008-11-06,1448.01000977
2008-11-07,1490.31005859
2008-11-10,1471.64001465
2008-11-11,1439.21997070
2008-11-12,1365.15002441
2008-11-13,1459.81994629
2008-11-14,1399.19995117
2008-11-17,1363.14001465
2008-11-18,1376.81994629
2008-11-19,1292.76000977
2008-11-20,1206.04003906
2008-11-21,1282.58996582
2008-11-24,1365.63000488
2008-11-25,1374.79003906
2008-11-26,1423.90002441
2008-11-28,1437.68005371
2008-12-01,1309.39001465
2008-12-02,1361.79003906
2008-12-03,1397.71997070
2008-12-04,1356.81005859
2008-12-05,1406.35998535
2008-12-08,1460.59997559
2008-12-09,1426.88000488
2008-12-10,1444.00000000
2008-12-11,1403.19995117
2008-12-12,1413.06994629
2008-12-15,1395.20996094
2008-12-16,1466.86999512
2008-12-17,1452.88000488
2008-12-18,1422.18994141
2008-12-19,1426.39001465
2008-12-22,1400.42004395
2008-12-23,1387.07995605
2008-12-24,1395.76000977
2008-12-26,1403.21997070
2008-12-29,1398.25000000
2008-12-30,1432.65002441
2008-12-31,1452.97998047
2009-01-02,1499.17004395
2009-01-05,1492.20996094
2009-01-06,1503.86999512
2009-01-07,1459.57995605
2009-01-08,1464.59997559
2009-01-09,1433.41003418
2009-01-12,1401.06994629
2009-01-13,1403.63000488
2009-01-14,1356.79003906
2009-01-15,1358.64001465
2009-01-16,1368.92004395
2009-01-20,1296.63000488
2009-01-21,1353.32995605
2009-01-22,1332.83996582
2009-01-23,1340.02001953
2009-01-26,1347.46997070
2009-01-27,1362.18005371
2009-01-28,1408.06994629
2009-01-29,1361.54003906
2009-01-30,1330.51000977
2009-02-02,1329.81005859
2009-02-03,1350.89001465
2009-02-04,1341.77001953
2009-02-05,1363.81994629
2009-02-06,1401.06005859
2009-02-09,1403.18994141
2009-02-10,1334.30004883
2009-02-11,1345.50000000
2009-02-12,1348.15002441
2009-02-13,1334.82995605
2009-02-17,1274.26000977
2009-02-18,1273.29003906
2009-02-19,1258.81994629
2009-02-20,1244.71997070
2009-02-23,1201.56005859
2009-02-24,1249.76000977
2009-02-25,1236.73999023
2009-02-26,1217.48999023
2009-02-27,1188.83996582
2009-03-02,1133.43005371
2009-03-03,1126.18005371
2009-03-04,1153.34997559
2009-03-05,1104.38000488
2009-03-06,1106.00000000
2009-03-09,1095.04003906
2009-03-10,1164.82995605
2009-03-11,1168.06994629
2009-03-12,1215.86999512
2009-03-13,1225.31994629
2009-03-16,1221.03002930
2009-03-17,1260.29003906
2009-03-18,1286.61999512
2009-03-19,1269.93005371
2009-03-20,1244.85998535
2009-03-23,1333.20996094
2009-03-24,1306.03002930
2009-03-25,1318.60998535
2009-03-26,1349.36999512
2009-03-27,1322.18994141
2009-03-30,1276.21997070
2009-03-31,1292.97998047
2009-04-01,1314.63000488
2009-04-02,1352.46997070
2009-04-03,1365.66003418
2009-04-06,1354.35998535
2009-04-07,1322.91003418
2009-04-08,1338.53002930
2009-04-09,1389.48999023
2009-04-13,1393.13000488
2009-04-14,1365.19995117
2009-04-15,1382.35998535
2009-04-16,1403.89001465
2009-04-17,1410.84997559
2009-04-20,1350.52001953
2009-04-21,1379.21997070
2009-04-22,1368.92004395
2009-04-23,1382.52001953
2009-04-24,1405.73999023
2009-04-27,1391.57995605
2009-04-28,1387.81994629
2009-04-29,1417.98999023
2009-04-30,1416.72998047
2009-05-01,1424.41003418
2009-05-04,1472.64001465
2009-05-05,1467.25000000
2009-05-06,1493.31005859
2009-05-07,1473.66003418
2009-05-08,1509.14001465
2009-05-11,1477.19995117
2009-05-12,1475.82995605
2009-05-13,1436.73999023
2009-05-14,1451.17004395
2009-05-15,1435.47998047
2009-05-18,1479.23999023
2009-05-19,1476.93994141
2009-05-20,1469.46997070
2009-05-21,1445.28002930
2009-05-22,1443.14001465
2009-05-26,1481.09997559
2009-05-27,1453.28002930
2009-05-28,1475.93994141
2009-05-29,1495.96997070
2009-06-01,1534.65002441
2009-06-02,1537.68994141
2009-06-03,1516.88000488
2009-06-04,1534.58996582
2009-06-05,1530.81005859
2009-06-08,1529.58996582
2009-06-09,1535.03002930
2009-06-10,1529.76000977
2009-06-11,1539.50000000
2009-06-12,1541.69995117
2009-06-15,1505.06005859
2009-06-16,1485.92004395
2009-06-17,1483.90002441
2009-06-18,1496.58996582
2009-06-19,1501.25000000
2009-06-22,1455.54003906
2009-06-23,1458.92004395
2009-06-24,1468.47998047
2009-06-25,1499.97998047
2009-06-26,1498.07995605
2009-06-29,1511.69995117
2009-06-30,1498.93994141
2009-07-01,1505.64001465
2009-07-02,1461.80004883
2009-07-06,1465.57995605
2009-07-07,1436.73999023
2009-07-08,1435.19995117
2009-07-09,1440.30004883
2009-07-10,1434.50000000
2009-07-13,1470.43005371
2009-07-14,1478.23999023
2009-07-15,1522.08996582
2009-07-16,1535.30004883
2009-07-17,1534.70996094
2009-07-20,1552.26000977
2009-07-21,1557.91003418
2009-07-22,1557.36999512
2009-07-23,1593.65002441
2009-07-24,1598.50000000
2009-07-27,1603.26000977
2009-07-28,1599.08996582
2009-07-29,1592.00000000
2009-07-30,1611.14001465
2009-07-31,1612.31005859
2009-08-03,1637.06005859
2009-08-04,1642.03002930
2009-08-05,1637.81005859
2009-08-06,1628.81994629
2009-08-07,1650.72998047
2009-08-10,1645.26000977
2009-08-11,1624.91003418
2009-08-12,1644.22998047
2009-08-13,1655.66003418
2009-08-14,1641.54003906
2009-08-17,1602.06005859
2009-08-18,1618.59997559
2009-08-19,1629.92004395
2009-08-20,1647.84997559
2009-08-21,1678.83996582
2009-08-24,1677.93994141
2009-08-25,1681.92004395
2009-08-26,1682.29003906
2009-08-27,1687.16003418
2009-08-28,1684.05004883
2009-08-31,1670.52001953
2009-09-01,1633.63000488
2009-09-02,1628.66003418
2009-09-03,1642.68005371
2009-09-04,1664.33996582
2009-09-08,1679.31994629
2009-09-09,1692.47998047
2009-09-10,1710.14001465
2009-09-11,1708.18005371
2009-09-14,1719.04003906
2009-09-15,1724.44995117
2009-09-16,1750.91003418
2009-09-17,1745.80004883
2009-09-18,1750.43005371
2009-09-21,1744.46997070
2009-09-22,1755.98999023
2009-09-23,1738.31994629
2009-09-24,1722.02001953
2009-09-25,1711.53002930
2009-09-28,1742.31994629
2009-09-29,1738.47998047
2009-09-30,1732.85998535
2009-10-01,1688.23999023
2009-10-02,1680.69995117
2009-10-05,1705.72998047
2009-10-06,1729.14001465
2009-10-07,1734.73999023
2009-10-08,1747.69995117
2009-10-09,1757.59997559
2009-10-12,1765.31005859
2009-10-13,1760.51000977
2009-10-14,1791.46997070
2009-10-15,1798.91003418
2009-10-16,1784.34997559
2009-10-19,1801.11999512
2009-10-20,1789.93005371
2009-10-21,1774.32995605
2009-10-22,1793.33996582
2009-10-23,1771.50000000
2009-10-26,1750.75000000
2009-10-27,1744.94995117
2009-10-28,1711.08996582
2009-10-29,1749.76000977
2009-10-30,1700.67004395
2009-11-02,1711.65002441
2009-11-03,1715.81005859
2009-11-04,1718.20996094
2009-11-05,1751.44995117
2009-11-06,1756.06994629
2009-11-09,1795.56005859
2009-11-10,1795.90002441
2009-11-11,1804.93005371
2009-11-12,1786.66003418
2009-11-13,1796.93005371
2009-11-16,1823.29003906
2009-11-17,1825.18005371
2009-11-18,1824.60998535
2009-11-19,1800.11999512
2009-11-20,1794.65002441
2009-11-23,1819.17004395
2009-11-24,1818.31005859
2009-11-25,1826.73999023
2009-11-27,1795.69995117
2009-11-30,1802.68005371
2009-12-01,1824.54003906
2009-12-02,1825.40002441
2009-12-03,1810.13000488
2009-12-04,1820.10998535
2009-12-07,1815.69995117
2009-12-08,1797.31005859
2009-12-09,1804.09997559
2009-12-10,1814.81005859
2009-12-11,1821.50000000
2009-12-14,1834.55004883
2009-12-15,1824.36999512
2009-12-16,1826.44995117
2009-12-17,1804.95996094
2009-12-18,1815.34997559
2009-12-21,1834.58996582
2009-12-22,1841.17004395
2009-12-23,1845.80004883
2009-12-24,1855.50000000
2009-12-28,1857.89001465
2009-12-29,1855.60998535
2009-12-30,1856.14001465
2009-12-31,1837.50000000
2010-01-04,1867.06005859
2010-01-05,1872.90002441
2010-01-06,1874.72998047
2010-01-07,1882.33996582
2010-01-08,1887.77001953
2010-01-11,1891.06005859
2010-01-12,1873.31994629
2010-01-13,1889.09997559
2010-01-14,1893.71997070
2010-01-15,1873.30004883
2010-01-19,1896.71997070
2010-01-20,1876.90002441
2010-01-21,1841.39001465
2010-01-22,1800.60998535
2010-01-25,1808.93005371
2010-01-26,1801.33996582
2010-01-27,1810.20996094
2010-01-28,1788.96997070
2010-01-29,1771.40002441
2010-02-01,1796.67004395
2010-02-02,1819.98999023
2010-02-03,1810.64001465
2010-02-04,1754.30004883
2010-02-05,1759.38000488
2010-02-08,1744.36999512
2010-02-09,1767.18005371
2010-02-10,1763.68994141
2010-02-11,1781.01000977
2010-02-12,1776.50000000
2010-02-16,1808.71997070
2010-02-17,1816.69995117
2010-02-18,1828.81005859
2010-02-19,1833.08996582
2010-02-22,1831.20996094
2010-02-23,1809.05004883
2010-02-24,1826.98999023
2010-02-25,1823.64001465
2010-02-26,1826.27001953
2010-03-01,1844.86999512
2010-03-02,1849.17004395
2010-03-03,1850.23999023
2010-03-04,1857.19995117
2010-03-05,1883.28002930
2010-03-08,1883.29003906
2010-03-09,1886.59997559
2010-03-10,1895.38000488
2010-03-11,1903.68005371
2010-03-12,1903.29003906
2010-03-15,1904.18994141
2010-03-16,1919.02001953
2010-03-17,1930.21997070
2010-03-18,1929.63000488
2010-03-19,1919.80004883
2010-03-22,1929.64001465
2010-03-23,1943.69995117
2010-03-24,1933.04003906
2010-03-25,1929.75000000
2010-03-26,1931.18005371
2010-03-29,1942.51000977
2010-03-30,1942.81005859
2010-03-31,1936.47998047
2010-04-01,1950.91003418
2010-04-05,1966.43994141
2010-04-06,1969.76000977
2010-04-07,1959.04003906
2010-04-08,1965.71997070
2010-04-09,1978.85998535
2010-04-12,1982.40002441
2010-04-13,1983.91003418
2010-04-14,2006.06005859
2010-04-15,2007.73999023
2010-04-16,1975.35998535
2010-04-19,1984.31994629
2010-04-20,2000.32995605
2010-04-21,1998.31005859
2010-04-22,2002.93005371
2010-04-23,2017.18994141
2010-04-26,2008.55004883
2010-04-27,1961.59997559
2010-04-28,1974.63000488
2010-04-29,2000.33996582
2010-04-30,1967.05004883
2010-05-03,1992.86999512
2010-05-04,1945.36999512
2010-05-05,1933.25000000
2010-05-06,1870.94995117
2010-05-07,1842.31994629
2010-05-10,1923.39001465
2010-05-11,1917.25000000
2010-05-12,1944.25000000
2010-05-13,1920.76000977
2010-05-14,1884.67004395
2010-05-17,1887.10998535
2010-05-18,1860.65002441
2010-05-19,1851.28002930
2010-05-20,1779.30004883
2010-05-21,1806.05004883
2010-05-24,1782.77001953
2010-05-25,1783.40002441
2010-05-26,1773.65002441
2010-05-27,1832.60998535
2010-05-28,1809.97998047
2010-06-01,1778.98999023
2010-06-02,1825.25000000
2010-06-03,1832.71997070
2010-06-04,1769.71997070
2010-06-07,1745.86999512
2010-06-08,1765.29003906
2010-06-09,1754.91003418
2010-06-10,1806.68994141
2010-06-11,1815.26000977
2010-06-14,1812.02001953
2010-06-15,1854.60998535
2010-06-16,1853.61999512
2010-06-17,1856.25000000
2010-06-18,1858.69995117
2010-06-21,1851.55004883
2010-06-22,1822.05004883
2010-06-23,1816.65002441
2010-06-24,1786.13000488
2010-06-25,1791.23999023
2010-06-28,1787.93994141
2010-06-29,1732.55004883
2010-06-30,1715.22998047
2010-07-01,1709.77001953
2010-07-02,1701.85998535
2010-07-06,1710.96997070
2010-07-07,1765.42004395
2010-07-08,1782.09997559
2010-07-09,1794.93994141
2010-07-12,1796.30004883
2010-07-13,1824.06994629
2010-07-14,1823.81994629
2010-07-15,1826.00000000
2010-07-16,1773.43005371
2010-07-19,1784.06005859
2010-07-20,1804.47998047
2010-07-21,1781.59997559
2010-07-22,1821.76000977
2010-07-23,1836.75000000
2010-07-26,1857.32995605
2010-07-27,1855.39001465
2010-07-28,1842.66003418
2010-07-29,1835.29003906
2010-07-30,1835.40002441
2010-08-02,1875.84997559
2010-08-03,1866.86999512
2010-08-04,1878.81005859
2010-08-05,1876.51000977
2010-08-06,1869.77001953
2010-08-09,1880.06005859
2010-08-10,1868.88000488
2010-08-11,1817.13000488
2010-08-12,1807.60998535
2010-08-13,1800.39001465
2010-08-16,1800.69995117
2010-08-17,1823.18005371
2010-08-18,1826.14001465
2010-08-19,1795.23999023
2010-08-20,1788.67004395
2010-08-23,1781.46997070
2010-08-24,1755.65002441
2010-08-25,1761.61999512
2010-08-26,1748.14001465
2010-08-27,1777.59997559
2010-08-30,1751.79003906
2010-08-31,1752.55004883
2010-09-01,1804.45996094
2010-09-02,1820.97998047
2010-09-03,1845.09997559
2010-09-07,1824.05004883
2010-09-08,1836.20996094
2010-09-09,1845.08996582
2010-09-10,1854.09997559
2010-09-13,1875.41003418
2010-09-14,1874.06994629
2010-09-15,1880.73999023
2010-09-16,1880.36999512
2010-09-17,1881.93005371
2010-09-20,1910.59997559
2010-09-21,1905.73999023
2010-09-22,1896.77001953
2010-09-23,1880.96997070
2010-09-24,1920.83996582
2010-09-27,1909.97998047
2010-09-28,1919.58996582
2010-09-29,1914.83996582
2010-09-30,1908.94995117
2010-10-01,1917.42004395
2010-10-04,1902.15002441
2010-10-05,1941.81994629
2010-10-06,1941.50000000
2010-10-07,1938.31005859
2010-10-08,1950.18005371
2010-10-11,1950.46997070
2010-10-12,1957.92004395
2010-10-13,1972.07995605
2010-10-14,1964.90002441
2010-10-15,1968.86999512
2010-10-18,1983.17004395
2010-10-19,1951.67004395
2010-10-20,1972.51000977
2010-10-21,1976.11999512
2010-10-22,1980.82995605
2010-10-25,1985.10998535
2010-10-26,1985.13000488
2010-10-27,1980.05004883
2010-10-28,1982.44995117
2010-10-29,1981.58996582
2010-11-01,1983.46997070
2010-11-02,1998.85998535
2010-11-03,2006.57995605
2010-11-04,2045.61999512
2010-11-05,2053.77001953
2010-11-08,2049.68994141
2010-11-09,2033.84997559
2010-11-10,2043.16003418
2010-11-11,2034.47998047
2010-11-12,2010.56994629
2010-11-15,2008.25000000
2010-11-16,1976.26000977
2010-11-17,1977.00000000
2010-11-18,2007.38000488
2010-11-19,2012.58996582
2010-11-22,2009.52001953
2010-11-23,1980.89001465
2010-11-24,2010.56005859
2010-11-26,1996.03002930
2010-11-29,1993.82995605
2010-11-30,1981.83996582
2010-12-01,2024.96997070
2010-12-02,2050.95996094
2010-12-03,2056.39990234
2010-12-06,2053.80004883
2010-12-07,2054.88989258
2010-12-08,2063.03002930
2010-12-09,2071.12011719
2010-12-10,2083.57006836
2010-12-13,2084.00000000
2010-12-14,2085.92993164
2010-12-15,2075.29003906
2010-12-16,2088.18994141
2010-12-17,2089.94995117
2010-12-20,2095.32006836
2010-12-21,2108.26000977
2010-12-22,2115.68994141
2010-12-23,2112.37011719
2010-12-27,2113.66992188
2010-12-28,2115.32006836
2010-12-29,2117.83007812
2010-12-30,2114.69995117
2010-12-31,2114.29003906
2011-01-03,2138.30004883
2011-01-04,2135.53002930
2011-01-05,2146.50000000
2011-01-06,2142.76000977
2011-01-07,2138.81005859
2011-01-10,2135.86010742
2011-01-11,2143.82006836
2011-01-12,2163.36010742
2011-01-13,2159.65991211
2011-01-14,2175.67993164
2011-01-18,2178.71997070
2011-01-19,2156.96997070
2011-01-20,2154.17993164
2011-01-21,2159.42993164
2011-01-24,2172.03002930
2011-01-25,2172.66992188
2011-01-26,2181.91992188
2011-01-27,2186.92993164
2011-01-28,2147.94995117
2011-01-31,2164.39990234
2011-02-01,2200.54003906
2011-02-02,2194.93994141
2011-02-03,2200.41992188
2011-02-04,2206.80004883
2011-02-07,2220.60009766
2011-02-08,2230.59008789
2011-02-09,2224.63989258
2011-02-10,2226.51000977
2011-02-11,2239.08007812
2011-02-14,2244.88989258
2011-02-15,2237.89990234
2011-02-16,2252.30004883
2011-02-17,2259.41992188
2011-02-18,2263.79003906
2011-02-22,2217.35009766
2011-02-23,2203.88989258
2011-02-24,2202.22998047
2011-02-25,2226.05004883
2011-02-28,2238.55004883
2011-03-01,2203.32006836
2011-03-02,2207.23999023
2011-03-03,2245.33007812
2011-03-04,2228.78002930
2011-03-07,2210.26000977
2011-03-08,2230.39990234
2011-03-09,2227.69995117
2011-03-10,2185.64990234
2011-03-11,2201.81005859
2011-03-14,2188.56005859
2011-03-15,2164.06005859
2011-03-16,2121.93994141
2011-03-17,2150.42993164
2011-03-18,2159.68994141
2011-03-21,2192.09008789
2011-03-22,2184.57006836
2011-03-23,2190.95996094
2011-03-24,2211.41992188
2011-03-25,2218.41992188
2011-03-28,2212.32006836
2011-03-29,2228.40991211
2011-03-30,2243.55004883
2011-03-31,2239.43994141
2011-04-01,2250.58007812
2011-04-04,2251.63989258
2011-04-05,2251.26000977
2011-04-06,2257.11010742
2011-04-07,2253.76000977
2011-04-08,2244.73999023
2011-04-11,2238.51000977
2011-04-12,2221.12011719
2011-04-13,2221.77001953
2011-04-14,2221.98999023
2011-04-15,2230.69995117
2011-04-18,2206.14990234
2011-04-19,2218.86010742
2011-04-20,2248.89990234
2011-04-21,2260.84008789
2011-04-25,2257.23999023
2011-04-26,2277.51000977
2011-04-27,2292.12988281
2011-04-28,2300.45996094
2011-04-29,2305.76000977
2011-05-02,2301.71997070
2011-05-03,2293.94995117
2011-05-04,2278.62988281
2011-05-05,2258.08007812
2011-05-06,2266.96997070
2011-05-09,2277.30004883
2011-05-10,2295.71997070
2011-05-11,2271.46997070
2011-05-12,2282.84008789
2011-05-13,2264.52001953
2011-05-16,2250.61010742
2011-05-17,2250.35009766
2011-05-18,2270.57006836
2011-05-19,2275.70996094
2011-05-20,2258.20996094
2011-05-23,2231.31005859
2011-05-24,2229.48999023
2011-05-25,2236.75000000
2011-05-26,2246.12988281
2011-05-27,2255.73999023
2011-05-31,2279.65991211
2011-06-01,2227.95996094
2011-06-02,2225.36010742
2011-06-03,2203.81005859
2011-06-06,2180.13989258
2011-06-07,2178.14990234
2011-06-08,2169.50000000
2011-06-09,2185.52001953
2011-06-10,2155.00000000
2011-06-13,2157.14990234
2011-06-14,2184.47998047
2011-06-15,2146.44995117
2011-06-16,2150.58007812
2011-06-17,2157.13989258
2011-06-20,2168.80004883
2011-06-21,2198.14990234
2011-06-22,2184.03002930
2011-06-23,2177.85009766
2011-06-24,2152.31005859
2011-06-27,2172.08007812
2011-06-28,2200.67993164
2011-06-29,2219.19995117
2011-06-30,2241.65991211
2011-07-01,2274.26000977
2011-07-05,2271.29003906
2011-07-06,2274.41992188
2011-07-07,2298.31005859
2011-07-08,2282.32006836
2011-07-11,2241.07006836
2011-07-12,2231.14990234
2011-07-13,2238.29003906
2011-07-14,2223.29003906
2011-07-15,2235.64990234
2011-07-18,2217.55004883
2011-07-19,2253.70996094
2011-07-20,2252.52001953
2011-07-21,2283.22998047
2011-07-22,2285.34008789
2011-07-25,2272.46997070
2011-07-26,2263.14990234
2011-07-27,2217.29003906
2011-07-28,2210.33007812
2011-07-29,2196.08007812
2011-08-01,2187.00000000
2011-08-02,2131.10009766
2011-08-03,2142.56005859
2011-08-04,2040.19995117
2011-08-05,2039.04003906
2011-08-08,1903.46997070
2011-08-09,1993.76000977
2011-08-10,1906.53002930
2011-08-11,1995.14001465
2011-08-12,2005.67004395
2011-08-15,2049.51000977
2011-08-16,2029.92004395
2011-08-17,2032.41003418
2011-08-18,1941.92004395
2011-08-19,1912.77001953
2011-08-22,1913.27001953
2011-08-23,1978.89001465
2011-08-24,2005.13000488
2011-08-25,1973.95996094
2011-08-26,2004.10998535
2011-08-29,2061.05004883
2011-08-30,2066.37011719
2011-08-31,2076.78002930
2011-09-01,2052.30004883
2011-09-02,2000.50000000
2011-09-06,1985.67004395
2011-09-07,2043.05004883
2011-09-08,2021.42004395
2011-09-09,1967.46997070
2011-09-12,1981.30004883
2011-09-13,2000.07995605
2011-09-14,2027.04003906
2011-09-15,2062.25000000
2011-09-16,2074.06005859
2011-09-19,2053.73999023
2011-09-20,2050.38989258
2011-09-21,1990.19995117
2011-09-22,1926.76000977
2011-09-23,1938.72998047
2011-09-26,1983.96997070
2011-09-27,2005.18994141
2011-09-28,1964.19995117
2011-09-29,1980.22998047
2011-09-30,1930.79003906
2011-10-03,1875.94995117
2011-10-04,1918.39001465
2011-10-05,1953.67004395
2011-10-06,1989.60998535
2011-10-07,1973.42004395
2011-10-10,2040.76000977
2011-10-11,2041.90002441
2011-10-12,2062.21997070
2011-10-13,2056.26000977
2011-10-14,2091.98999023
2011-10-17,2051.54003906
2011-10-18,2093.42993164
2011-10-19,2067.28002930
2011-10-20,2076.75000000
2011-10-21,2115.86010742
2011-10-24,2143.12988281
2011-10-25,2100.16992188
2011-10-26,2122.32006836
2011-10-27,2195.21997070
2011-10-28,2196.12988281
2011-10-31,2141.81005859
2011-11-01,2081.96997070
2011-11-02,2115.69995117
2011-11-03,2155.87011719
2011-11-04,2142.34008789
2011-11-07,2156.00000000
2011-11-08,2182.61010742
2011-11-09,2102.71997070
2011-11-10,2121.13989258
2011-11-11,2162.47998047
2011-11-14,2142.09008789
2011-11-15,2152.80004883
2011-11-16,2117.63989258
2011-11-17,2082.10009766
2011-11-18,2081.41992188
2011-11-21,2042.70996094
2011-11-22,2034.41003418
2011-11-23,1989.54003906
2011-11-25,1984.50000000
2011-11-28,2042.80004883
2011-11-29,2048.06005859
2011-11-30,2137.08007812
2011-12-01,2133.07006836
2011-12-02,2132.63989258
2011-12-05,2154.67993164
2011-12-06,2157.10009766
2011-12-07,2162.07006836
2011-12-08,2116.40991211
2011-12-09,2152.14990234
2011-12-12,2120.14990234
2011-12-13,2102.14990234
2011-12-14,2078.51000977
2011-12-15,2085.43994141
2011-12-16,2092.17993164
2011-12-19,2067.66992188
2011-12-20,2129.66992188
2011-12-21,2133.86010742
2011-12-22,2152.04003906
2011-12-23,2171.50000000
2011-12-27,2171.70996094
2011-12-28,2145.09008789
2011-12-29,2168.12011719
2011-12-30,2158.93994141
2012-01-03,2192.39990234
2012-01-04,2193.28002930
2012-01-05,2199.72998047
2012-01-06,2194.97998047
2012-01-09,2200.00000000
2012-01-10,2219.58007812
2012-01-11,2220.47998047
2012-01-12,2225.73999023
2012-01-13,2214.72998047
2012-01-17,2222.59008789
2012-01-18,2247.63989258
2012-01-19,2258.80004883
2012-01-20,2260.37011719
2012-01-23,2261.46997070
2012-01-24,2259.21997070
2012-01-25,2278.83007812
2012-01-26,2265.84008789
2012-01-27,2262.35009766
2012-01-30,2256.71997070
2012-01-31,2255.68994141
2012-02-01,2276.23999023
2012-02-02,2278.91992188
2012-02-03,2312.48999023
2012-02-06,2311.55004883
2012-02-07,2316.27001953
2012-02-08,2322.11010742
2012-02-09,2325.56005859
2012-02-10,2309.60009766
2012-02-13,2325.81005859
2012-02-14,2324.00000000
2012-02-15,2312.28002930
2012-02-16,2338.12011719
2012-02-17,2343.66992188
2012-02-21,2345.40991211
2012-02-22,2337.66992188
2012-02-23,2348.11010742
2012-02-24,2352.34008789
2012-02-27,2355.73999023
2012-02-28,2364.03002930
2012-02-29,2353.22998047
2012-03-01,2367.87011719
2012-03-02,2360.28002930
2012-03-05,2351.28002930
2012-03-06,2315.20996094
2012-03-07,2331.88989258
2012-03-08,2355.01000977
2012-03-09,2363.56005859
2012-03-12,2364.10009766
2012-03-13,2407.79003906
2012-03-14,2404.97998047
2012-03-15,2419.37011719
2012-03-16,2422.09008789
2012-03-19,2431.72998047
2012-03-20,2424.45996094
2012-03-21,2420.02001953
2012-03-22,2402.70996094
2012-03-23,2410.15991211
2012-03-26,2443.63989258
2012-03-27,2437.01000977
2012-03-28,2425.55004883
2012-03-29,2421.69995117
2012-03-30,2430.66992188
2012-04-02,2449.08007812
2012-04-03,2439.88989258
2012-04-04,2415.05004883
2012-04-05,2414.39990234
2012-04-09,2387.03002930
2012-04-10,2346.27001953
2012-04-11,2364.09008789
2012-04-12,2396.68994141
2012-04-13,2366.84008789
2012-04-16,2365.64990234
2012-04-17,2402.29003906
2012-04-18,2392.57006836
2012-04-19,2378.47998047
2012-04-20,2381.32006836
2012-04-23,2361.35009766
2012-04-24,2370.04003906
2012-04-25,2402.70996094
2012-04-26,2418.88989258
2012-04-27,2424.78002930
2012-04-30,2415.41992188
2012-05-01,2429.10009766
2012-05-02,2423.29003906
2012-05-03,2405.16992188
2012-05-04,2366.38989258
2012-05-07,2367.26000977
2012-05-08,2357.44995117
2012-05-09,2342.31005859
2012-05-10,2348.92993164
2012-05-11,2341.22998047
2012-05-14,2315.44995117
2012-05-15,2302.56005859
2012-05-16,2293.20996094
2012-05-17,2258.92993164
2012-05-18,2242.25000000
2012-05-21,2278.23999023
2012-05-22,2279.39990234
2012-05-23,2283.36010742
2012-05-24,2286.87011719
2012-05-25,2281.91992188
2012-05-29,2307.57006836
2012-05-30,2275.18994141
2012-05-31,2270.25000000
2012-06-01,2214.40991211
2012-06-04,2214.69995117
2012-06-05,2227.44995117
2012-06-06,2279.41992188
2012-06-07,2279.28002930
2012-06-08,2297.82006836
2012-06-11,2268.93994141
2012-06-12,2295.39990234
2012-06-13,2280.12988281
2012-06-14,2304.83007812
2012-06-15,2328.65991211
2012-06-18,2332.07006836
2012-06-19,2355.01000977
2012-06-20,2351.13989258
2012-06-21,2299.15991211
2012-06-22,2315.64990234
2012-06-25,2278.97998047
2012-06-26,2289.86010742
2012-06-27,2310.97998047
2012-06-28,2306.21997070
2012-06-29,2363.79003906
2012-07-02,2369.75000000
2012-07-03,2385.06005859
2012-07-05,2373.90991211
2012-07-06,2352.34008789
2012-07-09,2348.52001953
2012-07-10,2329.45996094
2012-07-11,2329.70996094
2012-07-12,2318.09008789
2012-07-13,2356.39990234
2012-07-16,2350.93994141
2012-07-17,2368.36010742
2012-07-18,2384.54003906
2012-07-19,2391.27001953
2012-07-20,2367.26000977
2012-07-23,2346.21997070
2012-07-24,2325.02001953
2012-07-25,2324.33007812
2012-07-26,2362.85009766
2012-07-27,2408.07006836
2012-07-30,2406.98999023
2012-07-31,2396.62011719
2012-08-01,2389.72998047
2012-08-02,2372.31005859
2012-08-03,2417.77001953
2012-08-06,2423.45996094
2012-08-07,2435.87988281
2012-08-08,2438.15991211
2012-08-09,2440.22998047
2012-08-10,2445.63989258
2012-08-13,2443.05004883
2012-08-14,2443.15991211
2012-08-15,2446.82006836
2012-08-16,2464.37988281
2012-08-17,2469.00000000
2012-08-20,2468.98999023
2012-08-21,2460.40991211
2012-08-22,2461.12011719
2012-08-23,2441.29003906
2012-08-24,2457.39990234
2012-08-27,2456.21997070
2012-08-28,2454.38989258
2012-08-29,2457.05004883
2012-08-30,2438.19995117
2012-08-31,2450.60009766
2012-09-04,2447.80004883
2012-09-05,2445.81005859
2012-09-06,2496.12011719
2012-09-07,2506.37011719
2012-09-10,2491.11010742
2012-09-11,2498.94995117
2012-09-12,2504.84008789
2012-09-13,2546.03002930
2012-09-14,2556.12988281
2012-09-17,2548.26000977
2012-09-18,2545.05004883
2012-09-19,2548.11010742
2012-09-20,2547.11010742
2012-09-21,2546.91992188
2012-09-24,2541.22998047
2012-09-25,2514.83007812
2012-09-26,2500.91992188
2012-09-27,2525.22998047
2012-09-28,2513.92993164
2012-10-01,2520.70996094
2012-10-02,2523.08007812
2012-10-03,2532.79003906
2012-10-04,2550.97998047
2012-10-05,2551.03002930
2012-10-08,2542.20996094
2012-10-09,2517.13989258
2012-10-10,2501.75000000
2012-10-11,2502.65991211
2012-10-12,2495.28002930
2012-10-15,2515.43994141
2012-10-16,2541.28002930
2012-10-17,2552.05004883
2012-10-18,2545.94995117
2012-10-19,2503.80004883
2012-10-22,2504.95996094
2012-10-23,2468.78002930
2012-10-24,2461.17993164
2012-10-25,2468.60009766
2012-10-26,2466.80004883
2012-10-31,2467.51000977
2012-11-01,2494.66992188
2012-11-02,2471.30004883
2012-11-05,2476.93994141
2012-11-06,2496.45996094
2012-11-07,2439.47998047
2012-11-08,2409.71997070
2012-11-09,2413.91992188
2012-11-12,2414.23999023
2012-11-13,2405.37988281
2012-11-14,2372.93994141
2012-11-15,2369.32006836
2012-11-16,2381.02001953
2012-11-19,2428.46997070
2012-11-20,2430.29003906
2012-11-21,2435.96997070
2012-11-23,2468.06005859
2012-11-26,2463.12011719
2012-11-27,2450.47998047
2012-11-28,2470.46997070
2012-11-29,2481.41992188
2012-11-30,2481.82006836
2012-12-03,2470.07006836
2012-12-04,2465.89990234
2012-12-05,2470.59008789
2012-12-06,2479.39990234
2012-12-07,2486.84008789
2012-12-10,2487.78002930
2012-12-11,2504.08007812
2012-12-12,2505.76000977
2012-12-13,2490.56005859
2012-12-14,2480.36010742
2012-12-17,2509.84008789
2012-12-18,2538.71997070
2012-12-19,2519.54003906
2012-12-20,2533.90991211
2012-12-21,2510.32006836
2012-12-24,2504.51000977
2012-12-26,2492.54003906
2012-12-27,2489.96997070
2012-12-28,2462.70996094
2012-12-31,2504.43994141
2013-01-02,2568.55004883
2013-01-03,2563.18994141
2013-01-04,2575.65991211
2013-01-07,2567.62988281
2013-01-08,2560.16992188
2013-01-09,2567.02001953
2013-01-10,2586.52001953
2013-01-11,2586.68994141
2013-01-14,2584.27001953
2013-01-15,2587.19995117
2013-01-16,2588.02001953
2013-01-17,2602.63989258
2013-01-18,2611.54003906
2013-01-22,2623.21997070
2013-01-23,2627.22998047
2013-01-24,2627.33007812
2013-01-25,2641.63989258
2013-01-28,2636.83007812
2013-01-29,2650.42993164
2013-01-30,2640.77001953
2013-01-31,2634.15991211
2013-02-01,2660.69995117
2013-02-04,2630.05004883
2013-02-05,2657.76000977
2013-02-06,2659.55004883
2013-02-07,2655.84008789
2013-02-08,2670.85009766
2013-02-11,2669.37011719
2013-02-12,2673.77001953
2013-02-13,2676.60009766
2013-02-14,2678.77001953
2013-02-15,2676.20996094
2013-02-19,2696.26000977
2013-02-20,2662.93994141
2013-02-21,2646.75000000
2013-02-22,2670.36010742
2013-02-25,2621.45996094
2013-02-26,2637.88989258
2013-02-27,2672.11010742
2013-02-28,2669.91992188
2013-03-01,2676.17993164
2013-03-04,2688.54003906
2013-03-05,2714.35009766
2013-03-06,2718.07006836
2013-03-07,2723.27001953
2013-03-08,2735.66992188
2013-03-11,2744.81005859
2013-03-12,2738.35009766
2013-03-13,2742.87011719
2013-03-14,2758.30004883
2013-03-15,2753.82006836
2013-03-18,2738.67993164
2013-03-19,2732.09008789
2013-03-20,2750.41992188
2013-03-21,2727.68994141
2013-03-22,2747.25000000
2013-03-25,2738.08007812
2013-03-26,2760.32006836
2013-03-27,2758.85009766
2013-03-28,2770.05004883
2013-04-01,2757.83007812
2013-04-02,2772.11010742
2013-04-03,2743.37988281
2013-04-04,2754.66992188
2013-04-05,2742.86010742
2013-04-08,2761.05004883
2013-04-09,2770.84008789
2013-04-10,2804.81005859
2013-04-11,2815.02001953
2013-04-12,2807.10009766
2013-04-15,2742.62988281
2013-04-16,2781.86010742
2013-04-17,2742.01000977
2013-04-18,2723.71997070
2013-04-19,2747.93994141
2013-04-22,2760.80004883
2013-04-23,2789.56005859
2013-04-24,2789.92993164
2013-04-25,2801.28002930
2013-04-26,2796.23999023
2013-04-29,2816.38989258
2013-04-30,2823.41992188
2013-05-01,2797.28002930
2013-05-02,2823.82006836
2013-05-03,2853.87988281
2013-05-06,2859.34008789
2013-05-07,2874.45996094
2013-05-08,2887.61010742
2013-05-09,2878.30004883
2013-05-10,2890.77001953
2013-05-13,2891.16992188
2013-05-14,2921.12011719
2013-05-15,2936.97998047
2013-05-16,2922.39990234
2013-05-17,2952.56005859
2013-05-20,2950.53002930
2013-05-21,2955.68994141
2013-05-22,2931.58007812
2013-05-23,2923.42993164
2013-05-24,2921.87988281
2013-05-28,2940.44995117
2013-05-29,2920.17993164
2013-05-30,2931.38989258
2013-05-31,2889.45996094
2013-06-03,2906.90991211
2013-06-04,2891.02001953
2013-06-05,2851.88989258
2013-06-06,2876.50000000
2013-06-07,2913.45996094
2013-06-10,2912.62988281
2013-06-11,2883.07006836
2013-06-12,2859.62011719
2013-06-13,2902.32006836
2013-06-14,2885.23999023
2013-06-17,2907.12011719
2013-06-18,2929.81005859
2013-06-19,2889.25000000
2013-06-20,2817.43994141
2013-06-21,2824.96997070
2013-06-24,2790.65991211
2013-06-25,2817.43994141
2013-06-26,2845.04003906
2013-06-27,2862.91992188
2013-06-28,2850.65991211
2013-07-01,2866.40991211
2013-07-02,2865.47998047
2013-07-03,2867.85009766
2013-07-05,2897.12011719
2013-07-08,2913.19995117
2013-07-09,2934.31005859
2013-07-10,2934.96997070
2013-07-11,2975.06005859
2013-07-12,2984.23999023
2013-07-15,2988.35009766
2013-07-16,2977.26000977
2013-07-17,2985.85009766
2013-07-18,3001.20996094
2013-07-19,3006.12988281
2013-07-22,3012.30004883
2013-07-23,3006.71997070
2013-07-24,2995.30004883
2013-07-25,3003.01000977
2013-07-26,3005.51000977
2013-07-29,2994.44995117
2013-07-30,2995.67993164
2013-07-31,2995.71997070
2013-08-01,3033.59008789
2013-08-02,3038.62988281
2013-08-05,3034.42993164
2013-08-06,3017.15991211
2013-08-07,3006.62988281
2013-08-08,3019.00000000
2013-08-09,3008.79003906
2013-08-12,3005.41992188
2013-08-13,3014.42993164
2013-08-14,2999.41992188
2013-08-15,2957.08007812
2013-08-16,2947.45996094
2013-08-19,2930.27001953
2013-08-20,2941.58007812
2013-08-21,2924.72998047
2013-08-22,2949.95996094
2013-08-23,2962.06005859
2013-08-26,2950.12988281
2013-08-27,2903.29003906
2013-08-28,2911.83007812
2013-08-29,2917.95996094
2013-08-30,2908.95996094
2013-09-03,2921.22998047
2013-09-04,2945.62011719
2013-09-05,2949.27001953
2013-09-06,2949.80004883
2013-09-09,2979.44995117
2013-09-10,3001.36010742
2013-09-11,3010.93994141
2013-09-12,3001.62011719
2013-09-13,3009.79003906
2013-09-16,3026.93994141
2013-09-17,3039.75000000
2013-09-18,3076.81005859
2013-09-19,3071.61010742
2013-09-20,3049.46997070
2013-09-23,3035.09008789
2013-09-24,3027.52001953
2013-09-25,3019.31005859
2013-09-26,3030.40991211
2013-09-27,3018.23999023
2013-09-30,3000.17993164
2013-10-01,3024.37988281
2013-10-02,3022.94995117
2013-10-03,2995.81005859
2013-10-04,3017.05004883
2013-10-07,2991.38989258
2013-10-08,2955.40991211
2013-10-09,2957.39990234
2013-10-10,3022.42993164
2013-10-11,3041.42993164
2013-10-14,3053.84008789
2013-10-15,3032.27001953
2013-10-16,3074.54003906
2013-10-17,3095.41992188
2013-10-18,3115.77001953
2013-10-21,3116.09008789
2013-10-22,3133.97998047
2013-10-23,3119.19995117
2013-10-24,3129.40991211
2013-10-25,3143.15991211
2013-10-28,3147.36010742
2013-10-29,3165.11010742
2013-10-30,3149.92993164
2013-10-31,3138.09008789
2013-11-01,3147.20996094
2013-11-04,3158.46997070
2013-11-05,3149.95996094
2013-11-06,3165.12988281
2013-11-07,3124.12011719
2013-11-08,3166.11010742
2013-11-11,3168.40991211
2013-11-12,3161.10009766
2013-11-13,3187.63989258
2013-11-14,3203.64990234
2013-11-15,3217.19995117
2013-11-18,3205.45996094
2013-11-19,3199.52001953
2013-11-20,3188.04003906
2013-11-21,3214.15991211
2013-11-22,3230.54003906
2013-11-25,3226.53002930
2013-11-26,3227.36010742
2013-11-27,3236.13989258
2013-11-29,3233.71997070
2013-12-02,3225.06005859
2013-12-03,3214.94995117
2013-12-04,3211.59008789
2013-12-05,3197.76000977
2013-12-06,3233.98999023
2013-12-09,3239.98999023
2013-12-10,3229.71997070
2013-12-11,3193.52001953
2013-12-12,3182.33007812
2013-12-13,3182.07006836
2013-12-16,3202.21997070
2013-12-17,3192.33007812
2013-12-18,3245.59008789
2013-12-19,3244.14990234
2013-12-20,3259.79003906
2013-12-23,3277.62011719
2013-12-24,3287.55004883
2013-12-26,3303.14990234
2013-12-27,3302.65991211
2013-12-30,3302.30004883
2013-12-31,3315.59008789
2014-01-02,3286.68994141
2014-01-03,3285.67993164
2014-01-06,3277.47998047
2014-01-07,3297.44995117
2014-01-08,3297.73999023
2014-01-09,3298.87011719
2014-01-10,3306.48999023
2014-01-13,3265.27001953
2014-01-14,3300.61010742
2014-01-15,3317.75000000
2014-01-16,3313.36010742
2014-01-17,3300.51000977
2014-01-21,3309.73999023
2014-01-22,3312.04003906
2014-01-23,3282.63989258
2014-01-24,3214.13989258
2014-01-27,3198.57006836
2014-01-28,3218.20996094
2014-01-29,3185.69995117
2014-01-30,3221.78002930
2014-01-31,3200.94995117
2014-02-03,3127.87011719
2014-02-04,3151.93994141
2014-02-05,3146.48999023
2014-02-06,3187.25000000
2014-02-07,3229.64990234
2014-02-10,3234.79003906
2014-02-11,3270.73999023
2014-02-12,3271.46997070
2014-02-13,3290.82006836
2014-02-14,3306.91992188
2014-02-18,3311.27001953
2014-02-19,3289.83007812
2014-02-20,3310.27001953
2014-02-21,3304.36010742
2014-02-24,3324.84008789
2014-02-25,3320.42993164
2014-02-26,3321.14990234
2014-02-27,3338.05004883
2014-02-28,3347.37988281
2014-03-03,3322.85009766
2014-03-04,3373.63989258
2014-03-05,3374.10009766
2014-03-06,3380.48999023
2014-03-07,3382.57006836
2014-03-10,3381.21997070
2014-03-11,3364.16992188
2014-03-12,3366.07006836
2014-03-13,3327.11010742
2014-03-14,3317.81005859
2014-03-17,3349.70996094
2014-03-18,3373.97998047
2014-03-19,3353.29003906
2014-03-20,3373.60009766
2014-03-21,3363.71997070
2014-03-24,3347.36010742
2014-03-25,3362.43994141
2014-03-26,3339.00000000
2014-03-27,3333.22998047
2014-03-28,3348.83007812
2014-03-31,3375.51000977
2014-04-01,3399.51000977
2014-04-02,3409.80004883
2014-04-03,3406.00000000
2014-04-04,3363.40991211
2014-04-07,3327.27001953
2014-04-08,3340.84008789
2014-04-09,3377.61010742
2014-04-10,3307.08007812
2014-04-11,3276.04003906
2014-04-14,3302.97998047
2014-04-15,3325.30004883
2014-04-16,3360.27001953
2014-04-17,3365.00000000
2014-04-21,3377.75000000
2014-04-22,3391.58007812
2014-04-23,3384.50000000
2014-04-24,3390.38989258
2014-04-25,3362.94995117
2014-04-28,3374.04003906
2014-04-29,3390.15991211
2014-04-30,3400.45996094
2014-05-01,3400.19995117
2014-05-02,3395.61010742
2014-05-05,3402.22998047
2014-05-06,3371.71997070
2014-05-07,3392.10009766
2014-05-08,3388.29003906
2014-05-09,3394.05004883
2014-05-12,3427.01000977
2014-05-13,3429.30004883
2014-05-14,3413.84008789
2014-05-15,3382.52001953
2014-05-16,3395.20996094
2014-05-19,3408.52001953
2014-05-20,3386.47998047
2014-05-21,3414.44995117
2014-05-22,3422.98999023
2014-05-23,3437.58007812
2014-05-27,3458.18994141
2014-05-28,3454.87988281
2014-05-29,3473.86010742
2014-05-30,3480.29003906
2014-06-02,3483.13989258
2014-06-03,3482.00000000
2014-06-04,3489.20996094
2014-06-05,3512.20996094
2014-06-06,3528.97998047
2014-06-09,3532.46997070
2014-06-10,3531.62011719
2014-06-11,3519.52001953
2014-06-12,3495.57006836
2014-06-13,3506.58007812
2014-06-16,3509.54003906
2014-06-17,3517.22998047
2014-06-18,3544.41992188
2014-06-19,3549.43994141
2014-06-20,3555.60009766
2014-06-23,3555.13989258
2014-06-24,3532.57006836
2014-06-25,3549.95996094
2014-06-26,3546.37988281
2014-06-27,3553.35009766
2014-06-30,3552.17993164
2014-07-01,3576.55004883
2014-07-02,3579.11010742
2014-07-03,3598.72998047
2014-07-07,3584.75000000
2014-07-08,3560.53002930
2014-07-09,3577.28002930
2014-07-10,3562.48999023
2014-07-11,3568.08007812
2014-07-14,3585.37011719
2014-07-15,3578.45996094
2014-07-16,3593.90991211
2014-07-17,3551.72998047
2014-07-18,3588.20996094
2014-07-21,3579.98999023
2014-07-22,3597.94995117
2014-07-23,3604.30004883
2014-07-24,3606.10009766
2014-07-25,3588.67993164
2014-07-28,3589.72998047
2014-07-29,3573.64990234
2014-07-30,3574.44995117
2014-07-31,3503.18994141
2014-08-01,3493.17993164
2014-08-04,3518.31005859
2014-08-05,3484.56005859
2014-08-06,3485.66992188
2014-08-07,3467.13989258
2014-08-08,3507.20996094
2014-08-11,3517.53002930
2014-08-12,3511.95996094
2014-08-13,3536.41992188
2014-08-14,3551.96997070
2014-08-15,3552.16992188
2014-08-18,3582.69995117
2014-08-19,3601.33007812
2014-08-20,3610.48999023
2014-08-21,3621.22998047
2014-08-22,3614.50000000
2014-08-25,3631.86010742
2014-08-26,3635.70996094
2014-08-27,3636.63989258
2014-08-28,3630.97998047
2014-08-29,3643.33007812
2014-09-02,3641.52001953
2014-09-03,3639.35009766
2014-09-04,3633.87011719
2014-09-05,3652.26000977
2014-09-08,3641.65991211
2014-09-09,3617.88989258
2014-09-10,3631.44995117
2014-09-11,3635.65991211
2014-09-12,3614.06005859
2014-09-15,3611.52001953
2014-09-16,3638.60009766
2014-09-17,3643.39990234
2014-09-18,3661.72998047
2014-09-19,3660.03002930
2014-09-22,3630.69995117
2014-09-23,3610.10009766
2014-09-24,3638.43994141
2014-09-25,3579.61010742
2014-09-26,3610.97998047
2014-09-29,3602.09008789
2014-09-30,3592.25000000
2014-10-01,3544.97998047
2014-10-02,3545.30004883
2014-10-03,3584.93994141
2014-10-06,3579.41992188
2014-10-07,3525.29003906
2014-10-08,3588.07006836
2014-10-09,3514.12011719
2014-10-10,3474.22998047
2014-10-13,3417.01000977
2014-10-14,3422.42993164
2014-10-15,3395.03002930
2014-10-16,3395.63989258
2014-10-17,3439.38989258
2014-10-20,3470.88989258
2014-10-21,3538.89990234
2014-10-22,3513.46997070
2014-10-23,3556.69995117
2014-10-24,3581.82006836
2014-10-27,3576.46997070
2014-10-28,3619.15991211
2014-10-29,3614.53002930
2014-10-30,3637.30004883
2014-10-31,3679.98999023
2014-11-03,3679.58007812
2014-11-04,3669.17993164
2014-11-05,3691.37988281
2014-11-06,3706.44995117
2014-11-07,3708.45996094
2014-11-10,3720.25000000
2014-11-11,3722.84008789
2014-11-12,3721.30004883
2014-11-13,3723.58007812
2014-11-14,3724.91992188
2014-11-17,3727.86010742
2014-11-18,3747.73999023
2014-11-19,3742.35009766
2014-11-20,3749.87011719
2014-11-21,3770.03002930
2014-11-24,3780.87988281
2014-11-25,3776.93994141
2014-11-26,3788.41992188
2014-11-28,3778.95996094
2014-12-01,3753.31005859
2014-12-02,3777.46997070
2014-12-03,3792.67993164
2014-12-04,3788.34008789
2014-12-05,3794.67993164
2014-12-08,3767.69995117
2014-12-09,3758.87011719
2014-12-10,3705.51000977
2014-12-11,3723.32006836
2014-12-12,3663.10009766
2014-12-15,3639.96997070
2014-12-16,3609.06005859
2014-12-17,3682.69995117
2014-12-18,3771.71997070
2014-12-19,3788.96997070
2014-12-22,3803.93994141
2014-12-23,3810.78002930
2014-12-24,3810.38989258
2014-12-26,3823.00000000
2014-12-29,3826.94995117
2014-12-30,3808.68994141
2014-12-31,3769.43994141
2015-01-02,3768.67993164
2015-01-05,3700.03002930
2015-01-06,3667.13989258
2015-01-07,3710.93994141
2015-01-08,3777.39990234
2015-01-09,3745.66992188
2015-01-12,3715.36010742
2015-01-13,3706.14990234
2015-01-14,3684.71997070
2015-01-15,3650.73999023
2015-01-16,3699.79003906
2015-01-20,3705.63989258
2015-01-21,3723.62011719
2015-01-22,3780.51000977
2015-01-23,3759.76000977
2015-01-26,3769.44995117
2015-01-27,3718.98999023
2015-01-28,3669.10009766
2015-01-29,3704.35009766
2015-01-30,3656.28002930
2015-02-02,3703.77001953
2015-02-03,3757.34008789
2015-02-04,3742.84008789
2015-02-05,3782.11010742
2015-02-06,3770.19995117
2015-02-09,3754.36010742
2015-02-10,3794.62011719
2015-02-11,3795.82006836
2015-02-12,3833.35009766
2015-02-13,3849.29003906
2015-02-17,3856.04003906
2015-02-18,3855.00000000
2015-02-19,3851.53002930
2015-02-20,3875.60009766
2015-02-23,3874.45996094
2015-02-24,3885.27001953
2015-02-25,3882.94995117
2015-02-26,3877.85009766
2015-02-27,3866.41992188
2015-03-02,3890.32006836
2015-03-03,3872.70996094
2015-03-04,3856.51000977
2015-03-05,3861.29003906
2015-03-06,3807.04003906
2015-03-09,3822.41992188
2015-03-10,3757.83007812
2015-03-11,3751.19995117
2015-03-12,3799.42993164
2015-03-13,3776.43994141
2015-03-16,3827.62011719
2015-03-17,3814.90991211
2015-03-18,3861.38989258
2015-03-19,3842.62011719
2015-03-20,3877.26000977
2015-03-23,3870.48999023
2015-03-24,3847.05004883
2015-03-25,3791.12988281
2015-03-26,3782.20996094
2015-03-27,3791.89990234
2015-03-30,3838.64990234
2015-03-31,3805.27001953
2015-04-01,3790.65991211
2015-04-02,3804.13989258
2015-04-06,3829.31005859
2015-04-07,3821.48999023
2015-04-08,3833.19995117
2015-04-09,3850.29003906
2015-04-10,3870.31005859
2015-04-13,3852.92993164
2015-04-14,3859.21997070
2015-04-15,3879.10009766
2015-04-16,3876.16992188
2015-04-17,3832.33007812
2015-04-20,3867.82006836
2015-04-21,3862.14990234
2015-04-22,3881.92993164
2015-04-23,3891.45996094
2015-04-24,3900.23999023
2015-04-27,3884.10009766
2015-04-28,3895.20996094
2015-04-29,3880.89990234
2015-04-30,3841.78002930
2015-05-01,3883.75000000
2015-05-04,3895.15991211
2015-05-05,3849.40991211
2015-05-06,3833.69995117
2015-05-07,3849.12988281
2015-05-08,3901.01000977
2015-05-11,3881.92993164
2015-05-12,3870.68994141
2015-05-13,3870.36010742
2015-05-14,3912.52001953
2015-05-15,3915.98999023
2015-05-18,3928.14990234
2015-05-19,3926.40991211
2015-05-20,3923.17993164
2015-05-21,3932.89990234
2015-05-22,3924.15991211
2015-05-26,3883.87988281
2015-05-27,3920.11010742
2015-05-28,3915.82006836
2015-05-29,3891.17993164
2015-06-01,3899.59008789
2015-06-02,3895.85009766
2015-06-03,3904.83007812
2015-06-04,3871.22998047
2015-06-05,3865.83007812
2015-06-08,3841.44995117
2015-06-09,3843.15991211
2015-06-10,3889.69995117
2015-06-11,3897.59008789
2015-06-12,3870.56005859
2015-06-15,3852.75000000
2015-06-16,3874.72998047
2015-06-17,3882.48999023
2015-06-18,3921.42993164
2015-06-19,3900.63989258
2015-06-22,3924.40991211
2015-06-23,3927.22998047
2015-06-24,3898.46997070
2015-06-25,3887.04003906
2015-06-26,3886.20996094
2015-06-29,3805.50000000
2015-06-30,3815.85009766
2015-07-01,3843.26000977
2015-07-02,3842.06005859
2015-07-06,3827.35009766
2015-07-07,3850.65991211
2015-07-08,3787.66992188
2015-07-09,3796.26000977
2015-07-10,3843.10009766
2015-07-13,3885.96997070
2015-07-14,3903.31005859
2015-07-15,3900.50000000
2015-07-16,3931.85009766
2015-07-17,3936.21997070
2015-07-20,3939.35009766
2015-07-21,3922.69995117
2015-07-22,3913.75000000
2015-07-23,3891.79003906
2015-07-24,3850.14990234
2015-07-27,3827.92993164
2015-07-28,3875.37011719
2015-07-29,3904.20996094
2015-07-30,3904.63989258
2015-07-31,3895.80004883
2015-08-03,3885.07006836
2015-08-04,3876.43994141
2015-08-05,3889.98999023
2015-08-06,3860.91992188
2015-08-07,3849.95996094
2015-08-10,3899.36010742
2015-08-11,3862.81005859
2015-08-12,3867.37011719
2015-08-13,3863.03002930
2015-08-14,3878.15991211
2015-08-17,3899.10009766
2015-08-18,3889.60009766
2015-08-19,3857.73999023
2015-08-20,3776.36010742
2015-08-21,3656.66992188
2015-08-24,3512.64990234
2015-08-25,3465.18994141
2015-08-26,3600.72998047
2015-08-27,3688.60009766
2015-08-28,3691.30004883
2015-08-31,3660.75000000
2015-09-01,3552.64990234
2015-09-02,3618.25000000
2015-09-03,3622.65991211
2015-09-04,3567.40991211
2015-09-08,3657.32006836
2015-09-09,3606.80004883
2015-09-10,3626.13989258
2015-09-11,3643.54003906
2015-09-14,3628.87011719
2015-09-15,3675.47998047
2015-09-16,3707.62011719
2015-09-17,3698.73999023
2015-09-18,3638.98999023
2015-09-21,3655.63989258
2015-09-22,3610.69995117
2015-09-23,3603.48999023
2015-09-24,3591.37011719
2015-09-25,3589.70996094
2015-09-28,3498.61010742
2015-09-29,3503.12988281
2015-09-30,3570.16992188
2015-10-01,3577.46997070
2015-10-02,3629.04003906
2015-10-05,3695.61010742
2015-10-06,3682.33007812
2015-10-07,3713.36010742
2015-10-08,3746.12011719
2015-10-09,3748.95996094
2015-10-12,3753.72998047
2015-10-13,3728.47998047
2015-10-14,3711.11010742
2015-10-15,3766.42993164
2015-10-16,3783.63989258
2015-10-19,3784.71997070
2015-10-20,3779.43994141
2015-10-21,3757.90991211
2015-10-22,3820.48999023
2015-10-23,3862.64990234
2015-10-26,3855.29003906
2015-10-27,3845.44995117
2015-10-28,3891.34008789
2015-10-29,3890.04003906
2015-10-30,3871.33007812
2015-11-02,3917.30004883
2015-11-03,3928.05004883
2015-11-04,3915.52001953
2015-11-05,3911.88989258
2015-11-06,3910.97998047
2015-11-09,3873.37011719
2015-11-10,3880.22998047
2015-11-11,3867.70996094
2015-11-12,3814.29003906
2015-11-13,3771.59008789
2015-11-16,3828.45996094
2015-11-17,3824.13989258
2015-11-18,3886.26000977
2015-11-19,3882.06005859
2015-11-20,3897.44995117
2015-11-23,3892.80004883
2015-11-24,3897.66992188
2015-11-25,3897.57006836
2015-11-27,3900.73999023
2015-11-30,3882.84008789
2015-12-01,3924.62988281
2015-12-02,3882.37988281
2015-12-03,3826.73999023
2015-12-04,3905.31005859
2015-12-07,3878.31005859
2015-12-08,3853.47998047
2015-12-09,3823.89990234
2015-12-10,3832.92993164
2015-12-11,3759.09008789
2015-12-14,3777.21997070
2015-12-15,3817.36010742
2015-12-16,3873.12011719
2015-12-17,3815.45996094
2015-12-18,3747.56005859
2015-12-21,3777.14990234
2015-12-22,3810.85009766
2015-12-23,3858.46997070
2015-12-24,3852.31005859
2015-12-28,3843.93994141
2015-12-29,3885.55004883
2015-12-30,3857.89990234
2015-12-31,3821.60009766
2016-01-04,3763.98999023
2016-01-05,3771.57006836
2016-01-06,3723.43994141
2016-01-07,3635.29003906
2016-01-08,3595.90991211
2016-01-11,3598.96997070
2016-01-12,3627.06005859
2016-01-13,3536.91992188
2016-01-14,3596.03002930
2016-01-15,3518.51000977
2016-01-19,3520.39990234
2016-01-20,3479.75000000
2016-01-21,3497.93994141
2016-01-22,3568.89990234
2016-01-25,3513.11010742
2016-01-26,3562.81005859
2016-01-27,3524.33007812
2016-01-28,3544.12988281
2016-01-29,3631.95996094
2016-02-01,3630.45996094
2016-02-02,3562.52001953
2016-02-03,3581.53002930
2016-02-04,3587.70996094
2016-02-05,3521.60009766
2016-02-08,3472.08007812
2016-02-09,3470.50000000
2016-02-10,3471.04003906
2016-02-11,3428.98999023
2016-02-12,3496.28002930
2016-02-16,3555.19995117
2016-02-17,3614.15991211
2016-02-18,3597.48999023
2016-02-19,3597.91992188
2016-02-22,3649.91992188
2016-02-23,3604.67993164
2016-02-24,3620.87011719
2016-02-25,3662.84008789
2016-02-26,3656.41992188
2016-02-29,3627.06005859
2016-03-01,3713.69995117
2016-03-02,3729.59008789
2016-03-03,3743.02001953
2016-03-04,3755.46997070
2016-03-07,3759.05004883
2016-03-08,3717.48999023
2016-03-09,3736.91992188
2016-03-10,3737.73999023
2016-03-11,3800.07006836
2016-03-14,3795.53002930
2016-03-15,3788.62011719
2016-03-16,3810.09008789
2016-03-17,3835.26000977
2016-03-18,3852.14990234
2016-03-21,3855.96997070
2016-03-22,3853.17993164
2016-03-23,3828.58007812
2016-03-24,3827.13989258
2016-03-28,3829.26000977
2016-03-29,3863.80004883
2016-03-30,3881.01000977
2016-03-31,3873.11010742
2016-04-01,3897.65991211
2016-04-04,3886.00000000
2016-04-05,3846.59008789
2016-04-06,3888.40991211
2016-04-07,3841.97998047
2016-04-08,3852.71997070
2016-04-11,3842.16992188
2016-04-12,3879.41992188
2016-04-13,3918.94995117
2016-04-14,3920.03002930
2016-04-15,3916.16992188
2016-04-18,3941.86010742
2016-04-19,3954.01000977
2016-04-20,3957.25000000
2016-04-21,3936.80004883
2016-04-22,3937.00000000
2016-04-25,3929.87988281
2016-04-26,3937.22998047
2016-04-27,3944.02001953
2016-04-28,3907.87988281
2016-04-29,3888.12988281
2016-05-02,3918.53002930
2016-05-03,3884.62988281
2016-05-04,3862.39990234
2016-05-05,3862.39990234
2016-05-06,3875.17993164
2016-05-09,3878.13989258
2016-05-10,3926.62988281
2016-05-11,3891.12988281
2016-05-12,3890.85009766
2016-05-13,3858.16992188
2016-05-16,3896.36010742
2016-05-17,3860.87988281
2016-05-18,3862.25000000
2016-05-19,3847.96997070
2016-05-20,3871.75000000
2016-05-23,3863.82006836
2016-05-24,3916.77001953
2016-05-25,3944.33007812
2016-05-26,3944.05004883
2016-05-27,3961.66992188
2016-05-31,3957.94995117
2016-06-01,3963.10009766
2016-06-02,3974.76000977
2016-06-03,3963.22998047
2016-06-06,3982.73999023
2016-06-07,3987.95996094
2016-06-08,4001.97998047
2016-06-09,3995.28002930
2016-06-10,3958.67993164
2016-06-13,3927.72998047
2016-06-14,3920.92993164
2016-06-15,3914.02001953
2016-06-16,3926.92993164
2016-06-17,3914.14990234
2016-06-20,3936.90991211
2016-06-21,3947.93994141
2016-06-22,3941.44995117
2016-06-23,3994.17993164
2016-06-24,3850.69995117
2016-06-27,3781.02001953
2016-06-28,3849.05004883
2016-06-29,3915.10009766
2016-06-30,3968.20996094
2016-07-01,3976.67993164
2016-07-05,3949.71997070
2016-07-06,3972.26000977
2016-07-07,3969.18994141
2016-07-08,4029.75000000
2016-07-11,4043.48999023
2016-07-12,4071.85009766
2016-07-13,4072.77001953
2016-07-14,4094.28002930
2016-07-15,4090.48999023
2016-07-18,4100.39990234
2016-07-19,4094.61010742
2016-07-20,4112.60986328
2016-07-21,4097.81982422
2016-07-22,4116.50000000
2016-07-25,4104.12988281
2016-07-26,4105.56982422
2016-07-27,4100.81005859
2016-07-28,4107.75000000
2016-07-29,4114.50976562
2016-08-01,4109.27978516
2016-08-02,4083.25000000
2016-08-03,4097.29980469
2016-08-04,4099.20996094
2016-08-05,4134.56005859
2016-08-08,4131.18994141
2016-08-09,4132.95996094
2016-08-10,4122.64990234
2016-08-11,4142.72021484
2016-08-12,4139.62988281
2016-08-15,4151.68994141
2016-08-16,4129.68017578
2016-08-17,4138.41992188
2016-08-18,4147.64013672
2016-08-19,4142.22998047
2016-08-22,4139.97021484
2016-08-23,4148.16015625
2016-08-24,4126.64990234
2016-08-25,4121.08984375
2016-08-26,4114.68017578
2016-08-29,4136.75000000
2016-08-30,4129.33984375
2016-08-31,4120.29003906
2016-09-01,4120.16992188
2016-09-02,4137.70019531
2016-09-06,4150.10986328
2016-09-07,4150.50976562
2016-09-08,4141.45996094
2016-09-09,4039.94995117
2016-09-12,4099.47021484
2016-09-13,4039.91992188
2016-09-14,4037.83007812
2016-09-15,4079.32006836
2016-09-16,4063.96997070
2016-09-19,4063.93994141
2016-09-20,4065.19995117
2016-09-21,4109.62988281
2016-09-22,4136.41015625
2016-09-23,4112.68994141
2016-09-26,4077.70996094
2016-09-27,4104.18017578
2016-09-28,4126.83007812
2016-09-29,4088.46997070
2016-09-30,4121.06005859
2016-10-03,4108.12988281
2016-10-04,4088.16992188
2016-10-05,4107.39990234
2016-10-06,4109.49023438
2016-10-07,4096.25000000
2016-10-10,4115.12011719
2016-10-11,4063.91992188
2016-10-12,4068.91992188
2016-10-13,4056.44995117
2016-10-14,4057.28002930
2016-10-17,4045.07006836
2016-10-18,4069.98999023
2016-10-19,4079.50000000
2016-10-20,4074.17993164
2016-10-21,4073.85009766
2016-10-24,4093.21997070
2016-10-25,4077.80004883
2016-10-26,4070.76000977
2016-10-27,4058.75000000
2016-10-28,4046.36010742
2016-10-31,4045.88989258
2016-11-01,4018.46997070
2016-11-02,3992.76000977
2016-11-03,3976.56005859
2016-11-04,3970.02001953
2016-11-07,4058.30004883
2016-11-08,4075.61010742
2016-11-09,4121.02978516
2016-11-10,4129.45996094
2016-11-11,4123.68994141
2016-11-14,4123.81005859
2016-11-15,4155.62011719
2016-11-16,4150.20996094
2016-11-17,4169.87011719
2016-11-18,4160.58007812
2016-11-21,4191.68017578
2016-11-22,4200.95019531
2016-11-23,4204.49023438
2016-11-25,4221.02001953
2016-11-28,4199.39013672
2016-11-29,4205.99023438
2016-11-30,4195.72998047
2016-12-01,4181.14990234
2016-12-02,4182.81005859
2016-12-05,4207.56982422
2016-12-06,4222.04003906
2016-12-07,4278.43994141
2016-12-08,4288.10009766
2016-12-09,4313.60986328
2016-12-12,4308.93994141
2016-12-13,4337.85986328
2016-12-14,4302.93017578
2016-12-15,4319.83984375
2016-12-16,4312.39990234
2016-12-19,4321.02001953
2016-12-20,4337.35986328
2016-12-21,4326.85009766
2016-12-22,4319.33007812
2016-12-23,4325.16992188
2016-12-27,4334.93017578
2016-12-28,4299.45019531
2016-12-29,4298.39013672
2016-12-30,4278.66015625
2017-01-03,4315.08007812
2017-01-04,4340.75000000
2017-01-05,4337.45019531
2017-01-06,4354.04980469
2017-01-09,4338.62011719
2017-01-10,4338.64013672
2017-01-11,4351.31982422
2017-01-12,4342.08984375
2017-01-13,4350.10986328
2017-01-17,4337.20019531
2017-01-18,4345.56982422
2017-01-19,4329.95996094
2017-01-20,4344.66992188
2017-01-23,4333.10009766
2017-01-24,4361.56005859
2017-01-25,4396.56982422
2017-01-26,4393.43017578
2017-01-27,4389.85009766
2017-01-30,4363.66992188
2017-01-31,4359.81005859
2017-02-01,4362.10009766
2017-02-02,4364.85009766
2017-02-03,4396.95019531
2017-02-06,4387.66992188
2017-02-07,4388.87011719
2017-02-08,4393.31005859
2017-02-09,4419.39990234
2017-02-10,4435.41992188
2017-02-13,4459.83007812
2017-02-14,4478.97998047
2017-02-15,4501.99023438
2017-02-16,4498.56005859
2017-02-17,4506.20019531
2017-02-21,4533.45996094
2017-02-22,4528.97021484
2017-02-23,4531.39013672
2017-02-24,4539.25000000
2017-02-27,4544.50976562
2017-02-28,4532.93017578
2017-03-01,4595.72998047
2017-03-02,4569.16992188
2017-03-03,4571.60009766
2017-03-06,4556.72021484
2017-03-07,4543.75000000
2017-03-08,4534.68017578
2017-03-09,4538.35986328
2017-03-10,4553.27978516
2017-03-13,4556.43994141
2017-03-14,4541.25976562
2017-03-15,4579.43994141
2017-03-16,4572.16015625
2017-03-17,4566.16992188
2017-03-20,4557.12011719
2017-03-21,4500.97998047
2017-03-22,4509.64990234
2017-03-23,4504.91992188
2017-03-24,4501.10986328
2017-03-27,4496.52978516
2017-03-28,4529.16992188
2017-03-29,4535.00976562
2017-03-30,4548.45996094
2017-03-31,4538.20996094
2017-04-03,4530.97998047
2017-04-04,4534.25000000
2017-04-05,4520.85986328
2017-04-06,4530.93017578
2017-04-07,4527.20019531
2017-04-10,4530.56982422
2017-04-11,4524.70996094
2017-04-12,4507.75976562
2017-04-13,4477.06982422
2017-04-17,4515.64990234
2017-04-18,4502.66015625
2017-04-19,4495.56005859
2017-04-20,4529.64990234
2017-04-21,4515.89990234
2017-04-24,4564.93017578
2017-04-25,4592.74023438
2017-04-26,4590.56005859
2017-04-27,4593.56982422
2017-04-28,4584.81982422
2017-05-01,4592.77978516
2017-05-02,4598.24023438
2017-05-03,4593.31982422
2017-05-04,4596.24023438
2017-05-05,4615.08984375
2017-05-08,4615.72998047
2017-05-09,4611.20996094
2017-05-10,4618.18994141
2017-05-11,4609.68994141
2017-05-12,4602.95996094
2017-05-15,4625.50976562
2017-05-16,4623.25976562
2017-05-17,4540.58007812
2017-05-18,4557.41015625
2017-05-19,4588.35009766
2017-05-22,4612.12011719
2017-05-23,4620.70019531
2017-05-24,4632.37011719
2017-05-25,4653.58984375
2017-05-26,4655.64990234
2017-05-30,4650.75976562
2017-05-31,4649.33984375
2017-06-01,4685.10986328
2017-06-02,4702.56005859
2017-06-05,4697.00000000
2017-06-06,4683.95996094
2017-06-07,4692.29003906
2017-06-08,4693.66992188
2017-06-09,4689.79003906
2017-06-12,4685.54003906
2017-06-13,4707.87988281
2017-06-14,4703.52978516
2017-06-15,4693.85986328
2017-06-16,4695.22998047
2017-06-19,4734.47998047
2017-06-20,4702.81982422
2017-06-21,4700.50000000
2017-06-22,4698.39990234
2017-06-23,4705.72998047
2017-06-26,4707.27001953
2017-06-27,4669.27001953
2017-06-28,4711.33007812
2017-06-29,4670.95996094
2017-06-30,4678.35986328
2017-07-03,4689.60986328
2017-07-05,4697.33984375
2017-07-06,4655.02001953
2017-07-07,4684.87988281
2017-07-10,4689.25000000
2017-07-11,4685.64013672
2017-07-12,4720.27978516
2017-07-13,4729.25000000
2017-07-14,4751.43017578
2017-07-17,4751.33007812
2017-07-18,4754.27001953
2017-07-19,4780.25000000
2017-07-20,4779.83984375
2017-07-21,4778.06982422
2017-07-24,4773.10009766
2017-07-25,4787.04003906
2017-07-26,4788.41015625
2017-07-27,4784.25976562
2017-07-28,4778.02001953
2017-07-31,4774.56005859
2017-08-01,4786.27001953
2017-08-02,4789.54003906
2017-08-03,4779.99023438
2017-08-04,4789.10986328
2017-08-07,4797.12988281
2017-08-08,4786.12011719
2017-08-09,4784.93994141
2017-08-10,4717.39990234
2017-08-11,4723.72998047
2017-08-14,4771.43017578
2017-08-15,4770.14990234
2017-08-16,4778.27978516
2017-08-17,4704.72998047
2017-08-18,4696.22021484
2017-08-21,4701.81982422
2017-08-22,4748.72998047
2017-08-23,4732.75976562
2017-08-24,4723.02978516
2017-08-25,4731.45996094
2017-08-28,4733.97021484
2017-08-29,4738.62011719
2017-08-30,4761.72021484
2017-08-31,4789.18017578
2017-09-01,4798.99023438
2017-09-05,4762.75000000
2017-09-06,4777.68994141
2017-09-07,4777.93017578
2017-09-08,4771.02001953
2017-09-11,4822.79980469
2017-09-12,4839.31005859
2017-09-13,4843.04003906
2017-09-14,4839.29003906
2017-09-15,4848.83984375
2017-09-18,4856.08007812
2017-09-19,4861.52001953
2017-09-20,4864.60986328
2017-09-21,4849.95019531
2017-09-22,4853.20019531
2017-09-25,4842.41015625
2017-09-26,4843.14013672
2017-09-27,4862.93017578
2017-09-28,4869.81005859
2017-09-29,4887.97021484
2017-10-02,4906.91992188
2017-10-03,4917.72998047
2017-10-04,4924.18994141
2017-10-05,4952.85009766
2017-10-06,4949.08984375
2017-10-09,4940.16015625
2017-10-10,4951.77001953
2017-10-11,4960.79003906
2017-10-12,4952.85009766
2017-10-13,4957.27001953
2017-10-16,4966.04980469
2017-10-17,4969.37988281
2017-10-18,4973.27978516
2017-10-19,4975.31982422
2017-10-20,5001.10986328
2017-10-23,4981.37011719
2017-10-24,4989.56005859
2017-10-25,4966.29003906
2017-10-26,4972.60009766
2017-10-27,5012.75000000
2017-10-30,4997.14990234
2017-10-31,5002.02978516
2017-11-01,5009.99023438
2017-11-02,5011.47998047
2017-11-03,5027.49023438
2017-11-06,5034.29980469
2017-11-07,5033.37988281
2017-11-08,5040.74023438
2017-11-09,5023.00976562
2017-11-10,5020.31005859
2017-11-13,5025.35986328
2017-11-14,5014.52978516
2017-11-15,4987.95996094
2017-11-16,5030.47998047
2017-11-17,5017.45019531
2017-11-20,5024.00976562
2017-11-21,5056.95019531
2017-11-22,5053.60009766
2017-11-24,5064.22998047
2017-11-27,5062.85009766
2017-11-28,5112.91015625
2017-11-29,5111.68017578
2017-11-30,5155.43994141
2017-12-01,5145.20996094
2017-12-04,5139.91015625
2017-12-05,5120.91992188
2017-12-06,5120.45996094
2017-12-07,5136.37011719
2017-12-08,5165.18994141
2017-12-11,5181.75000000
2017-12-12,5189.95996094
2017-12-13,5187.68017578
2017-12-14,5167.45019531
2017-12-15,5214.10009766
2017-12-18,5242.27978516
2017-12-19,5225.43017578
2017-12-20,5221.79003906
2017-12-21,5232.16015625
2017-12-22,5229.79003906
2017-12-26,5224.50976562
2017-12-27,5229.00976562
2017-12-28,5239.58984375
2017-12-29,5212.75976562
2018-01-02,5256.27978516
2018-01-03,5289.91992188
2018-01-04,5312.33007812
2018-01-05,5349.68994141
2018-01-08,5358.68017578
2018-01-09,5367.25976562
2018-01-10,5361.33007812
2018-01-11,5399.45996094
2018-01-12,5435.91992188
2018-01-16,5416.85986328
2018-01-17,5467.85009766
2018-01-18,5459.50000000
2018-01-19,5483.56982422
2018-01-22,5527.89013672
2018-01-23,5540.12988281
2018-01-24,5537.02978516
2018-01-25,5540.37988281
2018-01-26,5606.08007812
2018-01-29,5568.66992188
2018-01-30,5508.35986328
2018-01-31,5511.20996094
2018-02-01,5508.70019531
2018-02-02,5392.20996094
2018-02-05,5171.25976562
2018-02-06,5262.02001953
2018-02-07,5235.83984375
2018-02-08,5040.06005859
2018-02-09,5116.99023438
2018-02-12,5188.37011719
2018-02-13,5202.22021484
2018-02-14,5273.43017578
2018-02-15,5338.35009766
2018-02-16,5340.81982422
2018-02-20,5309.99023438
2018-02-21,5280.91015625
2018-02-22,5286.49023438
2018-02-23,5371.56005859
2018-02-26,5435.37988281
2018-02-27,5367.08984375
2018-02-28,5308.08984375
2018-03-01,5238.18017578
2018-03-02,5265.24023438
2018-03-05,5323.35986328
2018-03-06,5337.68994141
2018-03-07,5335.47021484
2018-03-08,5360.72998047
2018-03-09,5454.02978516
2018-03-12,5447.10009766
2018-03-13,5412.75000000
2018-03-14,5383.27001953
2018-03-15,5379.39013672
2018-03-16,5388.74023438
2018-03-19,5312.22998047
2018-03-20,5320.20019531
2018-03-21,5310.95996094
2018-03-22,5177.52001953
2018-03-23,5069.02978516
2018-03-26,5206.68994141
2018-03-27,5116.75000000
2018-03-28,5102.68994141
2018-03-29,5173.18994141
2018-04-02,5057.68994141
2018-04-03,5121.70019531
2018-04-04,5181.31005859
2018-04-05,5217.62011719
2018-04-06,5103.35009766
2018-04-09,5121.89990234
2018-04-10,5207.72998047
2018-04-11,5179.18994141
2018-04-12,5222.54980469
2018-04-13,5207.56982422
2018-04-16,5249.93994141
2018-04-17,5305.89990234
2018-04-18,5310.31982422
2018-04-19,5280.56982422
2018-04-20,5235.75000000
2018-04-23,5236.04003906
2018-04-24,5166.10009766
2018-04-25,5175.58984375
2018-04-26,5229.60986328
2018-04-27,5235.72998047
2018-04-30,5193.04003906
2018-05-01,5206.31005859
2018-05-02,5168.79003906
2018-05-03,5157.70019531
2018-05-04,5224.70996094
2018-05-07,5242.87011719
2018-05-08,5241.52978516
2018-05-09,5292.89990234
2018-05-10,5343.70019531
2018-05-11,5354.68994141
2018-05-14,5359.66015625
2018-05-15,5323.22998047
2018-05-16,5346.33007812
2018-05-17,5343.29003906
2018-05-18,5329.66015625
2018-05-21,5369.18994141
2018-05-22,5352.45019531
2018-05-23,5369.99023438
2018-05-24,5359.31982422
2018-05-25,5347.31005859
2018-05-29,5285.70019531
2018-05-30,5353.75976562
2018-05-31,5318.10009766
2018-06-01,5376.29003906
2018-06-04,5400.50000000
2018-06-05,5404.62011719
2018-06-06,5451.08984375
2018-06-07,5448.18017578
2018-06-08,5465.41992188
2018-06-11,5471.29003906
2018-06-12,5481.06982422
2018-06-13,5459.20996094
2018-06-14,5474.37011719
2018-06-15,5469.37011719
2018-06-18,5457.83007812
2018-06-19,5436.12988281
2018-06-20,5445.43017578
2018-06-21,5411.39990234
2018-06-22,5421.62988281
2018-06-25,5347.22998047
2018-06-26,5359.00976562
2018-06-27,5312.89013672
2018-06-28,5346.43994141
2018-06-29,5350.83007812
2018-07-02,5367.49023438
2018-07-03,5340.93017578
2018-07-05,5388.27978516
2018-07-06,5434.35986328
2018-07-09,5483.89013672
2018-07-10,5503.04980469
2018-07-11,5464.00976562
2018-07-12,5512.35986328
2018-07-13,5518.33007812
2018-07-16,5512.91992188
2018-07-17,5534.91015625
2018-07-18,5546.85986328
2018-07-19,5525.50976562
2018-07-20,5520.50000000
2018-07-23,5530.66015625
2018-07-24,5557.37011719
2018-07-25,5607.99023438
2018-07-26,5590.99023438
2018-07-27,5554.31005859
2018-07-30,5522.81005859
2018-07-31,5549.95996094
2018-08-01,5544.18994141
2018-08-02,5572.08007812
2018-08-03,5598.70996094
2018-08-06,5619.04980469
2018-08-07,5634.97998047
2018-08-08,5633.66992188
2018-08-09,5627.00000000
2018-08-10,5588.66015625
2018-08-13,5566.35986328
2018-08-14,5602.41015625
2018-08-15,5560.85009766
2018-08-16,5606.56005859
2018-08-17,5625.66015625
2018-08-20,5639.52978516
2018-08-21,5651.39013672
2018-08-22,5649.31005859
2018-08-23,5640.10009766
2018-08-24,5675.12011719
2018-08-27,5719.29980469
2018-08-28,5720.89013672
2018-08-29,5754.00000000
2018-08-30,5729.45019531
2018-08-31,5730.79980469
2018-09-04,5721.85986328
2018-09-05,5705.85986328
2018-09-06,5686.70019531
2018-09-07,5674.58007812
2018-09-10,5685.33984375
2018-09-11,5706.99023438
2018-09-12,5709.08007812
2018-09-13,5740.75000000
2018-09-14,5743.18994141
2018-09-17,5711.29003906
2018-09-18,5742.18017578
2018-09-19,5749.39013672
2018-09-20,5794.72021484
2018-09-21,5792.72021484
2018-09-24,5772.35986328
2018-09-25,5765.25000000
2018-09-26,5746.27001953
2018-09-27,5763.22021484
2018-09-28,5763.41992188
2018-10-01,5784.45019531
2018-10-02,5782.37011719
2018-10-03,5786.47998047
2018-10-04,5740.56005859
2018-10-05,5708.89990234
2018-10-08,5706.66015625
2018-10-09,5700.22998047
2018-10-10,5512.93994141
2018-10-11,5399.54003906
2018-10-12,5476.83007812
2018-10-15,5444.60986328
2018-10-16,5561.79980469
2018-10-17,5560.62011719
2018-10-18,5481.12988281
2018-10-19,5479.29980469
2018-10-22,5455.87988281
2018-10-23,5426.08007812
2018-10-24,5258.60986328
2018-10-25,5356.54003906
2018-10-26,5263.74023438
2018-10-29,5229.27978516
2018-10-30,5311.66992188
2018-10-31,5369.49023438
2018-11-01,5426.33007812
2018-11-02,5392.52978516
2018-11-05,5422.87988281
2018-11-06,5457.25000000
2018-11-07,5573.06005859
2018-11-08,5562.00000000
2018-11-09,5511.79003906
2018-11-12,5403.18994141
2018-11-13,5395.37011719
2018-11-14,5355.93994141
2018-11-15,5414.43017578
2018-11-16,5426.85986328
2018-11-19,5336.70019531
2018-11-20,5240.22998047
2018-11-21,5256.60986328
2018-11-23,5222.43017578
2018-11-26,5304.16992188
2018-11-27,5321.52001953
2018-11-28,5444.12011719
2018-11-29,5433.49023438
2018-11-30,5478.91015625
2018-12-03,5538.85986328
2018-12-04,5359.91015625
2018-12-06,5353.43017578
2018-12-07,5229.43994141
2018-12-10,5238.70019531
2018-12-11,5237.10009766
2018-12-12,5265.52978516
2018-12-13,5265.45996094
2018-12-14,5165.60009766
2018-12-17,5058.58007812
2018-12-18,5059.33984375
2018-12-19,4981.91992188
2018-12-20,4903.45996094
2018-12-21,4802.50976562
2018-12-24,4672.66015625
2018-12-26,4904.49023438
2018-12-27,4946.93994141
2018-12-28,4941.60986328
2018-12-31,4984.22021484
2019-01-02,4990.56005859
2019-01-03,4868.29980469
2019-01-04,5035.45019531
2019-01-07,5070.75976562
2019-01-08,5120.04003906
2019-01-09,5142.66015625
2019-01-10,5165.89013672
2019-01-11,5165.14990234
2019-01-14,5138.58007812
2019-01-15,5193.77978516
2019-01-16,5205.45019531
2019-01-17,5245.47998047
2019-01-18,5314.77978516
2019-01-22,5239.75000000
2019-01-23,5251.29003906
2019-01-24,5258.68994141
2019-01-25,5303.50976562
2019-01-28,5261.87988281
2019-01-29,5254.31005859
2019-01-30,5336.60009766
2019-01-31,5383.62988281
2019-02-01,5389.18994141
2019-02-04,5425.79980469
2019-02-05,5451.39990234
2019-02-06,5439.79980469
2019-02-07,5389.68994141
2019-02-08,5395.12011719
2019-02-11,5399.00000000
2019-02-12,5468.97998047
2019-02-13,5485.97021484
2019-02-14,5473.33007812
2019-02-15,5533.27001953
2019-02-19,5541.97998047
2019-02-20,5552.89990234
2019-02-21,5533.79980469
2019-02-22,5569.45019531
2019-02-25,5577.08984375
2019-02-26,5572.74023438
2019-02-27,5570.56982422
2019-02-28,5556.49023438
2019-03-01,5595.10986328
2019-03-04,5573.52978516
2019-03-05,5567.39990234
2019-03-06,5531.33984375
2019-03-07,5487.56005859
2019-03-08,5476.39013672
2019-03-11,5556.77001953
2019-03-12,5556.77001953
2019-03-13,5612.56005859
2019-03-14,5609.58984375
2019-03-15,5637.77001953
2019-03-18,5658.72998047
2019-03-19,5658.14990234
2019-03-20,5641.74023438
2019-03-21,5703.27978516
2019-03-22,5595.50000000
2019-03-25,5591.22998047
2019-03-26,5631.39013672
2019-03-27,5605.31982422
2019-03-28,5626.31982422
2019-03-29,5664.45996094
2019-04-01,5730.04003906
2019-04-02,5730.35009766
2019-04-03,5742.66992188
2019-04-04,5755.95996094
2019-04-05,5782.70019531
2019-04-08,5788.85986328
2019-04-09,5755.49023438
2019-04-10,5775.99023438
2019-04-11,5776.27978516
2019-04-12,5815.04003906
2019-04-15,5811.50976562
2019-04-16,5814.45996094
2019-04-17,5801.83007812
2019-04-18,5811.12988281
2019-04-22,5817.16015625
2019-04-23,5868.87988281
2019-04-24,5856.02978516
2019-04-25,5853.87011719
2019-04-26,5881.47998047
2019-04-29,5888.04980469
2019-04-30,5893.81005859
2019-05-01,5849.64990234
2019-05-02,5837.45996094
2019-05-03,5894.29980469
2019-05-06,5868.45019531
2019-05-07,5771.58984375
2019-05-08,5762.47998047
2019-05-09,5747.08007812
2019-05-10,5770.43994141
2019-05-13,5631.41015625
2019-05-14,5677.20019531
2019-05-15,5711.49023438
2019-05-16,5763.95019531
2019-05-17,5730.89013672
2019-05-20,5692.29980469
2019-05-21,5740.81005859
2019-05-22,5724.70996094
2019-05-23,5657.10009766
2019-05-24,5665.60009766
2019-05-28,5618.18017578
2019-05-29,5579.50976562
2019-05-30,5591.97021484
2019-05-31,5519.27001953
2019-06-03,5504.04980469
2019-06-04,5622.31005859
2019-06-05,5668.89013672
2019-06-06,5705.22021484
2019-06-07,5765.66015625
2019-06-10,5792.56005859
2019-06-11,5790.83007812
2019-06-12,5779.12011719
2019-06-13,5804.52978516
2019-06-14,5795.95996094
2019-06-17,5801.39990234
2019-06-18,5857.95019531
2019-06-19,5875.45019531
2019-06-20,5931.66015625
2019-06-21,5924.54003906
2019-06-24,5914.29003906
2019-06-25,5858.12988281
2019-06-26,5850.89990234
2019-06-27,5874.14990234
2019-06-28,5908.25000000
2019-07-01,5953.62988281
2019-07-02,5971.29003906
2019-07-03,5982.89990234
2019-07-05,6008.31005859
2019-07-08,5979.33984375
2019-07-09,5988.47998047
2019-07-10,6015.56005859
2019-07-11,6029.33007812
2019-07-12,6057.77001953
2019-07-15,6058.83007812
2019-07-16,6038.39990234
2019-07-17,5999.04980469
2019-07-18,6021.14990234
2019-07-19,5984.20019531
2019-07-22,6001.27978516
2019-07-23,6042.47998047
2019-07-24,6071.04980469
2019-07-25,6039.12988281
2019-07-26,6083.81982422
2019-07-29,6074.00976562
2019-07-30,6058.95996094
2019-07-31,5993.16992188
2019-08-01,5939.83007812
2019-08-02,5897.10009766
2019-08-05,5721.79980469
2019-08-06,5796.72021484
2019-08-07,5801.31982422
2019-08-08,5911.66015625
2019-08-09,5873.47021484
2019-08-12,5802.14013672
2019-08-13,5890.16015625
2019-08-14,5719.29980469
2019-08-15,5734.49023438
2019-08-16,5818.16992188
2019-08-19,5888.93017578
2019-08-20,5842.75976562
2019-08-21,5891.18994141
2019-08-22,5888.37011719
2019-08-23,5735.62988281
2019-08-26,5799.33984375
2019-08-27,5780.79003906
2019-08-28,5818.83984375
2019-08-29,5893.64990234
2019-08-30,5898.22998047
2019-09-03,5857.95019531
2019-09-04,5921.95996094
2019-09-05,6000.37988281
2019-09-06,6006.06982422
2019-09-09,6005.99023438
2019-09-10,6008.12011719
2019-09-11,6051.87011719
2019-09-12,6070.22998047
2019-09-13,6067.50000000
2019-09-16,6048.66992188
2019-09-17,6064.31005859
2019-09-18,6066.41992188
2019-09-19,6066.89990234
2019-09-20,6037.50000000
2019-09-23,6036.89990234
2019-09-24,5986.58007812
2019-09-25,6023.45996094
2019-09-26,6009.18994141
2019-09-27,5978.10986328
2019-09-30,6008.58984375
2019-10-01,5935.20019531
2019-10-02,5828.93017578
2019-10-03,5876.85986328
2019-10-04,5960.43017578
2019-10-07,5933.75976562
2019-10-08,5841.56982422
2019-10-09,5896.60009766
2019-10-10,5934.56005859
2019-10-11,6000.04003906
2019-10-14,5991.72021484
2019-10-15,6051.39013672
2019-10-16,6039.68994141
2019-10-17,6056.83984375
2019-10-18,6033.25976562
2019-10-21,6074.89990234
2019-10-22,6053.41992188
2019-10-23,6070.87011719
2019-10-24,6082.54003906
2019-10-25,6107.41992188
2019-10-28,6141.50976562
2019-10-29,6136.47021484
2019-10-30,6156.93017578
2019-10-31,6138.72998047
2019-11-01,6198.58984375
2019-11-04,6221.62988281
2019-11-05,6214.27978516
2019-11-06,6219.10009766
2019-11-07,6238.99023438
2019-11-08,6256.10986328
2019-11-11,6243.81005859
2019-11-12,6253.91015625
2019-11-13,6258.58007812
2019-11-14,6265.41992188
2019-11-15,6314.74023438
2019-11-18,6318.02001953
2019-11-19,6314.66015625
2019-11-20,6292.16992188
2019-11-21,6282.58984375
2019-11-22,6296.33984375
2019-11-25,6344.35986328
2019-11-26,6358.45996094
2019-11-27,6385.75976562
2019-11-29,6361.56005859
2019-12-02,6306.87988281
2019-12-03,6265.22021484
2019-12-04,6305.49023438
2019-12-05,6316.68994141
2019-12-06,6374.70019531
2019-12-09,6355.06982422
2019-12-10,6348.31005859
2019-12-11,6366.83984375
2019-12-12,6422.35009766
2019-12-13,6423.93017578
2019-12-16,6470.02978516
2019-12-17,6472.24023438
2019-12-18,6470.00000000
2019-12-19,6499.25976562
2019-12-20,6531.75000000
2019-12-23,6537.39990234
2019-12-24,6536.58007812
2019-12-26,6570.70996094
2019-12-27,6571.02978516
2019-12-30,6533.91015625
2019-12-31,6553.56982422
2020-01-02,6609.29003906
2020-01-03,6563.31982422
2020-01-06,6586.54003906
2020-01-07,6568.74023438
2020-01-08,6601.14990234
2020-01-09,6646.83984375
2020-01-10,6627.87011719
2020-01-13,6674.12988281
2020-01-14,6664.66015625
2020-01-15,6677.25000000
2020-01-16,6733.35009766
2020-01-17,6759.50976562
2020-01-21,6741.70996094
2020-01-22,6743.89990234
2020-01-23,6752.08984375
2020-01-24,6691.22021484
2020-01-27,6585.95019531
2020-01-28,6652.29980469
2020-01-29,6646.68994141
2020-01-30,6668.52001953
2020-01-31,6551.00000000
2020-02-03,6598.62988281
2020-02-04,6697.49023438
2020-02-05,6772.97998047
2020-02-06,6796.64013672
2020-02-07,6761.25976562
2020-02-10,6811.83007812
2020-02-11,6823.58984375
2020-02-12,6867.91992188
2020-02-13,6858.91992188
2020-02-14,6872.68017578
2020-02-18,6853.04003906
2020-02-19,6886.47021484
2020-02-20,6860.52001953
2020-02-21,6788.60009766
2020-02-24,6561.93994141
2020-02-25,6363.37011719
2020-02-26,6339.37988281
2020-02-27,6060.66992188
2020-02-28,6011.72998047
2020-03-02,6288.64013672
2020-03-03,6112.06982422
2020-03-04,6370.35009766
2020-03-05,6155.58007812
2020-03-06,6050.79980469
2020-03-09,5591.74023438
2020-03-10,5868.10986328
2020-03-11,5581.75976562
2020-03-12,5051.97021484
2020-03-13,5522.85009766
2020-03-16,4861.22021484
2020-03-17,5152.83007812
2020-03-18,4885.77978516
2020-03-19,4909.12988281
2020-03-20,4697.08984375
2020-03-23,4559.50000000
2020-03-24,4987.79980469
2020-03-25,5045.35009766
2020-03-26,5360.49023438
2020-03-27,5179.91992188
2020-03-30,5354.39013672
2020-03-31,5269.20019531
2020-04-01,5036.64013672
2020-04-02,5152.47021484
2020-04-03,5075.16015625
2020-04-06,5432.16992188
2020-04-07,5423.52001953
2020-04-08,5609.54980469
2020-04-09,5691.54003906
2020-04-13,5634.14990234
2020-04-14,5807.10009766
2020-04-15,5679.52978516
2020-04-16,5712.60009766
2020-04-17,5865.89990234
2020-04-20,5761.00000000
2020-04-21,5584.43994141
2020-04-22,5712.64990234
2020-04-23,5710.04003906
2020-04-24,5789.64990234
2020-04-27,5874.93994141
2020-04-28,5844.18017578
2020-04-29,5999.74023438
2020-04-30,5944.68017578
2020-05-01,5778.52978516
2020-05-04,5803.12011719
2020-05-05,5855.58007812
2020-05-06,5815.16992188
2020-05-07,5884.14013672
2020-05-08,5984.54980469
2020-05-11,5985.66015625
2020-05-12,5863.68017578
2020-05-13,5761.70019531
2020-05-14,5829.33007812
2020-05-15,5852.83984375
2020-05-18,6037.89990234
2020-05-19,5975.14990234
2020-05-20,6075.75976562
2020-05-21,6028.93017578
2020-05-22,6044.16015625
2020-05-26,6118.54003906
2020-05-27,6209.37988281
2020-05-28,6197.02001953
2020-05-29,6227.81005859
2020-06-01,6251.47998047
2020-06-02,6303.00000000
2020-06-03,6389.66992188
2020-06-04,6369.54003906
2020-06-05,6536.58007812
2020-06-08,6615.39990234
2020-06-09,6564.27001953
2020-06-10,6529.41992188
2020-06-11,6145.29980469
2020-06-12,6227.41992188
2020-06-15,6279.39990234
2020-06-16,6398.58007812
2020-06-17,6375.54003906
2020-06-18,6379.56005859
2020-06-19,6344.70019531
2020-06-22,6385.91015625
2020-06-23,6413.43994141
2020-06-24,6247.66015625
2020-06-25,6316.45019531
2020-06-26,6163.50000000
2020-06-29,6254.77978516
2020-06-30,6351.66992188
2020-07-01,6383.75976562
2020-07-02,6414.16015625
2020-07-06,6516.04980469
2020-07-07,6445.58984375
2020-07-08,6496.14013672
2020-07-09,6461.31005859
2020-07-10,6528.95996094
2020-07-13,6467.83984375
2020-07-14,6555.39990234
2020-07-15,6615.06982422
2020-07-16,6592.75000000
2020-07-17,6611.85986328
2020-07-20,6667.45019531
2020-07-21,6678.74023438
2020-07-22,6717.29003906
2020-07-23,6635.04003906
2020-07-24,6594.10009766
2020-07-27,6642.89013672
2020-07-28,6599.97021484
2020-07-29,6682.00976562
2020-07-30,6658.02001953
2020-07-31,6709.81005859
2020-08-03,6758.20019531
2020-08-04,6782.60009766
2020-08-05,6826.22021484
2020-08-06,6870.85986328
2020-08-07,6876.64990234
2020-08-10,6895.58984375
2020-08-11,6840.66992188
2020-08-12,6937.43994141
2020-08-13,6924.95996094
2020-08-14,6924.27978516
2020-08-17,6943.22021484
2020-08-18,6960.29980469
2020-08-19,6930.79980469
2020-08-20,6952.91992188
2020-08-21,6977.27001953
2020-08-24,7048.16992188
2020-08-25,7073.60009766
2020-08-26,7145.77001953
2020-08-27,7158.18017578
2020-08-28,7207.10009766
2020-08-31,7192.10986328
2020-09-01,7246.37011719
2020-09-02,7358.49023438
2020-09-03,7101.37988281
2020-09-04,7043.62011719
2020-09-08,6848.41992188
2020-09-09,6986.75976562
2020-09-10,6864.22998047
2020-09-11,6868.22021484
2020-09-14,6957.91015625
2020-09-15,6994.33007812
2020-09-16,6962.29003906
2020-09-17,6903.81982422
2020-09-18,6826.72021484
2020-09-21,6748.08007812
2020-09-22,6819.08007812
2020-09-23,6657.81982422
2020-09-24,6678.04003906
2020-09-25,6784.95019531
2020-09-28,6894.27001953
2020-09-29,6861.95996094
2020-09-30,6918.83007812
2020-10-01,6956.20019531
2020-10-02,6889.60009766
2020-10-05,7014.16992188
2020-10-06,6916.43017578
2020-10-07,7036.89013672
2020-10-08,7095.39990234
2020-10-09,7157.93994141
2020-10-12,7275.43017578
2020-10-13,7229.54980469
2020-10-14,7182.37988281
2020-10-15,7171.60986328
2020-10-16,7172.70019531
2020-10-19,7055.58007812
2020-10-20,7089.06005859
2020-10-21,7073.64990234
2020-10-22,7111.16992188
2020-10-23,7135.81005859
2020-10-26,7003.20996094
2020-10-27,6982.14013672
2020-10-28,6735.75000000
2020-10-29,6816.79003906
2020-10-30,6734.83984375
2020-11-02,6817.89013672
2020-11-03,6939.29980469
2020-11-04,7092.29980469
2020-11-05,7231.66992188
2020-11-06,7230.50976562
2020-11-09,7315.77001953
2020-11-10,7306.75000000
2020-11-11,7362.64990234
2020-11-12,7290.68994141
2020-11-13,7390.60986328
2020-11-16,7476.79003906
2020-11-17,7442.04003906
2020-11-18,7357.33984375
2020-11-19,7386.85986328
2020-11-20,7336.75976562
2020-11-23,7378.93994141
2020-11-24,7498.29003906
2020-11-25,7486.68017578
2020-11-27,7505.37988281
2020-11-30,7472.06005859
2020-12-01,7556.50976562
2020-12-02,7570.75976562
2020-12-03,7567.43994141
2020-12-04,7634.77001953
2020-12-07,7620.00000000
2020-12-08,7641.43017578
2020-12-09,7581.06005859
2020-12-10,7571.87011719
2020-12-11,7562.45996094
2020-12-14,7530.87011719
2020-12-15,7628.27978516
2020-12-16,7641.81982422
2020-12-17,7686.18017578
2020-12-18,7659.75000000
2020-12-21,7630.06982422
2020-12-22,7614.83007812
2020-12-23,7620.62988281
2020-12-24,7648.39013672
2020-12-28,7715.10009766
2020-12-29,7697.93017578
2020-12-30,7709.10009766
2020-12-31,7759.35009766
2021-01-04,7645.27001953
2021-01-05,7700.33984375
2021-01-06,7744.43017578
2021-01-07,7861.10009766
2021-01-08,7905.27978516
2021-01-11,7853.45019531
2021-01-12,7856.72021484
2021-01-13,7874.75000000
2021-01-14,7846.10009766
2021-01-15,7789.79003906
2021-01-19,7853.47021484
2021-01-20,7962.91992188
2021-01-21,7966.10986328
2021-01-22,7942.20019531
2021-01-25,7970.91992188
2021-01-26,7959.10009766
2021-01-27,7754.74023438
2021-01-28,7831.22021484
2021-01-29,7681.00976562
2021-02-01,7804.31005859
2021-02-02,7912.87011719
2021-02-03,7920.85009766
2021-02-04,8007.62011719
2021-02-05,8039.66992188
2021-02-08,8099.33007812
2021-02-09,8091.70019531
2021-02-10,8089.10986328
2021-02-11,8104.18994141
2021-02-12,8142.79003906
2021-02-16,8139.16015625
2021-02-17,8137.87988281
2021-02-18,8102.24023438
2021-02-19,8087.68017578
2021-02-22,8025.81005859
2021-02-23,8036.06005859
2021-02-24,8127.37988281
2021-02-25,7929.56005859
2021-02-26,7892.81005859
2021-03-01,8080.77978516
2021-03-02,8015.54003906
2021-03-03,7911.20996094
2021-03-04,7806.45019531
2021-03-05,7958.97998047
2021-03-08,7916.41015625
2021-03-09,8029.20019531
2021-03-10,8078.04980469
2021-03-11,8162.58007812
2021-03-12,8172.89990234
2021-03-15,8226.32031250
2021-03-16,8213.62988281
2021-03-17,8237.34960938
2021-03-18,8116.16992188
2021-03-19,8112.12988281
2021-03-22,8169.14013672
2021-03-23,8106.83007812
2021-03-24,8063.00000000
2021-03-25,8105.50976562
2021-03-26,8240.37988281
2021-03-29,8233.24023438
2021-03-30,8208.09960938
2021-03-31,8238.48046875
2021-04-01,8335.91015625
2021-04-05,8457.40039062
2021-04-06,8449.54003906
2021-04-07,8462.17968750
2021-04-08,8499.84960938
2021-04-09,8565.57031250
2021-04-12,8564.03027344
2021-04-13,8592.25000000
2021-04-14,8558.16015625
2021-04-15,8653.29003906
2021-04-16,8684.50976562
2021-04-19,8638.41992188
2021-04-20,8579.95019531
2021-04-21,8659.79980469
2021-04-22,8580.73046875
2021-04-23,8674.79980469
2021-04-26,8690.25976562
2021-04-27,8688.45019531
2021-04-28,8681.16992188
2021-04-29,8740.34960938
2021-04-30,8678.16015625
2021-05-03,8702.01953125
2021-05-04,8643.91015625
2021-05-05,8650.04003906
2021-05-06,8722.04003906
2021-05-07,8787.82031250
2021-05-10,8696.29003906
2021-05-11,8620.98046875
2021-05-12,8437.24023438
2021-05-13,8541.38964844
2021-05-14,8669.49023438
2021-05-17,8647.57031250
2021-05-18,8574.98046875
2021-05-19,8550.95019531
2021-05-20,8641.98046875
2021-05-21,8635.54980469
2021-05-24,8722.00000000
2021-05-25,8703.58984375
2021-05-26,8720.04003906
2021-05-27,8730.96972656
2021-05-28,8738.76953125
2021-06-01,8734.74023438
2021-06-02,8748.29980469
2021-06-03,8717.96972656
2021-06-04,8795.08007812
2021-06-07,8788.28027344
2021-06-08,8790.00000000
2021-06-09,8774.30957031
2021-06-10,8815.55957031
2021-06-11,8832.94042969
2021-06-14,8851.16992188
2021-06-15,8833.67968750
2021-06-16,8786.17968750
2021-06-17,8782.58007812
2021-06-18,8667.75976562
2021-06-21,8789.51953125
2021-06-22,8834.55957031
2021-06-23,8825.00976562
2021-06-24,8877.05957031
2021-06-25,8906.79003906
2021-06-28,8927.40039062
2021-06-29,8930.66992188
2021-06-30,8942.78027344
2021-07-01,8990.08007812
2021-07-02,9058.66015625
2021-07-06,9040.75976562
2021-07-07,9071.13964844
2021-07-08,8995.25976562
2021-07-09,9096.83984375
2021-07-12,9128.21972656
2021-07-13,9096.15039062
2021-07-14,9107.84960938
2021-07-15,9078.33007812
2021-07-16,9009.88964844
2021-07-19,8867.07031250
2021-07-20,9001.76953125
2021-07-21,9075.96972656
2021-07-22,9094.95019531
2021-07-23,9187.63964844
2021-07-26,9209.62988281
2021-07-27,9166.26953125
2021-07-28,9164.62011719
2021-07-29,9204.25000000
2021-07-30,9155.20996094
2021-08-02,9138.36035156
2021-08-03,9213.34960938
2021-08-04,9170.75976562
2021-08-05,9226.49023438
2021-08-06,9243.03027344
2021-08-09,9235.04980469
2021-08-10,9244.21972656
2021-08-11,9267.40039062
2021-08-12,9297.20019531
2021-08-13,9312.50976562
2021-08-16,9337.17968750
2021-08-17,9271.83007812
2021-08-18,9173.92968750
2021-08-19,9186.07031250
2021-08-20,9261.30957031
2021-08-23,9341.08984375
2021-08-24,9355.11035156
2021-08-25,9376.00000000
2021-08-26,9321.74023438
2021-08-27,9404.15039062
2021-08-30,9445.24023438
2021-08-31,9433.58007812
2021-09-01,9437.15039062
2021-09-02,9465.46972656
2021-09-03,9462.54003906
2021-09-07,9430.67968750
2021-09-08,9418.57031250
2021-09-09,9375.99023438
2021-09-10,9304.03027344
2021-09-13,9325.29003906
2021-09-14,9273.99023438
2021-09-15,9352.83007812
2021-09-16,9338.61035156
2021-09-17,9253.57031250
2021-09-20,9096.51953125
2021-09-21,9089.54980469
2021-09-22,9176.08007812
2021-09-23,9287.79980469
2021-09-24,9301.49023438
2021-09-27,9275.87011719
2021-09-28,9087.46972656
2021-09-29,9102.62011719
2021-09-30,8994.83007812
2021-10-01,9098.25000000
2021-10-04,8980.63964844
2021-10-05,9076.19042969
2021-10-06,9113.45019531
2021-10-07,9191.19042969
2021-10-08,9173.74023438
2021-10-11,9110.75976562
2021-10-12,9088.73046875
2021-10-13,9116.38964844
2021-10-14,9272.96972656
2021-10-15,9342.15039062
2021-10-18,9373.67968750
2021-10-19,9443.12011719
2021-10-20,9477.82031250
2021-10-21,9506.91015625
2021-10-22,9496.86035156
2021-10-25,9541.99023438
2021-10-26,9559.38964844
2021-10-27,9511.26953125
2021-10-28,9605.23046875
2021-10-29,9625.01953125
2021-11-01,9642.44042969
2021-11-02,9677.95019531
2021-11-03,9740.46972656
2021-11-04,9782.48046875
2021-11-05,9819.98046875
2021-11-08,9828.80957031
2021-11-09,9795.12011719
2021-11-10,9716.71972656
2021-11-11,9722.08007812
2021-11-12,9793.21972656
2021-11-15,9793.53027344
2021-11-16,9831.91015625
2021-11-17,9808.26953125
2021-11-18,9842.34960938
2021-11-19,9828.79980469
2021-11-22,9798.29003906
2021-11-23,9814.65039062
2021-11-24,9837.59960938
2021-11-26,9614.25000000
2021-11-29,9741.78027344
2021-11-30,9558.33007812
2021-12-01,9446.20996094
2021-12-02,9581.79003906
2021-12-03,9501.28027344
2021-12-06,9613.01953125
2021-12-07,9812.20019531
2021-12-08,9842.67968750
2021-12-09,9773.19042969
2021-12-10,9866.62011719
2021-12-13,9776.69042969
2021-12-14,9705.05957031
2021-12-15,9863.91992188
2021-12-16,9778.08984375
2021-12-17,9678.03027344
2021-12-20,9567.91015625
2021-12-21,9738.73046875
2021-12-22,9838.90039062
2021-12-23,9900.29980469
2021-12-27,10037.66992188
2021-12-28,10027.53027344
2021-12-29,10041.61035156
2021-12-30,10012.50976562
2021-12-31,9986.70019531
2022-01-03,10050.41015625
2022-01-04,10044.75000000
2022-01-05,9850.70019531
2022-01-06,9841.91992188
2022-01-07,9803.84960938
2022-01-10,9789.71972656
2022-01-11,9879.38964844
2022-01-12,9907.37988281
2022-01-13,9767.34960938
2022-01-14,9775.53027344
2022-01-18,9595.92968750
2022-01-19,9503.13964844
2022-01-20,9398.95996094
2022-01-21,9221.28027344
2022-01-24,9246.83984375
2022-01-25,9134.33007812
2022-01-26,9120.75000000
2022-01-27,9072.24023438
2022-01-28,9294.20996094
2022-01-31,9469.91992188
2022-02-01,9534.95019531
2022-02-02,9624.88964844
2022-02-03,9390.57031250
2022-02-04,9440.58007812
2022-02-07,9405.83984375
2022-02-08,9484.95019531
2022-02-09,9623.83984375
2022-02-10,9450.71972656
2022-02-11,9271.79980469
2022-02-14,9236.86035156
2022-02-15,9383.57031250
2022-02-16,9393.08984375
2022-02-17,9195.34960938
2022-02-18,9130.80957031
2022-02-22,9038.32031250
2022-02-23,8871.95019531
2022-02-24,9005.37011719
2022-02-25,9207.84960938
2022-02-28,9186.37011719
2022-03-01,9044.46972656
2022-03-02,9213.38964844
2022-03-03,9166.12988281
2022-03-04,9094.04003906
2022-03-07,8825.71972656
2022-03-08,8762.11035156
2022-03-09,8988.65039062
2022-03-10,8950.90039062
2022-03-11,8835.40039062
2022-03-14,8771.75000000
2022-03-15,8959.74023438
2022-03-16,9160.50976562
2022-03-17,9274.16992188
2022-03-18,9382.42968750
2022-03-21,9378.83984375
2022-03-22,9484.86035156
2022-03-23,9368.98046875
2022-03-24,9504.19042969
2022-03-25,9552.40039062
2022-03-28,9620.66015625
2022-03-29,9738.59960938
2022-03-30,9678.29980469
2022-03-31,9527.45996094
2022-04-01,9559.95019531
2022-04-04,9637.37011719
2022-04-05,9517.94042969
2022-04-06,9425.49023438
2022-04-07,9466.75976562
2022-04-08,9441.83984375
2022-04-11,9282.48046875
2022-04-12,9251.07031250
2022-04-13,9356.20996094
2022-04-14,9242.58007812
2022-04-18,9240.69042969
2022-04-19,9389.20996094
2022-04-20,9383.54003906
2022-04-21,9245.86035156
2022-04-22,8989.50976562
2022-04-25,9040.86035156
2022-04-26,8786.46972656
2022-04-27,8805.00000000
2022-04-28,9023.41992188
2022-04-29,8696.65039062
2022-05-02,8746.04980469
2022-05-03,8788.36035156
2022-05-04,9050.90039062
2022-05-05,8729.20996094
2022-05-06,8680.96972656
2022-05-09,8403.50000000
2022-05-10,8424.20019531
2022-05-11,8285.82031250
2022-05-12,8278.04003906
2022-05-13,8476.57031250
2022-05-16,8443.54980469
2022-05-17,8614.30957031
2022-05-18,8268.32031250
2022-05-19,8220.96972656
2022-05-20,8222.30957031
2022-05-23,8375.87011719
2022-05-24,8307.96972656
2022-05-25,8386.62011719
2022-05-26,8553.67968750
2022-05-27,8766.83007812
2022-05-31,8712.59960938
2022-06-01,8648.28027344
2022-06-02,8809.17968750
2022-06-03,8665.79980469
2022-06-06,8693.05957031
2022-06-07,8776.08984375
2022-06-08,8681.67968750
2022-06-09,8475.91015625
2022-06-10,8229.42968750
2022-06-13,7910.43017578
2022-06-14,7883.33984375
2022-06-15,7998.62011719
2022-06-16,7739.39013672
2022-06-17,7756.58984375
2022-06-21,7946.89013672
2022-06-22,7936.66992188
2022-06-23,8012.68017578
2022-06-24,8257.71972656
2022-06-27,8233.41992188
2022-06-28,8067.56005859
2022-06-29,8062.72021484
2022-06-30,7993.43017578
2022-07-01,8077.89013672
2022-07-05,8092.14990234
2022-07-06,8121.20996094
2022-07-07,8243.69042969
2022-07-08,8237.50000000
2022-07-11,8142.68017578
2022-07-12,8067.56005859
2022-07-13,8031.75976562
2022-07-14,8008.70996094
2022-07-15,8162.50000000
2022-07-18,8094.22998047
2022-07-19,8318.20019531
2022-07-20,8367.37011719
2022-07-21,8450.63964844
2022-07-22,8371.87011719
2022-07-25,8382.87988281
2022-07-26,8286.19042969
2022-07-27,8503.01953125
2022-07-28,8607.24023438
2022-07-29,8730.45996094
2022-08-01,8705.87011719
2022-08-02,8647.91015625
2022-08-03,8783.28027344
2022-08-04,8777.23046875
2022-08-05,8764.08007812
2022-08-08,8753.38964844
2022-08-09,8716.75000000
2022-08-10,8902.71972656
2022-08-11,8898.83984375
2022-08-12,9054.13964844
2022-08-15,9090.36035156
2022-08-16,9107.87011719
2022-08-17,9043.58984375
2022-08-18,9065.49023438
2022-08-19,8948.82031250
2022-08-22,8758.24023438
2022-08-23,8738.75976562
2022-08-24,8764.41992188
2022-08-25,8888.12988281
2022-08-26,8588.95019531
2022-08-29,8532.09960938
2022-08-30,8438.69042969
2022-08-31,8374.41992188
2022-09-01,8400.95996094
2022-09-02,8311.41992188
2022-09-06,8277.80957031
2022-09-07,8429.87011719
2022-09-08,8486.62988281
2022-09-09,8616.98046875
2022-09-12,8708.16992188
2022-09-13,8331.90039062
2022-09-14,8362.40039062
2022-09-15,8268.59960938
2022-09-16,8209.34960938
2022-09-19,8265.73046875
2022-09-20,8172.64013672
2022-09-21,8033.29003906
2022-09-22,7965.95996094
2022-09-23,7828.87011719
2022-09-26,7747.93017578
2022-09-27,7731.99023438
2022-09-28,7884.54980469
2022-09-29,7719.08984375
2022-09-30,7603.14013672
2022-10-03,7800.00000000
2022-10-04,8039.25000000
2022-10-05,8023.81005859
2022-10-06,7943.62988281
2022-10-07,7721.43994141
2022-10-10,7663.58007812
2022-10-11,7613.75000000
2022-10-12,7588.89990234
2022-10-13,7786.95996094
2022-10-14,7602.99023438
2022-10-17,7804.33007812
2022-10-18,7893.68017578
2022-10-19,7840.99023438
2022-10-20,7779.52978516
2022-10-21,7964.25000000
2022-10-24,8058.87988281
2022-10-25,8190.02001953
2022-10-26,8129.62011719
2022-10-27,8080.31982422
2022-10-28,8280.11035156
2022-10-31,8218.70019531
2022-11-01,8185.06982422
2022-11-02,7980.47021484
2022-11-03,7897.00976562
2022-11-04,8006.24023438
2022-11-07,8083.37988281
2022-11-08,8128.70019531
2022-11-09,7961.52001953
2022-11-10,8403.48046875
2022-11-11,8481.12988281
2022-11-14,8407.25000000
2022-11-15,8481.13964844
2022-11-16,8413.08984375
2022-11-17,8388.83984375
2022-11-18,8429.00976562
2022-11-21,8397.23046875
2022-11-22,8511.48046875
2022-11-23,8562.26953125
2022-11-25,8560.08984375
2022-11-28,8427.95019531
2022-11-29,8415.26953125
2022-11-30,8678.00000000
2022-12-01,8671.90039062
2022-12-02,8662.23046875
2022-12-05,8507.33984375
2022-12-06,8385.16015625
2022-12-07,8369.74023438
2022-12-08,8433.90039062
2022-12-09,8372.25976562
2022-12-12,8491.86035156
2022-12-13,8554.09960938
2022-12-14,8503.96972656
2022-12-15,8292.63964844
2022-12-16,8200.90039062
2022-12-19,8127.56982422
2022-12-20,8136.29980469
2022-12-21,8258.42968750
2022-12-22,8139.06982422
2022-12-23,8187.06005859
2022-12-27,8154.56982422
2022-12-28,8056.62011719
2022-12-29,8198.36035156
2022-12-30,8178.02001953
2023-01-03,8145.60009766
2023-01-04,8207.41992188
2023-01-05,8113.14990234
2023-01-06,8298.61035156
2023-01-09,8293.79980469
2023-01-10,8351.67968750
2023-01-11,8459.17968750
2023-01-12,8489.08007812
2023-01-13,8523.32031250
2023-01-17,8506.03027344
2023-01-18,8373.66015625
2023-01-19,8310.75000000
2023-01-20,8468.15039062
2023-01-23,8568.76953125
2023-01-24,8562.87011719
2023-01-25,8561.40039062
2023-01-26,8656.25976562
2023-01-27,8678.00976562
2023-01-30,8566.28027344
2023-01-31,8691.87988281
2023-02-01,8782.76953125
2023-02-02,8912.34960938
2023-02-03,8820.46972656
2023-02-06,8766.90039062
2023-02-07,8879.91015625
2023-02-08,8781.79003906
2023-02-09,8705.58007812
2023-02-10,8726.46972656
2023-02-13,8827.71972656
2023-02-14,8826.32031250
2023-02-15,8853.01953125
2023-02-16,8731.75000000
2023-02-17,8709.20996094
2023-02-21,8534.73046875
2023-02-22,8521.45019531
2023-02-23,8567.57031250
2023-02-24,8477.66015625
2023-02-27,8504.75976562
2023-02-28,8479.79980469
2023-03-01,8440.25000000
2023-03-02,8505.54980469
2023-03-03,8643.61035156
2023-03-06,8649.87988281
2023-03-07,8517.54003906
2023-03-08,8530.33007812
2023-03-09,8374.25000000
2023-03-10,8253.65039062
2023-03-13,8241.38964844
2023-03-14,8379.16015625
2023-03-15,8320.95996094
2023-03-16,8468.33007812
2023-03-17,8375.20996094
2023-03-20,8449.98046875
2023-03-21,8560.30957031
2023-03-22,8420.01953125
2023-03-23,8445.87011719
2023-03-24,8493.54980469
2023-03-27,8507.54003906
2023-03-28,8494.34960938
2023-03-29,8615.29003906
2023-03-30,8665.70019531
2023-03-31,8791.12988281
2023-04-03,8823.66015625
2023-04-04,8773.30957031
2023-04-05,8752.54003906
2023-04-06,8785.70019531
2023-04-10,8794.65039062
2023-04-11,8794.29003906
2023-04-12,8758.11035156
2023-04-13,8875.65039062
2023-04-14,8857.30957031
2023-04-17,8886.75976562
2023-04-18,8894.34960938
2023-04-19,8893.59960938
2023-04-20,8841.62011719
2023-04-21,8849.75976562
2023-04-24,8857.29980469
2023-04-25,8717.62988281
2023-04-26,8684.19042969
2023-04-27,8854.32031250
2023-04-28,8928.34960938
2023-05-01,8924.91992188
2023-05-02,8821.58984375
2023-05-03,8759.95019531
2023-05-04,8697.67968750
2023-05-05,8858.86035156
2023-05-08,8863.00976562
2023-05-09,8823.04980469
2023-05-10,8862.84960938
2023-05-11,8849.69042969
2023-05-12,8837.67968750
2023-05-15,8865.03027344
2023-05-16,8808.95019531
2023-05-17,8915.42968750
2023-05-18,9001.25000000
2023-05-19,8988.45996094
2023-05-22,8990.88964844
2023-05-23,8890.16015625
2023-05-24,8825.25976562
2023-05-25,8902.83984375
2023-05-26,9019.63964844
2023-05-30,9020.38964844
2023-05-31,8967.16015625
2023-06-01,9057.16992188
2023-06-02,9189.33984375
2023-06-05,9171.08984375
2023-06-06,9192.91015625
2023-06-07,9158.13964844
2023-06-08,9215.86035156
2023-06-09,9226.70019531
2023-06-12,9312.71972656
2023-06-13,9377.65039062
2023-06-14,9387.54003906
2023-06-15,9503.53027344
2023-06-16,9468.80957031
2023-06-20,9424.01953125
2023-06-21,9375.20996094
2023-06-22,9410.83007812
2023-06-23,9338.83984375
2023-06-26,9297.12011719
2023-06-27,9403.62011719
2023-06-28,9400.29980469
2023-06-29,9443.45996094
2023-06-30,9559.66992188
2023-07-03,9571.34960938
2023-07-05,9553.69042969
2023-07-06,9478.73046875
2023-07-07,9453.09960938
2023-07-10,9475.90039062
2023-07-11,9539.95019531
2023-07-12,9610.87011719
2023-07-13,9693.29980469
2023-07-14,9683.69042969
2023-07-17,9721.03027344
2023-07-18,9790.20019531
2023-07-19,9813.45996094
2023-07-20,9748.09960938
2023-07-21,9751.25976562
2023-07-24,9790.75976562
2023-07-25,9818.49023438
2023-07-26,9817.11035156
2023-07-27,9754.71972656
2023-07-28,9852.00976562
2023-07-31,9866.76953125
2023-08-01,9840.70996094
2023-08-02,9704.62988281
2023-08-03,9680.36035156
2023-08-04,9629.76953125
2023-08-07,9716.91015625
2023-08-08,9676.00000000
2023-08-09,9608.73046875
2023-08-10,9612.36035156
2023-08-11,9603.45019531
2023-08-14,9659.25976562
2023-08-15,9549.16992188
2023-08-16,9478.54003906
2023-08-17,9407.26953125
2023-08-18,9406.50000000
2023-08-21,9471.38964844
2023-08-22,9445.21972656
2023-08-23,9549.73046875
2023-08-24,9421.46972656
2023-08-25,9485.88964844
2023-08-28,9545.44042969
2023-08-29,9684.21972656
2023-08-30,9722.95996094
2023-08-31,9709.67968750
2023-09-01,9727.63964844
2023-09-05,9687.25976562
2023-09-06,9619.98046875
2023-09-07,9590.40039062
2023-09-08,9604.76953125
2023-09-11,9669.36035156
2023-09-12,9614.66015625
2023-09-13,9626.67968750
2023-09-14,9710.54003906
2023-09-15,9592.86035156
2023-09-18,9599.92968750
2023-09-19,9579.26953125
2023-09-20,9489.91992188
2023-09-21,9334.58984375
2023-09-22,9313.29980469
2023-09-25,9350.90039062
2023-09-26,9213.71972656
2023-09-27,9216.01953125
2023-09-28,9271.54980469
2023-09-29,9246.74023438
2023-10-02,9247.50976562
2023-10-03,9121.13964844
2023-10-04,9195.13964844
2023-10-05,9184.80957031
2023-10-06,9294.82031250
2023-10-09,9353.41015625
2023-10-10,9402.30957031
2023-10-11,9443.12988281
2023-10-12,9385.16015625
2023-10-13,9338.08984375
2023-10-16,9437.30957031
2023-10-17,9436.36035156
2023-10-18,9309.91992188
2023-10-19,9231.73046875
2023-10-20,9115.83984375
2023-10-23,9100.49023438
2023-10-24,9166.79980469
2023-10-25,9035.40039062
2023-10-26,8928.62988281
2023-10-27,8885.94042969
2023-10-30,8993.45996094
2023-10-31,9052.30957031
2023-11-01,9147.45019531
2023-11-02,9320.55957031
2023-11-03,9408.55957031
2023-11-06,9425.33984375
2023-11-07,9452.28027344
2023-11-08,9462.25000000
2023-11-09,9387.58984375
2023-11-10,9535.62988281
2023-11-13,9528.25000000
2023-11-14,9712.00976562
2023-11-15,9729.30957031
2023-11-16,9743.21972656
2023-11-17,9755.91992188
2023-11-20,9829.01953125
2023-11-21,9809.38964844
2023-11-22,9849.74023438
2023-11-24,9855.83984375
2023-11-27,9836.75000000
2023-11-28,9846.42968750
2023-11-29,9838.82031250
2023-11-30,9879.01953125
2023-12-01,9937.88964844
2023-12-04,9884.16992188
2023-12-05,9878.96972656
2023-12-06,9840.65039062
2023-12-07,9920.63964844
2023-12-08,9961.50000000
2023-12-11,10000.63964844
2023-12-12,10047.04003906
2023-12-13,10184.37988281
2023-12-14,10213.69042969
2023-12-15,10213.48046875
2023-12-18,10259.84960938
2023-12-19,10320.86035156
2023-12-20,10170.50976562
2023-12-21,10275.29980469
2023-12-22,10292.37011719
2023-12-26,10335.98046875
2023-12-27,10351.59960938
2023-12-28,10356.58984375
2023-12-29,10327.83007812
2024-01-02,10269.69042969
2024-01-03,10187.79003906
2024-01-04,10154.20019531
2024-01-05,10172.75000000
2024-01-08,10316.51953125
2024-01-09,10302.73046875
2024-01-10,10361.26953125
2024-01-11,10354.69042969
2024-01-12,10363.34960938
2024-01-16,10324.83007812
2024-01-17,10267.04980469
2024-01-18,10358.29003906
2024-01-19,10486.44042969
2024-01-22,10509.44042969
2024-01-23,10540.37988281
2024-01-24,10549.04003906
2024-01-25,10605.12988281
2024-01-26,10598.23046875
2024-01-29,10678.50000000
2024-01-30,10672.95019531
2024-01-31,10501.37988281
2024-02-01,10633.13964844
2024-02-02,10747.25000000
2024-02-05,10713.11035156
2024-02-06,10738.16992188
2024-02-07,10826.80957031
2024-02-08,10834.36035156
2024-02-09,10897.61035156
2024-02-12,10887.41015625
2024-02-13,10739.80957031
2024-02-14,10844.71972656
2024-02-15,10910.30957031
2024-02-16,10859.62988281
2024-02-20,10794.79980469
2024-02-21,10808.92968750
2024-02-22,11037.82031250
2024-02-23,11041.90039062
2024-02-26,11000.50000000
2024-02-27,11019.44042969
2024-02-28,11002.20019531
2024-02-29,11062.11035156
2024-03-01,11151.33984375
2024-03-04,11138.42968750
2024-03-05,11025.16015625
2024-03-06,11082.65039062
2024-03-07,11198.38964844
2024-03-08,11126.07031250
2024-03-11,11113.61035156
2024-03-12,11238.45996094
2024-03-13,11217.29980469
2024-03-14,11187.84960938
2024-03-15,11115.69042969
2024-03-18,11186.04003906
2024-03-19,11249.23046875
2024-03-20,11350.88964844
2024-03-21,11387.88964844
2024-03-22,11372.49023438
2024-03-25,11337.74023438
2024-03-26,11306.00976562
2024-03-27,11404.95019531
2024-03-28,11418.03027344
2024-04-01,11395.08007812
2024-04-02,11312.90039062
2024-04-03,11325.78027344
2024-04-04,11187.49023438
2024-04-05,11311.70019531
2024-04-08,11307.66015625
2024-04-09,11325.62988281
2024-04-10,11218.73046875
2024-04-11,11302.53027344
2024-04-12,11139.37988281
2024-04-15,11005.61035156
2024-04-16,10982.99023438
2024-04-17,10919.49023438
2024-04-18,10896.07031250
2024-04-19,10801.16015625
2024-04-22,10895.46972656
2024-04-23,11026.05957031
2024-04-24,11028.45996094
2024-04-25,10978.20019531
2024-04-26,11090.45996094
2024-04-29,11126.28027344
2024-04-30,10951.66015625
2024-05-01,10914.11035156
2024-05-02,11013.91015625
2024-05-03,11152.75976562
2024-05-06,11268.23046875
2024-05-07,11283.95996094
2024-05-08,11283.91015625
2024-05-09,11343.54980469
2024-05-10,11364.04003906
2024-05-13,11361.45996094
2024-05-14,11418.12011719
2024-05-15,11554.04003906
2024-05-16,11532.36035156
2024-05-17,11546.28027344
2024-05-20,11557.83984375
2024-05-21,11587.04980469
2024-05-22,11555.83984375
2024-05-23,11470.98046875
2024-05-24,11551.55957031
2024-05-28,11554.45019531
2024-05-29,11469.45996094
2024-05-30,11402.09960938
2024-05-31,11494.70019531
2024-06-03,11508.88964844
2024-06-04,11526.80957031
2024-06-05,11663.54980469
2024-06-06,11661.37011719
2024-06-07,11650.49023438
2024-06-10,11681.54003906
2024-06-11,11713.29980469
2024-06-12,11813.16992188
2024-06-13,11841.01953125
2024-06-14,11839.26953125
2024-06-17,11931.48046875
2024-06-18,11961.92968750
2024-06-20,11931.79980469
2024-06-21,11913.78027344
2024-06-24,11878.04003906
2024-06-25,11924.75000000
2024-06-26,11943.53027344
2024-06-27,11954.50000000
2024-06-28,11907.15039062
2024-07-01,11939.37988281
2024-07-02,12013.40039062
2024-07-03,12074.83007812
2024-07-05,12142.54003906
2024-07-08,12155.26953125
2024-07-09,12164.57031250
2024-07-10,12290.20996094
2024-07-11,12182.96972656
2024-07-12,12250.19042969
2024-07-15,12286.04980469
2024-07-16,12364.55957031
2024-07-17,12192.49023438
2024-07-18,12097.25000000
2024-07-19,12011.61035156
2024-07-22,12141.75000000
2024-07-23,12122.83007812
2024-07-24,11842.36035156
2024-07-25,11781.57031250
2024-07-26,11913.04003906
2024-07-29,11922.88964844
2024-07-30,11863.79980469
2024-07-31,12052.08984375
2024-08-01,11887.54003906
2024-08-02,11669.17968750
2024-08-05,11319.95996094
2024-08-06,11437.32031250
2024-08-07,11349.24023438
2024-08-08,11610.83984375
2024-08-09,11666.49023438
2024-08-12,11668.58984375
2024-08-13,11865.29003906
2024-08-14,11911.01953125
2024-08-15,12106.67968750
2024-08-16,12132.48046875
2024-08-19,12251.74023438
2024-08-20,12227.79980469
2024-08-21,12280.17968750
2024-08-22,12170.70996094
2024-08-23,12310.62988281
2024-08-26,12272.08007812
2024-08-27,12292.63964844
2024-08-28,12219.23046875
2024-08-29,12219.37988281
2024-08-30,12344.42968750
2024-09-03,12084.57031250
2024-09-04,12065.69042969
2024-09-05,12029.71972656
2024-09-06,11823.57031250
2024-09-09,11961.74023438
2024-09-10,12015.57031250
2024-09-11,12143.84960938
2024-09-12,12235.05957031
2024-09-13,12303.25976562
2024-09-16,12321.20996094
2024-09-17,12324.75000000
2024-09-18,12289.25976562
2024-09-19,12498.58984375
2024-09-20,12474.44042969
2024-09-23,12509.61035156
2024-09-24,12541.08984375
2024-09-25,12517.82031250
2024-09-26,12569.12988281
2024-09-27,12553.78027344
2024-09-30,12608.07031250
2024-10-01,12490.87011719
2024-10-02,12493.34960938
2024-10-03,12472.38964844
2024-10-04,12586.91015625
2024-10-07,12466.41015625
2024-10-08,12587.25000000
2024-10-09,12677.16015625
2024-10-10,12652.83984375
2024-10-11,12729.51953125
2024-10-14,12827.62988281
2024-10-15,12731.09960938
2024-10-16,12790.83984375
2024-10-17,12788.78027344
2024-10-18,12840.29980469
2024-10-21,12817.38964844
2024-10-22,12811.36035156
2024-10-23,12693.82031250
2024-10-24,12721.04980469
2024-10-25,12717.33984375
2024-10-28,12751.21972656
2024-10-29,12771.79980469
2024-10-30,12729.73046875
2024-10-31,12493.74023438
2024-11-01,12545.40039062
2024-11-04,12510.73046875
2024-11-05,12664.32031250
2024-11-06,12984.73046875
2024-11-07,13081.53027344
2024-11-08,13133.46972656
2024-11-11,13146.20019531
2024-11-12,13108.95019531
2024-11-13,13112.57031250
2024-11-14,13034.79003906
2024-11-15,12864.41992188
2024-11-18,12916.79980469
2024-11-19,12968.16015625
2024-11-20,12968.84960938
2024-11-21,13040.08007812
2024-11-22,13085.86035156
2024-11-25,13125.45996094
2024-11-26,13201.46972656
2024-11-27,13152.08007812
2024-11-29,13227.12988281
2024-12-02,13261.08007812
2024-12-03,13267.33007812
2024-12-04,13347.87988281
2024-12-05,13323.74023438
2024-12-06,13358.50000000
2024-12-09,13278.29003906
2024-12-10,13239.20996094
2024-12-11,13347.50976562
2024-12-12,13275.24023438
2024-12-13,13276.55957031
2024-12-16,13328.78027344
2024-12-17,13277.54980469
2024-12-18,12886.20996094
2024-12-19,12875.08984375
2024-12-20,13015.66015625
2024-12-23,13111.29980469
2024-12-24,13256.07031250
2024-12-26,13251.75976562
2024-12-27,13106.38964844
2024-12-30,12966.21972656
2024-12-31,12911.82031250
2025-01-02,12883.58007812
2025-01-03,13046.87988281
2025-01-06,13120.13964844
2025-01-07,12974.58984375
2025-01-08,12995.12988281
2025-01-10,12797.38964844
2025-01-13,12817.55957031
2025-01-14,12832.29003906
2025-01-15,13068.55957031
2025-01-16,13041.19042969
2025-01-17,13171.75000000
2025-01-21,13287.58007812
2025-01-22,13369.36035156
2025-01-23,13440.61035156
2025-01-24,13403.50976562
2025-01-27,13208.19042969
2025-01-28,13329.95019531
2025-01-29,13267.65039062
2025-01-30,13337.84960938
2025-01-31,13271.37988281
2025-02-03,13171.20996094
2025-02-04,13266.45019531
2025-02-05,13318.42968750
2025-02-06,13366.95996094
2025-02-07,13241.33984375
2025-02-10,13332.15039062
2025-02-11,13337.00000000
2025-02-12,13302.09960938
2025-02-13,13440.92968750
2025-02-14,13443.09960938
2025-02-18,13478.01953125
2025-02-19,13510.29003906
2025-02-20,13453.54003906
2025-02-21,13224.45019531
2025-02-24,13159.20996094
2025-02-25,13097.84960938
2025-02-26,13099.91015625
2025-02-27,12892.20019531
2025-02-28,13098.21972656
2025-03-03,12868.95019531
2025-03-04,12711.86035156
2025-03-05,12853.99023438
2025-03-06,12625.30957031
2025-03-07,12696.90039062
2025-03-10,12356.69042969
2025-03-11,12263.30957031
2025-03-12,12323.50000000
2025-03-13,12153.33007812
2025-03-14,12414.28027344
2025-03-17,12494.82031250
2025-03-18,12362.16015625
2025-03-19,12495.74023438
2025-03-20,12469.96972656
2025-03-21,12480.58984375
2025-03-24,12700.91015625
2025-03-25,12721.41015625
2025-03-26,12579.48046875
2025-03-27,12537.92968750
2025-03-28,12290.86035156
2025-03-31,12360.20996094
2025-04-01,12407.25976562
2025-04-02,12491.09960938
2025-04-03,11887.15039062
2025-04-04,11178.48046875
2025-04-07,11152.55957031
2025-04-08,10977.50000000
2025-04-09,12022.20996094
2025-04-10,11608.21972656
2025-04-11,11818.53027344
2025-04-14,11912.45019531
2025-04-15,11892.99023438
2025-04-16,11626.79003906
2025-04-17,11642.40039062
2025-04-21,11368.98046875
2025-04-22,11654.83007812
2025-04-23,11849.25000000
2025-04-24,12089.30957031
2025-04-25,12178.49023438
2025-04-28,12186.51953125
2025-04-29,12257.26953125
2025-04-30,12276.38964844
2025-05-01,12353.87011719
2025-05-02,12536.20019531
2025-05-05,12456.83984375
2025-05-06,12361.16015625
2025-05-07,12414.98046875
2025-05-08,12487.00000000
2025-05-09,12480.30957031
2025-05-12,12888.12988281
2025-05-13,12981.88964844
2025-05-14,12995.78027344
2025-05-15,13052.71972656
2025-05-16,13145.87988281
2025-05-19,13159.30957031
2025-05-20,13108.51953125
2025-05-21,12897.41992188
2025-05-22,12891.95019531
2025-05-23,12806.24023438
2025-05-27,13069.32031250
2025-05-28,12996.66992188
2025-05-29,13049.00976562
2025-05-30,13049.12988281
2025-06-02,13104.24023438
2025-06-03,13180.45019531
2025-06-04,13181.96972656
2025-06-05,13113.46972656
2025-06-06,13249.80957031
2025-06-09,13263.12988281
2025-06-10,13336.29003906
2025-06-11,13299.87011719
2025-06-12,13350.84960938
2025-06-13,13202.25976562
2025-06-16,13328.42968750
2025-06-17,13217.51953125
2025-06-18,13213.87988281
2025-06-20,13185.83984375
2025-06-23,13312.75000000
2025-06-24,13461.09960938
2025-06-25,13461.16992188
2025-06-26,13569.29003906
2025-06-27,13641.09960938
2025-06-30,13712.70996094
2025-07-01,13697.67968750
2025-07-02,13763.04003906
2025-07-03,13879.98046875
2025-07-07,13771.11035156
2025-07-08,13761.33007812
2025-07-09,13844.91992188
2025-07-10,13884.88964844
2025-07-11,13839.11035156
2025-07-14,13858.62011719
2025-07-15,13805.08007812
2025-07-16,13849.16992188
2025-07-17,13923.75000000
2025-07-18,13923.34960938
2025-07-21,13943.16015625
2025-07-22,13952.34960938
2025-07-23,14061.51953125
2025-07-24,14071.45019531
2025-07-25,14128.12011719
2025-07-28,14130.61035156
2025-07-29,14088.86035156
2025-07-30,14071.33984375
2025-07-31,14020.45996094
2025-08-01,13796.83007812
2025-08-04,14000.69042969
2025-08-05,13932.87988281
2025-08-06,14034.34960938
2025-08-07,14023.34960938
2025-08-08,14134.01953125
2025-08-11,14100.03027344
2025-08-12,14260.42968750
2025-08-13,14306.95996094
2025-08-14,14311.80957031
2025-08-15,14273.57031250
2025-08-18,14273.21972656
2025-08-19,14190.79980469
2025-08-20,14156.65039062
2025-08-21,14101.79003906
2025-08-22,14316.54980469
2025-08-25,14255.75976562
2025-08-26,14315.59960938
2025-08-27,14349.86035156
2025-08-28,14395.50976562
2025-08-29,14304.67968750
2025-09-02,14208.50000000
2025-09-03,14281.23046875
2025-09-04,14401.70996094
2025-09-05,14358.11035156
2025-09-08,14389.12988281
2025-09-09,14428.25000000
2025-09-10,14471.70996094
2025-09-11,14594.63964844
2025-09-12,14588.17968750
2025-09-15,14660.12988281
2025-09-16,14641.76953125
2025-09-17,14627.79980469
2025-09-18,14698.08007812
2025-09-19,14769.92968750
2025-09-22,14836.26953125
2025-09-23,14754.62988281
2025-09-24,14712.71972656
2025-09-25,14639.17968750
2025-09-26,14725.98046875
2025-09-29,14764.91992188
2025-09-30,14826.79980469
2025-10-01,14877.95996094
2025-10-02,14887.32031250
2025-10-03,14889.83984375
2025-10-06,14945.23046875
2025-10-07,14888.37011719
2025-10-08,14975.12988281
2025-10-09,14934.37988281
2025-10-10,14531.41015625
2025-10-13,14758.07031250
2025-10-14,14735.20996094
2025-10-15,14795.66015625
2025-10-16,14702.57031250
2025-10-17,14780.36035156
2025-10-20,14938.29003906
2025-10-21,14938.83007812
2025-10-22,14859.33007812
2025-10-23,14946.12988281
2025-10-24,15064.91015625
2025-10-27,15250.13964844
2025-10-28,15285.09960938
2025-10-29,15284.53027344
2025-10-30,15133.23046875
2025-10-31,15173.95019531
2025-11-03,15201.00000000
2025-11-04,15022.75000000
2025-11-05,15077.70996094
2025-11-06,14909.28027344
2025-11-07,14929.62988281
2025-11-10,15161.46972656
2025-11-11,15192.94042969
2025-11-12,15203.12988281
2025-11-13,14951.87011719
2025-11-14,14947.51953125
2025-11-17,14812.01953125
2025-11-18,14690.80957031
2025-11-19,14746.44042969
2025-11-20,14518.95019531
2025-11-21,14662.67968750
2025-11-24,14889.66992188
2025-11-25,15025.54003906
2025-11-26,15129.57031250
2025-11-28,15211.13964844
2025-12-01,15132.00000000
2025-12-02,15169.62988281
2025-12-03,15215.33984375
2025-12-04,15232.80957031
2025-12-05,15264.63964844
2025-12-08,15212.83984375
2025-12-09,15199.66015625
2025-12-10,15302.75000000
2025-12-11,15334.74023438
2025-12-12,15172.12988281
2025-12-15,15150.45996094
2025-12-16,15114.91992188
2025-12-17,14940.00976562
2025-12-18,15058.70996094
2025-12-19,15191.84960938
2025-12-22,15290.54980469
2025-12-23,15360.17968750
2025-12-24,15409.70019531
2025-12-26,15406.48046875
2025-12-29,15353.16015625
2025-12-30,15332.07031250
2025-12-31,15220.45019531
2026-01-02,15252.82031250
2026-01-05,15349.78027344
2026-01-06,15446.03027344
2026-01-07,15392.99023438
2026-01-08,15394.17968750
2026-01-09,15494.50976562
2026-01-12,15520.25976562
2026-01-13,15490.45019531
2026-01-14,15408.15039062
2026-01-15,15448.29980469
2026-01-16,15439.46972656
2026-01-20,15121.51953125
2026-01-21,15297.01953125
2026-01-22,15381.21972656
2026-01-23,15387.62988281
2026-01-26,15464.66015625
2026-01-27,15527.82031250
2026-01-28,15526.69042969
2026-01-29,15506.83984375
2026-01-30,15441.15039062
2026-02-02,15525.11035156
2026-02-03,15394.75000000
2026-02-04,15316.75000000
2026-02-05,15129.23046875
2026-02-06,15427.83007812
2026-02-09,15501.65039062
2026-02-10,15451.32031250
2026-02-11,15451.00000000
2026-02-12,15210.29980469
2026-02-13,15220.12988281
2026-02-17,15237.83984375
2026-02-18,15323.23046875
2026-02-19,15282.08984375
2026-02-20,15388.63964844
2026-02-23,15229.28027344
2026-02-24,15346.74023438
2026-02-25,15472.05957031
2026-02-26,15389.12988281
2026-02-27,15323.79980469
2026-03-02,15331.17968750
2026-03-03,15186.99023438
2026-03-04,15305.00976562
2026-03-05,15219.13964844
2026-03-06,15019.20019531
2026-03-09,15145.37988281
2026-03-10,15114.70019531
2026-03-11,15102.57031250
2026-03-12,14873.21972656
2026-03-13,14785.07031250
2026-03-16,14936.37011719
2026-03-17,14974.17968750
2026-03-18,14770.48046875
2026-03-19,14730.74023438
2026-03-20,14508.12011719
2026-03-23,14675.16992188
2026-03-24,14620.37988281
2026-03-25,14700.17968750
2026-03-26,14444.36035156
2026-03-27,14203.24023438
2026-03-30,14147.30957031
2026-03-31,14560.75000000
2026-04-01,14665.67968750
2026-04-02,14683.20019531
2026-04-06,14749.30957031
2026-04-07,14760.63964844
2026-04-08,15130.86035156
2026-04-09,15225.17968750
2026-04-10,15209.37988281
2026-04-13,15364.11035156
2026-04-14,15545.54980469
2026-04-15,15670.76953125
2026-04-16,15711.79980469
2026-04-17,15901.03027344
2026-04-20,15863.67968750
2026-04-21,15763.01953125
2026-04-22,15928.16015625
2026-04-23,15862.54980469
2026-04-24,15989.69042969
2026-04-27,16009.49023438
2026-04-28,15931.21972656
2026-04-29,15924.90039062
2026-04-30,16088.55957031
2026-05-01,16136.03027344
2026-05-04,16071.44042969
2026-05-05,16202.37988281
2026-05-06,16438.75976562
2026-05-07,16376.34960938
2026-05-08,16516.80078125
2026-05-11,16549.25000000
2026-05-12,16523.28906250
2026-05-13,16620.58984375
2026-05-14,16748.21093750
2026-05-15,16544.27929688
2026-05-18,16533.10937500
2026-05-19,16423.77929688
2026-05-20,16601.41992188
