Date,Close
1981-01-02,1.53410000
1981-01-05,1.54180000
1981-01-06,1.52640000
1981-01-07,1.52640000
1981-01-08,1.52640000
1981-01-09,1.53710000
1981-01-12,1.53710000
1981-01-13,1.54490000
1981-01-14,1.54490000
1981-01-15,1.54490000
1981-01-16,1.55570000
1981-01-19,1.55570000
1981-01-20,1.55570000
1981-01-21,1.55570000
1981-01-22,1.55100000
1981-01-23,1.55100000
1981-01-26,1.56340000
1981-01-27,1.57590000
1981-01-28,1.58220000
1981-01-29,1.58860000
1981-01-30,1.58860000
1981-02-02,1.61080000
1981-02-03,1.61080000
1981-02-04,1.60280000
1981-02-05,1.60280000
1981-02-06,1.60280000
1981-02-09,1.60590000
1981-02-10,1.60590000
1981-02-11,1.60590000
1981-02-13,1.62850000
1981-02-17,1.65790000
1981-02-18,1.62980000
1981-02-19,1.62980000
1981-02-20,1.60210000
1981-02-23,1.59090000
1981-02-24,1.60990000
1981-02-25,1.60350000
1981-02-26,1.61790000
1981-02-27,1.61790000
1981-03-02,1.62930000
1981-03-03,1.64560000
1981-03-04,1.63740000
1981-03-05,1.64560000
1981-03-06,1.64560000
1981-03-09,1.64560000
1981-03-10,1.64070000
1981-03-11,1.64070000
1981-03-12,1.64070000
1981-03-13,1.64070000
1981-03-16,1.64020000
1981-03-17,1.63090000
1981-03-18,1.62270000
1981-03-19,1.60490000
1981-03-20,1.61290000
1981-03-23,1.61290000
1981-03-24,1.62090000
1981-03-25,1.62090000
1981-03-26,1.62090000
1981-03-27,1.63720000
1981-03-30,1.63720000
1981-03-31,1.61650000
1981-04-01,1.63370000
1981-04-02,1.63370000
1981-04-03,1.64180000
1981-04-06,1.65000000
1981-04-07,1.65990000
1981-04-08,1.64830000
1981-04-09,1.64830000
1981-04-10,1.65650000
1981-04-13,1.65650000
1981-04-14,1.66820000
1981-04-15,1.66820000
1981-04-16,1.67980000
1981-04-17,1.67980000
1981-04-20,1.67980000
1981-04-21,1.67980000
1981-04-22,1.67980000
1981-04-23,1.67980000
1981-04-24,1.67980000
1981-04-27,1.67980000
1981-04-28,1.67980000
1981-04-29,1.67980000
1981-04-30,1.68820000
1981-05-01,1.68820000
1981-05-04,1.68820000
1981-05-05,1.70850000
1981-05-06,1.71700000
1981-05-07,1.71700000
1981-05-08,1.71700000
1981-05-11,1.71700000
1981-05-12,1.72730000
1981-05-13,1.72730000
1981-05-14,1.73590000
1981-05-15,1.73590000
1981-05-18,1.73590000
1981-05-19,1.73590000
1981-05-20,1.73590000
1981-05-21,1.72720000
1981-05-22,1.74290000
1981-05-26,1.73920000
1981-05-27,1.74800000
1981-05-28,1.74800000
1981-05-29,1.74800000
1981-06-01,1.74800000
1981-06-02,1.75670000
1981-06-03,1.75670000
1981-06-04,1.76720000
1981-06-05,1.78130000
1981-06-08,1.78130000
1981-06-09,1.78130000
1981-06-10,1.77420000
1981-06-11,1.78130000
1981-06-12,1.77240000
1981-06-15,1.75120000
1981-06-16,1.75120000
1981-06-17,1.75120000
1981-06-18,1.75990000
1981-06-19,1.75990000
1981-06-22,1.75110000
1981-06-23,1.75110000
1981-06-24,1.75110000
1981-06-25,1.75110000
1981-06-26,1.75110000
1981-06-29,1.75110000
1981-06-30,1.75110000
1981-07-01,1.75110000
1981-07-02,1.76160000
1981-07-03,1.76160000
1981-07-06,1.76160000
1981-07-07,1.76860000
1981-07-08,1.76860000
1981-07-09,1.76860000
1981-07-10,1.76860000
1981-07-13,1.75980000
1981-07-14,1.75100000
1981-07-15,1.75980000
1981-07-16,1.75100000
1981-07-17,1.75100000
1981-07-20,1.75970000
1981-07-21,1.76670000
1981-07-22,1.76670000
1981-07-23,1.76670000
1981-07-24,1.76670000
1981-07-27,1.76670000
1981-07-28,1.77550000
1981-07-29,1.77550000
1981-07-30,1.77550000
1981-07-31,1.78450000
1981-08-03,1.79340000
1981-08-04,1.81130000
1981-08-05,1.81130000
1981-08-06,1.80410000
1981-08-07,1.81490000
1981-08-10,1.83670000
1981-08-11,1.83670000
1981-08-12,1.80920000
1981-08-13,1.80920000
1981-08-14,1.82180000
1981-08-17,1.80000000
1981-08-18,1.80000000
1981-08-19,1.79100000
1981-08-20,1.79100000
1981-08-21,1.77300000
1981-08-24,1.78720000
1981-08-25,1.79970000
1981-08-26,1.78530000
1981-08-27,1.78530000
1981-08-28,1.77270000
1981-08-31,1.77270000
1981-09-01,1.78150000
1981-09-02,1.78150000
1981-09-03,1.76730000
1981-09-04,1.76730000
1981-09-08,1.76730000
1981-09-09,1.77960000
1981-09-10,1.76860000
1981-09-11,1.76890000
1981-09-14,1.75650000
1981-09-15,1.73190000
1981-09-16,1.73190000
1981-09-17,1.72330000
1981-09-18,1.72330000
1981-09-21,1.72330000
1981-09-22,1.71810000
1981-09-23,1.74040000
1981-09-24,1.74920000
1981-09-25,1.75790000
1981-09-28,1.76670000
1981-09-29,1.76140000
1981-09-30,1.77190000
1981-10-01,1.77190000
1981-10-02,1.77190000
1981-10-05,1.75250000
1981-10-06,1.75250000
1981-10-07,1.75070000
1981-10-08,1.73660000
1981-10-09,1.72970000
1981-10-13,1.72970000
1981-10-14,1.73830000
1981-10-15,1.73830000
1981-10-16,1.75060000
1981-10-19,1.75050000
1981-10-20,1.75050000
1981-10-21,1.75750000
1981-10-22,1.76800000
1981-10-23,1.76800000
1981-10-26,1.76800000
1981-10-27,1.78570000
1981-10-28,1.78570000
1981-10-29,1.78570000
1981-10-30,1.76780000
1981-11-02,1.75020000
1981-11-04,1.75020000
1981-11-05,1.75020000
1981-11-06,1.75020000
1981-11-09,1.74140000
1981-11-10,1.74140000
1981-11-12,1.74840000
1981-11-13,1.73430000
1981-11-16,1.73430000
1981-11-17,1.74300000
1981-11-18,1.74300000
1981-11-19,1.73260000
1981-11-20,1.74300000
1981-11-23,1.74300000
1981-11-24,1.74300000
1981-11-25,1.74300000
1981-11-27,1.72740000
1981-11-30,1.71710000
1981-12-01,1.71710000
1981-12-02,1.72400000
1981-12-03,1.72400000
1981-12-04,1.72400000
1981-12-07,1.72400000
1981-12-08,1.72400000
1981-12-09,1.73600000
1981-12-10,1.73600000
1981-12-11,1.73600000
1981-12-14,1.75170000
1981-12-15,1.75170000
1981-12-16,1.74290000
1981-12-17,1.74290000
1981-12-18,1.74290000
1981-12-21,1.75690000
1981-12-22,1.75690000
1981-12-23,1.74990000
1981-12-24,1.74990000
1981-12-28,1.74990000
1981-12-29,1.74990000
1981-12-30,1.74990000
1981-12-31,1.74990000
1982-01-04,1.74990000
1982-01-05,1.73930000
1982-01-06,1.74810000
1982-01-07,1.74810000
1982-01-08,1.74810000
1982-01-11,1.74810000
1982-01-12,1.76550000
1982-01-13,1.76550000
1982-01-14,1.76550000
1982-01-15,1.77610000
1982-01-18,1.78680000
1982-01-19,1.77960000
1982-01-20,1.77960000
1982-01-21,1.77960000
1982-01-22,1.77960000
1982-01-25,1.79040000
1982-01-26,1.79040000
1982-01-27,1.79040000
1982-01-28,1.79750000
1982-01-29,1.79750000
1982-02-01,1.78950000
1982-02-02,1.80830000
1982-02-03,1.81550000
1982-02-04,1.81550000
1982-02-05,1.81550000
1982-02-08,1.81550000
1982-02-09,1.82470000
1982-02-10,1.82470000
1982-02-11,1.82500000
1982-02-16,1.82470000
1982-02-17,1.82470000
1982-02-18,1.83380000
1982-02-19,1.82270000
1982-02-22,1.81360000
1982-02-23,1.81360000
1982-02-24,1.82820000
1982-02-25,1.82820000
1982-02-26,1.83550000
1982-03-01,1.84470000
1982-03-02,1.84470000
1982-03-03,1.83550000
1982-03-04,1.83350000
1982-03-05,1.82630000
1982-03-08,1.81710000
1982-03-09,1.81710000
1982-03-10,1.82990000
1982-03-11,1.82290000
1982-03-12,1.83350000
1982-03-15,1.83350000
1982-03-16,1.83350000
1982-03-17,1.84260000
1982-03-18,1.84260000
1982-03-19,1.84260000
1982-03-22,1.85180000
1982-03-23,1.86100000
1982-03-24,1.85170000
1982-03-25,1.85170000
1982-03-26,1.86280000
1982-03-29,1.86280000
1982-03-30,1.87220000
1982-03-31,1.87220000
1982-04-01,1.87220000
1982-04-02,1.85280000
1982-04-05,1.86280000
1982-04-06,1.86280000
1982-04-07,1.86280000
1982-04-08,1.86280000
1982-04-09,1.86280000
1982-04-12,1.86280000
1982-04-13,1.86280000
1982-04-14,1.86280000
1982-04-15,1.86280000
1982-04-16,1.87220000
1982-04-19,1.86280000
1982-04-20,1.86280000
1982-04-21,1.86280000
1982-04-22,1.85170000
1982-04-23,1.85170000
1982-04-26,1.84430000
1982-04-27,1.84430000
1982-04-28,1.83330000
1982-04-29,1.83330000
1982-04-30,1.83330000
1982-05-03,1.82220000
1982-05-04,1.82220000
1982-05-05,1.82220000
1982-05-06,1.81310000
1982-05-07,1.79860000
1982-05-10,1.79860000
1982-05-11,1.79860000
1982-05-12,1.79860000
1982-05-13,1.79860000
1982-05-14,1.81300000
1982-05-17,1.81300000
1982-05-18,1.81300000
1982-05-19,1.81300000
1982-05-20,1.81300000
1982-05-21,1.81300000
1982-05-24,1.81300000
1982-05-25,1.81300000
1982-05-26,1.81300000
1982-05-27,1.82390000
1982-05-28,1.83310000
1982-06-01,1.83310000
1982-06-02,1.85140000
1982-06-03,1.85140000
1982-06-04,1.85140000
1982-06-07,1.85140000
1982-06-08,1.86250000
1982-06-09,1.87560000
1982-06-10,1.87560000
1982-06-11,1.88680000
1982-06-14,1.87550000
1982-06-15,1.90740000
1982-06-16,1.90740000
1982-06-17,1.92260000
1982-06-18,1.93220000
1982-06-21,1.93220000
1982-06-22,1.94770000
1982-06-23,1.94770000
1982-06-24,1.93980000
1982-06-25,1.93980000
1982-06-28,1.95150000
1982-06-29,1.95150000
1982-06-30,1.93580000
1982-07-01,1.93580000
1982-07-02,1.93580000
1982-07-06,1.93580000
1982-07-07,1.95520000
1982-07-08,1.95520000
1982-07-09,1.95520000
1982-07-12,1.93950000
1982-07-13,1.93950000
1982-07-14,1.93950000
1982-07-15,1.93950000
1982-07-16,1.93950000
1982-07-19,1.92980000
1982-07-20,1.92980000
1982-07-21,1.92980000
1982-07-22,1.90860000
1982-07-23,1.90860000
1982-07-26,1.88570000
1982-07-27,1.90260000
1982-07-28,1.90260000
1982-07-29,1.93120000
1982-07-30,1.93120000
1982-08-02,1.93120000
1982-08-03,1.91960000
1982-08-04,1.92920000
1982-08-05,1.94460000
1982-08-06,1.95250000
1982-08-09,1.96610000
1982-08-10,1.96610000
1982-08-11,1.96610000
1982-08-12,1.96610000
1982-08-13,1.96610000
1982-08-16,1.96610000
1982-08-17,1.96610000
1982-08-18,1.96610000
1982-08-19,1.94840000
1982-08-20,1.93280000
1982-08-23,1.91930000
1982-08-24,1.91930000
1982-08-25,1.90780000
1982-08-26,1.91730000
1982-08-27,1.91730000
1982-08-30,1.93260000
1982-08-31,1.95010000
1982-09-01,1.95010000
1982-09-02,1.95010000
1982-09-03,1.93050000
1982-09-07,1.94400000
1982-09-08,1.94400000
1982-09-09,1.94400000
1982-09-10,1.94400000
1982-09-13,1.95770000
1982-09-14,1.95770000
1982-09-15,1.95770000
1982-09-16,1.95770000
1982-09-17,1.95770000
1982-09-20,1.95770000
1982-09-21,1.95770000
1982-09-22,1.94790000
1982-09-23,1.95770000
1982-09-24,1.96750000
1982-09-27,1.96750000
1982-09-28,1.98320000
1982-09-29,1.98320000
1982-09-30,1.97330000
1982-10-01,1.97330000
1982-10-04,1.97530000
1982-10-05,1.99310000
1982-10-06,1.99310000
1982-10-07,1.99310000
1982-10-08,1.96320000
1982-10-12,1.96120000
1982-10-13,1.96120000
1982-10-14,1.97290000
1982-10-15,1.98270000
1982-10-18,1.98270000
1982-10-19,1.99470000
1982-10-20,1.99470000
1982-10-21,2.00460000
1982-10-22,2.00460000
1982-10-25,2.00460000
1982-10-26,2.00460000
1982-10-27,2.00460000
1982-10-28,2.00460000
1982-10-29,2.00460000
1982-11-01,2.00460000
1982-11-03,2.00460000
1982-11-04,2.00460000
1982-11-05,2.00460000
1982-11-08,2.00460000
1982-11-09,2.00460000
1982-11-10,2.00460000
1982-11-12,2.00460000
1982-11-15,2.00460000
1982-11-16,2.00460000
1982-11-17,2.00460000
1982-11-18,2.00460000
1982-11-19,2.00460000
1982-11-22,1.99060000
1982-11-23,1.99060000
1982-11-24,1.99060000
1982-11-26,1.99060000
1982-11-29,1.99060000
1982-11-30,1.99060000
1982-12-01,1.96870000
1982-12-02,1.96870000
1982-12-03,1.95690000
1982-12-06,1.95690000
1982-12-07,1.94120000
1982-12-08,1.94120000
1982-12-09,1.94120000
1982-12-10,1.95100000
1982-12-13,1.95100000
1982-12-14,1.96460000
1982-12-15,1.95090000
1982-12-16,1.95090000
1982-12-17,1.93720000
1982-12-20,1.93720000
1982-12-21,1.93720000
1982-12-22,1.93720000
1982-12-23,1.93720000
1982-12-24,1.93720000
1982-12-27,1.93720000
1982-12-28,1.93720000
1982-12-29,1.92750000
1982-12-30,1.92750000
1982-12-31,1.92750000
1983-01-03,1.92750000
1983-01-04,1.91400000
1983-01-05,1.91400000
1983-01-06,1.90440000
1983-01-07,1.90440000
1983-01-10,1.90440000
1983-01-11,1.89490000
1983-01-12,1.90820000
1983-01-13,1.90820000
1983-01-14,1.90820000
1983-01-17,1.90820000
1983-01-18,1.90820000
1983-01-19,1.92340000
1983-01-20,1.93680000
1983-01-21,1.93680000
1983-01-24,1.95040000
1983-01-25,1.96210000
1983-01-26,1.94640000
1983-01-27,1.94640000
1983-01-28,1.94640000
1983-01-31,1.94640000
1983-02-01,1.96390000
1983-02-02,1.97170000
1983-02-03,1.97170000
1983-02-04,1.97960000
1983-02-07,1.97960000
1983-02-08,1.96580000
1983-02-09,1.96580000
1983-02-10,1.95600000
1983-02-11,1.95600000
1983-02-14,1.95600000
1983-02-15,1.95600000
1983-02-16,1.95600000
1983-02-17,1.95600000
1983-02-18,1.95600000
1983-02-22,1.95600000
1983-02-23,1.97350000
1983-02-24,1.97360000
1983-02-25,1.97360000
1983-02-28,1.97360000
1983-03-01,1.99140000
1983-03-02,1.99140000
1983-03-03,1.98140000
1983-03-04,1.98140000
1983-03-07,1.96760000
1983-03-08,1.96760000
1983-03-09,1.97740000
1983-03-10,1.97740000
1983-03-11,1.96750000
1983-03-14,1.98120000
1983-03-15,1.96740000
1983-03-16,1.96740000
1983-03-17,1.96740000
1983-03-18,1.97920000
1983-03-21,1.97920000
1983-03-22,1.98920000
1983-03-23,1.98920000
1983-03-24,1.99910000
1983-03-25,1.99910000
1983-03-28,1.99910000
1983-03-29,1.99910000
1983-03-30,1.99910000
1983-03-31,1.99910000
1983-04-01,1.99910000
1983-04-04,1.99910000
1983-04-05,1.99910000
1983-04-06,1.99910000
1983-04-07,1.99910000
1983-04-08,1.99700000
1983-04-11,1.99700000
1983-04-12,1.99700000
1983-04-13,1.99700000
1983-04-14,1.99700000
1983-04-15,1.99700000
1983-04-18,1.98900000
1983-04-19,1.99690000
1983-04-20,1.99090000
1983-04-21,1.99090000
1983-04-22,1.99090000
1983-04-25,1.98090000
1983-04-26,1.98090000
1983-04-27,1.99090000
1983-04-28,1.99090000
1983-04-29,1.99090000
1983-05-02,1.99090000
1983-05-03,1.99090000
1983-05-04,1.99090000
1983-05-05,1.98290000
1983-05-06,1.98290000
1983-05-09,1.98290000
1983-05-10,1.98290000
1983-05-11,1.97310000
1983-05-12,1.98290000
1983-05-13,1.98290000
1983-05-16,1.98290000
1983-05-17,1.99290000
1983-05-18,1.99290000
1983-05-19,1.99290000
1983-05-20,1.99290000
1983-05-23,1.99290000
1983-05-24,1.99290000
1983-05-25,1.99890000
1983-05-26,1.99890000
1983-05-27,1.99890000
1983-05-31,1.99890000
1983-06-01,1.99890000
1983-06-02,1.99890000
1983-06-03,1.99890000
1983-06-06,1.99890000
1983-06-07,1.99890000
1983-06-08,1.99890000
1983-06-09,1.99890000
1983-06-10,1.99890000
1983-06-13,1.99890000
1983-06-14,1.99890000
1983-06-15,1.99890000
1983-06-16,1.99890000
1983-06-17,1.99890000
1983-06-20,1.99890000
1983-06-21,1.99890000
1983-06-22,1.98690000
1983-06-23,1.98690000
1983-06-24,1.98690000
1983-06-27,1.97690000
1983-06-28,1.98880000
1983-06-29,1.98880000
1983-06-30,1.98880000
1983-07-01,1.98880000
1983-07-05,1.98880000
1983-07-06,1.99870000
1983-07-07,1.99870000
1983-07-08,1.99870000
1983-07-11,1.98870000
1983-07-12,1.99860000
1983-07-13,1.99860000
1983-07-14,1.99860000
1983-07-15,1.99860000
1983-07-18,1.99860000
1983-07-19,1.99860000
1983-07-20,1.99860000
1983-07-21,1.99860000
1983-07-22,1.99860000
1983-07-25,1.98860000
1983-07-26,1.99850000
1983-07-27,1.99850000
1983-07-28,1.99850000
1983-07-29,1.99850000
1983-08-01,1.99850000
1983-08-02,1.99850000
1983-08-03,1.99850000
1983-08-04,1.99850000
1983-08-05,1.99850000
1983-08-08,1.99850000
1983-08-09,1.99850000
1983-08-10,1.99850000
1983-08-11,1.99850000
1983-08-12,1.99850000
1983-08-15,1.99850000
1983-08-16,1.98050000
1983-08-17,1.98050000
1983-08-18,1.95090000
1983-08-19,1.96060000
1983-08-22,1.96060000
1983-08-23,1.96060000
1983-08-24,1.96060000
1983-08-25,1.96060000
1983-08-26,1.97040000
1983-08-29,1.99020000
1983-08-30,1.99020000
1983-08-31,1.99020000
1983-09-01,1.99020000
1983-09-02,1.99020000
1983-09-06,1.99020000
1983-09-07,1.99020000
1983-09-08,1.99020000
1983-09-09,1.99020000
1983-09-12,1.98020000
1983-09-13,1.98020000
1983-09-14,1.99020000
1983-09-15,1.99020000
1983-09-16,1.99020000
1983-09-19,1.99020000
1983-09-20,1.98020000
1983-09-21,1.99220000
1983-09-22,1.99220000
1983-09-23,1.99220000
1983-09-26,1.98020000
1983-09-27,1.98020000
1983-09-28,1.98020000
1983-09-29,1.98020000
1983-09-30,1.98020000
1983-10-03,1.97030000
1983-10-04,1.97030000
1983-10-05,1.97030000
1983-10-06,1.96050000
1983-10-07,1.96050000
1983-10-11,1.95270000
1983-10-12,1.95270000
1983-10-13,1.96240000
1983-10-14,1.96240000
1983-10-17,1.96240000
1983-10-18,1.96240000
1983-10-19,1.96240000
1983-10-20,1.96240000
1983-10-21,1.97220000
1983-10-24,1.97220000
1983-10-25,1.97220000
1983-10-26,1.97220000
1983-10-27,1.97220000
1983-10-28,1.97220000
1983-10-31,1.98400000
1983-11-01,1.99400000
1983-11-02,1.99400000
1983-11-03,1.99400000
1983-11-04,1.99400000
1983-11-07,1.99400000
1983-11-09,1.99400000
1983-11-10,1.99400000
1983-11-14,1.99400000
1983-11-15,1.99400000
1983-11-16,1.99400000
1983-11-17,1.99400000
1983-11-18,1.99400000
1983-11-21,1.99400000
1983-11-22,1.99400000
1983-11-23,1.99400000
1983-11-25,1.99400000
1983-11-28,1.99400000
1983-11-29,1.99400000
1983-11-30,1.99400000
1983-12-01,1.98600000
1983-12-02,1.98600000
1983-12-05,1.98600000
1983-12-06,1.99390000
1983-12-07,1.99390000
1983-12-08,1.99390000
1983-12-09,1.99390000
1983-12-12,1.99390000
1983-12-13,1.99390000
1983-12-14,1.99390000
1983-12-15,1.99390000
1983-12-16,1.99390000
1983-12-19,1.99390000
1983-12-20,1.99390000
1983-12-21,1.99390000
1983-12-22,1.99390000
1983-12-23,1.99390000
1983-12-27,1.99390000
1983-12-28,1.99390000
1983-12-29,1.98590000
1983-12-30,1.98590000
1984-01-03,1.98590000
1984-01-04,2.00570000
1984-01-05,2.01570000
1984-01-06,2.02590000
1984-01-09,2.02590000
1984-01-10,2.04610000
1984-01-11,2.04610000
1984-01-12,2.04610000
1984-01-13,2.04610000
1984-01-16,2.04610000
1984-01-17,2.04610000
1984-01-18,2.05630000
1984-01-19,2.05630000
1984-01-20,2.05630000
1984-01-23,2.06670000
1984-01-24,2.07700000
1984-01-25,2.07700000
1984-01-26,2.06660000
1984-01-27,2.07900000
1984-01-30,2.07900000
1984-01-31,2.07900000
1984-02-01,2.07900000
1984-02-02,2.07900000
1984-02-03,2.06230000
1984-02-06,2.06230000
1984-02-07,2.07680000
1984-02-08,2.07680000
1984-02-09,2.07680000
1984-02-10,2.07680000
1984-02-14,2.07680000
1984-02-15,2.06010000
1984-02-16,2.05190000
1984-02-17,2.05190000
1984-02-21,2.05190000
1984-02-22,2.05190000
1984-02-23,2.05190000
1984-02-24,2.05190000
1984-02-27,2.05190000
1984-02-28,2.05190000
1984-02-29,2.05190000
1984-03-01,2.05190000
1984-03-02,2.05190000
1984-03-05,2.05190000
1984-03-06,2.04170000
1984-03-07,2.04170000
1984-03-08,2.04980000
1984-03-09,2.04980000
1984-03-12,2.06830000
1984-03-13,2.06830000
1984-03-14,2.05790000
1984-03-15,2.05790000
1984-03-16,2.06620000
1984-03-19,2.07440000
1984-03-20,2.07440000
1984-03-21,2.08470000
1984-03-22,2.08470000
1984-03-23,2.08470000
1984-03-26,2.08470000
1984-03-27,2.07430000
1984-03-28,2.07430000
1984-03-29,2.06390000
1984-03-30,2.06390000
1984-04-02,2.06390000
1984-04-03,2.07430000
1984-04-04,2.07430000
1984-04-05,2.07430000
1984-04-06,2.08460000
1984-04-09,2.08460000
1984-04-10,2.08460000
1984-04-11,2.08460000
1984-04-12,2.08460000
1984-04-13,2.08460000
1984-04-16,2.08460000
1984-04-17,2.08460000
1984-04-18,2.08460000
1984-04-19,2.08460000
1984-04-20,2.10550000
1984-04-23,2.10550000
1984-04-24,2.10550000
1984-04-25,2.11810000
1984-04-26,2.11810000
1984-04-27,2.13290000
1984-04-30,2.13290000
1984-05-01,2.13290000
1984-05-02,2.14580000
1984-05-03,2.14580000
1984-05-04,2.14140000
1984-05-07,2.16290000
1984-05-08,2.18450000
1984-05-09,2.18450000
1984-05-10,2.18450000
1984-05-11,2.18450000
1984-05-14,2.18450000
1984-05-15,2.18450000
1984-05-16,2.18450000
1984-05-17,2.18450000
1984-05-18,2.20420000
1984-05-21,2.20420000
1984-05-22,2.20420000
1984-05-23,2.20420000
1984-05-24,2.22180000
1984-05-25,2.20630000
1984-05-29,2.22180000
1984-05-30,2.21730000
1984-05-31,2.21730000
1984-06-01,2.21730000
1984-06-04,2.19300000
1984-06-05,2.19300000
1984-06-06,2.19300000
1984-06-07,2.19300000
1984-06-08,2.19300000
1984-06-11,2.19300000
1984-06-12,2.20180000
1984-06-13,2.20180000
1984-06-14,2.20180000
1984-06-15,2.20850000
1984-06-18,2.21940000
1984-06-19,2.20840000
1984-06-20,2.23060000
1984-06-21,2.23060000
1984-06-22,2.24170000
1984-06-25,2.24170000
1984-06-26,2.25290000
1984-06-27,2.25290000
1984-06-28,2.25290000
1984-06-29,2.25290000
1984-07-02,2.25290000
1984-07-03,2.25290000
1984-07-05,2.27100000
1984-07-06,2.28690000
1984-07-09,2.28690000
1984-07-10,2.28690000
1984-07-11,2.28690000
1984-07-12,2.28690000
1984-07-13,2.29830000
1984-07-16,2.29830000
1984-07-17,2.29140000
1984-07-18,2.30280000
1984-07-19,2.30280000
1984-07-20,2.30280000
1984-07-23,2.31440000
1984-07-24,2.32590000
1984-07-25,2.32590000
1984-07-26,2.31660000
1984-07-27,2.32580000
1984-07-30,2.33740000
1984-07-31,2.33740000
1984-08-01,2.34440000
1984-08-02,2.33270000
1984-08-03,2.33270000
1984-08-06,2.32110000
1984-08-07,2.32110000
1984-08-08,2.35590000
1984-08-09,2.34410000
1984-08-10,2.33060000
1984-08-13,2.37670000
1984-08-14,2.36250000
1984-08-15,2.36250000
1984-08-16,2.36250000
1984-08-17,2.36250000
1984-08-20,2.36250000
1984-08-21,2.38370000
1984-08-22,2.40880000
1984-08-23,2.40280000
1984-08-24,2.40280000
1984-08-27,2.40280000
1984-08-28,2.41960000
1984-08-29,2.41960000
1984-08-30,2.41960000
1984-08-31,2.41960000
1984-09-04,2.44140000
1984-09-05,2.47320000
1984-09-06,2.48800000
1984-09-07,2.48800000
1984-09-10,2.52160000
1984-09-11,2.53420000
1984-09-12,2.51900000
1984-09-13,2.53410000
1984-09-14,2.54940000
1984-09-17,2.56210000
1984-09-18,2.60180000
1984-09-19,2.60180000
1984-09-20,2.61090000
1984-09-21,2.63310000
1984-09-24,2.56990000
1984-09-25,2.53900000
1984-09-26,2.57460000
1984-09-27,2.57460000
1984-09-28,2.57460000
1984-10-01,2.60550000
1984-10-02,2.60550000
1984-10-03,2.58200000
1984-10-04,2.60790000
1984-10-05,2.60790000
1984-10-09,2.61410000
1984-10-10,2.65070000
1984-10-11,2.65070000
1984-10-12,2.67200000
1984-10-15,2.67200000
1984-10-16,2.71470000
1984-10-17,2.71470000
1984-10-18,2.71470000
1984-10-19,2.69840000
1984-10-22,2.67420000
1984-10-23,2.67420000
1984-10-24,2.63140000
1984-10-25,2.61290000
1984-10-26,2.61290000
1984-10-29,2.63650000
1984-10-30,2.67340000
1984-10-31,2.64660000
1984-11-01,2.63340000
1984-11-02,2.59390000
1984-11-05,2.56530000
1984-11-07,2.58190000
1984-11-08,2.57420000
1984-11-09,2.60510000
1984-11-13,2.62330000
1984-11-14,2.64700000
1984-11-15,2.64700000
1984-11-16,2.66820000
1984-11-19,2.66820000
1984-11-20,2.70010000
1984-11-21,2.72170000
1984-11-23,2.72170000
1984-11-26,2.76250000
1984-11-27,2.79430000
1984-11-28,2.79430000
1984-11-29,2.79430000
1984-11-30,2.79530000
1984-12-03,2.79430000
1984-12-04,2.79430000
1984-12-05,2.78310000
1984-12-06,2.78310000
1984-12-07,2.78310000
1984-12-10,2.79710000
1984-12-11,2.79710000
1984-12-12,2.79710000
1984-12-13,2.79710000
1984-12-14,2.79710000
1984-12-17,2.79710000
1984-12-18,2.79710000
1984-12-19,2.79710000
1984-12-20,2.79710000
1984-12-21,2.79710000
1984-12-24,2.79710000
1984-12-26,2.79710000
1984-12-27,2.79710000
1984-12-28,2.80270000
1984-12-31,2.80270000
1985-01-02,2.80270000
1985-01-03,2.81670000
1985-01-04,2.81670000
1985-01-07,2.81670000
1985-01-08,2.81670000
1985-01-09,2.81670000
1985-01-10,2.81670000
1985-01-11,2.81670000
1985-01-14,2.81670000
1985-01-15,2.81670000
1985-01-16,2.81670000
1985-01-17,2.81670000
1985-01-18,2.81670000
1985-01-22,2.81670000
1985-01-23,2.81670000
1985-01-24,2.81670000
1985-01-25,2.81670000
1985-01-28,2.81670000
1985-01-29,2.81670000
1985-01-30,2.81670000
1985-01-31,2.81670000
1985-02-01,2.81670000
1985-02-04,2.81670000
1985-02-05,2.81670000
1985-02-06,2.81670000
1985-02-07,2.81670000
1985-02-08,2.81670000
1985-02-11,2.81670000
1985-02-13,2.85890000
1985-02-14,2.85890000
1985-02-15,2.84750000
1985-02-19,2.83050000
1985-02-20,2.83050000
1985-02-21,2.83050000
1985-02-22,2.84180000
1985-02-25,2.85030000
1985-02-26,2.85880000
1985-02-27,2.85880000
1985-02-28,2.84170000
1985-03-01,2.85590000
1985-03-04,2.85590000
1985-03-05,2.86440000
1985-03-06,2.88160000
1985-03-07,2.86710000
1985-03-08,2.87580000
1985-03-11,2.87580000
1985-03-12,2.85560000
1985-03-13,2.86410000
1985-03-14,2.86410000
1985-03-15,2.86410000
1985-03-18,2.86410000
1985-03-19,2.84700000
1985-03-20,2.83560000
1985-03-21,2.84690000
1985-03-22,2.83850000
1985-03-25,2.83840000
1985-03-26,2.83840000
1985-03-27,2.83270000
1985-03-28,2.82690000
1985-03-29,2.82690000
1985-04-01,2.82690000
1985-04-02,2.84390000
1985-04-03,2.84390000
1985-04-04,2.85520000
1985-04-05,2.85800000
1985-04-08,2.85800000
1985-04-09,2.85800000
1985-04-10,2.85230000
1985-04-11,2.85230000
1985-04-12,2.83810000
1985-04-15,2.83810000
1985-04-16,2.83390000
1985-04-17,2.83390000
1985-04-18,2.84520000
1985-04-19,2.83100000
1985-04-22,2.83100000
1985-04-23,2.84510000
1985-04-24,2.85650000
1985-04-25,2.85930000
1985-04-26,2.86800000
1985-04-29,2.86800000
1985-04-30,2.85930000
1985-05-01,2.85930000
1985-05-02,2.85930000
1985-05-03,2.85930000
1985-05-06,2.87370000
1985-05-07,2.87370000
1985-05-08,2.85930000
1985-05-09,2.85930000
1985-05-10,2.85930000
1985-05-13,2.85360000
1985-05-14,2.84510000
1985-05-15,2.84510000
1985-05-16,2.86800000
1985-05-17,2.84510000
1985-05-20,2.84510000
1985-05-21,2.84510000
1985-05-22,2.84510000
1985-05-23,2.86800000
1985-05-24,2.84510000
1985-05-28,2.85650000
1985-05-29,2.85650000
1985-05-30,2.85080000
1985-05-31,2.85080000
1985-06-03,2.85080000
1985-06-04,2.85080000
1985-06-05,2.86500000
1985-06-06,2.86500000
1985-06-07,2.86500000
1985-06-10,2.86500000
1985-06-11,2.86500000
1985-06-12,2.86500000
1985-06-13,2.86500000
1985-06-14,2.86500000
1985-06-17,2.86500000
1985-06-18,2.86500000
1985-06-19,2.85360000
1985-06-20,2.87080000
1985-06-21,2.88510000
1985-06-24,2.88510000
1985-06-25,2.88510000
1985-06-26,2.88510000
1985-06-27,2.88510000
1985-06-28,2.88510000
1985-07-01,2.88510000
1985-07-02,2.88510000
1985-07-03,2.88510000
1985-07-05,2.88510000
1985-07-08,2.87930000
1985-07-09,2.87930000
1985-07-10,2.87930000
1985-07-11,2.87930000
1985-07-12,2.87930000
1985-07-15,2.87360000
1985-07-16,2.87360000
1985-07-17,2.87360000
1985-07-18,2.86490000
1985-07-19,2.87640000
1985-07-22,2.88500000
1985-07-23,2.88500000
1985-07-24,2.88500000
1985-07-25,2.88500000
1985-07-26,2.88500000
1985-07-29,2.88500000
1985-07-30,2.88500000
1985-07-31,2.88500000
1985-08-01,2.88500000
1985-08-02,2.90510000
1985-08-05,2.89930000
1985-08-06,2.89930000
1985-08-07,2.90810000
1985-08-08,2.90810000
1985-08-09,2.90810000
1985-08-12,2.90810000
1985-08-13,2.90810000
1985-08-14,2.90810000
1985-08-15,2.90810000
1985-08-16,2.90810000
1985-08-19,2.90810000
1985-08-20,2.90810000
1985-08-21,2.91680000
1985-08-22,2.91680000
1985-08-23,2.91680000
1985-08-26,2.91680000
1985-08-27,2.91680000
1985-08-28,2.91680000
1985-08-29,2.91680000
1985-08-30,2.91680000
1985-09-03,2.93720000
1985-09-04,2.94900000
1985-09-05,2.94900000
1985-09-06,2.96080000
1985-09-09,2.96970000
1985-09-10,2.97860000
1985-09-11,2.97860000
1985-09-12,2.97860000
1985-09-13,2.97860000
1985-09-16,2.96970000
1985-09-17,2.96970000
1985-09-18,2.98150000
1985-09-19,2.99050000
1985-09-20,2.99050000
1985-09-23,2.98440000
1985-09-24,2.97550000
1985-09-25,2.97550000
1985-09-26,2.97550000
1985-09-27,2.97550000
1985-09-30,2.97550000
1985-10-01,2.98740000
1985-10-02,2.98740000
1985-10-03,3.00830000
1985-10-04,3.00230000
1985-10-07,3.00230000
1985-10-08,3.02940000
1985-10-09,3.04150000
1985-10-10,3.05360000
1985-10-11,3.05360000
1985-10-15,3.05360000
1985-10-16,3.06580000
1985-10-17,3.06580000
1985-10-18,3.06270000
1985-10-21,3.06270000
1985-10-22,3.08420000
1985-10-23,3.10570000
1985-10-24,3.12750000
1985-10-25,3.15880000
1985-10-28,3.15880000
1985-10-29,3.19040000
1985-10-30,3.20950000
1985-10-31,3.20950000
1985-11-01,3.20950000
1985-11-04,3.20950000
1985-11-05,3.20950000
1985-11-06,3.20950000
1985-11-07,3.20950000
1985-11-08,3.20950000
1985-11-12,3.20950000
1985-11-13,3.20950000
1985-11-14,3.20950000
1985-11-15,3.20950000
1985-11-18,3.19200000
1985-11-19,3.20950000
1985-11-20,3.20950000
1985-11-21,3.20950000
1985-11-22,3.20950000
1985-11-25,3.20950000
1985-11-26,3.20950000
1985-11-27,3.20950000
1985-11-29,3.20950000
1985-12-02,3.20950000
1985-12-03,3.20950000
1985-12-04,3.20950000
1985-12-05,3.20950000
1985-12-06,3.20950000
1985-12-09,3.20950000
1985-12-10,3.20950000
1985-12-11,3.20950000
1985-12-12,3.20950000
1985-12-13,3.20950000
1985-12-16,3.20950000
1985-12-17,3.20950000
1985-12-18,3.20950000
1985-12-19,3.20950000
1985-12-20,3.20950000
1985-12-23,3.20950000
1985-12-24,3.20950000
1985-12-26,3.20950000
1985-12-27,3.20950000
1985-12-30,3.20950000
1985-12-31,3.20950000
1986-01-02,3.20950000
1986-01-03,3.20950000
1986-01-06,3.20950000
1986-01-07,3.20950000
1986-01-08,3.20950000
1986-01-09,3.20950000
1986-01-10,3.20950000
1986-01-13,3.20950000
1986-01-14,3.20950000
1986-01-15,3.20950000
1986-01-16,3.20950000
1986-01-17,3.20950000
1986-01-21,3.20950000
1986-01-22,3.20950000
1986-01-23,3.20950000
1986-01-24,3.20950000
1986-01-27,3.20950000
1986-01-28,3.20950000
1986-01-29,3.20950000
1986-01-30,3.20950000
1986-01-31,3.20950000
1986-02-03,3.20950000
1986-02-04,3.20950000
1986-02-05,3.21590000
1986-02-06,3.21590000
1986-02-07,3.21590000
1986-02-10,3.21590000
1986-02-11,3.21590000
1986-02-12,3.21590000
1986-02-13,3.21590000
1986-02-14,3.21590000
1986-02-18,3.21590000
1986-02-19,3.21590000
1986-02-20,3.21590000
1986-02-21,3.21590000
1986-02-24,3.21590000
1986-02-25,3.21590000
1986-02-26,3.21590000
1986-02-27,3.21590000
1986-02-28,3.21590000
1986-03-03,3.21590000
1986-03-04,3.21590000
1986-03-05,3.21590000
1986-03-06,3.21590000
1986-03-07,3.21590000
1986-03-10,3.21590000
1986-03-11,3.21590000
1986-03-12,3.21590000
1986-03-13,3.21910000
1986-03-14,3.21910000
1986-03-17,3.21910000
1986-03-18,3.21910000
1986-03-19,3.21910000
1986-03-20,3.21910000
1986-03-21,3.21910000
1986-03-24,3.21910000
1986-03-25,3.22880000
1986-03-26,3.22880000
1986-03-27,3.22880000
1986-03-28,3.23000000
1986-03-31,3.22880000
1986-04-01,3.22880000
1986-04-02,3.22880000
1986-04-03,3.22880000
1986-04-04,3.22880000
1986-04-07,3.22880000
1986-04-08,3.22880000
1986-04-09,3.22230000
1986-04-10,3.22230000
1986-04-11,3.21590000
1986-04-14,3.21590000
1986-04-15,3.21590000
1986-04-16,3.21590000
1986-04-17,3.20950000
1986-04-18,3.20950000
1986-04-21,3.20950000
1986-04-22,3.20310000
1986-04-23,3.20310000
1986-04-24,3.19990000
1986-04-25,3.19990000
1986-04-28,3.19990000
1986-04-29,3.19990000
1986-04-30,3.19990000
1986-05-01,3.19990000
1986-05-02,3.20310000
1986-05-05,3.20310000
1986-05-06,3.19670000
1986-05-07,3.19670000
1986-05-08,3.19670000
1986-05-09,3.19670000
1986-05-12,3.19350000
1986-05-13,3.19350000
1986-05-14,3.19350000
1986-05-15,3.19350000
1986-05-16,3.19350000
1986-05-19,3.19990000
1986-05-20,3.19990000
1986-05-21,3.20630000
1986-05-22,3.20630000
1986-05-23,3.20950000
1986-05-27,3.20950000
1986-05-28,3.20950000
1986-05-29,3.20950000
1986-05-30,3.21910000
1986-06-02,3.22230000
1986-06-03,3.22330000
1986-06-04,3.21590000
1986-06-05,3.21590000
1986-06-06,3.20950000
1986-06-09,3.20950000
1986-06-10,3.20950000
1986-06-11,3.20950000
1986-06-12,3.20250000
1986-06-13,3.20950000
1986-06-16,3.20950000
1986-06-17,3.20950000
1986-06-18,3.21270000
1986-06-19,3.21270000
1986-06-20,3.21270000
1986-06-23,3.21270000
1986-06-24,3.20950000
1986-06-25,3.20950000
1986-06-26,3.20950000
1986-06-27,3.20950000
1986-06-30,3.20630000
1986-07-01,3.20310000
1986-07-02,3.20310000
1986-07-03,3.20630000
1986-07-07,3.71290000
1986-07-08,3.71290000
1986-07-09,3.71290000
1986-07-10,3.71290000
1986-07-11,3.71290000
1986-07-14,3.71290000
1986-07-15,3.71290000
1986-07-16,3.71290000
1986-07-17,3.71290000
1986-07-18,3.71290000
1986-07-21,3.71290000
1986-07-22,3.71290000
1986-07-23,3.71290000
1986-07-24,3.71290000
1986-07-25,3.71290000
1986-07-28,3.71290000
1986-07-29,3.71290000
1986-07-30,3.71290000
1986-07-31,3.71290000
1986-08-01,3.71290000
1986-08-04,3.71290000
1986-08-05,3.71290000
1986-08-06,3.71290000
1986-08-07,3.71290000
1986-08-08,3.71290000
1986-08-11,3.71290000
1986-08-12,3.71290000
1986-08-13,3.71290000
1986-08-14,3.71290000
1986-08-15,3.71290000
1986-08-18,3.71290000
1986-08-19,3.71290000
1986-08-20,3.71290000
1986-08-21,3.71290000
1986-08-22,3.71290000
1986-08-25,3.71290000
1986-08-26,3.71290000
1986-08-27,3.71290000
1986-08-28,3.71290000
1986-08-29,3.71290000
1986-09-02,3.71290000
1986-09-03,3.71290000
1986-09-04,3.71290000
1986-09-05,3.71290000
1986-09-08,3.71290000
1986-09-09,3.71290000
1986-09-10,3.71290000
1986-09-11,3.71290000
1986-09-12,3.71290000
1986-09-15,3.71290000
1986-09-16,3.71290000
1986-09-17,3.71290000
1986-09-18,3.71290000
1986-09-19,3.71290000
1986-09-22,3.71290000
1986-09-23,3.71290000
1986-09-24,3.71290000
1986-09-25,3.72400000
1986-09-26,3.72400000
1986-09-29,3.72400000
1986-09-30,3.72400000
1986-10-01,3.72400000
1986-10-02,3.72400000
1986-10-03,3.72400000
1986-10-06,3.72400000
1986-10-07,3.72400000
1986-10-08,3.72400000
1986-10-09,3.72400000
1986-10-10,3.72400000
1986-10-14,3.72400000
1986-10-15,3.72400000
1986-10-16,3.72400000
1986-10-17,3.72400000
1986-10-20,3.72400000
1986-10-21,3.72400000
1986-10-22,3.72400000
1986-10-23,3.72400000
1986-10-24,3.72400000
1986-10-27,3.73140000
1986-10-28,3.73140000
1986-10-29,3.73140000
1986-10-30,3.73140000
1986-10-31,3.73140000
1986-11-03,3.73140000
1986-11-04,3.73140000
1986-11-05,3.73140000
1986-11-06,3.73140000
1986-11-07,3.73140000
1986-11-10,3.73140000
1986-11-12,3.73140000
1986-11-13,3.73140000
1986-11-14,3.73140000
1986-11-17,3.73140000
1986-11-18,3.73140000
1986-11-19,3.73140000
1986-11-20,3.73140000
1986-11-21,3.73140000
1986-11-24,3.73140000
1986-11-25,3.73140000
1986-11-26,3.73140000
1986-11-28,3.73140000
1986-12-01,3.73140000
1986-12-02,3.73140000
1986-12-03,3.73140000
1986-12-04,3.73140000
1986-12-05,3.73140000
1986-12-08,3.73140000
1986-12-09,3.73140000
1986-12-10,3.73140000
1986-12-11,3.73140000
1986-12-12,3.73140000
1986-12-15,3.73140000
1986-12-16,3.73140000
1986-12-17,3.73140000
1986-12-18,3.73140000
1986-12-19,3.73140000
1986-12-22,3.73140000
1986-12-23,3.73140000
1986-12-24,3.73140000
1986-12-26,3.73140000
1986-12-29,3.73140000
1986-12-30,3.73140000
1986-12-31,3.73140000
1987-01-02,3.73140000
1987-01-05,3.73140000
1987-01-06,3.73140000
1987-01-07,3.73140000
1987-01-08,3.73140000
1987-01-09,3.73140000
1987-01-12,3.73140000
1987-01-13,3.73140000
1987-01-14,3.73140000
1987-01-15,3.73140000
1987-01-16,3.73140000
1987-01-20,3.73140000
1987-01-21,3.73140000
1987-01-22,3.73140000
1987-01-23,3.73140000
1987-01-26,3.73140000
1987-01-27,3.73140000
1987-01-28,3.73140000
1987-01-29,3.73140000
1987-01-30,3.73140000
1987-02-02,3.73140000
1987-02-03,3.73140000
1987-02-04,3.73140000
1987-02-05,3.73140000
1987-02-06,3.73140000
1987-02-09,3.73140000
1987-02-10,3.73140000
1987-02-11,3.73140000
1987-02-12,3.73140000
1987-02-13,3.73140000
1987-02-17,3.73140000
1987-02-18,3.73140000
1987-02-19,3.73140000
1987-02-20,3.73140000
1987-02-23,3.73140000
1987-02-24,3.73140000
1987-02-25,3.73140000
1987-02-26,3.73140000
1987-02-27,3.73140000
1987-03-02,3.73140000
1987-03-03,3.73140000
1987-03-04,3.73140000
1987-03-05,3.73140000
1987-03-06,3.73140000
1987-03-09,3.73140000
1987-03-10,3.73140000
1987-03-11,3.73140000
1987-03-12,3.73140000
1987-03-13,3.73140000
1987-03-16,3.73140000
1987-03-17,3.73140000
1987-03-18,3.73140000
1987-03-19,3.73140000
1987-03-20,3.73140000
1987-03-23,3.73140000
1987-03-24,3.73140000
1987-03-25,3.73140000
1987-03-26,3.73140000
1987-03-27,3.73140000
1987-03-30,3.73140000
1987-03-31,3.73140000
1987-04-01,3.73140000
1987-04-02,3.73140000
1987-04-03,3.73140000
1987-04-06,3.73140000
1987-04-07,3.73140000
1987-04-08,3.73140000
1987-04-09,3.73140000
1987-04-10,3.73140000
1987-04-13,3.73140000
1987-04-14,3.73140000
1987-04-15,3.73140000
1987-04-16,3.73140000
1987-04-17,3.73140000
1987-04-20,3.73140000
1987-04-21,3.73140000
1987-04-22,3.73140000
1987-04-23,3.73140000
1987-04-24,3.73140000
1987-04-27,3.73140000
1987-04-28,3.73140000
1987-04-29,3.73140000
1987-04-30,3.73140000
1987-05-01,3.73140000
1987-05-04,3.73140000
1987-05-05,3.73140000
1987-05-06,3.73140000
1987-05-07,3.73140000
1987-05-08,3.73140000
1987-05-11,3.73140000
1987-05-12,3.73140000
1987-05-13,3.73140000
1987-05-14,3.73140000
1987-05-15,3.73140000
1987-05-18,3.73140000
1987-05-19,3.73140000
1987-05-20,3.73140000
1987-05-21,3.73140000
1987-05-22,3.73140000
1987-05-26,3.73140000
1987-05-27,3.73140000
1987-05-28,3.73140000
1987-05-29,3.73140000
1987-06-01,3.73140000
1987-06-02,3.73140000
1987-06-03,3.73140000
1987-06-04,3.73140000
1987-06-05,3.73140000
1987-06-08,3.73140000
1987-06-09,3.73140000
1987-06-10,3.73140000
1987-06-11,3.73140000
1987-06-12,3.73140000
1987-06-15,3.73140000
1987-06-16,3.73140000
1987-06-17,3.73140000
1987-06-18,3.73140000
1987-06-19,3.73140000
1987-06-22,3.73140000
1987-06-23,3.73140000
1987-06-24,3.73140000
1987-06-25,3.73140000
1987-06-26,3.73140000
1987-06-29,3.73140000
1987-06-30,3.73140000
1987-07-01,3.73140000
1987-07-02,3.73140000
1987-07-03,3.73140000
1987-07-06,3.73140000
1987-07-07,3.73140000
1987-07-08,3.73140000
1987-07-09,3.73140000
1987-07-10,3.73140000
1987-07-13,3.73140000
1987-07-14,3.73140000
1987-07-15,3.73140000
1987-07-16,3.73140000
1987-07-17,3.73140000
1987-07-20,3.73140000
1987-07-21,3.73140000
1987-07-22,3.73140000
1987-07-23,3.73140000
1987-07-24,3.73140000
1987-07-27,3.73140000
1987-07-28,3.73140000
1987-07-29,3.73140000
1987-07-30,3.73140000
1987-07-31,3.73140000
1987-08-03,3.73140000
1987-08-04,3.73140000
1987-08-05,3.73140000
1987-08-06,3.73140000
1987-08-07,3.73140000
1987-08-10,3.73140000
1987-08-11,3.73140000
1987-08-12,3.73140000
1987-08-13,3.73140000
1987-08-14,3.73140000
1987-08-17,3.73140000
1987-08-18,3.73140000
1987-08-19,3.73140000
1987-08-20,3.73140000
1987-08-21,3.73140000
1987-08-24,3.73140000
1987-08-25,3.73140000
1987-08-26,3.73140000
1987-08-27,3.73140000
1987-08-28,3.73140000
1987-08-31,3.73140000
1987-09-01,3.73140000
1987-09-02,3.73140000
1987-09-03,3.73140000
1987-09-04,3.73140000
1987-09-08,3.73140000
1987-09-09,3.73140000
1987-09-10,3.73140000
1987-09-11,3.73140000
1987-09-14,3.73140000
1987-09-15,3.73140000
1987-09-16,3.73140000
1987-09-17,3.73140000
1987-09-18,3.73140000
1987-09-21,3.73140000
1987-09-22,3.73140000
1987-09-23,3.73140000
1987-09-24,3.73140000
1987-09-25,3.73140000
1987-09-28,3.73140000
1987-09-29,3.73140000
1987-09-30,3.73140000
1987-10-01,3.73140000
1987-10-02,3.73140000
1987-10-05,3.73140000
1987-10-06,3.73140000
1987-10-07,3.73140000
1987-10-08,3.73140000
1987-10-09,3.73140000
1987-10-13,3.73140000
1987-10-14,3.73140000
1987-10-15,3.73140000
1987-10-16,3.73140000
1987-10-19,3.73140000
1987-10-20,3.73140000
1987-10-21,3.73140000
1987-10-22,3.73140000
1987-10-23,3.73140000
1987-10-26,3.73140000
1987-10-27,3.73140000
1987-10-28,3.73140000
1987-10-29,3.73140000
1987-10-30,3.73140000
1987-11-02,3.73140000
1987-11-03,3.73140000
1987-11-04,3.73140000
1987-11-05,3.73140000
1987-11-06,3.73140000
1987-11-09,3.73140000
1987-11-10,3.73140000
1987-11-12,3.73140000
1987-11-13,3.73140000
1987-11-16,3.73140000
1987-11-17,3.73140000
1987-11-18,3.73140000
1987-11-19,3.73140000
1987-11-20,3.73140000
1987-11-23,3.73140000
1987-11-24,3.73140000
1987-11-25,3.73140000
1987-11-27,3.73140000
1987-11-30,3.73140000
1987-12-01,3.73140000
1987-12-02,3.73140000
1987-12-03,3.73140000
1987-12-04,3.73140000
1987-12-07,3.73140000
1987-12-08,3.73140000
1987-12-09,3.73140000
1987-12-10,3.73140000
1987-12-11,3.73140000
1987-12-14,3.73140000
1987-12-15,3.73140000
1987-12-16,3.73140000
1987-12-17,3.73140000
1987-12-18,3.73140000
1987-12-21,3.73140000
1987-12-22,3.73140000
1987-12-23,3.73140000
1987-12-24,3.73140000
1987-12-28,3.73140000
1987-12-29,3.73140000
1987-12-30,3.73140000
1987-12-31,3.73140000
1988-01-04,3.73140000
1988-01-05,3.73140000
1988-01-06,3.73140000
1988-01-07,3.73140000
1988-01-08,3.73140000
1988-01-11,3.73140000
1988-01-12,3.73140000
1988-01-13,3.73140000
1988-01-14,3.73140000
1988-01-15,3.73140000
1988-01-19,3.73140000
1988-01-20,3.73140000
1988-01-21,3.73140000
1988-01-22,3.73140000
1988-01-25,3.73140000
1988-01-26,3.73140000
1988-01-27,3.73140000
1988-01-28,3.73140000
1988-01-29,3.73140000
1988-02-01,3.73140000
1988-02-02,3.73140000
1988-02-03,3.73140000
1988-02-04,3.73140000
1988-02-05,3.73140000
1988-02-08,3.73140000
1988-02-09,3.73140000
1988-02-10,3.73140000
1988-02-11,3.73140000
1988-02-12,3.73140000
1988-02-16,3.73140000
1988-02-17,3.73140000
1988-02-18,3.73140000
1988-02-19,3.73140000
1988-02-22,3.73140000
1988-02-23,3.73140000
1988-02-24,3.73140000
1988-02-25,3.73140000
1988-02-26,3.73140000
1988-02-29,3.73140000
1988-03-01,3.73140000
1988-03-02,3.73140000
1988-03-03,3.73140000
1988-03-04,3.73140000
1988-03-07,3.73140000
1988-03-08,3.73140000
1988-03-09,3.73140000
1988-03-10,3.73140000
1988-03-11,3.73140000
1988-03-14,3.73140000
1988-03-15,3.73140000
1988-03-16,3.73140000
1988-03-17,3.73140000
1988-03-18,3.73140000
1988-03-21,3.73140000
1988-03-22,3.73140000
1988-03-23,3.73140000
1988-03-24,3.73140000
1988-03-25,3.73140000
1988-03-28,3.73140000
1988-03-29,3.73140000
1988-03-30,3.73140000
1988-03-31,3.73140000
1988-04-01,3.73140000
1988-04-04,3.73140000
1988-04-05,3.73140000
1988-04-06,3.73140000
1988-04-07,3.73140000
1988-04-08,3.73140000
1988-04-11,3.73140000
1988-04-12,3.73140000
1988-04-13,3.73140000
1988-04-14,3.73140000
1988-04-15,3.73140000
1988-04-18,3.73140000
1988-04-19,3.73140000
1988-04-20,3.73140000
1988-04-21,3.73140000
1988-04-22,3.73140000
1988-04-25,3.73140000
1988-04-26,3.73140000
1988-04-27,3.73140000
1988-04-28,3.73140000
1988-04-29,3.73140000
1988-05-02,3.73140000
1988-05-03,3.73140000
1988-05-04,3.73140000
1988-05-05,3.73140000
1988-05-06,3.73140000
1988-05-09,3.73140000
1988-05-10,3.73140000
1988-05-11,3.73140000
1988-05-12,3.73140000
1988-05-13,3.73140000
1988-05-16,3.73140000
1988-05-17,3.73140000
1988-05-18,3.73140000
1988-05-19,3.73140000
1988-05-20,3.73140000
1988-05-23,3.73140000
1988-05-24,3.73140000
1988-05-25,3.73140000
1988-05-26,3.73140000
1988-05-27,3.73140000
1988-05-31,3.73140000
1988-06-01,3.73140000
1988-06-02,3.73140000
1988-06-03,3.73140000
1988-06-06,3.73140000
1988-06-07,3.73140000
1988-06-08,3.73140000
1988-06-09,3.73140000
1988-06-10,3.73140000
1988-06-13,3.73140000
1988-06-14,3.73140000
1988-06-15,3.73140000
1988-06-16,3.73140000
1988-06-17,3.73140000
1988-06-20,3.73140000
1988-06-21,3.73140000
1988-06-22,3.73140000
1988-06-23,3.73140000
1988-06-24,3.73140000
1988-06-27,3.73140000
1988-06-28,3.73140000
1988-06-29,3.73140000
1988-06-30,3.73140000
1988-07-01,3.73140000
1988-07-05,3.73140000
1988-07-06,3.73140000
1988-07-07,3.73140000
1988-07-08,3.73140000
1988-07-11,3.73140000
1988-07-12,3.73140000
1988-07-13,3.73140000
1988-07-14,3.73140000
1988-07-15,3.73140000
1988-07-18,3.73140000
1988-07-19,3.73140000
1988-07-20,3.73140000
1988-07-21,3.73140000
1988-07-22,3.73140000
1988-07-25,3.73140000
1988-07-26,3.73140000
1988-07-27,3.73140000
1988-07-28,3.73140000
1988-07-29,3.73140000
1988-08-01,3.73140000
1988-08-02,3.73140000
1988-08-03,3.73140000
1988-08-04,3.73140000
1988-08-05,3.73140000
1988-08-08,3.73140000
1988-08-09,3.73140000
1988-08-10,3.73140000
1988-08-11,3.73140000
1988-08-12,3.73140000
1988-08-15,3.73140000
1988-08-16,3.73140000
1988-08-17,3.73140000
1988-08-18,3.73140000
1988-08-19,3.73140000
1988-08-22,3.73140000
1988-08-23,3.73140000
1988-08-24,3.73140000
1988-08-25,3.73140000
1988-08-26,3.73140000
1988-08-29,3.73140000
1988-08-30,3.73140000
1988-08-31,3.73140000
1988-09-01,3.73140000
1988-09-02,3.73140000
1988-09-06,3.73140000
1988-09-07,3.73140000
1988-09-08,3.73140000
1988-09-09,3.73140000
1988-09-12,3.73140000
1988-09-13,3.73140000
1988-09-14,3.73140000
1988-09-15,3.73140000
1988-09-16,3.73140000
1988-09-19,3.73140000
1988-09-20,3.73140000
1988-09-21,3.73140000
1988-09-22,3.73140000
1988-09-23,3.73140000
1988-09-26,3.73140000
1988-09-27,3.73140000
1988-09-28,3.73140000
1988-09-29,3.73140000
1988-09-30,3.73140000
1988-10-03,3.73140000
1988-10-04,3.73140000
1988-10-05,3.73140000
1988-10-06,3.73140000
1988-10-07,3.73140000
1988-10-11,3.73140000
1988-10-12,3.73140000
1988-10-13,3.73140000
1988-10-14,3.73140000
1988-10-17,3.73140000
1988-10-18,3.73140000
1988-10-19,3.73140000
1988-10-20,3.73140000
1988-10-21,3.73140000
1988-10-24,3.73140000
1988-10-25,3.73140000
1988-10-26,3.73140000
1988-10-27,3.73140000
1988-10-28,3.73140000
1988-10-31,3.73140000
1988-11-01,3.73140000
1988-11-02,3.73140000
1988-11-03,3.73140000
1988-11-04,3.73140000
1988-11-07,3.73140000
1988-11-08,3.73140000
1988-11-09,3.73140000
1988-11-10,3.73140000
1988-11-14,3.73140000
1988-11-15,3.73140000
1988-11-16,3.73140000
1988-11-17,3.73140000
1988-11-18,3.73140000
1988-11-21,3.73140000
1988-11-22,3.73140000
1988-11-23,3.73140000
1988-11-25,3.73140000
1988-11-28,3.73140000
1988-11-29,3.73140000
1988-11-30,3.73140000
1988-12-01,3.73140000
1988-12-02,3.73140000
1988-12-05,3.73140000
1988-12-06,3.73140000
1988-12-07,3.73140000
1988-12-08,3.73140000
1988-12-09,3.73140000
1988-12-12,3.73140000
1988-12-13,3.73140000
1988-12-14,3.73140000
1988-12-15,3.73140000
1988-12-16,3.73140000
1988-12-19,3.73140000
1988-12-20,3.73140000
1988-12-21,3.73140000
1988-12-22,3.73140000
1988-12-23,3.73140000
1988-12-27,3.73140000
1988-12-28,3.73140000
1988-12-29,3.73140000
1988-12-30,3.73140000
1989-01-03,3.73140000
1989-01-04,3.73140000
1989-01-05,3.73140000
1989-01-06,3.73140000
1989-01-09,3.73140000
1989-01-10,3.73140000
1989-01-11,3.73140000
1989-01-12,3.73140000
1989-01-13,3.73140000
1989-01-17,3.73140000
1989-01-18,3.73140000
1989-01-19,3.73140000
1989-01-20,3.73140000
1989-01-23,3.73140000
1989-01-24,3.73140000
1989-01-25,3.73140000
1989-01-26,3.73140000
1989-01-27,3.73140000
1989-01-30,3.73140000
1989-01-31,3.73140000
1989-02-01,3.73140000
1989-02-02,3.73140000
1989-02-03,3.73140000
1989-02-06,3.73140000
1989-02-07,3.73140000
1989-02-08,3.73140000
1989-02-09,3.73140000
1989-02-10,3.73140000
1989-02-13,3.73140000
1989-02-14,3.73140000
1989-02-15,3.73140000
1989-02-16,3.73140000
1989-02-17,3.73140000
1989-02-21,3.73140000
1989-02-22,3.73140000
1989-02-23,3.73140000
1989-02-24,3.73140000
1989-02-27,3.73140000
1989-02-28,3.73140000
1989-03-01,3.73140000
1989-03-02,3.73140000
1989-03-03,3.73140000
1989-03-06,3.73140000
1989-03-07,3.73140000
1989-03-08,3.73140000
1989-03-09,3.73140000
1989-03-10,3.73140000
1989-03-13,3.73140000
1989-03-14,3.73140000
1989-03-15,3.73140000
1989-03-16,3.73140000
1989-03-17,3.73140000
1989-03-20,3.73140000
1989-03-21,3.73140000
1989-03-22,3.73140000
1989-03-23,3.73140000
1989-03-24,3.73140000
1989-03-27,3.73140000
1989-03-28,3.73140000
1989-03-29,3.73140000
1989-03-30,3.73140000
1989-03-31,3.73140000
1989-04-03,3.73140000
1989-04-04,3.73140000
1989-04-05,3.73140000
1989-04-06,3.73140000
1989-04-07,3.73140000
1989-04-10,3.73140000
1989-04-11,3.73140000
1989-04-12,3.73140000
1989-04-13,3.73140000
1989-04-14,3.73140000
1989-04-17,3.73140000
1989-04-18,3.73140000
1989-04-19,3.73140000
1989-04-20,3.73140000
1989-04-21,3.73140000
1989-04-24,3.73140000
1989-04-25,3.73140000
1989-04-26,3.73140000
1989-04-27,3.73140000
1989-04-28,3.73140000
1989-05-01,3.73140000
1989-05-02,3.73140000
1989-05-03,3.73140000
1989-05-04,3.73140000
1989-05-05,3.73140000
1989-05-08,3.73140000
1989-05-09,3.73140000
1989-05-10,3.73140000
1989-05-11,3.73140000
1989-05-12,3.73140000
1989-05-15,3.73140000
1989-05-16,3.73140000
1989-05-17,3.73140000
1989-05-18,3.73140000
1989-05-19,3.73140000
1989-05-22,3.73140000
1989-05-23,3.73140000
1989-05-24,3.73140000
1989-05-25,3.73140000
1989-05-26,3.73140000
1989-05-30,3.73140000
1989-05-31,3.73140000
1989-06-01,3.73140000
1989-06-02,3.73140000
1989-06-05,3.73140000
1989-06-06,3.73140000
1989-06-07,3.73140000
1989-06-08,3.73140000
1989-06-09,3.73140000
1989-06-12,3.73140000
1989-06-13,3.73140000
1989-06-14,3.73140000
1989-06-15,3.73140000
1989-06-16,3.73140000
1989-06-19,3.73140000
1989-06-20,3.73140000
1989-06-21,3.73140000
1989-06-22,3.73140000
1989-06-23,3.73180000
1989-06-26,3.73140000
1989-06-27,3.73140000
1989-06-28,3.73140000
1989-06-29,3.73140000
1989-06-30,3.73140000
1989-07-03,3.73140000
1989-07-05,3.73140000
1989-07-06,3.73140000
1989-07-07,3.73140000
1989-07-10,3.73140000
1989-07-11,3.73140000
1989-07-12,3.73140000
1989-07-13,3.73140000
1989-07-14,3.73140000
1989-07-17,3.73140000
1989-07-18,3.73140000
1989-07-19,3.73140000
1989-07-20,3.73140000
1989-07-21,3.73140000
1989-07-24,3.73140000
1989-07-25,3.73140000
1989-07-26,3.73140000
1989-07-27,3.73140000
1989-07-28,3.73140000
1989-07-31,3.73140000
1989-08-01,3.73140000
1989-08-02,3.73140000
1989-08-03,3.73140000
1989-08-04,3.73140000
1989-08-07,3.73140000
1989-08-08,3.73140000
1989-08-09,3.73140000
1989-08-10,3.73140000
1989-08-11,3.73140000
1989-08-14,3.73140000
1989-08-15,3.73140000
1989-08-16,3.73140000
1989-08-17,3.73140000
1989-08-18,3.73140000
1989-08-21,3.73140000
1989-08-22,3.73140000
1989-08-23,3.73140000
1989-08-24,3.73140000
1989-08-25,3.73140000
1989-08-28,3.73140000
1989-08-29,3.73140000
1989-08-30,3.73140000
1989-08-31,3.73140000
1989-09-01,3.73140000
1989-09-05,3.73140000
1989-09-06,3.73140000
1989-09-07,3.73140000
1989-09-08,3.73140000
1989-09-11,3.73140000
1989-09-12,3.73140000
1989-09-13,3.73140000
1989-09-14,3.73140000
1989-09-15,3.73140000
1989-09-18,3.73140000
1989-09-19,3.73140000
1989-09-20,3.73140000
1989-09-21,3.73140000
1989-09-22,3.73140000
1989-09-25,3.73140000
1989-09-26,3.73140000
1989-09-27,3.73140000
1989-09-28,3.73140000
1989-09-29,3.73140000
1989-10-02,3.73140000
1989-10-03,3.73140000
1989-10-04,3.73140000
1989-10-05,3.73140000
1989-10-06,3.73140000
1989-10-10,3.73140000
1989-10-11,3.73140000
1989-10-12,3.73140000
1989-10-13,3.73140000
1989-10-16,3.73140000
1989-10-17,3.73140000
1989-10-18,3.73140000
1989-10-19,3.73140000
1989-10-20,3.73140000
1989-10-23,3.73140000
1989-10-24,3.73140000
1989-10-25,3.73140000
1989-10-26,3.73140000
1989-10-27,3.73140000
1989-10-30,3.73140000
1989-10-31,3.73140000
1989-11-01,3.73140000
1989-11-02,3.73140000
1989-11-03,3.73140000
1989-11-06,3.73140000
1989-11-07,3.73140000
1989-11-08,3.73140000
1989-11-09,3.73140000
1989-11-10,3.73140000
1989-11-13,3.73140000
1989-11-14,3.73140000
1989-11-15,3.73140000
1989-11-16,3.73140000
1989-11-17,3.73140000
1989-11-20,3.73140000
1989-11-21,3.73140000
1989-11-22,3.73140000
1989-11-24,3.73140000
1989-11-27,3.73140000
1989-11-28,3.73140000
1989-11-29,3.73140000
1989-11-30,3.73140000
1989-12-01,3.73140000
1989-12-04,3.73140000
1989-12-05,3.73140000
1989-12-06,3.73140000
1989-12-07,3.73140000
1989-12-08,3.73140000
1989-12-11,3.73140000
1989-12-12,3.73140000
1989-12-13,3.73140000
1989-12-14,3.73140000
1989-12-15,3.73140000
1989-12-18,4.73390000
1989-12-19,4.73390000
1989-12-20,4.73390000
1989-12-21,4.73390000
1989-12-22,4.73390000
1989-12-26,4.73390000
1989-12-27,4.73390000
1989-12-28,4.73390000
1989-12-29,4.73390000
1990-01-02,4.73390000
1990-01-03,4.73390000
1990-01-04,4.73390000
1990-01-05,4.73390000
1990-01-08,4.73390000
1990-01-09,4.73390000
1990-01-10,4.73390000
1990-01-11,4.73390000
1990-01-12,4.73390000
1990-01-16,4.73390000
1990-01-17,4.73390000
1990-01-18,4.73390000
1990-01-19,4.73390000
1990-01-22,4.73390000
1990-01-23,4.73390000
1990-01-24,4.73390000
1990-01-25,4.73390000
1990-01-26,4.73390000
1990-01-29,4.73390000
1990-01-30,4.73390000
1990-01-31,4.73390000
1990-02-01,4.73390000
1990-02-02,4.73390000
1990-02-05,4.73390000
1990-02-06,4.73390000
1990-02-07,4.73390000
1990-02-08,4.73390000
1990-02-09,4.73390000
1990-02-12,4.73390000
1990-02-13,4.73390000
1990-02-14,4.73390000
1990-02-15,4.73390000
1990-02-16,4.73390000
1990-02-20,4.73390000
1990-02-21,4.73390000
1990-02-22,4.73390000
1990-02-23,4.73390000
1990-02-26,4.73390000
1990-02-27,4.73390000
1990-02-28,4.73390000
1990-03-01,4.73390000
1990-03-02,4.73390000
1990-03-05,4.73390000
1990-03-06,4.73390000
1990-03-07,4.73390000
1990-03-08,4.73390000
1990-03-09,4.73390000
1990-03-12,4.73390000
1990-03-13,4.73390000
1990-03-14,4.73390000
1990-03-15,4.73390000
1990-03-16,4.73390000
1990-03-19,4.73390000
1990-03-20,4.73390000
1990-03-21,4.73390000
1990-03-22,4.73390000
1990-03-23,4.73390000
1990-03-26,4.73390000
1990-03-27,4.73390000
1990-03-28,4.73390000
1990-03-29,4.73390000
1990-03-30,4.73390000
1990-04-02,4.73340000
1990-04-03,4.73340000
1990-04-04,4.73390000
1990-04-05,4.73390000
1990-04-06,4.73390000
1990-04-09,4.73390000
1990-04-10,4.73390000
1990-04-11,4.73390000
1990-04-12,4.73390000
1990-04-13,4.73390000
1990-04-16,4.73390000
1990-04-17,4.73390000
1990-04-18,4.73390000
1990-04-19,4.73390000
1990-04-20,4.73390000
1990-04-23,4.73390000
1990-04-24,4.73390000
1990-04-25,4.73390000
1990-04-26,4.73390000
1990-04-27,4.73390000
1990-04-30,4.73390000
1990-05-01,4.73390000
1990-05-02,4.73390000
1990-05-03,4.73390000
1990-05-04,4.73390000
1990-05-07,4.73390000
1990-05-08,4.73390000
1990-05-09,4.73390000
1990-05-10,4.73390000
1990-05-11,4.73390000
1990-05-14,4.73390000
1990-05-15,4.73390000
1990-05-16,4.73390000
1990-05-17,4.73390000
1990-05-18,4.73390000
1990-05-21,4.73390000
1990-05-22,4.73390000
1990-05-23,4.73390000
1990-05-24,4.73390000
1990-05-25,4.73390000
1990-05-29,4.73390000
1990-05-30,4.73390000
1990-05-31,4.73390000
1990-06-01,4.73390000
1990-06-04,4.73390000
1990-06-05,4.73390000
1990-06-06,4.73390000
1990-06-07,4.73390000
1990-06-08,4.73390000
1990-06-11,4.73390000
1990-06-12,4.73390000
1990-06-13,4.73390000
1990-06-14,4.73390000
1990-06-15,4.73390000
1990-06-18,4.73390000
1990-06-19,4.73340000
1990-06-20,4.73390000
1990-06-21,4.73390000
1990-06-22,4.73390000
1990-06-25,4.73390000
1990-06-26,4.73390000
1990-06-27,4.73390000
1990-06-28,4.73390000
1990-06-29,4.73390000
1990-07-02,4.73390000
1990-07-03,4.73390000
1990-07-05,4.73390000
1990-07-06,4.73390000
1990-07-09,4.73390000
1990-07-10,4.73390000
1990-07-11,4.73390000
1990-07-12,4.73390000
1990-07-13,4.73390000
1990-07-16,4.73390000
1990-07-17,4.73390000
1990-07-18,4.73390000
1990-07-19,4.73390000
1990-07-20,4.73390000
1990-07-23,4.73390000
1990-07-24,4.73390000
1990-07-25,4.73390000
1990-07-26,4.73390000
1990-07-27,4.73390000
1990-07-30,4.73390000
1990-07-31,4.73390000
1990-08-01,4.73390000
1990-08-02,4.73390000
1990-08-03,4.73390000
1990-08-06,4.73390000
1990-08-07,4.73390000
1990-08-08,4.73390000
1990-08-09,4.73390000
1990-08-10,4.73390000
1990-08-13,4.73390000
1990-08-14,4.73390000
1990-08-15,4.73390000
1990-08-16,4.73390000
1990-08-17,4.73390000
1990-08-20,4.73390000
1990-08-21,4.73390000
1990-08-22,4.73390000
1990-08-23,4.73390000
1990-08-24,4.73390000
1990-08-27,4.73390000
1990-08-28,4.73390000
1990-08-29,4.73390000
1990-08-30,4.73390000
1990-08-31,4.73390000
1990-09-04,4.73390000
1990-09-05,4.73390000
1990-09-06,4.73390000
1990-09-07,4.73390000
1990-09-10,4.73390000
1990-09-11,4.73390000
1990-09-12,4.73390000
1990-09-13,4.73390000
1990-09-14,4.73390000
1990-09-17,4.73390000
1990-09-18,4.73990000
1990-09-19,4.73390000
1990-09-20,4.73390000
1990-09-21,4.73390000
1990-09-24,4.73390000
1990-09-25,4.73390000
1990-09-26,4.73390000
1990-09-27,4.73390000
1990-09-28,4.73390000
1990-10-01,4.73390000
1990-10-02,4.73390000
1990-10-03,4.73390000
1990-10-04,4.73390000
1990-10-05,4.73390000
1990-10-09,4.73390000
1990-10-10,4.73390000
1990-10-11,4.73390000
1990-10-12,4.73390000
1990-10-15,4.73390000
1990-10-16,4.73390000
1990-10-17,4.73390000
1990-10-18,4.73390000
1990-10-19,4.73390000
1990-10-22,4.73390000
1990-10-23,4.73390000
1990-10-24,4.73390000
1990-10-25,4.73390000
1990-10-26,4.73390000
1990-10-29,4.73390000
1990-10-30,4.73390000
1990-10-31,4.73390000
1990-11-01,4.73390000
1990-11-02,4.73390000
1990-11-05,4.73390000
1990-11-06,4.73390000
1990-11-07,4.73390000
1990-11-08,4.73390000
1990-11-09,4.73390000
1990-11-13,4.73390000
1990-11-14,4.73390000
1990-11-15,4.73390000
1990-11-19,5.23520000
1990-11-20,5.23520000
1990-11-21,5.23520000
1990-11-23,5.23520000
1990-11-26,5.23520000
1990-11-27,5.23520000
1990-11-28,5.23520000
1990-11-29,5.23520000
1990-11-30,5.23520000
1990-12-03,5.23520000
1990-12-04,5.23520000
1990-12-05,5.23520000
1990-12-06,5.23520000
1990-12-07,5.23520000
1990-12-10,5.23520000
1990-12-11,5.23520000
1990-12-12,5.23520000
1990-12-13,5.23520000
1990-12-14,5.23520000
1990-12-17,5.23520000
1990-12-18,5.23520000
1990-12-19,5.23520000
1990-12-20,5.23520000
1990-12-21,5.23520000
1990-12-24,5.23520000
1990-12-26,5.23520000
1990-12-27,5.23520000
1990-12-28,5.23520000
1990-12-31,5.23520000
1991-01-02,5.23520000
1991-01-03,5.23520000
1991-01-04,5.23520000
1991-01-07,5.23520000
1991-01-08,5.23520000
1991-01-09,5.23520000
1991-01-10,5.23520000
1991-01-11,5.23520000
1991-01-14,5.23520000
1991-01-15,5.23520000
1991-01-16,5.23520000
1991-01-17,5.23520000
1991-01-18,5.23520000
1991-01-22,5.23520000
1991-01-23,5.23520000
1991-01-24,5.23520000
1991-01-25,5.23520000
1991-01-28,5.23520000
1991-01-29,5.23520000
1991-01-30,5.23520000
1991-01-31,5.23520000
1991-02-01,5.23520000
1991-02-04,5.23520000
1991-02-05,5.23520000
1991-02-06,5.23520000
1991-02-07,5.23520000
1991-02-08,5.23520000
1991-02-11,5.23520000
1991-02-12,5.23520000
1991-02-13,5.23520000
1991-02-14,5.23520000
1991-02-15,5.23520000
1991-02-19,5.23520000
1991-02-20,5.23520000
1991-02-21,5.23520000
1991-02-22,5.23520000
1991-02-25,5.23520000
1991-02-26,5.23520000
1991-02-27,5.23520000
1991-02-28,5.23520000
1991-03-01,5.23520000
1991-03-04,5.23520000
1991-03-05,5.23520000
1991-03-11,5.23520000
1991-03-12,5.23520000
1991-03-13,5.23520000
1991-03-14,5.23520000
1991-03-15,5.23520000
1991-03-18,5.23520000
1991-03-19,5.23520000
1991-03-20,5.23520000
1991-03-21,5.23520000
1991-03-22,5.23520000
1991-03-25,5.23520000
1991-03-26,5.23520000
1991-03-27,5.23520000
1991-03-28,5.23520000
1991-03-29,5.23520000
1991-04-01,5.23520000
1991-04-02,5.23520000
1991-04-03,5.23520000
1991-04-04,5.23520000
1991-04-05,5.23520000
1991-04-08,5.23520000
1991-04-09,5.28530000
1991-04-10,5.28530000
1991-04-11,5.28530000
1991-04-12,5.28270000
1991-04-15,5.28270000
1991-04-16,5.28270000
1991-04-17,5.28270000
1991-04-18,5.28900000
1991-04-19,5.29790000
1991-04-22,5.30830000
1991-04-23,5.30360000
1991-04-24,5.30360000
1991-04-25,5.30360000
1991-04-26,5.30360000
1991-04-29,5.30360000
1991-05-01,5.30070000
1991-05-02,5.30070000
1991-05-03,5.30070000
1991-05-06,5.32010000
1991-05-07,5.32010000
1991-05-08,5.32010000
1991-05-09,5.32640000
1991-05-10,5.32640000
1991-05-13,5.32640000
1991-05-14,5.32640000
1991-05-15,5.32010000
1991-05-16,5.32010000
1991-05-17,5.32010000
1991-05-20,5.33320000
1991-05-21,5.33320000
1991-05-22,5.32960000
1991-05-23,5.33590000
1991-05-24,5.33590000
1991-05-28,5.33590000
1991-05-29,5.33590000
1991-05-30,5.34900000
1991-05-31,5.34900000
1991-06-03,5.35370000
1991-06-04,5.35850000
1991-06-05,5.35850000
1991-06-06,5.35850000
1991-06-07,5.35850000
1991-06-10,5.36740000
1991-06-11,5.36740000
1991-06-12,5.36740000
1991-06-13,5.37370000
1991-06-17,5.37370000
1991-06-18,5.37370000
1991-06-19,5.37370000
1991-06-20,5.36900000
1991-06-21,5.36900000
1991-06-24,5.36900000
1991-06-25,5.36900000
1991-06-26,5.36900000
1991-06-27,5.36900000
1991-06-28,5.36900000
1991-07-01,5.36900000
1991-07-02,5.37840000
1991-07-03,5.38470000
1991-07-05,5.38470000
1991-07-08,5.37890000
1991-07-09,5.37420000
1991-07-10,5.37420000
1991-07-11,5.37420000
1991-07-12,5.37420000
1991-07-15,5.36790000
1991-07-16,5.36790000
1991-07-17,5.36790000
1991-07-18,5.36790000
1991-07-19,5.36790000
1991-07-22,5.36050000
1991-07-23,5.36050000
1991-07-24,5.36050000
1991-07-26,5.36050000
1991-07-29,5.36050000
1991-07-30,5.36050000
1991-07-31,5.36050000
1991-08-01,5.36050000
1991-08-02,5.36050000
1991-08-05,5.36050000
1991-08-06,5.35680000
1991-08-07,5.35680000
1991-08-08,5.35680000
1991-08-09,5.36180000
1991-08-12,5.36180000
1991-08-13,5.36180000
1991-08-14,5.36180000
1991-08-15,5.36180000
1991-08-16,5.36960000
1991-08-19,5.37850000
1991-08-20,5.39360000
1991-08-21,5.38880000
1991-08-22,5.38620000
1991-08-23,5.38620000
1991-08-26,5.38620000
1991-08-27,5.38620000
1991-08-28,5.38620000
1991-08-29,5.38620000
1991-08-30,5.38620000
1991-09-03,5.38620000
1991-09-04,5.38620000
1991-09-05,5.38620000
1991-09-06,5.38620000
1991-09-09,5.38620000
1991-09-10,5.38350000
1991-09-11,5.38350000
1991-09-12,5.38350000
1991-09-13,5.38350000
1991-09-17,5.38350000
1991-09-19,5.38990000
1991-09-20,5.38990000
1991-09-23,5.38990000
1991-09-24,5.38990000
1991-09-25,5.38990000
1991-09-26,5.38990000
1991-09-27,5.38990000
1991-10-01,5.38990000
1991-10-02,5.38990000
1991-10-03,5.38990000
1991-10-04,5.38540000
1991-10-07,5.38540000
1991-10-08,5.38540000
1991-10-09,5.39440000
1991-10-10,5.39440000
1991-10-11,5.39440000
1991-10-15,5.39440000
1991-10-16,5.39440000
1991-10-18,5.39440000
1991-10-21,5.39440000
1991-10-22,5.39440000
1991-10-23,5.39440000
1991-10-24,5.39440000
1991-10-25,5.39440000
1991-10-29,5.38070000
1991-10-30,5.39440000
1991-10-31,5.39440000
1991-11-04,5.39440000
1991-11-05,5.39440000
1991-11-08,5.39750000
1991-11-14,5.40020000
1991-11-15,5.39760000
1991-11-18,5.39760000
1991-11-19,5.39760000
1991-11-20,5.39760000
1991-11-21,5.39550000
1991-11-22,5.40200000
1991-11-25,5.40200000
1991-11-26,5.40200000
1991-11-27,5.40200000
1991-11-29,5.41150000
1991-12-02,5.41150000
1991-12-03,5.41150000
1991-12-04,5.41150000
1991-12-05,5.41150000
1991-12-06,5.41150000
1991-12-09,5.41150000
1991-12-10,5.41150000
1991-12-11,5.42070000
1991-12-12,5.42070000
1991-12-13,5.42070000
1991-12-16,5.42990000
1991-12-17,5.42610000
1991-12-18,5.42610000
1991-12-19,5.42610000
1991-12-20,5.42610000
1991-12-23,5.42610000
1991-12-24,5.42920000
1991-12-26,5.42920000
1991-12-27,5.42920000
1991-12-30,5.44780000
1991-12-31,5.44780000
1992-01-02,5.44780000
1992-01-03,5.45590000
1992-01-06,5.45590000
1992-01-07,5.44940000
1992-01-08,5.44940000
1992-01-09,5.44940000
1992-01-10,5.45910000
1992-01-13,5.46460000
1992-01-14,5.46460000
1992-01-15,5.46460000
1992-01-16,5.46860000
1992-01-17,5.46860000
1992-01-21,5.46410000
1992-01-22,5.46410000
1992-01-23,5.46410000
1992-01-24,5.46680000
1992-01-27,5.46680000
1992-01-28,5.46860000
1992-01-29,5.46860000
1992-01-30,5.46860000
1992-01-31,5.46860000
1992-02-03,5.46860000
1992-02-04,5.46860000
1992-02-05,5.46860000
1992-02-06,5.46860000
1992-02-07,5.46860000
1992-02-10,5.46160000
1992-02-11,5.47090000
1992-02-12,5.48020000
1992-02-13,5.48370000
1992-02-14,5.48370000
1992-02-18,5.48370000
1992-02-19,5.48370000
1992-02-20,5.48370000
1992-02-21,5.48370000
1992-02-24,5.48370000
1992-02-25,5.48370000
1992-02-26,5.48370000
1992-02-27,5.48300000
1992-02-28,5.48300000
1992-03-02,5.48300000
1992-03-03,5.48300000
1992-03-04,5.48870000
1992-03-05,5.48870000
1992-03-06,5.48870000
1992-03-09,5.48870000
1992-03-10,5.48870000
1992-03-11,5.48870000
1992-03-12,5.48640000
1992-03-13,5.48920000
1992-03-16,5.48920000
1992-03-17,5.48920000
1992-03-18,5.48370000
1992-03-19,5.48370000
1992-03-20,5.49290000
1992-03-23,5.49290000
1992-03-24,5.49290000
1992-03-25,5.48870000
1992-03-26,5.48370000
1992-03-27,5.48370000
1992-03-30,5.48120000
1992-03-31,5.48120000
1992-04-01,5.48120000
1992-04-02,5.48120000
1992-04-03,5.48120000
1992-04-06,5.48120000
1992-04-07,5.48120000
1992-04-08,5.48120000
1992-04-09,5.47920000
1992-04-10,5.47920000
1992-04-13,5.50770000
1992-04-14,5.50770000
1992-04-15,5.53280000
1992-04-16,5.53280000
1992-04-17,5.53280000
1992-04-20,5.53280000
1992-04-21,5.53280000
1992-04-22,5.53280000
1992-04-23,5.53280000
1992-04-24,5.52540000
1992-04-27,5.52540000
1992-04-28,5.52540000
1992-04-29,5.52390000
1992-04-30,5.52390000
1992-05-04,5.52390000
1992-05-05,5.52390000
1992-05-06,5.53880000
1992-05-07,5.53380000
1992-05-08,5.53380000
1992-05-11,5.52880000
1992-05-12,5.52880000
1992-05-13,5.51380000
1992-05-14,5.51380000
1992-05-15,5.51380000
1992-05-18,5.51380000
1992-05-19,5.51380000
1992-05-20,5.51380000
1992-05-21,5.51380000
1992-05-22,5.51380000
1992-05-26,5.50870000
1992-05-27,5.50480000
1992-05-28,5.50480000
1992-05-29,5.50480000
1992-06-01,5.50030000
1992-06-02,5.49370000
1992-06-03,5.49370000
1992-06-04,5.49870000
1992-06-05,5.49870000
1992-06-08,5.49370000
1992-06-09,5.49370000
1992-06-10,5.49370000
1992-06-11,5.49370000
1992-06-12,5.49370000
1992-06-15,5.49370000
1992-06-16,5.48840000
1992-06-17,5.48840000
1992-06-18,5.48840000
1992-06-19,5.48840000
1992-06-22,5.48840000
1992-06-23,5.48840000
1992-06-24,5.48370000
1992-06-25,5.47580000
1992-06-26,5.47580000
1992-06-29,5.47580000
1992-06-30,5.47580000
1992-07-01,5.47580000
1992-07-02,5.47580000
1992-07-03,5.47580000
1992-07-06,5.47580000
1992-07-07,5.47580000
1992-07-08,5.47580000
1992-07-09,5.46360000
1992-07-10,5.47200000
1992-07-13,5.47210000
1992-07-14,5.47210000
1992-07-15,5.47210000
1992-07-16,5.47210000
1992-07-17,5.44210000
1992-07-20,5.44710000
1992-07-21,5.44710000
1992-07-22,5.44210000
1992-07-23,5.43830000
1992-07-24,5.43350000
1992-07-27,5.43350000
1992-07-28,5.43350000
1992-07-29,5.43350000
1992-07-30,5.43350000
1992-07-31,5.43350000
1992-08-03,5.43350000
1992-08-04,5.44830000
1992-08-05,5.44830000
1992-08-06,5.46220000
1992-08-11,5.45870000
1992-08-12,5.45870000
1992-08-13,5.45870000
1992-08-14,5.45480000
1992-08-18,5.45480000
1992-08-19,5.45480000
1992-08-20,5.45480000
1992-08-21,5.44360000
1992-08-24,5.41990000
1992-08-25,5.41990000
1992-08-26,5.41990000
1992-08-27,5.41990000
1992-08-28,5.41990000
1992-08-31,5.41990000
1992-09-01,5.41990000
1992-09-02,5.41240000
1992-09-03,5.44370000
1992-09-04,5.47880000
1992-09-08,5.47880000
1992-09-09,5.47880000
1992-09-10,5.51250000
1992-09-11,5.51660000
1992-09-14,5.52360000
1992-09-15,5.52360000
1992-09-16,5.53380000
1992-09-17,5.53910000
1992-09-18,5.52880000
1992-09-22,5.53480000
1992-09-23,5.53480000
1992-09-24,5.53280000
1992-09-25,5.53280000
1992-09-28,5.53280000
1992-09-29,5.52270000
1992-09-30,5.51400000
1992-10-01,5.51400000
1992-10-02,5.51400000
1992-10-05,5.51400000
1992-10-07,5.54160000
1992-10-08,5.54560000
1992-10-09,5.55390000
1992-10-13,5.55390000
1992-10-14,5.55390000
1992-10-15,5.55390000
1992-10-16,5.55390000
1992-10-19,5.55390000
1992-10-20,5.56340000
1992-10-21,5.56540000
1992-10-22,5.56540000
1992-10-23,5.56540000
1992-10-26,5.56540000
1992-11-02,5.56840000
1992-11-03,5.57890000
1992-11-04,5.57890000
1992-11-05,5.57890000
1992-11-10,5.59420000
1992-11-12,5.59420000
1992-11-13,5.58810000
1992-11-16,5.58810000
1992-11-17,5.58810000
1992-11-18,5.58810000
1992-11-19,5.62400000
1992-11-20,5.67410000
1992-11-27,5.70970000
1992-11-30,5.73410000
1992-12-01,5.75310000
1992-12-02,5.75310000
1992-12-03,5.75310000
1992-12-04,5.80190000
1992-12-07,5.80190000
1992-12-08,5.83960000
1992-12-09,5.83960000
1992-12-11,5.85960000
1992-12-14,5.85960000
1992-12-15,5.90070000
1992-12-17,5.90070000
1992-12-18,5.86460000
1992-12-22,5.79950000
1992-12-23,5.79950000
1992-12-28,5.76620000
1992-12-29,5.76620000
1992-12-30,5.76620000
1992-12-31,5.76620000
1993-01-04,5.76620000
1993-01-05,5.76620000
1993-01-06,5.77440000
1993-01-07,5.77440000
1993-01-08,5.77440000
1993-01-11,5.77440000
1993-01-12,5.77440000
1993-01-14,5.77440000
1993-01-19,5.77440000
1993-01-20,5.77440000
1993-01-21,5.78940000
1993-01-22,5.78940000
1993-01-25,5.78940000
1993-01-26,5.78940000
1993-01-27,5.78940000
1993-01-28,5.78940000
1993-01-29,5.78940000
1993-02-01,5.78940000
1993-02-02,5.78940000
1993-02-05,5.80000000
1993-02-08,5.80000000
1993-02-09,5.80000000
1993-02-10,5.80000000
1993-02-11,5.80000000
1993-02-12,5.80000000
1993-02-16,5.80000000
1993-02-17,5.80000000
1993-02-18,5.79950000
1993-02-19,5.76940000
1993-02-24,5.75460000
1993-02-25,5.75460000
1993-02-26,5.75460000
1993-03-01,5.75460000
1993-03-02,5.75460000
1993-03-03,5.74430000
1993-03-04,5.74430000
1993-03-05,5.74430000
1993-03-08,5.74430000
1993-03-09,5.74430000
1993-03-10,5.74430000
1993-03-11,5.74430000
1993-03-12,5.74430000
1993-03-15,5.76240000
1993-03-16,5.76240000
1993-03-17,5.76240000
1993-03-18,5.76240000
1993-03-19,5.74420000
1993-03-22,5.74420000
1993-03-23,5.74420000
1993-03-24,5.73330000
1993-03-25,5.73330000
1993-03-26,5.73330000
1993-03-29,5.73330000
1993-03-30,5.73330000
1993-03-31,5.73330000
1993-04-01,5.73330000
1993-04-02,5.73330000
1993-04-08,5.73330000
1993-04-09,5.73330000
1993-04-12,5.73330000
1993-04-13,5.71630000
1993-04-14,5.71630000
1993-04-15,5.71630000
1993-04-16,5.71650000
1993-04-19,5.70760000
1993-04-20,5.70760000
1993-04-23,5.70760000
1993-04-26,5.70760000
1993-05-04,5.72270000
1993-05-10,5.72270000
1993-05-11,5.73310000
1993-05-12,5.73310000
1993-05-13,5.74330000
1993-05-14,5.74330000
1993-05-17,5.74330000
1993-05-18,5.74330000
1993-05-19,5.74330000
1993-05-20,5.74330000
1993-05-21,5.74330000
1993-05-24,5.74330000
1993-05-25,5.74330000
1993-05-26,5.74330000
1993-05-28,5.74330000
1993-06-02,5.74330000
1993-06-03,5.74330000
1993-06-04,5.72430000
1993-06-07,5.72430000
1993-06-08,5.72430000
1993-06-09,5.72430000
1993-06-10,5.72430000
1993-06-11,5.72430000
1993-06-14,5.72430000
1993-06-15,5.75290000
1993-06-16,5.76460000
1993-06-17,5.76460000
1993-06-18,5.76460000
1993-06-23,5.77560000
1993-06-24,5.77560000
1993-06-25,5.77560000
1993-06-28,5.77560000
1993-06-29,5.77560000
1993-06-30,5.77560000
1993-07-01,5.77560000
1993-07-02,5.77560000
1993-07-06,5.77560000
1993-07-07,5.77560000
1993-07-08,5.77560000
1993-07-09,5.77560000
1993-07-12,5.77560000
1993-07-13,5.77560000
1993-07-14,5.77560000
1993-07-15,5.77560000
1993-07-16,5.77560000
1993-07-19,5.77560000
1993-07-20,5.77560000
1993-07-21,5.77560000
1993-07-22,5.77560000
1993-07-23,5.77560000
1993-07-26,5.77560000
1993-07-27,5.77560000
1993-07-28,5.77560000
1993-07-29,5.77560000
1993-07-30,5.77560000
1993-08-02,5.77560000
1993-08-03,5.77560000
1993-08-04,5.77560000
1993-08-05,5.77560000
1993-08-06,5.77560000
1993-08-09,5.77560000
1993-08-10,5.77560000
1993-08-11,5.79630000
1993-08-12,5.79630000
1993-08-13,5.79630000
1993-08-16,5.79630000
1993-08-17,5.79630000
1993-08-18,5.79630000
1993-08-19,5.79630000
1993-08-20,5.79630000
1993-08-23,5.79630000
1993-08-24,5.79630000
1993-08-25,5.79630000
1993-08-26,5.79630000
1993-08-27,5.79630000
1993-08-30,5.80630000
1993-08-31,5.80630000
1993-09-01,5.80630000
1993-09-02,5.80130000
1993-09-03,5.80130000
1993-09-07,5.80130000
1993-09-08,5.80130000
1993-09-09,5.80130000
1993-09-10,5.80130000
1993-09-13,5.80130000
1993-09-14,5.80130000
1993-09-15,5.80130000
1993-09-16,5.80130000
1993-09-17,5.80130000
1993-09-20,5.80130000
1993-09-21,5.80130000
1993-09-22,5.80130000
1993-09-23,5.80130000
1993-09-24,5.80130000
1993-09-27,5.80130000
1993-09-28,5.80130000
1993-09-29,5.80130000
1993-09-30,5.80130000
1993-10-01,5.80130000
1993-10-04,5.80130000
1993-10-05,5.80130000
1993-10-06,5.80130000
1993-10-07,5.80130000
1993-10-08,5.80130000
1993-10-12,5.80130000
1993-10-13,5.80130000
1993-10-14,5.80130000
1993-10-15,5.80130000
1993-10-18,5.80130000
1993-10-19,5.80130000
1993-10-20,5.80130000
1993-10-21,5.80130000
1993-10-22,5.80130000
1993-10-25,5.80130000
1993-10-26,5.80130000
1993-10-27,5.80130000
1993-10-28,5.80130000
1993-10-29,5.80130000
1993-11-01,5.80130000
1993-11-02,5.80130000
1993-11-03,5.80130000
1993-11-04,5.80130000
1993-11-05,5.80130000
1993-11-08,5.80130000
1993-11-09,5.80130000
1993-11-10,5.80130000
1993-11-12,5.80130000
1993-11-15,5.80130000
1993-11-16,5.80130000
1993-11-17,5.80130000
1993-11-18,5.81950000
1993-11-19,5.81950000
1993-11-22,5.81950000
1993-11-23,5.81950000
1993-11-24,5.81950000
1993-11-26,5.81950000
1993-11-29,5.81950000
1993-11-30,5.81950000
1993-12-01,5.81950000
1993-12-02,5.81950000
1993-12-03,5.81950000
1993-12-06,5.81950000
1993-12-07,5.81950000
1993-12-08,5.81950000
1993-12-09,5.81950000
1993-12-10,5.81950000
1993-12-13,5.81950000
1993-12-14,5.81950000
1993-12-15,5.82450000
1993-12-16,5.82450000
1993-12-17,5.82450000
1993-12-20,5.82450000
1993-12-21,5.82450000
1993-12-22,5.82450000
1993-12-23,5.82420000
1993-12-24,5.82450000
1993-12-27,5.82450000
1993-12-28,5.82450000
1993-12-29,5.81450000
1993-12-30,5.81450000
1993-12-31,5.81450000
1994-01-03,8.72170000
1994-01-04,8.72170000
1994-01-05,8.72170000
1994-01-06,8.72170000
1994-01-07,8.71170000
1994-01-10,8.72170000
1994-01-11,8.72170000
1994-01-12,8.72170000
1994-01-13,8.72170000
1994-01-14,8.72170000
1994-01-18,8.72170000
1994-01-19,8.72170000
1994-01-20,8.72170000
1994-01-21,8.72570000
1994-01-24,8.72170000
1994-01-25,8.73180000
1994-01-26,8.72170000
1994-01-27,8.72170000
1994-01-28,8.72170000
1994-01-31,8.72170000
1994-02-01,8.72110000
1994-02-02,8.72280000
1994-02-03,8.72520000
1994-02-04,8.72280000
1994-02-07,8.72230000
1994-02-08,8.72920000
1994-02-09,8.72920000
1994-02-10,8.72920000
1994-02-11,8.72920000
1994-02-14,8.72920000
1994-02-15,8.72990000
1994-02-16,8.72420000
1994-02-17,8.72830000
1994-02-18,8.72380000
1994-02-22,8.72120000
1994-02-23,8.71830000
1994-02-24,8.72400000
1994-02-25,8.71640000
1994-02-28,8.72620000
1994-03-01,8.72380000
1994-03-02,8.72680000
1994-03-03,8.72780000
1994-03-04,8.72800000
1994-03-07,8.72840000
1994-03-08,8.72680000
1994-03-09,8.72560000
1994-03-10,8.72210000
1994-03-11,8.72560000
1994-03-14,8.72230000
1994-03-15,8.72170000
1994-03-16,8.72250000
1994-03-17,8.72190000
1994-03-18,8.72080000
1994-03-21,8.72090000
1994-03-22,8.71950000
1994-03-23,8.72100000
1994-03-24,8.72730000
1994-03-25,8.72300000
1994-03-28,8.72340000
1994-03-29,8.72420000
1994-03-30,8.72190000
1994-03-31,8.72980000
1994-04-05,8.72980000
1994-04-06,8.72980000
1994-04-07,8.72980000
1994-04-08,8.72980000
1994-04-11,8.72980000
1994-04-12,8.72980000
1994-04-13,8.72980000
1994-04-14,8.72980000
1994-04-15,8.73980000
1994-04-18,8.71520000
1994-04-19,8.71450000
1994-04-20,8.71370000
1994-04-21,8.71250000
1994-04-22,8.71250000
1994-04-25,8.74090000
1994-04-26,8.70940000
1994-04-27,8.72770000
1994-04-28,8.72720000
1994-04-29,8.72470000
1994-05-02,8.70970000
1994-05-03,8.69840000
1994-05-04,8.69360000
1994-05-05,8.68820000
1994-05-06,8.68640000
1994-05-09,8.68530000
1994-05-10,8.68400000
1994-05-11,8.68290000
1994-05-12,8.71200000
1994-05-13,8.68100000
1994-05-16,8.68060000
1994-05-17,8.68070000
1994-05-18,8.68050000
1994-05-19,8.68040000
1994-05-20,8.68020000
1994-05-23,8.68040000
1994-05-24,8.68020000
1994-05-25,8.68020000
1994-05-26,8.68000000
1994-05-27,8.67980000
1994-05-31,8.67960000
1994-06-01,8.67940000
1994-06-02,8.67910000
1994-06-03,8.70900000
1994-06-06,8.67900000
1994-06-07,8.70900000
1994-06-08,8.70880000
1994-06-09,8.70850000
1994-06-10,8.70830000
1994-06-13,8.67810000
1994-06-14,8.67790000
1994-06-15,8.67750000
1994-06-16,8.67730000
1994-06-17,8.67710000
1994-06-20,8.67690000
1994-06-21,8.67640000
1994-06-22,8.67570000
1994-06-23,8.67500000
1994-06-24,8.67440000
1994-06-27,8.67390000
1994-06-28,8.67330000
1994-06-29,8.67260000
1994-06-30,8.67170000
1994-07-01,8.70010000
1994-07-05,8.66960000
1994-07-06,8.66900000
1994-07-07,8.66810000
1994-07-08,8.66740000
1994-07-11,8.66660000
1994-07-12,8.66580000
1994-07-13,8.66470000
1994-07-14,8.66370000
1994-07-15,8.66290000
1994-07-18,8.66180000
1994-07-19,8.66080000
1994-07-20,8.65890000
1994-07-21,8.65640000
1994-07-22,8.65350000
1994-07-25,8.64950000
1994-07-26,8.64640000
1994-07-27,8.64380000
1994-07-28,8.64140000
1994-07-29,8.63970000
1994-08-01,8.63690000
1994-08-02,8.63410000
1994-08-03,8.63140000
1994-08-04,8.62880000
1994-08-05,8.62550000
1994-08-08,8.62230000
1994-08-09,8.62030000
1994-08-10,8.61820000
1994-08-11,8.61620000
1994-08-12,8.61380000
1994-08-15,8.61120000
1994-08-16,8.60870000
1994-08-17,8.60560000
1994-08-18,8.60310000
1994-08-19,8.60010000
1994-08-22,8.59740000
1994-08-23,8.59580000
1994-08-24,8.59350000
1994-08-25,8.59080000
1994-08-26,8.56750000
1994-08-29,8.58430000
1994-08-30,8.58160000
1994-08-31,8.57910000
1994-09-01,8.57650000
1994-09-02,8.57400000
1994-09-06,8.56910000
1994-09-07,8.56700000
1994-09-08,8.56480000
1994-09-09,8.56220000
1994-09-12,8.56070000
1994-09-13,8.55960000
1994-09-14,8.55810000
1994-09-15,8.55650000
1994-09-16,8.55520000
1994-09-19,8.55400000
1994-09-20,8.55370000
1994-09-21,8.55330000
1994-09-22,8.55250000
1994-09-23,8.55200000
1994-09-26,8.55110000
1994-09-27,8.55030000
1994-09-28,8.55030000
1994-09-29,8.55010000
1994-09-30,8.55000000
1994-10-03,8.55000000
1994-10-04,8.55000000
1994-10-05,8.55010000
1994-10-06,8.55000000
1994-10-07,8.55000000
1994-10-11,8.55000000
1994-10-12,8.55000000
1994-10-13,8.54970000
1994-10-14,8.54970000
1994-10-17,8.54970000
1994-10-18,8.54960000
1994-10-19,8.54960000
1994-10-20,8.54960000
1994-10-21,8.54950000
1994-10-24,8.54900000
1994-10-25,8.54850000
1994-10-26,8.54850000
1994-10-27,8.54730000
1994-10-28,8.54660000
1994-10-31,8.54600000
1994-11-01,8.54540000
1994-11-02,8.54540000
1994-11-03,8.54380000
1994-11-04,8.54380000
1994-11-07,8.54380000
1994-11-08,8.54380000
1994-11-09,8.54000000
1994-11-10,8.53900000
1994-11-14,8.53740000
1994-11-15,8.53740000
1994-11-16,8.53530000
1994-11-17,8.53400000
1994-11-18,8.53360000
1994-11-21,8.53360000
1994-11-22,8.53260000
1994-11-23,8.53260000
1994-11-25,8.53050000
1994-11-28,8.53010000
1994-11-29,8.52930000
1994-11-30,8.52900000
1994-12-01,8.52840000
1994-12-02,8.52790000
1994-12-05,8.52740000
1994-12-06,8.52700000
1994-12-07,8.52410000
1994-12-08,8.52250000
1994-12-09,8.51920000
1994-12-12,8.51600000
1994-12-13,8.51300000
1994-12-14,8.51010000
1994-12-15,8.50740000
1994-12-16,8.50350000
1994-12-19,8.50010000
1994-12-20,8.49540000
1994-12-21,8.49200000
1994-12-22,8.48770000
1994-12-23,8.48260000
1994-12-27,8.47880000
1994-12-28,8.47180000
1994-12-29,8.46910000
1994-12-30,8.46620000
1995-01-03,8.46470000
1995-01-04,8.46470000
1995-01-05,8.46300000
1995-01-06,8.46260000
1995-01-09,8.46220000
1995-01-10,8.46170000
1995-01-11,8.46150000
1995-01-12,8.46120000
1995-01-13,8.46110000
1995-01-17,8.46070000
1995-01-18,8.46050000
1995-01-19,8.46020000
1995-01-20,8.46000000
1995-01-23,8.45970000
1995-01-24,8.45940000
1995-01-25,8.45900000
1995-01-26,8.45870000
1995-01-27,8.45840000
1995-01-30,8.45840000
1995-01-31,8.45840000
1995-02-01,8.45850000
1995-02-02,8.45840000
1995-02-03,8.45840000
1995-02-06,8.45800000
1995-02-07,8.45750000
1995-02-08,8.45700000
1995-02-09,8.45640000
1995-02-10,8.45600000
1995-02-13,8.45550000
1995-02-14,8.45520000
1995-02-15,8.45510000
1995-02-16,8.45520000
1995-02-17,8.45520000
1995-02-21,8.45370000
1995-02-22,8.45290000
1995-02-23,8.45240000
1995-02-24,8.45200000
1995-02-27,8.45160000
1995-02-28,8.45110000
1995-03-01,8.45080000
1995-03-02,8.45990000
1995-03-03,8.45940000
1995-03-06,8.44820000
1995-03-07,8.44730000
1995-03-08,8.44650000
1995-03-09,8.44590000
1995-03-10,8.44610000
1995-03-13,8.44640000
1995-03-14,8.44650000
1995-03-15,8.44740000
1995-03-16,8.44800000
1995-03-17,8.44730000
1995-03-20,8.44700000
1995-03-21,8.44620000
1995-03-22,8.44680000
1995-03-23,8.44720000
1995-03-24,8.44760000
1995-03-27,8.44770000
1995-03-28,8.44770000
1995-03-29,8.44750000
1995-03-30,8.44690000
1995-03-31,8.44640000
1995-04-03,8.44600000
1995-04-04,8.44570000
1995-04-05,8.44560000
1995-04-06,8.44520000
1995-04-07,8.44510000
1995-04-10,8.44520000
1995-04-11,8.44500000
1995-04-12,8.44460000
1995-04-13,8.44420000
1995-04-14,8.44410000
1995-04-17,8.44380000
1995-04-18,8.44360000
1995-04-19,8.44340000
1995-04-20,8.44320000
1995-04-21,8.44300000
1995-04-24,8.44270000
1995-04-25,8.44050000
1995-04-26,8.43380000
1995-04-27,8.43020000
1995-04-28,8.42740000
1995-05-01,8.42740000
1995-05-02,8.41520000
1995-05-03,8.39940000
1995-05-04,8.38480000
1995-05-05,8.36420000
1995-05-08,8.35470000
1995-05-09,8.34470000
1995-05-10,8.32530000
1995-05-11,8.31500000
1995-05-12,8.30280000
1995-05-15,8.29160000
1995-05-16,8.29820000
1995-05-17,8.30630000
1995-05-18,8.31070000
1995-05-19,8.31320000
1995-05-22,8.31590000
1995-05-23,8.31880000
1995-05-24,8.32220000
1995-05-25,8.32410000
1995-05-26,8.32630000
1995-05-30,8.32770000
1995-05-31,8.32550000
1995-06-01,8.32360000
1995-06-02,8.32180000
1995-06-05,8.31980000
1995-06-06,8.32040000
1995-06-07,8.31830000
1995-06-08,8.31660000
1995-06-09,8.32000000
1995-06-12,8.32080000
1995-06-13,8.32030000
1995-06-14,8.32000000
1995-06-15,8.32190000
1995-06-16,8.32040000
1995-06-19,8.32020000
1995-06-20,8.32000000
1995-06-21,8.32090000
1995-06-22,8.32180000
1995-06-23,8.32150000
1995-06-26,8.32130000
1995-06-27,8.32070000
1995-06-28,8.32070000
1995-06-29,8.32100000
1995-06-30,8.32110000
1995-07-03,8.32070000
1995-07-05,8.32010000
1995-07-06,8.32000000
1995-07-07,8.32000000
1995-07-10,8.32230000
1995-07-11,8.32200000
1995-07-12,8.32170000
1995-07-13,8.32140000
1995-07-14,8.32110000
1995-07-17,8.32090000
1995-07-18,8.32130000
1995-07-19,8.32110000
1995-07-20,8.32040000
1995-07-21,8.32020000
1995-07-24,8.32040000
1995-07-25,8.32030000
1995-07-26,8.32020000
1995-07-27,8.32020000
1995-07-28,8.32030000
1995-07-31,8.32030000
1995-08-01,8.32000000
1995-08-02,8.32020000
1995-08-03,8.32020000
1995-08-04,8.30000000
1995-08-07,8.32000000
1995-08-08,8.32140000
1995-08-09,8.32160000
1995-08-10,8.32230000
1995-08-11,8.32250000
1995-08-14,8.32380000
1995-08-15,8.32570000
1995-08-16,8.32940000
1995-08-17,8.32060000
1995-08-18,8.32170000
1995-08-21,8.33220000
1995-08-22,8.33250000
1995-08-23,8.33330000
1995-08-24,8.33480000
1995-08-25,8.33530000
1995-08-28,8.33650000
1995-08-29,8.32820000
1995-08-30,8.32930000
1995-08-31,8.32980000
1995-09-01,8.32920000
1995-09-05,8.33810000
1995-09-06,8.33780000
1995-09-07,8.33750000
1995-09-08,8.33750000
1995-09-11,8.33770000
1995-09-12,8.33800000
1995-09-13,8.33840000
1995-09-14,8.33900000
1995-09-15,8.33940000
1995-09-18,8.33970000
1995-09-19,8.33290000
1995-09-20,8.33980000
1995-09-21,8.32940000
1995-09-22,8.33940000
1995-09-25,8.33940000
1995-09-26,8.33920000
1995-09-27,8.33900000
1995-09-28,8.33890000
1995-09-29,8.33850000
1995-10-02,8.33850000
1995-10-03,8.33850000
1995-10-04,8.33850000
1995-10-05,8.33800000
1995-10-06,8.33740000
1995-10-10,8.33580000
1995-10-11,8.33500000
1995-10-12,8.33440000
1995-10-13,8.33420000
1995-10-16,8.33480000
1995-10-17,8.33480000
1995-10-18,8.33410000
1995-10-19,8.33420000
1995-10-20,8.33440000
1995-10-23,8.33390000
1995-10-24,8.33360000
1995-10-25,8.33370000
1995-10-26,8.33430000
1995-10-27,8.33440000
1995-10-30,8.33490000
1995-10-31,8.33490000
1995-11-01,8.33460000
1995-11-02,8.33480000
1995-11-03,8.33470000
1995-11-06,8.33470000
1995-11-07,8.33490000
1995-11-08,8.33480000
1995-11-09,8.33460000
1995-11-10,8.33400000
1995-11-13,8.33390000
1995-11-14,8.33360000
1995-11-15,8.33310000
1995-11-16,8.33350000
1995-11-17,8.33320000
1995-11-20,8.33300000
1995-11-21,8.33290000
1995-11-22,8.33280000
1995-11-24,8.33220000
1995-11-27,8.33220000
1995-11-28,8.33160000
1995-11-29,8.33160000
1995-11-30,8.33160000
1995-12-01,8.33270000
1995-12-04,8.33310000
1995-12-05,8.33320000
1995-12-06,8.33330000
1995-12-07,8.33350000
1995-12-08,8.33380000
1995-12-11,8.32000000
1995-12-12,8.33480000
1995-12-13,8.33460000
1995-12-14,8.33540000
1995-12-15,8.33710000
1995-12-18,8.33800000
1995-12-19,8.33760000
1995-12-20,8.33740000
1995-12-21,8.33730000
1995-12-22,8.33740000
1995-12-26,8.33790000
1995-12-27,8.33790000
1995-12-28,8.33790000
1995-12-29,8.33740000
1996-01-02,8.33800000
1996-01-03,8.33910000
1996-01-04,8.34030000
1996-01-05,8.34040000
1996-01-08,8.34150000
1996-01-09,8.34140000
1996-01-10,8.34080000
1996-01-11,8.34040000
1996-01-12,8.34040000
1996-01-16,8.34040000
1996-01-17,8.34020000
1996-01-18,8.33910000
1996-01-19,8.33780000
1996-01-22,8.33740000
1996-01-23,8.33700000
1996-01-24,8.33630000
1996-01-25,8.33670000
1996-01-26,8.33570000
1996-01-29,8.33500000
1996-01-30,8.33470000
1996-01-31,8.33380000
1996-02-01,8.33320000
1996-02-02,8.33270000
1996-02-05,8.33310000
1996-02-06,8.33200000
1996-02-07,8.33110000
1996-02-08,8.33000000
1996-02-09,8.32940000
1996-02-12,8.32920000
1996-02-13,8.33040000
1996-02-14,8.33000000
1996-02-15,8.33120000
1996-02-16,8.33360000
1996-02-20,8.33520000
1996-02-21,8.33520000
1996-02-22,8.33520000
1996-02-23,8.33520000
1996-02-26,8.33690000
1996-02-27,8.33960000
1996-02-28,8.34070000
1996-02-29,8.34110000
1996-03-01,8.34110000
1996-03-04,8.34080000
1996-03-05,8.34100000
1996-03-06,8.34230000
1996-03-07,8.34290000
1996-03-08,8.34390000
1996-03-11,8.34630000
1996-03-12,8.34990000
1996-03-13,8.35480000
1996-03-14,8.35330000
1996-03-15,8.35170000
1996-03-18,8.35270000
1996-03-19,8.35300000
1996-03-20,8.35200000
1996-03-21,8.35200000
1996-03-22,8.35300000
1996-03-25,8.35490000
1996-03-26,8.35420000
1996-03-27,8.35330000
1996-03-28,8.35350000
1996-03-29,8.35380000
1996-04-01,8.35390000
1996-04-02,8.35390000
1996-04-03,8.35380000
1996-04-04,8.35250000
1996-04-05,8.35110000
1996-04-08,8.35120000
1996-04-09,8.35150000
1996-04-10,8.35180000
1996-04-11,8.35240000
1996-04-12,8.35220000
1996-04-15,8.35210000
1996-04-16,8.35170000
1996-04-17,8.35120000
1996-04-18,8.35090000
1996-04-19,8.35060000
1996-04-22,8.35000000
1996-04-23,8.35020000
1996-04-24,8.35010000
1996-04-25,8.35010000
1996-04-26,8.35000000
1996-04-29,8.35060000
1996-04-30,8.35010000
1996-05-01,8.35010000
1996-05-02,8.35010000
1996-05-03,8.35000000
1996-05-06,8.35000000
1996-05-07,8.35000000
1996-05-08,8.35000000
1996-05-09,8.35010000
1996-05-10,8.35020000
1996-05-13,8.35020000
1996-05-14,8.35000000
1996-05-15,8.35010000
1996-05-16,8.35000000
1996-05-17,8.34930000
1996-05-20,8.34840000
1996-05-21,8.34730000
1996-05-22,8.34720000
1996-05-23,8.34670000
1996-05-24,8.34670000
1996-05-28,8.34480000
1996-05-29,8.33000000
1996-05-30,8.34630000
1996-05-31,8.34550000
1996-06-03,8.34540000
1996-06-04,8.34490000
1996-06-05,8.34390000
1996-06-06,8.34340000
1996-06-07,8.34370000
1996-06-10,8.34340000
1996-06-11,8.34350000
1996-06-12,8.34290000
1996-06-13,8.34210000
1996-06-14,8.34170000
1996-06-17,8.34220000
1996-06-18,8.34240000
1996-06-19,8.34180000
1996-06-20,8.34120000
1996-06-21,8.34030000
1996-06-24,8.34010000
1996-06-25,8.34060000
1996-06-26,8.34060000
1996-06-27,8.34100000
1996-06-28,8.34210000
1996-07-01,8.34170000
1996-07-02,8.34110000
1996-07-03,8.34010000
1996-07-05,8.34000000
1996-07-08,8.33870000
1996-07-09,8.33720000
1996-07-10,8.33610000
1996-07-11,8.33600000
1996-07-12,8.33590000
1996-07-15,8.33650000
1996-07-16,8.34510000
1996-07-17,8.34520000
1996-07-18,8.34470000
1996-07-19,8.34520000
1996-07-22,8.34400000
1996-07-23,8.34320000
1996-07-24,8.34300000
1996-07-25,8.34270000
1996-07-26,8.34140000
1996-07-29,8.34110000
1996-07-30,8.34090000
1996-07-31,8.34070000
1996-08-01,8.34050000
1996-08-02,8.34040000
1996-08-05,8.34000000
1996-08-06,8.33980000
1996-08-07,8.33950000
1996-08-08,8.33950000
1996-08-09,8.33900000
1996-08-12,8.33860000
1996-08-13,8.33800000
1996-08-14,8.33740000
1996-08-15,8.33720000
1996-08-16,8.33690000
1996-08-19,8.33660000
1996-08-20,8.33650000
1996-08-21,8.33710000
1996-08-22,8.33690000
1996-08-23,8.33710000
1996-08-26,8.33710000
1996-08-27,8.33690000
1996-08-28,8.33660000
1996-08-29,8.33640000
1996-08-30,8.33630000
1996-09-03,8.33600000
1996-09-04,8.33610000
1996-09-05,8.33590000
1996-09-06,8.33570000
1996-09-09,8.33550000
1996-09-10,8.33540000
1996-09-11,8.33530000
1996-09-12,8.33520000
1996-09-13,8.33500000
1996-09-16,8.33450000
1996-09-17,8.33430000
1996-09-18,8.33410000
1996-09-19,8.33360000
1996-09-20,8.33300000
1996-09-23,8.33240000
1996-09-24,8.33220000
1996-09-25,8.33250000
1996-09-26,8.33210000
1996-09-27,8.33170000
1996-09-30,8.33170000
1996-10-01,8.33170000
1996-10-02,8.33170000
1996-10-03,8.33150000
1996-10-04,8.33070000
1996-10-07,8.33070000
1996-10-08,8.33150000
1996-10-09,8.33050000
1996-10-10,8.32990000
1996-10-11,8.32930000
1996-10-15,8.32810000
1996-10-16,8.32750000
1996-10-17,8.32700000
1996-10-18,8.32780000
1996-10-21,8.33000000
1996-10-22,8.33000000
1996-10-23,8.33000000
1996-10-24,8.33000000
1996-10-25,8.33000000
1996-10-28,8.33000000
1996-10-29,8.33000000
1996-10-30,8.33000000
1996-10-31,8.33000000
1996-11-01,8.32850000
1996-11-04,8.32790000
1996-11-05,8.32770000
1996-11-06,8.32750000
1996-11-07,8.32730000
1996-11-08,8.32700000
1996-11-12,8.32670000
1996-11-13,8.32810000
1996-11-14,8.32940000
1996-11-15,8.33000000
1996-11-18,8.33020000
1996-11-19,8.33020000
1996-11-20,8.33010000
1996-11-21,8.33110000
1996-11-22,8.33170000
1996-11-25,8.33170000
1996-11-26,8.33120000
1996-11-27,8.33100000
1996-11-29,8.33120000
1996-12-02,8.33120000
1996-12-03,8.33110000
1996-12-04,8.33130000
1996-12-05,8.33130000
1996-12-06,8.33020000
1996-12-09,8.32960000
1996-12-10,8.32940000
1996-12-11,8.32920000
1996-12-12,8.32950000
1996-12-13,8.32900000
1996-12-16,8.32860000
1996-12-17,8.32830000
1996-12-18,8.32790000
1996-12-19,8.32750000
1996-12-20,8.32700000
1996-12-23,8.32770000
1996-12-24,8.32800000
1996-12-26,8.32770000
1996-12-27,8.32820000
1996-12-30,8.32820000
1996-12-31,8.32840000
1997-01-02,8.32830000
1997-01-03,8.32830000
1997-01-06,8.32800000
1997-01-07,8.32760000
1997-01-08,8.32720000
1997-01-09,8.32680000
1997-01-10,8.32670000
1997-01-13,8.32660000
1997-01-14,8.32640000
1997-01-15,8.32620000
1997-01-16,8.32580000
1997-01-17,8.32560000
1997-01-21,8.32550000
1997-01-22,8.32540000
1997-01-23,8.32540000
1997-01-24,8.32510000
1997-01-27,8.32480000
1997-01-28,8.32440000
1997-01-29,8.32400000
1997-01-30,8.32380000
1997-01-31,8.32340000
1997-02-03,8.32310000
1997-02-04,8.32270000
1997-02-05,8.32250000
1997-02-06,8.32160000
1997-02-07,8.32160000
1997-02-10,8.32160000
1997-02-11,8.32160000
1997-02-12,8.32000000
1997-02-13,8.32220000
1997-02-14,8.32250000
1997-02-18,8.32210000
1997-02-19,8.32380000
1997-02-20,8.32390000
1997-02-21,8.32410000
1997-02-24,8.32380000
1997-02-25,8.32000000
1997-02-26,8.32480000
1997-02-27,8.32480000
1997-02-28,8.32540000
1997-03-03,8.32600000
1997-03-04,8.32530000
1997-03-05,8.32500000
1997-03-06,8.32570000
1997-03-07,8.32570000
1997-03-10,8.32530000
1997-03-11,8.32520000
1997-03-12,8.32530000
1997-03-13,8.32550000
1997-03-14,8.32550000
1997-03-17,8.32580000
1997-03-18,8.32580000
1997-03-19,8.32590000
1997-03-20,8.32590000
1997-03-21,8.32560000
1997-03-24,8.32560000
1997-03-25,8.32680000
1997-03-26,8.32660000
1997-03-27,8.32640000
1997-03-28,8.32640000
1997-03-31,8.32550000
1997-04-01,8.32530000
1997-04-02,8.32630000
1997-04-03,8.32690000
1997-04-04,8.32680000
1997-04-07,8.32660000
1997-04-08,8.32660000
1997-04-09,8.32650000
1997-04-10,8.32650000
1997-04-11,8.32690000
1997-04-14,8.32650000
1997-04-15,8.32610000
1997-04-16,8.32560000
1997-04-17,8.32510000
1997-04-18,8.32510000
1997-04-21,8.32480000
1997-04-22,8.32490000
1997-04-23,8.32460000
1997-04-24,8.32480000
1997-04-25,8.32430000
1997-04-28,8.32490000
1997-04-29,8.32490000
1997-04-30,8.32450000
1997-05-01,8.32450000
1997-05-02,8.32450000
1997-05-05,8.32470000
1997-05-06,8.32430000
1997-05-07,8.32380000
1997-05-08,8.32340000
1997-05-09,8.32310000
1997-05-12,8.32300000
1997-05-13,8.32280000
1997-05-14,8.32250000
1997-05-15,8.32210000
1997-05-16,8.32180000
1997-05-19,8.32230000
1997-05-20,8.32190000
1997-05-21,8.32210000
1997-05-22,8.32230000
1997-05-23,8.32230000
1997-05-27,8.32160000
1997-05-28,8.32240000
1997-05-29,8.32240000
1997-05-30,8.32210000
1997-06-02,8.32170000
1997-06-03,8.32190000
1997-06-04,8.32150000
1997-06-05,8.32210000
1997-06-06,8.32320000
1997-06-09,8.32230000
1997-06-10,8.32220000
1997-06-11,8.32230000
1997-06-12,8.32350000
1997-06-13,8.32300000
1997-06-16,8.32310000
1997-06-17,8.32280000
1997-06-18,8.32250000
1997-06-19,8.32150000
1997-06-20,8.32150000
1997-06-23,8.32160000
1997-06-24,8.32140000
1997-06-25,8.32100000
1997-06-26,8.32100000
1997-06-27,8.32900000
1997-06-30,8.32070000
1997-07-01,8.32080000
1997-07-02,8.32100000
1997-07-03,8.32140000
1997-07-07,8.32180000
1997-07-08,8.32190000
1997-07-09,8.32200000
1997-07-10,8.32130000
1997-07-11,8.32060000
1997-07-14,8.32100000
1997-07-15,8.32160000
1997-07-16,8.32190000
1997-07-17,8.32100000
1997-07-18,8.32150000
1997-07-21,8.32110000
1997-07-22,8.32090000
1997-07-23,8.32090000
1997-07-24,8.32080000
1997-07-25,8.32050000
1997-07-28,8.30030000
1997-07-29,8.29130000
1997-07-30,8.29110000
1997-07-31,8.29130000
1997-08-01,8.32030000
1997-08-04,8.32050000
1997-08-05,8.32030000
1997-08-06,8.32000000
1997-08-07,8.32030000
1997-08-08,8.31970000
1997-08-11,8.31960000
1997-08-12,8.31910000
1997-08-13,8.31160000
1997-08-14,8.31930000
1997-08-15,8.31190000
1997-08-18,8.31850000
1997-08-19,8.31900000
1997-08-20,8.32000000
1997-08-21,8.31910000
1997-08-22,8.31900000
1997-08-25,8.31900000
1997-08-26,8.31900000
1997-08-27,8.31920000
1997-08-28,8.31850000
1997-08-29,8.31840000
1997-09-02,8.31830000
1997-09-03,8.31890000
1997-09-04,8.31910000
1997-09-05,8.31840000
1997-09-09,8.31810000
1997-09-10,8.31870000
1997-09-11,8.31890000
1997-09-12,8.31810000
1997-09-15,8.31810000
1997-09-16,8.31710000
1997-09-17,8.31750000
1997-09-18,8.31730000
1997-09-19,8.31640000
1997-09-22,8.31590000
1997-09-23,8.31540000
1997-09-24,8.31510000
1997-09-25,8.31500000
1997-09-26,8.31500000
1997-09-29,8.31520000
1997-09-30,8.31490000
1997-10-01,8.31490000
1997-10-02,8.31490000
1997-10-03,8.31490000
1997-10-06,8.31450000
1997-10-07,8.31450000
1997-10-08,8.31000000
1997-10-09,8.31410000
1997-10-10,8.31350000
1997-10-14,8.31320000
1997-10-15,8.31390000
1997-10-16,8.31420000
1997-10-17,8.31390000
1997-10-20,8.31350000
1997-10-21,8.31320000
1997-10-22,8.31000000
1997-10-23,8.31360000
1997-10-24,8.31330000
1997-10-27,8.31340000
1997-10-28,8.31300000
1997-10-29,8.31320000
1997-10-30,8.31360000
1997-10-31,8.31340000
1997-11-03,8.31290000
1997-11-04,8.31260000
1997-11-05,8.31220000
1997-11-06,8.31200000
1997-11-07,8.31170000
1997-11-10,8.31130000
1997-11-12,8.31080000
1997-11-13,8.31050000
1997-11-14,8.31060000
1997-11-17,8.31050000
1997-11-18,8.31040000
1997-11-19,8.31030000
1997-11-20,8.31030000
1997-11-21,8.31020000
1997-11-24,8.31010000
1997-11-25,8.31000000
1997-11-26,8.31010000
1997-11-28,8.30960000
1997-12-01,8.30960000
1997-12-02,8.30990000
1997-12-03,8.31010000
1997-12-04,8.31000000
1997-12-05,8.31000000
1997-12-08,8.31000000
1997-12-09,8.31000000
1997-12-10,8.31000000
1997-12-11,8.30960000
1997-12-12,8.30930000
1997-12-15,8.31000000
1997-12-16,8.31000000
1997-12-17,8.31000000
1997-12-18,8.31000000
1997-12-19,8.31000000
1997-12-22,8.31000000
1997-12-23,8.31000000
1997-12-24,8.31000000
1997-12-26,8.30930000
1997-12-29,8.31000000
1997-12-30,8.31000000
1997-12-31,8.31000000
1998-01-02,8.31000000
1998-01-05,8.31000000
1998-01-06,8.31000000
1998-01-07,8.30000000
1998-01-08,8.31000000
1998-01-09,8.31000000
1998-01-12,8.31000000
1998-01-13,8.31000000
1998-01-14,8.31000000
1998-01-15,8.31000000
1998-01-16,8.30890000
1998-01-20,8.31000000
1998-01-21,8.31000000
1998-01-22,8.31000000
1998-01-23,8.31000000
1998-01-26,8.31000000
1998-01-27,8.31000000
1998-01-28,8.31000000
1998-01-29,8.31000000
1998-01-30,8.31000000
1998-02-02,8.27900000
1998-02-03,8.31000000
1998-02-04,8.31000000
1998-02-05,8.31000000
1998-02-06,8.30950000
1998-02-09,8.29000000
1998-02-10,8.31000000
1998-02-11,8.31000000
1998-02-12,8.31000000
1998-02-13,8.30960000
1998-02-17,8.31000000
1998-02-18,8.31000000
1998-02-19,8.31000000
1998-02-20,8.30920000
1998-02-23,8.31000000
1998-02-24,8.31000000
1998-02-25,8.30900000
1998-02-26,8.31000000
1998-02-27,8.31000000
1998-03-02,8.31000000
1998-03-03,8.31000000
1998-03-04,8.31000000
1998-03-05,8.30910000
1998-03-06,8.31800000
1998-03-09,8.31000000
1998-03-10,8.31000000
1998-03-11,8.31000000
1998-03-12,8.31000000
1998-03-13,8.31000000
1998-03-16,8.28000000
1998-03-17,8.31000000
1998-03-18,8.31000000
1998-03-19,8.31000000
1998-03-20,8.31000000
1998-03-23,8.31000000
1998-03-24,8.31000000
1998-03-25,8.31000000
1998-03-26,8.31000000
1998-03-27,8.31000000
1998-03-30,8.31000000
1998-03-31,8.28000000
1998-04-01,8.31000000
1998-04-02,8.31000000
1998-04-03,8.28000000
1998-04-06,8.31000000
1998-04-07,8.31000000
1998-04-08,8.31000000
1998-04-09,8.31000000
1998-04-10,8.31000000
1998-04-13,8.31000000
1998-04-14,8.31000000
1998-04-15,8.31000000
1998-04-16,8.31000000
1998-04-17,8.31000000
1998-04-20,8.31000000
1998-04-21,8.31000000
1998-04-22,8.31000000
1998-04-23,8.31000000
1998-04-24,8.27860000
1998-04-27,8.27900000
1998-04-28,8.31000000
1998-04-29,8.31000000
1998-04-30,8.31000000
1998-05-01,8.27790000
1998-05-04,8.31000000
1998-05-05,8.31000000
1998-05-06,8.31000000
1998-05-07,8.31000000
1998-05-08,8.31000000
1998-05-11,8.31000000
1998-05-12,8.31000000
1998-05-13,8.31000000
1998-05-14,8.31000000
1998-05-15,8.31000000
1998-05-18,8.31000000
1998-05-19,8.31000000
1998-05-20,8.31000000
1998-05-21,8.31000000
1998-05-22,8.31000000
1998-05-26,8.31000000
1998-05-27,8.31000000
1998-05-28,8.31000000
1998-05-29,8.31000000
1998-06-01,8.31000000
1998-06-02,8.31000000
1998-06-03,8.31000000
1998-06-04,8.31000000
1998-06-05,8.31000000
1998-06-08,8.31000000
1998-06-09,8.31000000
1998-06-10,8.31000000
1998-06-11,8.31000000
1998-06-12,8.31000000
1998-06-15,8.31000000
1998-06-16,8.31000000
1998-06-17,8.31000000
1998-06-18,8.31000000
1998-06-19,8.31000000
1998-06-22,8.31000000
1998-06-23,8.31000000
1998-06-24,8.31000000
1998-06-25,8.31000000
1998-06-26,8.31000000
1998-06-29,8.31000000
1998-06-30,8.31000000
1998-07-01,8.31000000
1998-07-02,8.31000000
1998-07-03,8.31000000
1998-07-06,8.31000000
1998-07-07,8.31000000
1998-07-08,8.31000000
1998-07-09,8.31000000
1998-07-10,8.31000000
1998-07-13,8.31000000
1998-07-14,8.31000000
1998-07-15,8.31000000
1998-07-16,8.31000000
1998-07-17,8.31000000
1998-07-20,8.31000000
1998-07-21,8.31000000
1998-07-22,8.31000000
1998-07-23,8.31000000
1998-07-24,8.31000000
1998-07-27,8.31000000
1998-07-28,8.31000000
1998-07-29,8.31000000
1998-07-30,8.31000000
1998-07-31,8.31000000
1998-08-03,8.31000000
1998-08-04,8.31000000
1998-08-05,8.31000000
1998-08-06,8.31000000
1998-08-07,8.31000000
1998-08-10,8.31000000
1998-08-11,8.31000000
1998-08-12,8.31000000
1998-08-13,8.31000000
1998-08-14,8.31000000
1998-08-17,8.31000000
1998-08-18,8.31000000
1998-08-19,8.31000000
1998-08-20,8.31000000
1998-08-21,8.31000000
1998-08-24,8.31000000
1998-08-25,8.31000000
1998-08-26,8.31000000
1998-08-27,8.31000000
1998-08-28,8.31000000
1998-08-31,8.31000000
1998-09-01,8.31000000
1998-09-02,8.31000000
1998-09-03,8.31000000
1998-09-04,8.31000000
1998-09-08,8.31000000
1998-09-09,8.31000000
1998-09-10,8.31000000
1998-09-11,8.31000000
1998-09-14,8.31000000
1998-09-15,8.31000000
1998-09-16,8.31000000
1998-09-17,8.31000000
1998-09-18,8.31000000
1998-09-21,8.31000000
1998-09-22,8.31000000
1998-09-23,8.31000000
1998-09-24,8.31000000
1998-09-25,8.31000000
1998-09-28,8.27830000
1998-09-29,8.27820000
1998-09-30,8.27800000
1998-10-01,8.27800000
1998-10-02,8.27800000
1998-10-05,8.27800000
1998-10-06,8.27790000
1998-10-07,8.27780000
1998-10-08,8.27770000
1998-10-09,8.27770000
1998-10-13,8.27760000
1998-10-14,8.27770000
1998-10-15,8.27780000
1998-10-16,8.27760000
1998-10-19,8.27780000
1998-10-20,8.27790000
1998-10-21,8.27780000
1998-10-22,8.27820000
1998-10-23,8.27780000
1998-10-26,8.27770000
1998-10-27,8.27760000
1998-10-28,8.27780000
1998-10-29,8.27760000
1998-10-30,8.27780000
1998-11-02,8.27770000
1998-11-03,8.27800000
1998-11-04,8.27780000
1998-11-05,8.27770000
1998-11-06,8.27790000
1998-11-09,8.27770000
1998-11-10,8.27760000
1998-11-12,8.27750000
1998-11-13,8.27800000
1998-11-16,8.27780000
1998-11-17,8.27780000
1998-11-18,8.27790000
1998-11-19,8.27790000
1998-11-20,8.27770000
1998-11-23,8.27770000
1998-11-24,8.27780000
1998-11-25,8.27770000
1998-11-27,8.27820000
1998-11-30,8.27820000
1998-12-01,8.27820000
1998-12-02,8.27800000
1998-12-03,8.27790000
1998-12-04,8.27770000
1998-12-07,8.27750000
1998-12-08,8.27750000
1998-12-09,8.27750000
1998-12-10,8.27740000
1998-12-11,8.27740000
1998-12-14,8.27770000
1998-12-15,8.27780000
1998-12-16,8.27780000
1998-12-17,8.27770000
1998-12-18,8.27770000
1998-12-21,8.27790000
1998-12-22,8.27820000
1998-12-23,8.27810000
1998-12-24,8.27850000
1998-12-28,8.27820000
1998-12-29,8.27860000
1998-12-30,8.27870000
1998-12-31,8.27890000
1999-01-04,8.27930000
1999-01-05,8.27950000
1999-01-06,8.27950000
1999-01-07,8.27980000
1999-01-08,8.27960000
1999-01-11,8.27970000
1999-01-12,8.27950000
1999-01-13,8.27940000
1999-01-14,8.27900000
1999-01-15,8.27900000
1999-01-19,8.27870000
1999-01-20,8.27910000
1999-01-21,8.27890000
1999-01-22,8.27870000
1999-01-25,8.27840000
1999-01-26,8.27800000
1999-01-27,8.27780000
1999-01-28,8.27780000
1999-01-29,8.27780000
1999-02-01,8.27750000
1999-02-02,8.27750000
1999-02-03,8.27760000
1999-02-04,8.27760000
1999-02-05,8.27760000
1999-02-08,8.27760000
1999-02-09,8.27760000
1999-02-10,8.27760000
1999-02-11,8.27760000
1999-02-12,8.27760000
1999-02-16,8.27870000
1999-02-17,8.27870000
1999-02-18,8.27870000
1999-02-19,8.27870000
1999-02-22,8.27870000
1999-02-23,8.27870000
1999-02-24,8.27870000
1999-02-25,8.27890000
1999-02-26,8.27900000
1999-03-01,8.27920000
1999-03-02,8.27890000
1999-03-03,8.27890000
1999-03-04,8.27830000
1999-03-05,8.27840000
1999-03-08,8.27860000
1999-03-09,8.27910000
1999-03-10,8.27880000
1999-03-11,8.27890000
1999-03-12,8.27890000
1999-03-15,8.27890000
1999-03-16,8.27890000
1999-03-17,8.27880000
1999-03-18,8.27880000
1999-03-19,8.27930000
1999-03-22,8.27920000
1999-03-23,8.27950000
1999-03-24,8.27960000
1999-03-25,8.27980000
1999-03-26,8.28000000
1999-03-29,8.27970000
1999-03-30,8.28000000
1999-03-31,8.28000000
1999-04-01,8.27960000
1999-04-02,8.27940000
1999-04-05,8.27950000
1999-04-06,8.27970000
1999-04-07,8.27970000
1999-04-08,8.27990000
1999-04-09,8.27970000
1999-04-12,8.27970000
1999-04-13,8.27970000
1999-04-14,8.27940000
1999-04-15,8.27890000
1999-04-16,8.27870000
1999-04-19,8.27870000
1999-04-20,8.27830000
1999-04-21,8.27830000
1999-04-22,8.27830000
1999-04-23,8.27840000
1999-04-26,8.27930000
1999-04-27,8.27940000
1999-04-28,8.27910000
1999-04-29,8.27940000
1999-04-30,8.27900000
1999-05-03,8.27900000
1999-05-04,8.27890000
1999-05-05,8.27890000
1999-05-06,8.27860000
1999-05-07,8.27830000
1999-05-10,8.27870000
1999-05-11,8.27820000
1999-05-12,8.27830000
1999-05-13,8.27780000
1999-05-14,8.27840000
1999-05-17,8.27850000
1999-05-18,8.27900000
1999-05-19,8.27830000
1999-05-20,8.27800000
1999-05-21,8.27800000
1999-05-24,8.27850000
1999-05-25,8.27890000
1999-05-26,8.27900000
1999-05-27,8.27880000
1999-05-28,8.27860000
1999-06-01,8.27810000
1999-06-02,8.27870000
1999-06-03,8.27840000
1999-06-04,8.27810000
1999-06-07,8.27810000
1999-06-08,8.27790000
1999-06-09,8.27780000
1999-06-10,8.27770000
1999-06-11,8.27770000
1999-06-14,8.27760000
1999-06-15,8.27810000
1999-06-16,8.27760000
1999-06-17,8.27750000
1999-06-18,8.27740000
1999-06-21,8.27780000
1999-06-22,8.27810000
1999-06-23,8.27840000
1999-06-24,8.27790000
1999-06-25,8.27750000
1999-06-28,8.27800000
1999-06-29,8.27860000
1999-06-30,8.27870000
1999-07-01,8.27860000
1999-07-02,8.27850000
1999-07-06,8.27820000
1999-07-07,8.27830000
1999-07-08,8.27810000
1999-07-09,8.27770000
1999-07-12,8.27760000
1999-07-13,8.27750000
1999-07-14,8.27780000
1999-07-15,8.27750000
1999-07-16,8.27730000
1999-07-19,8.27730000
1999-07-20,8.27770000
1999-07-21,8.27730000
1999-07-22,8.27730000
1999-07-23,8.27720000
1999-07-26,8.27700000
1999-07-27,8.27700000
1999-07-28,8.27700000
1999-07-29,8.27730000
1999-07-30,8.27740000
1999-08-02,8.27700000
1999-08-03,8.27730000
1999-08-04,8.27740000
1999-08-05,8.27740000
1999-08-06,8.27730000
1999-08-09,8.27740000
1999-08-10,8.27720000
1999-08-11,8.27720000
1999-08-12,8.27710000
1999-08-13,8.27700000
1999-08-16,8.27740000
1999-08-17,8.27700000
1999-08-18,8.27720000
1999-08-19,8.27740000
1999-08-20,8.27740000
1999-08-23,8.27720000
1999-08-24,8.27750000
1999-08-25,8.27730000
1999-08-26,8.27730000
1999-08-27,8.27730000
1999-08-30,8.27710000
1999-08-31,8.27700000
1999-09-01,8.27710000
1999-09-02,8.27730000
1999-09-03,8.27750000
1999-09-07,8.27760000
1999-09-08,8.27760000
1999-09-09,8.27740000
1999-09-10,8.27740000
1999-09-13,8.27720000
1999-09-14,8.27750000
1999-09-15,8.27730000
1999-09-16,8.27710000
1999-09-17,8.27730000
1999-09-20,8.27750000
1999-09-21,8.27750000
1999-09-22,8.27770000
1999-09-23,8.27760000
1999-09-24,8.27750000
1999-09-27,8.27750000
1999-09-28,8.27750000
1999-09-29,8.27750000
1999-09-30,8.27780000
1999-10-01,8.27780000
1999-10-04,8.27780000
1999-10-05,8.27700000
1999-10-06,8.27780000
1999-10-07,8.27780000
1999-10-08,8.27800000
1999-10-12,8.27720000
1999-10-13,8.27770000
1999-10-14,8.27740000
1999-10-15,8.27750000
1999-10-18,8.27740000
1999-10-19,8.27730000
1999-10-20,8.27740000
1999-10-21,8.27720000
1999-10-22,8.27730000
1999-10-25,8.27700000
1999-10-26,8.27730000
1999-10-27,8.27750000
1999-10-28,8.27760000
1999-10-29,8.27780000
1999-11-01,8.27790000
1999-11-02,8.27810000
1999-11-03,8.27810000
1999-11-04,8.27800000
1999-11-05,8.27790000
1999-11-08,8.27790000
1999-11-09,8.27800000
1999-11-10,8.27810000
1999-11-12,8.27800000
1999-11-15,8.27810000
1999-11-16,8.27810000
1999-11-17,8.27810000
1999-11-18,8.27840000
1999-11-19,8.27850000
1999-11-22,8.27850000
1999-11-23,8.27840000
1999-11-24,8.27850000
1999-11-26,8.27850000
1999-11-29,8.27850000
1999-11-30,8.27890000
1999-12-01,8.27890000
1999-12-02,8.27880000
1999-12-03,8.27870000
1999-12-06,8.27900000
1999-12-07,8.27900000
1999-12-08,8.27950000
1999-12-09,8.27950000
1999-12-10,8.27950000
1999-12-13,8.27950000
1999-12-14,8.27940000
1999-12-15,8.27940000
1999-12-16,8.27940000
1999-12-17,8.27940000
1999-12-20,8.27940000
1999-12-21,8.27960000
1999-12-22,8.27960000
1999-12-23,8.27950000
1999-12-24,8.27940000
1999-12-27,8.27960000
1999-12-28,8.27970000
1999-12-29,8.27930000
1999-12-30,8.27950000
1999-12-31,8.27950000
2000-01-03,8.27980000
2000-01-04,8.27990000
2000-01-05,8.27980000
2000-01-06,8.27970000
2000-01-07,8.27940000
2000-01-10,8.27940000
2000-01-11,8.27950000
2000-01-12,8.27960000
2000-01-13,8.27695601
2000-01-14,8.27696822
2000-01-17,8.27699624
2000-01-18,8.27702368
2000-01-19,8.27699159
2000-01-20,8.27703439
2000-01-21,8.27701297
2000-01-24,8.27695223
2000-01-25,8.27697842
2000-01-26,8.27697375
2000-01-27,8.27696472
2000-01-28,8.27701056
2000-01-31,8.27698907
2000-02-01,8.27703399
2000-02-02,8.27704024
2000-02-03,8.27697989
2000-02-04,8.27697001
2000-02-07,8.27695301
2000-02-08,8.27698677
2000-02-09,8.27702839
2000-02-10,8.27695582
2000-02-11,8.27701255
2000-02-14,8.27698389
2000-02-15,8.27705052
2000-02-16,8.27702978
2000-02-17,8.27704406
2000-02-18,8.27696054
2000-02-21,8.27696054
2000-02-22,8.27699062
2000-02-23,8.27701629
2000-02-24,8.27702566
2000-02-25,8.27697952
2000-02-28,8.27699969
2000-02-29,8.27702285
2000-03-01,8.27702493
2000-03-02,8.27701799
2000-03-03,8.27704731
2000-03-06,8.27697095
2000-03-07,8.27697279
2000-03-08,8.27695693
2000-03-09,8.27703827
2000-03-10,8.27702070
2000-03-13,8.27696583
2000-03-14,8.27702703
2000-03-15,8.27697730
2000-03-16,8.27703612
2000-03-17,8.27698511
2000-03-20,8.27699434
2000-03-21,8.27698175
2000-03-22,8.27699677
2000-03-23,8.27702983
2000-03-24,8.27699434
2000-03-27,8.27697694
2000-03-28,8.27697730
2000-03-29,8.27696488
2000-03-30,8.27702773
2000-03-31,8.27698105
2000-04-03,8.27697616
2000-04-04,8.27699727
2000-04-05,8.27695648
2000-04-06,8.27698701
2000-04-07,8.27697616
2000-04-10,8.27695516
2000-04-11,8.27704816
2000-04-12,8.27704678
2000-04-13,8.27702632
2000-04-14,8.27704403
2000-04-17,8.27702914
2000-04-18,8.27703485
2000-04-19,8.27703203
2000-04-20,8.27698379
2000-04-21,8.27850000
2000-04-24,8.27860000
2000-04-25,8.27703720
2000-04-26,8.27694985
2000-04-27,8.27698352
2000-04-28,8.27705008
2000-05-01,8.27990000
2000-05-02,8.27698552
2000-05-03,8.27701111
2000-05-04,8.27696435
2000-05-05,8.27704809
2000-05-08,8.27703307
2000-05-09,8.27701047
2000-05-10,8.27703964
2000-05-11,8.27701289
2000-05-12,8.27699635
2000-05-15,8.27703072
2000-05-16,8.27699945
2000-05-17,8.27695584
2000-05-18,8.27700738
2000-05-19,8.27695775
2000-05-22,8.27700000
2000-05-23,8.27702777
2000-05-24,8.27698395
2000-05-25,8.27702928
2000-05-26,8.27704255
2000-05-29,8.27704599
2000-05-30,8.27695267
2000-05-31,8.27700742
2000-06-01,8.27695606
2000-06-02,8.27696419
2000-06-05,8.27700625
2000-06-06,8.27696363
2000-06-07,8.27695206
2000-06-08,8.27699628
2000-06-09,8.27702845
2000-06-12,8.27700220
2000-06-13,8.27694876
2000-06-14,8.27698215
2000-06-15,8.27698446
2000-06-16,8.27705175
2000-06-19,8.27697095
2000-06-20,8.27699727
2000-06-21,8.27697994
2000-06-22,8.27698033
2000-06-23,8.27695740
2000-06-26,8.27704514
2000-06-27,8.27699181
2000-06-28,8.27700478
2000-06-29,8.27704125
2000-06-30,8.27699874
2000-07-03,8.27704624
2000-07-04,8.27701065
2000-07-05,8.27702632
2000-07-06,8.27698596
2000-07-07,8.27702204
2000-07-10,8.27701355
2000-07-11,8.27700220
2000-07-12,8.27697652
2000-07-13,8.27703498
2000-07-14,8.27696918
2000-07-17,8.27705304
2000-07-18,8.27702341
2000-07-19,8.27701823
2000-07-20,8.27700651
2000-07-21,8.27704795
2000-07-24,8.27700386
2000-07-25,8.27704570
2000-07-26,8.27699681
2000-07-27,8.27702631
2000-07-28,8.27695127
2000-07-31,8.27696635
2000-08-01,8.27698618
2000-08-02,8.27696347
2000-08-03,8.27702703
2000-08-04,8.27704573
2000-08-07,8.27697050
2000-08-08,8.27699790
2000-08-09,8.27705338
2000-08-10,8.27704573
2000-08-11,8.27704774
2000-08-14,8.27699478
2000-08-15,8.27703444
2000-08-16,8.27700617
2000-08-17,8.27702407
2000-08-18,8.27698039
2000-08-21,8.27695888
2000-08-22,8.27697280
2000-08-23,8.27696793
2000-08-24,8.27696405
2000-08-25,8.27702029
2000-08-28,8.27700677
2000-08-29,8.27696598
2000-08-30,8.27702323
2000-08-31,8.27700427
2000-09-01,8.27701640
2000-09-04,8.27700000
2000-09-05,8.27695251
2000-09-06,8.27704695
2000-09-07,8.27697095
2000-09-08,8.27704637
2000-09-11,8.27703566
2000-09-12,8.27699094
2000-09-13,8.27698174
2000-09-14,8.27700449
2000-09-15,8.27695879
2000-09-18,8.27703495
2000-09-19,8.27701674
2000-09-20,8.27701746
2000-09-21,8.27698264
2000-09-22,8.27705287
2000-09-25,8.27696693
2000-09-26,8.27703551
2000-09-27,8.27694391
2000-09-28,8.27694746
2000-09-29,8.27701084
2000-10-02,8.27698250
2000-10-03,8.27695995
2000-10-04,8.27697595
2000-10-05,8.27703164
2000-10-06,8.27703091
2000-10-09,8.27705578
2000-10-10,8.27703245
2000-10-11,8.27694954
2000-10-12,8.27694265
2000-10-13,8.27703721
2000-10-16,8.27705323
2000-10-17,8.27695386
2000-10-18,8.27695015
2000-10-19,8.27701819
2000-10-20,8.27697586
2000-10-23,8.27694879
2000-10-24,8.27700930
2000-10-25,8.27699531
2000-10-26,8.27702375
2000-10-27,8.27703027
2000-10-30,8.27705730
2000-10-31,8.27705833
2000-11-01,8.27694646
2000-11-02,8.27700671
2000-11-03,8.27697595
2000-11-06,8.27702781
2000-11-07,8.27704670
2000-11-08,8.27701834
2000-11-09,8.27698980
2000-11-10,8.27695146
2000-11-13,8.27703016
2000-11-14,8.27694279
2000-11-15,8.27698930
2000-11-16,8.27704516
2000-11-17,8.27697715
2000-11-20,8.27697926
2000-11-21,8.27696483
2000-11-22,8.27701981
2000-11-23,8.27696689
2000-11-24,8.27702703
2000-11-27,8.27694504
2000-11-28,8.27695363
2000-11-29,8.27699422
2000-11-30,8.27694611
2000-12-01,8.27704637
2000-12-04,8.27705433
2000-12-05,8.27695800
2000-12-06,8.27695967
2000-12-07,8.27697641
2000-12-08,8.27700956
2000-12-11,8.27703317
2000-12-12,8.27704395
2000-12-13,8.27697759
2000-12-14,8.27695441
2000-12-15,8.27704809
2000-12-18,8.27704662
2000-12-19,8.27698529
2000-12-20,8.27696214
2000-12-21,8.27695167
2000-12-22,8.27694805
2000-12-26,8.27690000
2000-12-27,8.27701396
2000-12-28,8.27700592
2000-12-29,8.27694788
2001-01-02,8.27698185
2001-01-03,8.27701994
2001-01-04,8.27701417
2001-01-05,8.27700367
2001-01-08,8.27703485
2001-01-09,8.27699181
2001-01-10,8.27698683
2001-01-11,8.27701355
2001-01-12,8.27700367
2001-01-15,8.27704709
2001-01-16,8.27698683
2001-01-17,8.27703278
2001-01-18,8.27700978
2001-01-19,8.27702128
2001-01-22,8.27696448
2001-01-23,8.27702775
2001-01-24,8.27695287
2001-01-25,8.27695167
2001-01-26,8.27698309
2001-01-29,8.27694985
2001-01-30,8.27704686
2001-01-31,8.27698268
2001-02-01,8.27695088
2001-02-02,8.27702775
2001-02-05,8.27702918
2001-02-06,8.27697919
2001-02-07,8.27699732
2001-02-08,8.27700651
2001-02-09,8.27701311
2001-02-12,8.27702412
2001-02-13,8.27698113
2001-02-14,8.27696666
2001-02-15,8.27700770
2001-02-16,8.27696697
2001-02-19,8.27699989
2001-02-20,8.27695700
2001-02-21,8.27695167
2001-02-22,8.27705389
2001-02-23,8.27703001
2001-02-26,8.27699066
2001-02-27,8.27698352
2001-02-28,8.27703287
2001-03-01,8.27705254
2001-03-02,8.27704795
2001-03-05,8.27694788
2001-03-06,8.27696950
2001-03-07,8.27699581
2001-03-08,8.27695447
2001-03-09,8.27701186
2001-03-12,8.27696290
2001-03-13,8.27700500
2001-03-14,8.27695491
2001-03-15,8.27703001
2001-03-16,8.27696435
2001-03-19,8.27701201
2001-03-20,8.27705100
2001-03-21,8.27697442
2001-03-22,8.27697154
2001-03-23,8.27695584
2001-03-26,8.27700056
2001-03-27,8.27703307
2001-03-28,8.27697517
2001-03-29,8.27703620
2001-03-30,8.27694746
2001-04-02,8.27701778
2001-04-03,8.27699265
2001-04-04,8.27701506
2001-04-05,8.27705100
2001-04-06,8.27695749
2001-04-09,8.27700155
2001-04-10,8.27702627
2001-04-11,8.27703620
2001-04-12,8.27698045
2001-04-13,8.27690000
2001-04-16,8.27690000
2001-04-17,8.27698783
2001-04-18,8.27705628
2001-04-19,8.27699105
2001-04-20,8.27700523
2001-04-23,8.27704954
2001-04-24,8.27705338
2001-04-25,8.27696435
2001-04-26,8.27704427
2001-04-27,8.27695888
2001-04-30,8.27703921
2001-05-01,8.27740000
2001-05-02,8.27697317
2001-05-03,8.27698529
2001-05-04,8.27698848
2001-05-07,8.27704900
2001-05-08,8.27701331
2001-05-09,8.27699105
2001-05-10,8.27694915
2001-05-11,8.27698621
2001-05-14,8.27695826
2001-05-15,8.27703011
2001-05-16,8.27699796
2001-05-17,8.27702779
2001-05-18,8.27697391
2001-05-21,8.27701622
2001-05-22,8.27702936
2001-05-23,8.27699476
2001-05-24,8.27696420
2001-05-25,8.27703411
2001-05-28,8.27702703
2001-05-29,8.27701123
2001-05-30,8.27705071
2001-05-31,8.27700472
2001-06-01,8.27695211
2001-06-04,8.27698814
2001-06-05,8.27702304
2001-06-06,8.27695189
2001-06-07,8.27699031
2001-06-08,8.27704299
2001-06-11,8.27701907
2001-06-12,8.27696483
2001-06-13,8.27698431
2001-06-14,8.27696656
2001-06-15,8.27695682
2001-06-18,8.27700734
2001-06-19,8.27700572
2001-06-20,8.27698814
2001-06-21,8.27701123
2001-06-22,8.27696998
2001-06-25,8.27698385
2001-06-26,8.27697132
2001-06-27,8.27696590
2001-06-28,8.27705323
2001-06-29,8.27700472
2001-07-02,8.27699586
2001-07-03,8.27703895
2001-07-04,8.27694310
2001-07-05,8.27701259
2001-07-06,8.27695611
2001-07-09,8.27698309
2001-07-10,8.27700410
2001-07-11,8.27697132
2001-07-12,8.27699695
2001-07-13,8.27696452
2001-07-16,8.27694279
2001-07-17,8.27700798
2001-07-18,8.27705678
2001-07-19,8.27696893
2001-07-20,8.27700547
2001-07-23,8.27697095
2001-07-24,8.27698668
2001-07-25,8.27703855
2001-07-26,8.27704245
2001-07-27,8.27703011
2001-07-30,8.27699691
2001-07-31,8.27698458
2001-08-01,8.27696495
2001-08-02,8.27696859
2001-08-03,8.27697025
2001-08-06,8.27700170
2001-08-07,8.27703011
2001-08-08,8.27695995
2001-08-09,8.27696826
2001-08-10,8.27696956
2001-08-13,8.27705483
2001-08-14,8.27698483
2001-08-15,8.27704630
2001-08-16,8.27701225
2001-08-17,8.27697527
2001-08-20,8.27697016
2001-08-21,8.27695004
2001-08-22,8.27701823
2001-08-23,8.27699737
2001-08-24,8.27700922
2001-08-27,8.27700770
2001-08-28,8.27704048
2001-08-29,8.27702258
2001-08-30,8.27696537
2001-08-31,8.27702555
2001-09-03,8.27700617
2001-09-04,8.27703456
2001-09-05,8.27702171
2001-09-06,8.27701863
2001-09-07,8.27703307
2001-09-10,8.27699790
2001-09-11,8.27699688
2001-09-12,8.27695537
2001-09-13,8.27704194
2001-09-14,8.27703655
2001-09-17,8.27705254
2001-09-18,8.27700951
2001-09-19,8.27694967
2001-09-20,8.27702776
2001-09-21,8.27695652
2001-09-24,8.27695330
2001-09-25,8.27702703
2001-09-26,8.27703655
2001-09-27,8.27702336
2001-09-28,8.27696857
2001-10-01,8.27704110
2001-10-02,8.27696158
2001-10-03,8.27701162
2001-10-04,8.27695514
2001-10-05,8.27697842
2001-10-08,8.27696983
2001-10-09,8.27694985
2001-10-10,8.27703590
2001-10-11,8.27698080
2001-10-12,8.27699115
2001-10-15,8.27701440
2001-10-16,8.27695537
2001-10-17,8.27698958
2001-10-18,8.27697762
2001-10-19,8.27694528
2001-10-22,8.27695395
2001-10-23,8.27703387
2001-10-24,8.27699899
2001-10-25,8.27697154
2001-10-26,8.27696106
2001-10-29,8.27695725
2001-10-30,8.27703001
2001-10-31,8.27704048
2001-11-01,8.27701440
2001-11-02,8.27705389
2001-11-05,8.27697802
2001-11-06,8.27697802
2001-11-07,8.27701353
2001-11-08,8.27697280
2001-11-09,8.27704367
2001-11-12,8.27704900
2001-11-13,8.27697354
2001-11-14,8.27695104
2001-11-15,8.27705382
2001-11-16,8.27699265
2001-11-19,8.27703855
2001-11-20,8.27697189
2001-11-21,8.27698783
2001-11-22,8.27705628
2001-11-23,8.27697555
2001-11-26,8.27704695
2001-11-27,8.27696859
2001-11-28,8.27697882
2001-11-29,8.27703387
2001-11-30,8.27702855
2001-12-03,8.27697479
2001-12-04,8.27701640
2001-12-05,8.27704900
2001-12-06,8.27697154
2001-12-07,8.27696106
2001-12-10,8.27694915
2001-12-11,8.27705433
2001-12-12,8.27701947
2001-12-13,8.27699164
2001-12-14,8.27695209
2001-12-17,8.27704719
2001-12-18,8.27696405
2001-12-19,8.27696761
2001-12-20,8.27705338
2001-12-21,8.27697641
2001-12-24,8.27699477
2001-12-26,8.27660000
2001-12-27,8.27700329
2001-12-28,8.27697719
2001-12-31,8.27660000
2002-01-02,8.27705245
2002-01-03,8.27700310
2002-01-04,8.27697119
2002-01-07,8.27703537
2002-01-08,8.27702323
2002-01-09,8.27698688
2002-01-10,8.27702323
2002-01-11,8.27704900
2002-01-14,8.27702476
2002-01-15,8.27695584
2002-01-16,8.27696495
2002-01-17,8.27701553
2002-01-18,8.27695800
2002-01-21,8.27703620
2002-01-22,8.27701019
2002-01-23,8.27698735
2002-01-24,8.27694764
2002-01-25,8.27704029
2002-01-28,8.27698764
2002-01-29,8.27701763
2002-01-30,8.27701921
2002-01-31,8.27694801
2002-02-01,8.27699259
2002-02-04,8.27695511
2002-02-05,8.27697800
2002-02-06,8.27700831
2002-02-07,8.27700831
2002-02-08,8.27700229
2002-02-11,8.27700705
2002-02-12,8.27704787
2002-02-13,8.27694422
2002-02-14,8.27700449
2002-02-15,8.27696726
2002-02-18,8.27699369
2002-02-19,8.27703636
2002-02-20,8.27702162
2002-02-21,8.27697966
2002-02-22,8.27700926
2002-02-25,8.27705181
2002-02-26,8.27700991
2002-02-27,8.27702625
2002-02-28,8.27696220
2002-03-01,8.27699044
2002-03-04,8.27702625
2002-03-05,8.27700991
2002-03-06,8.27697429
2002-03-07,8.27704245
2002-03-08,8.27702626
2002-03-11,8.27697060
2002-03-12,8.27699531
2002-03-13,8.27696359
2002-03-14,8.27695104
2002-03-15,8.27696826
2002-03-18,8.27695632
2002-03-19,8.27704157
2002-03-20,8.27694577
2002-03-21,8.27696495
2002-03-22,8.27697555
2002-03-25,8.27697226
2002-03-26,8.27698295
2002-03-27,8.27704093
2002-03-28,8.27705181
2002-03-29,8.27740000
2002-04-01,8.27800000
2002-04-02,8.27703164
2002-04-03,8.27695104
2002-04-04,8.27704695
2002-04-05,8.27703164
2002-04-08,8.27705628
2002-04-09,8.27695995
2002-04-10,8.27699477
2002-04-11,8.27700705
2002-04-12,8.27695104
2002-04-15,8.27698250
2002-04-16,8.27695104
2002-04-17,8.27702703
2002-04-18,8.27700956
2002-04-19,8.27695251
2002-04-22,8.27696465
2002-04-23,8.27705140
2002-04-24,8.27699055
2002-04-25,8.27695395
2002-04-26,8.27700368
2002-04-29,8.27705245
2002-04-30,8.27697602
2002-05-01,8.27730000
2002-05-02,8.27701506
2002-05-03,8.27700099
2002-05-06,8.27701225
2002-05-07,8.27704110
2002-05-08,8.27695863
2002-05-09,8.27701137
2002-05-10,8.27703444
2002-05-13,8.27703444
2002-05-14,8.27698080
2002-05-15,8.27696567
2002-05-16,8.27696186
2002-05-17,8.27698864
2002-05-20,8.27700500
2002-05-21,8.27699989
2002-05-22,8.27699784
2002-05-23,8.27699989
2002-05-24,8.27699173
2002-05-27,8.27704026
2002-05-28,8.27703944
2002-05-29,8.27703863
2002-05-30,8.27701333
2002-05-31,8.27697880
2002-06-03,8.27703211
2002-06-04,8.27694754
2002-06-05,8.27702486
2002-06-06,8.27700831
2002-06-07,8.27697842
2002-06-10,8.27698488
2002-06-11,8.27705214
2002-06-12,8.27697842
2002-06-13,8.27705214
2002-06-14,8.27695716
2002-06-17,8.27699979
2002-06-18,8.27699283
2002-06-19,8.27695848
2002-06-20,8.27700167
2002-06-21,8.27698215
2002-06-24,8.27696555
2002-06-25,8.27697694
2002-06-26,8.27699909
2002-06-27,8.27697476
2002-06-28,8.27699248
2002-07-01,8.27700999
2002-07-02,8.27698719
2002-07-03,8.27699387
2002-07-04,8.27701736
2002-07-05,8.27701799
2002-07-08,8.27696378
2002-07-09,8.27703927
2002-07-10,8.27702566
2002-07-11,8.27704351
2002-07-12,8.27701813
2002-07-15,8.27703512
2002-07-16,8.27698232
2002-07-17,8.27702703
2002-07-18,8.27699344
2002-07-19,8.27695644
2002-07-22,8.27701765
2002-07-23,8.27699294
2002-07-24,8.27695411
2002-07-25,8.27701218
2002-07-26,8.27697842
2002-07-29,8.27695754
2002-07-30,8.27697001
2002-07-31,8.27701114
2002-08-01,8.27704918
2002-08-02,8.27701813
2002-08-05,8.27704351
2002-08-06,8.27701517
2002-08-07,8.27696432
2002-08-08,8.27696913
2002-08-09,8.27700689
2002-08-12,8.27699387
2002-08-13,8.27696704
2002-08-14,8.27696054
2002-08-15,8.27697658
2002-08-16,8.27704835
2002-08-19,8.27696704
2002-08-20,8.27696078
2002-08-21,8.27699242
2002-08-22,8.27697032
2002-08-23,8.27699288
2002-08-26,8.27698175
2002-08-27,8.27695928
2002-08-28,8.27702015
2002-08-29,8.27704968
2002-08-30,8.27702634
2002-09-02,8.27695754
2002-09-03,8.27699294
2002-09-04,8.27696793
2002-09-05,8.27699248
2002-09-06,8.27697116
2002-09-09,8.27700633
2002-09-10,8.27704918
2002-09-11,8.27695148
2002-09-12,8.27703187
2002-09-13,8.27696228
2002-09-16,8.27698027
2002-09-17,8.27702353
2002-09-18,8.27701799
2002-09-19,8.27695129
2002-09-20,8.27701736
2002-09-23,8.27698098
2002-09-24,8.27696378
2002-09-25,8.27704431
2002-09-26,8.27694978
2002-09-27,8.27702219
2002-09-30,8.27697769
2002-10-01,8.27694960
2002-10-02,8.27697001
2002-10-03,8.27704752
2002-10-04,8.27704004
2002-10-07,8.27701876
2002-10-08,8.27704082
2002-10-09,8.27695129
2002-10-10,8.27696203
2002-10-11,8.27696054
2002-10-14,8.27701813
2002-10-15,8.27696228
2002-10-16,8.27700295
2002-10-17,8.27696405
2002-10-18,8.27704160
2002-10-21,8.27697989
2002-10-22,8.27702703
2002-10-23,8.27703325
2002-10-24,8.27695625
2002-10-25,8.27696405
2002-10-28,8.27696254
2002-10-29,8.27698574
2002-10-30,8.27704835
2002-10-31,8.27696675
2002-11-01,8.27702025
2002-11-04,8.27695093
2002-11-05,8.27703512
2002-11-06,8.27704671
2002-11-07,8.27703985
2002-11-08,8.27703572
2002-11-11,8.27700968
2002-11-12,8.27695665
2002-11-13,8.27701629
2002-11-14,8.27696880
2002-11-15,8.27699671
2002-11-18,8.27699950
2002-11-19,8.27703704
2002-11-20,8.27697375
2002-11-21,8.27695834
2002-11-22,8.27703512
2002-11-25,8.27703180
2002-11-26,8.27699294
2002-11-27,8.27702226
2002-11-28,8.27702839
2002-11-29,8.27702226
2002-12-02,8.27697295
2002-12-03,8.27701415
2002-12-04,8.27700140
2002-12-05,8.27704934
2002-12-06,8.27703378
2002-12-09,8.27702368
2002-12-10,8.27702502
2002-12-11,8.27704381
2002-12-12,8.27697913
2002-12-13,8.27697877
2002-12-16,8.27702703
2002-12-17,8.27699622
2002-12-18,8.27695313
2002-12-19,8.27703689
2002-12-20,8.27703559
2002-12-23,8.27698891
2002-12-24,8.27700078
2002-12-26,8.27730000
2002-12-27,8.27698535
2002-12-30,8.27701017
2002-12-31,8.27700963
2003-01-02,8.27704384
2003-01-03,8.27704003
2003-01-06,8.27698322
2003-01-07,8.27702638
2003-01-08,8.27695866
2003-01-09,8.27695822
2003-01-10,8.27696849
2003-01-13,8.27699308
2003-01-14,8.27701617
2003-01-15,8.27702831
2003-01-16,8.27697842
2003-01-17,8.27703718
2003-01-20,8.27701117
2003-01-21,8.27701117
2003-01-22,8.27701064
2003-01-23,8.27702891
2003-01-24,8.27698442
2003-01-27,8.27700092
2003-01-28,8.27701702
2003-01-29,8.27695988
2003-01-30,8.27698176
2003-01-31,8.27699704
2003-02-03,8.27700624
2003-02-04,8.27702828
2003-02-05,8.27699358
2003-02-06,8.27698141
2003-02-07,8.27704143
2003-02-10,8.27701702
2003-02-11,8.27704091
2003-02-12,8.27695462
2003-02-13,8.27700316
2003-02-14,8.27703141
2003-02-17,8.27696902
2003-02-18,8.27702072
2003-02-19,8.27703648
2003-02-20,8.27696739
2003-02-21,8.27698837
2003-02-24,8.27702640
2003-02-25,8.27696306
2003-02-26,8.27703897
2003-02-27,8.27702828
2003-02-28,8.27703580
2003-03-03,8.27703704
2003-03-04,8.27704002
2003-03-05,8.27703812
2003-03-06,8.27702271
2003-03-07,8.27701785
2003-03-10,8.27703315
2003-03-11,8.27698556
2003-03-12,8.27702213
2003-03-13,8.27696981
2003-03-14,8.27703016
2003-03-17,8.27701139
2003-03-18,8.27696958
2003-03-19,8.27701041
2003-03-20,8.27700151
2003-03-21,8.27695800
2003-03-24,8.27703592
2003-03-25,8.27696193
2003-03-26,8.27702259
2003-03-27,8.27697473
2003-03-28,8.27698043
2003-03-31,8.27700780
2003-04-01,8.27701772
2003-04-02,8.27700831
2003-04-03,8.27695758
2003-04-04,8.27695896
2003-04-07,8.27697978
2003-04-08,8.27701689
2003-04-09,8.27704338
2003-04-10,8.27700139
2003-04-11,8.27703773
2003-04-14,8.27698612
2003-04-15,8.27698442
2003-04-16,8.27703950
2003-04-17,8.27701465
2003-04-18,8.27700000
2003-04-21,8.27690000
2003-04-22,8.27700301
2003-04-23,8.27695541
2003-04-24,8.27698038
2003-04-25,8.27704365
2003-04-28,8.27700680
2003-04-29,8.27701716
2003-04-30,8.27697422
2003-05-01,8.27710000
2003-05-02,8.27698194
2003-05-05,8.27696559
2003-05-06,8.27697461
2003-05-07,8.27697558
2003-05-08,8.27695671
2003-05-09,8.27699285
2003-05-12,8.27696818
2003-05-13,8.27695781
2003-05-14,8.27698061
2003-05-15,8.27701169
2003-05-16,8.27697529
2003-05-19,8.27703399
2003-05-20,8.27696668
2003-05-21,8.27701258
2003-05-22,8.27696246
2003-05-23,8.27701442
2003-05-26,8.27698298
2003-05-27,8.27703554
2003-05-28,8.27696371
2003-05-29,8.27696495
2003-05-30,8.27702588
2003-06-02,8.27698766
2003-06-03,8.27697688
2003-06-04,8.27696519
2003-06-05,8.27702760
2003-06-06,8.27698298
2003-06-09,8.27699130
2003-06-10,8.27703222
2003-06-11,8.27698332
2003-06-12,8.27697290
2003-06-13,8.27699770
2003-06-16,8.27703729
2003-06-17,8.27701958
2003-06-18,8.27703222
2003-06-19,8.27696268
2003-06-20,8.27696268
2003-06-23,8.27697374
2003-06-24,8.27704280
2003-06-25,8.27703229
2003-06-26,8.27702939
2003-06-27,8.27696486
2003-06-30,8.27697558
2003-07-01,8.27696439
2003-07-02,8.27698309
2003-07-03,8.27703587
2003-07-04,8.27699285
2003-07-07,8.27702465
2003-07-08,8.27697334
2003-07-09,8.27697050
2003-07-10,8.27702345
2003-07-11,8.27697746
2003-07-14,8.27701567
2003-07-15,8.27696793
2003-07-16,8.27697971
2003-07-17,8.27700116
2003-07-18,8.27701919
2003-07-21,8.27702942
2003-07-22,8.27699903
2003-07-23,8.27699325
2003-07-24,8.27696869
2003-07-25,8.27698876
2003-07-28,8.27696057
2003-07-29,8.27700227
2003-07-30,8.27697023
2003-07-31,8.27699240
2003-08-01,8.27701674
2003-08-04,8.27699655
2003-08-05,8.27697873
2003-08-06,8.27703652
2003-08-07,8.27701929
2003-08-08,8.27697334
2003-08-11,8.27702523
2003-08-12,8.27696252
2003-08-13,8.27702403
2003-08-14,8.27701863
2003-08-15,8.27696275
2003-08-18,8.27699321
2003-08-19,8.27699955
2003-08-20,8.27698263
2003-08-21,8.27695522
2003-08-22,8.27703323
2003-08-25,8.27700220
2003-08-26,8.27699704
2003-08-27,8.27697809
2003-08-28,8.27696712
2003-08-29,8.27702023
2003-09-01,8.27697218
2003-09-02,8.27698405
2003-09-03,8.27701011
2003-09-04,8.27703827
2003-09-05,8.27703012
2003-09-08,8.27703008
2003-09-09,8.27696453
2003-09-10,8.27703187
2003-09-11,8.27699028
2003-09-12,8.27703187
2003-09-15,8.27701445
2003-09-16,8.27699154
2003-09-17,8.27702462
2003-09-18,8.27697077
2003-09-19,8.27696252
2003-09-22,8.27703174
2003-09-23,8.27704117
2003-09-24,8.27699285
2003-09-25,8.27703820
2003-09-26,8.27700879
2003-09-29,8.27696486
2003-09-30,8.27703399
2003-10-01,8.27701140
2003-10-02,8.27702703
2003-10-03,8.27699812
2003-10-06,8.27696692
2003-10-07,8.27702243
2003-10-08,8.27697139
2003-10-09,8.27697659
2003-10-10,8.27697659
2003-10-13,8.27703628
2003-10-14,8.27703283
2003-10-15,8.27697318
2003-10-16,8.27696944
2003-10-17,8.27696692
2003-10-20,8.27697996
2003-10-21,8.27703691
2003-10-22,8.27697965
2003-10-23,8.27702359
2003-10-24,8.27697139
2003-10-27,8.27698332
2003-10-28,8.27696393
2003-10-29,8.27695995
2003-10-30,8.27701091
2003-10-31,8.27697470
2003-11-03,8.27698680
2003-11-04,8.27703174
2003-11-05,8.27699817
2003-11-06,8.27696742
2003-11-07,8.27696078
2003-11-10,8.27701820
2003-11-11,8.27702879
2003-11-12,8.27698276
2003-11-13,8.27696918
2003-11-14,8.27700807
2003-11-17,8.27698695
2003-11-18,8.27704194
2003-11-19,8.27699412
2003-11-20,8.27701738
2003-11-21,8.27699807
2003-11-24,8.27700245
2003-11-25,8.27698453
2003-11-26,8.27696990
2003-11-27,8.27701227
2003-11-28,8.27697182
2003-12-01,8.27697812
2003-12-02,8.27699374
2003-12-03,8.27697901
2003-12-04,8.27695875
2003-12-05,8.27699181
2003-12-08,8.27696841
2003-12-09,8.27696198
2003-12-10,8.27698341
2003-12-11,8.27701649
2003-12-12,8.27697079
2003-12-15,8.27702371
2003-12-16,8.27700786
2003-12-17,8.27697171
2003-12-18,8.27702975
2003-12-19,8.27701723
2003-12-22,8.27698247
2003-12-23,8.27703357
2003-12-24,8.27702104
2003-12-26,8.27680000
2003-12-29,8.27698216
2003-12-30,8.27696863
2003-12-31,8.27703880
2004-01-02,8.27700127
2004-01-05,8.27700087
2004-01-06,8.27696770
2004-01-07,8.27699345
2004-01-08,8.27703024
2004-01-09,8.27698830
2004-01-12,8.27697225
2004-01-13,8.27696290
2004-01-14,8.27702490
2004-01-15,8.27700831
2004-01-16,8.27703514
2004-01-19,8.27697406
2004-01-20,8.27696235
2004-01-21,8.27698897
2004-01-22,8.27702596
2004-01-23,8.27702490
2004-01-26,8.27697813
2004-01-27,8.27698330
2004-01-28,8.27700390
2004-01-29,8.27702919
2004-01-30,8.27697028
2004-02-02,8.27702432
2004-02-03,8.27699642
2004-02-04,8.27698818
2004-02-05,8.27696098
2004-02-06,8.27703727
2004-02-09,8.27703925
2004-02-10,8.27702914
2004-02-11,8.27697161
2004-02-12,8.27698797
2004-02-13,8.27699750
2004-02-16,8.27697983
2004-02-17,8.27702598
2004-02-18,8.27698066
2004-02-19,8.27703552
2004-02-20,8.27702756
2004-02-23,8.27703562
2004-02-24,8.27701469
2004-02-25,8.27698155
2004-02-26,8.27700096
2004-02-27,8.27701723
2004-03-01,8.27699455
2004-03-02,8.27697146
2004-03-03,8.27703203
2004-03-04,8.27702313
2004-03-05,8.27698491
2004-03-08,8.27703140
2004-03-09,8.27700024
2004-03-10,8.27701439
2004-03-11,8.27700718
2004-03-12,8.27699224
2004-03-15,8.27699951
2004-03-16,8.27700405
2004-03-17,8.27703861
2004-03-18,8.27697578
2004-03-19,8.27697667
2004-03-22,8.27701773
2004-03-23,8.27696318
2004-03-24,8.27697606
2004-03-25,8.27703594
2004-03-26,8.27700649
2004-03-29,8.27702591
2004-03-30,8.27701649
2004-03-31,8.27699607
2004-04-01,8.27702922
2004-04-02,8.27699302
2004-04-05,8.28595124
2004-04-06,8.25508685
2004-04-07,8.27014296
2004-04-08,8.27976190
2004-04-09,8.27690000
2004-04-12,8.27700000
2004-04-13,8.36066806
2004-04-14,8.31239517
2004-04-15,8.27837475
2004-04-16,8.26315789
2004-04-19,8.20001661
2004-04-20,8.27419084
2004-04-21,8.27771206
2004-04-22,8.25124231
2004-04-23,8.26865797
2004-04-26,8.30073412
2004-04-27,8.25195592
2004-04-28,8.26312253
2004-04-29,8.33367157
2004-04-30,8.19318657
2004-05-03,8.27281854
2004-05-04,8.20288533
2004-05-05,8.27766782
2004-05-06,8.27905249
2004-05-07,8.27631906
2004-05-10,8.27771679
2004-05-11,8.30438834
2004-05-12,8.28118411
2004-05-13,8.27767910
2004-05-14,8.29173022
2004-05-17,8.15927805
2004-05-18,8.27630810
2004-05-19,8.27558595
2004-05-20,8.27981882
2004-05-21,8.20480426
2004-05-24,8.32820856
2004-05-25,8.28110752
2004-05-26,8.27697010
2004-05-27,8.23682696
2004-05-28,8.27764168
2004-05-31,8.27832432
2004-06-01,8.27634699
2004-06-02,8.24666015
2004-06-03,8.27564207
2004-06-04,8.29263296
2004-06-07,8.27899992
2004-06-08,8.27696437
2004-06-09,8.37023937
2004-06-10,8.27497511
2004-06-11,8.28185907
2004-06-14,8.28047663
2004-06-15,8.27632562
2004-06-16,8.27218444
2004-06-17,8.28659195
2004-06-18,8.27977080
2004-06-21,8.27972259
2004-06-22,8.29203540
2004-06-23,8.27632994
2004-06-24,8.28039927
2004-06-25,8.27566321
2004-06-28,8.27293578
2004-06-29,8.27833018
2004-06-30,8.27766351
2004-07-01,8.27901052
2004-07-02,8.28111623
2004-07-05,8.27360026
2004-07-06,8.27768300
2004-07-07,8.27563324
2004-07-08,8.27769679
2004-07-09,8.27837051
2004-07-12,8.27764782
2004-07-13,8.27901714
2004-07-14,8.28034892
2004-07-15,8.27969937
2004-07-16,8.28033676
2004-07-19,8.27570093
2004-07-20,8.29503432
2004-07-21,8.33693884
2004-07-22,8.29523965
2004-07-23,8.32860307
2004-07-26,8.27632985
2004-07-27,8.27901052
2004-07-28,8.28386239
2004-07-29,8.27906203
2004-07-30,8.27834538
2004-08-02,8.26669432
2004-08-03,8.29970055
2004-08-04,8.30459818
2004-08-05,8.23575818
2004-08-06,8.27909483
2004-08-09,8.28643749
2004-08-10,8.27632543
2004-08-11,8.28038911
2004-08-12,8.27831266
2004-08-13,8.27563630
2004-08-16,8.27770122
2004-08-17,8.27565246
2004-08-18,8.27564674
2004-08-19,8.28303261
2004-08-20,8.28170504
2004-08-23,8.30604082
2004-08-24,8.27704094
2004-08-25,8.31677841
2004-08-26,8.26471074
2004-08-27,8.28729830
2004-08-30,8.27699842
2004-08-31,8.27759888
2004-09-01,8.27744905
2004-09-02,8.27974039
2004-09-03,8.27498973
2004-09-06,8.27835308
2004-09-07,8.27767199
2004-09-08,8.27560429
2004-09-09,8.27700763
2004-09-10,8.27899173
2004-09-13,8.27566198
2004-09-14,8.27768244
2004-09-15,8.27635235
2004-09-16,8.27973351
2004-09-17,8.27901073
2004-09-20,8.27703594
2004-09-21,8.27696318
2004-09-22,8.27766435
2004-09-23,8.27568006
2004-09-24,8.27699976
2004-09-27,8.27835809
2004-09-28,8.27969193
2004-09-29,8.27696178
2004-09-30,8.27834636
2004-10-01,8.27567872
2004-10-04,8.27566030
2004-10-05,8.27966515
2004-10-06,8.27967758
2004-10-07,8.27225429
2004-10-08,8.27900934
2004-10-11,8.27767915
2004-10-12,8.27899610
2004-10-13,8.27838917
2004-10-14,8.27769249
2004-10-15,8.27831481
2004-10-18,8.27697611
2004-10-19,8.27564154
2004-10-20,8.27831612
2004-10-21,8.27899413
2004-10-22,8.29208314
2004-10-25,8.27509381
2004-10-26,8.27831665
2004-10-27,8.27634459
2004-10-28,8.32908504
2004-10-29,8.27895109
2004-11-01,8.27894572
2004-11-02,8.27768595
2004-11-03,8.27826564
2004-11-04,8.27310859
2004-11-05,8.27955818
2004-11-08,8.27699930
2004-11-09,8.27828983
2004-11-10,8.27510210
2004-11-11,8.27959659
2004-11-12,8.27637180
2004-11-15,8.27510614
2004-11-16,8.27954668
2004-11-17,8.27828957
2004-11-18,8.27702703
2004-11-19,8.27703533
2004-11-22,8.27829356
2004-11-23,8.27381771
2004-11-24,8.27886810
2004-11-25,8.27949746
2004-11-26,8.27889409
2004-11-29,8.27447724
2004-11-30,8.28010530
2004-12-01,8.27576350
2004-12-02,8.27887938
2004-12-03,8.27827068
2004-12-06,8.28195013
2004-12-07,8.28069263
2004-12-08,8.28631579
2004-12-09,8.27200301
2004-12-10,8.27890228
2004-12-13,8.27946940
2004-12-14,8.27821581
2004-12-15,8.23679295
2004-12-16,8.28191926
2004-12-17,8.27947829
2004-12-20,8.27702198
2004-12-21,8.27698970
2004-12-22,8.27697250
2004-12-23,8.27697681
2004-12-24,8.27699010
2004-12-27,8.27700155
2004-12-28,8.27697499
2004-12-29,8.27696943
2004-12-30,8.27697736
2004-12-31,8.27699875
2005-01-03,8.27696750
2005-01-04,8.27699214
2005-01-05,8.27699637
2005-01-06,8.27702344
2005-01-07,8.27696970
2005-01-10,8.27703579
2005-01-11,8.27702960
2005-01-12,8.27703783
2005-01-13,8.27698005
2005-01-14,8.27698419
2005-01-17,8.27703477
2005-01-18,8.27702910
2005-01-19,8.27700069
2005-01-20,8.27697897
2005-01-21,8.27701921
2005-01-24,8.27699962
2005-01-25,8.27700576
2005-01-26,8.27697040
2005-01-27,8.27698449
2005-01-28,8.27702340
2005-01-31,8.27702340
2005-02-01,8.27696323
2005-02-02,8.27700789
2005-02-03,8.27697869
2005-02-04,8.27697175
2005-02-07,8.27701651
2005-02-08,8.27702914
2005-02-09,8.27699420
2005-02-10,8.27698208
2005-02-11,8.27701284
2005-02-14,8.27701087
2005-02-15,8.27696681
2005-02-16,8.27699387
2005-02-17,8.27697262
2005-02-18,8.27701511
2005-02-21,8.27698200
2005-02-22,8.27696506
2005-02-23,8.27698250
2005-02-24,8.27699849
2005-02-25,8.27702241
2005-02-28,8.27698574
2005-03-01,8.27701271
2005-03-02,8.27700176
2005-03-03,8.27700852
2005-03-04,8.27701106
2005-03-07,8.27703266
2005-03-08,8.27698928
2005-03-09,8.27701184
2005-03-10,8.27697815
2005-03-11,8.27698271
2005-03-14,8.27699671
2005-03-15,8.27699320
2005-03-16,8.27697600
2005-03-17,8.27702198
2005-03-18,8.27697869
2005-03-21,8.27699068
2005-03-22,8.27696395
2005-03-23,8.27701149
2005-03-24,8.27699892
2005-03-25,8.27650000
2005-03-28,8.27650000
2005-03-29,8.27703853
2005-03-30,8.27698370
2005-03-31,8.27699784
2005-04-01,8.27648738
2005-04-04,8.27648840
2005-04-05,8.27650273
2005-04-06,8.27651633
2005-04-07,8.27648379
2005-04-08,8.27646462
2005-04-11,8.27646288
2005-04-12,8.27647285
2005-04-13,8.27650518
2005-04-14,8.27652106
2005-04-15,8.27649984
2005-04-18,8.27647104
2005-04-19,8.27646968
2005-04-20,8.27649628
2005-04-21,8.27653546
2005-04-22,8.27651602
2005-04-25,8.27649236
2005-04-26,8.27648101
2005-04-27,8.27647059
2005-04-28,8.27648198
2005-04-29,8.27653006
2005-05-02,8.27652958
2005-05-03,8.27652458
2005-05-04,8.27653825
2005-05-05,8.27651691
2005-05-06,8.27651193
2005-05-09,8.27651279
2005-05-10,8.27648981
2005-05-11,8.27650986
2005-05-12,8.27648579
2005-05-13,8.27653344
2005-05-16,8.27647432
2005-05-17,8.27651155
2005-05-18,8.27652325
2005-05-19,8.27653852
2005-05-20,8.27651305
2005-05-23,8.27653809
2005-05-24,8.27653166
2005-05-25,8.27650430
2005-05-26,8.27653118
2005-05-27,8.27647199
2005-05-30,8.27653945
2005-05-31,8.27653880
2005-06-01,8.27649657
2005-06-02,8.27652287
2005-06-03,8.27650745
2005-06-06,8.27648305
2005-06-07,8.27651608
2005-06-08,8.27653359
2005-06-09,8.27649318
2005-06-10,8.27647396
2005-06-13,8.27648814
2005-06-14,8.27646573
2005-06-15,8.27649350
2005-06-16,8.27651671
2005-06-17,8.27650489
2005-06-20,8.27649468
2005-06-21,8.27646378
2005-06-22,8.27652547
2005-06-23,8.27647936
2005-06-24,8.27652707
2005-06-27,8.27647156
2005-06-28,8.27647788
2005-06-29,8.27650572
2005-06-30,8.27646378
2005-07-01,8.27649541
2005-07-04,8.27652598
2005-07-05,8.27652950
2005-07-06,8.27650466
2005-07-07,8.27649076
2005-07-08,8.27646169
2005-07-11,8.27652840
2005-07-12,8.27650830
2005-07-13,8.27651018
2005-07-14,8.27653932
2005-07-15,8.27648472
2005-07-18,8.27650572
2005-07-19,8.27655662
2005-07-20,8.27654812
2005-07-21,8.10995323
2005-07-22,8.11109281
2005-07-25,8.10965603
2005-07-26,8.10986902
2005-07-27,8.11276063
2005-07-28,8.10801653
2005-07-29,8.10559828
2005-08-01,8.10459121
2005-08-02,8.10321683
2005-08-03,8.10513487
2005-08-04,8.10268691
2005-08-05,8.10366543
2005-08-08,8.10897332
2005-08-09,8.10697825
2005-08-10,8.10616466
2005-08-11,8.10020153
2005-08-12,8.09801718
2005-08-15,8.09713916
2005-08-16,8.10021928
2005-08-17,8.09970722
2005-08-18,8.10071236
2005-08-19,8.10473611
2005-08-22,8.10563323
2005-08-23,8.10120167
2005-08-24,8.10048317
2005-08-25,8.10022816
2005-08-26,8.09653043
2005-08-29,8.09536984
2005-08-30,8.09728265
2005-08-31,8.09977045
2005-09-01,8.09493058
2005-09-02,8.09353321
2005-09-05,8.09156165
2005-09-06,8.09132420
2005-09-07,8.09252269
2005-09-08,8.09454018
2005-09-09,8.09561015
2005-09-12,8.09234143
2005-09-13,8.09400456
2005-09-14,8.09119701
2005-09-15,8.08868527
2005-09-16,8.08707016
2005-09-19,8.09078178
2005-09-20,8.08902419
2005-09-21,8.09112474
2005-09-22,8.08810537
2005-09-23,8.09102162
2005-09-26,8.09292661
2005-09-27,8.09196168
2005-09-28,8.09387721
2005-09-29,8.09301169
2005-09-30,8.09201129
2005-10-03,8.09201374
2005-10-04,8.09197521
2005-10-05,8.09198962
2005-10-06,8.09203217
2005-10-07,8.09197958
2005-10-10,8.08636664
2005-10-11,8.08792214
2005-10-12,8.08952365
2005-10-13,8.08848080
2005-10-14,8.08959080
2005-10-17,8.08767260
2005-10-18,8.09097763
2005-10-19,8.09238494
2005-10-20,8.09052121
2005-10-21,8.08849484
2005-10-24,8.09159411
2005-10-25,8.09012233
2005-10-26,8.08674019
2005-10-27,8.08623248
2005-10-28,8.08403361
2005-10-31,8.08450470
2005-11-01,8.08602598
2005-11-02,8.08514009
2005-11-03,8.08412923
2005-11-04,8.08556105
2005-11-07,8.08770298
2005-11-08,8.08670471
2005-11-09,8.08570455
2005-11-10,8.08467948
2005-11-11,8.08557750
2005-11-14,8.08307009
2005-11-15,8.08451187
2005-11-16,8.08349747
2005-11-17,8.08450222
2005-11-18,8.08322630
2005-11-21,8.08331217
2005-11-22,8.08392445
2005-11-23,8.08160666
2005-11-24,8.08053976
2005-11-25,8.08152682
2005-11-28,8.08246631
2005-11-29,8.07962351
2005-11-30,8.08038066
2005-12-01,8.07977863
2005-12-02,8.08061896
2005-12-05,8.08081924
2005-12-06,8.07799372
2005-12-07,8.07711358
2005-12-08,8.07803468
2005-12-09,8.07653797
2005-12-12,8.07698113
2005-12-13,8.07513627
2005-12-14,8.07462562
2005-12-15,8.07400617
2005-12-16,8.07352082
2005-12-19,8.07297320
2005-12-20,8.07402760
2005-12-21,8.07648248
2005-12-22,8.07748266
2005-12-23,8.07622902
2005-12-27,8.07399595
2005-12-28,8.07250755
2005-12-29,8.07086681
2005-12-30,8.07018734
2006-01-02,8.07018434
2006-01-03,8.07023158
2006-01-04,8.07018125
2006-01-05,8.06783587
2006-01-06,8.06747705
2006-01-09,8.06648452
2006-01-10,8.06913130
2006-01-11,8.07048312
2006-01-12,8.06852142
2006-01-13,8.06910873
2006-01-16,8.06728864
2006-01-17,8.06757764
2006-01-18,8.07043299
2006-01-19,8.06866562
2006-01-20,8.06479947
2006-01-23,8.06451087
2006-01-24,8.06250000
2006-01-25,8.06303888
2006-01-26,8.06202056
2006-01-27,8.06079527
2006-01-30,8.06083430
2006-01-31,8.06081862
2006-02-01,8.06078399
2006-02-02,8.06083209
2006-02-03,8.06077440
2006-02-06,8.05600534
2006-02-07,8.05662741
2006-02-08,8.05448611
2006-02-09,8.05579686
2006-02-10,8.05162907
2006-02-13,8.04719044
2006-02-14,8.04773912
2006-02-15,8.04813508
2006-02-16,8.04950245
2006-02-17,8.04931299
2006-02-20,8.04827355
2006-02-21,8.04846296
2006-02-22,8.04968421
2006-02-23,8.04900895
2006-02-24,8.04320780
2006-02-27,8.04201822
2006-02-28,8.04151579
2006-03-01,8.03898277
2006-03-02,8.03942622
2006-03-03,8.03801997
2006-03-06,8.03819589
2006-03-07,8.04247461
2006-03-08,8.04750713
2006-03-09,8.04798658
2006-03-10,8.04916520
2006-03-13,8.05032713
2006-03-14,8.04753934
2006-03-15,8.03883253
2006-03-16,8.03496561
2006-03-17,8.02855970
2006-03-20,8.02497125
2006-03-21,8.02717391
2006-03-22,8.03057420
2006-03-23,8.02961427
2006-03-24,8.03383741
2006-03-27,8.02453222
2006-03-28,8.02118504
2006-03-29,8.02797203
2006-03-30,8.02703373
2006-03-31,8.01701917
2006-04-03,8.02097322
2006-04-04,8.01939920
2006-04-05,8.01158049
2006-04-06,8.00982781
2006-04-07,8.01297315
2006-04-10,8.00396727
2006-04-11,8.01098720
2006-04-12,8.01204124
2006-04-13,8.02480569
2006-04-14,8.01750000
2006-04-17,8.01580000
2006-04-18,8.01403852
2006-04-19,8.01279767
2006-04-20,8.01263567
2006-04-21,8.02103126
2006-04-24,8.01852002
2006-04-25,8.01601610
2006-04-26,8.02197183
2006-04-27,8.02046077
2006-04-28,8.01651113
2006-05-01,8.01650000
2006-05-02,8.01653089
2006-05-03,8.01647916
2006-05-04,8.01651842
2006-05-05,8.01647226
2006-05-08,8.00697711
2006-05-09,8.00653698
2006-05-10,8.00477346
2006-05-11,8.00621265
2006-05-12,8.00820815
2006-05-15,7.99820677
2006-05-16,8.01498010
2006-05-17,8.00597733
2006-05-18,8.01801096
2006-05-19,8.01503877
2006-05-22,8.02258292
2006-05-23,8.01759988
2006-05-24,8.02303323
2006-05-25,8.02681301
2006-05-26,8.02156755
2006-05-29,8.02821759
2006-05-30,8.02842901
2006-05-31,8.01880634
2006-06-01,8.02096420
2006-06-02,8.02138119
2006-06-05,8.00956938
2006-06-06,8.01478945
2006-06-07,8.01681132
2006-06-08,8.01743227
2006-06-09,8.01801090
2006-06-12,8.01606745
2006-06-13,8.00795482
2006-06-14,8.00509432
2006-06-15,7.99992070
2006-06-16,7.99762865
2006-06-19,8.00182670
2006-06-20,8.00358680
2006-06-21,7.99897087
2006-06-22,7.99753616
2006-06-23,8.00263958
2006-06-26,8.00382135
2006-06-27,7.99912469
2006-06-28,7.99952267
2006-06-29,8.00007981
2006-06-30,7.99559506
2006-07-03,7.99241595
2006-07-04,7.99351106
2006-07-05,7.99437236
2006-07-06,7.99599529
2006-07-07,7.99358272
2006-07-10,7.99082497
2006-07-11,7.99246231
2006-07-12,7.99158937
2006-07-13,7.99479987
2006-07-14,7.99557871
2006-07-17,7.99696994
2006-07-18,8.00159604
2006-07-19,8.00240346
2006-07-20,7.99177410
2006-07-21,7.98966877
2006-07-24,7.98448508
2006-07-25,7.98702121
2006-07-26,7.98768571
2006-07-27,7.98076470
2006-07-28,7.97062539
2006-07-31,7.97000078
2006-08-01,7.97303864
2006-08-02,7.97132364
2006-08-03,7.97676238
2006-08-04,7.97842402
2006-08-07,7.96887160
2006-08-08,7.97320664
2006-08-09,7.97717214
2006-08-10,7.97098857
2006-08-11,7.97596869
2006-08-14,7.97900613
2006-08-15,8.00149312
2006-08-16,7.98850934
2006-08-17,7.96863110
2006-08-18,7.97453523
2006-08-21,7.96563201
2006-08-22,7.96643771
2006-08-23,7.96987200
2006-08-24,7.97248850
2006-08-25,7.97633600
2006-08-28,7.97070312
2006-08-29,7.96221112
2006-08-30,7.95872991
2006-08-31,7.95268851
2006-09-01,7.95318717
2006-09-04,7.93853097
2006-09-05,7.94879001
2006-09-06,7.94426640
2006-09-07,7.94101013
2006-09-08,7.94847794
2006-09-11,7.95422009
2006-09-12,7.94649461
2006-09-13,7.94856827
2006-09-14,7.94600330
2006-09-15,7.94303748
2006-09-18,7.94678247
2006-09-19,7.93630473
2006-09-20,7.92647523
2006-09-21,7.92333674
2006-09-22,7.91948194
2006-09-25,7.92120927
2006-09-26,7.91051595
2006-09-27,7.90200252
2006-09-28,7.89648391
2006-09-29,7.90410742
2006-10-02,7.90413875
2006-10-03,7.90413755
2006-10-04,7.90413119
2006-10-05,7.90409559
2006-10-06,7.90413771
2006-10-09,7.89946838
2006-10-10,7.91122986
2006-10-11,7.91493263
2006-10-12,7.91477137
2006-10-13,7.90151394
2006-10-16,7.90978825
2006-10-17,7.90817630
2006-10-18,7.90767759
2006-10-19,7.91019823
2006-10-20,7.90252021
2006-10-23,7.89909207
2006-10-24,7.90247987
2006-10-25,7.90198728
2006-10-26,7.89591401
2006-10-27,7.88961602
2006-10-30,7.87379099
2006-10-31,7.87901701
2006-11-01,7.87238379
2006-11-02,7.87350200
2006-11-03,7.87163009
2006-11-06,7.88112108
2006-11-07,7.87448060
2006-11-08,7.86607702
2006-11-09,7.86652079
2006-11-10,7.86450560
2006-11-13,7.86671863
2006-11-14,7.86689021
2006-11-15,7.86866792
2006-11-16,7.87152452
2006-11-17,7.87177078
2006-11-20,7.87399735
2006-11-21,7.87100047
2006-11-22,7.86473692
2006-11-23,7.86196248
2006-11-24,7.85250038
2006-11-27,7.84360226
2006-11-28,7.83996349
2006-11-29,7.83126853
2006-11-30,7.83340909
2006-12-01,7.83600121
2006-12-04,7.82748516
2006-12-05,7.82176881
2006-12-06,7.82341419
2006-12-07,7.82356923
2006-12-08,7.82449533
2006-12-11,7.83501556
2006-12-12,7.83079130
2006-12-13,7.82653600
2006-12-14,7.81852638
2006-12-15,7.82748360
2006-12-18,7.82023673
2006-12-19,7.82117343
2006-12-20,7.81519352
2006-12-21,7.81696767
2006-12-22,7.81632808
2006-12-26,7.81990000
2006-12-27,7.82149099
2006-12-28,7.81408943
2006-12-29,7.80508732
2007-01-02,7.80512434
2007-01-03,7.80507898
2007-01-04,7.80901877
2007-01-05,7.80472333
2007-01-08,7.81700753
2007-01-09,7.80496236
2007-01-10,7.80712966
2007-01-11,7.79490142
2007-01-12,7.79841775
2007-01-15,7.79182443
2007-01-16,7.79001004
2007-01-17,7.77403362
2007-01-18,7.77101068
2007-01-19,7.77388486
2007-01-22,7.77427335
2007-01-23,7.77806748
2007-01-24,7.77247213
2007-01-25,7.77053475
2007-01-26,7.77583133
2007-01-29,7.77447566
2007-01-30,7.77497687
2007-01-31,7.77389223
2007-02-01,7.75852535
2007-02-02,7.75599078
2007-02-05,7.76092843
2007-02-06,7.75553840
2007-02-07,7.74797875
2007-02-08,7.74836425
2007-02-09,7.74759745
2007-02-12,7.75702377
2007-02-13,7.76616495
2007-02-14,7.75752943
2007-02-15,7.75549973
2007-02-16,7.74258709
2007-02-19,7.74261346
2007-02-20,7.74256371
2007-02-21,7.74256371
2007-02-22,7.74263696
2007-02-23,7.74257652
2007-02-26,7.75349544
2007-02-27,7.74149660
2007-02-28,7.74051926
2007-03-01,7.74351607
2007-03-02,7.74648636
2007-03-05,7.74998089
2007-03-06,7.74152672
2007-03-07,7.74000761
2007-03-08,7.73996350
2007-03-09,7.74450779
2007-03-12,7.75197628
2007-03-13,7.74300197
2007-03-14,7.73799590
2007-03-15,7.74398911
2007-03-16,7.73598499
2007-03-19,7.73599940
2007-03-20,7.73751504
2007-03-21,7.73399534
2007-03-22,7.72661224
2007-03-23,7.72799580
2007-03-26,7.73818319
2007-03-27,7.73342324
2007-03-28,7.72947258
2007-03-29,7.72700719
2007-03-30,7.73021475
2007-04-02,7.73402663
2007-04-03,7.73147178
2007-04-04,7.73247454
2007-04-05,7.72429522
2007-04-06,7.72480000
2007-04-09,7.72900000
2007-04-10,7.73499181
2007-04-11,7.72499627
2007-04-12,7.72599688
2007-04-13,7.72169672
2007-04-16,7.73313653
2007-04-17,7.72913130
2007-04-18,7.72180894
2007-04-19,7.71649143
2007-04-20,7.71791857
2007-04-23,7.72457033
2007-04-24,7.72610808
2007-04-25,7.71609642
2007-04-26,7.72631656
2007-04-27,7.71347944
2007-04-30,7.70393238
2007-05-01,7.70650000
2007-05-02,7.70392994
2007-05-03,7.70388599
2007-05-04,7.70393039
2007-05-07,7.70392949
2007-05-08,7.69597286
2007-05-09,7.69353528
2007-05-10,7.69357581
2007-05-11,7.67662761
2007-05-14,7.68027161
2007-05-15,7.68680750
2007-05-16,7.68196552
2007-05-17,7.67068659
2007-05-18,7.66862061
2007-05-21,7.66728652
2007-05-22,7.65467519
2007-05-23,7.65300222
2007-05-24,7.65191850
2007-05-25,7.65270441
2007-05-28,7.64498625
2007-05-29,7.64971500
2007-05-30,7.64709389
2007-05-31,7.64662157
2007-06-01,7.64729086
2007-06-04,7.65116452
2007-06-05,7.64122081
2007-06-06,7.63583216
2007-06-07,7.64870082
2007-06-08,7.65503034
2007-06-11,7.66319730
2007-06-12,7.64361184
2007-06-13,7.63603522
2007-06-14,7.64296452
2007-06-15,7.62543188
2007-06-18,7.63130409
2007-06-19,7.61747370
2007-06-20,7.61800849
2007-06-21,7.61879525
2007-06-22,7.62071274
2007-06-25,7.61941906
2007-06-26,7.61589896
2007-06-27,7.61876767
2007-06-28,7.61513329
2007-06-29,7.61318030
2007-07-02,7.60472476
2007-07-03,7.59436806
2007-07-04,7.59472757
2007-07-05,7.59838710
2007-07-06,7.60098558
2007-07-09,7.60149769
2007-07-10,7.58100395
2007-07-11,7.56307715
2007-07-12,7.56730490
2007-07-13,7.56951096
2007-07-16,7.56781075
2007-07-17,7.56292208
2007-07-18,7.56397416
2007-07-19,7.56316932
2007-07-20,7.57400565
2007-07-23,7.56197091
2007-07-24,7.56249548
2007-07-25,7.55810231
2007-07-26,7.56551523
2007-07-27,7.56230313
2007-07-30,7.56739146
2007-07-31,7.57240826
2007-08-01,7.57037254
2007-08-02,7.57179450
2007-08-03,7.56798598
2007-08-06,7.56100738
2007-08-07,7.57032043
2007-08-08,7.57481514
2007-08-09,7.56457135
2007-08-10,7.57399267
2007-08-13,7.58149586
2007-08-14,7.57596939
2007-08-15,7.58578213
2007-08-16,7.60402835
2007-08-17,7.59506466
2007-08-20,7.58711784
2007-08-21,7.59061297
2007-08-22,7.60001482
2007-08-23,7.58700457
2007-08-24,7.56658098
2007-08-27,7.56040416
2007-08-28,7.55649883
2007-08-29,7.54867581
2007-08-30,7.54099927
2007-08-31,7.54498358
2007-09-03,7.54430751
2007-09-04,7.54970545
2007-09-05,7.54967618
2007-09-06,7.53837150
2007-09-07,7.53950058
2007-09-10,7.52142080
2007-09-11,7.52322049
2007-09-12,7.52157004
2007-09-13,7.51046989
2007-09-14,7.51601732
2007-09-17,7.52273546
2007-09-18,7.52282397
2007-09-19,7.51348837
2007-09-20,7.51446900
2007-09-21,7.50359456
2007-09-24,7.51059307
2007-09-25,7.51120091
2007-09-26,7.51497133
2007-09-27,7.51480959
2007-09-28,7.50610057
2007-10-01,7.50611298
2007-10-02,7.50610660
2007-10-03,7.50609369
2007-10-04,7.50613084
2007-10-05,7.50608376
2007-10-08,7.50621052
2007-10-09,7.51699081
2007-10-10,7.51152269
2007-10-11,7.50566941
2007-10-12,7.51252381
2007-10-15,7.52839871
2007-10-16,7.51802120
2007-10-17,7.51542254
2007-10-18,7.51108469
2007-10-19,7.50797872
2007-10-22,7.50861217
2007-10-23,7.50470043
2007-10-24,7.49262122
2007-10-25,7.48200433
2007-10-26,7.49756674
2007-10-29,7.47453269
2007-10-30,7.47081280
2007-10-31,7.46300270
2007-11-01,7.45267975
2007-11-02,7.45583259
2007-11-05,7.45506626
2007-11-06,7.45301437
2007-11-07,7.44212743
2007-11-08,7.42070094
2007-11-09,7.41081523
2007-11-12,7.41230537
2007-11-13,7.43349079
2007-11-14,7.42530612
2007-11-15,7.42277478
2007-11-16,7.42570473
2007-11-19,7.42862017
2007-11-20,7.42177883
2007-11-21,7.41103011
2007-11-22,7.41452559
2007-11-23,7.40596934
2007-11-26,7.39690131
2007-11-27,7.38402582
2007-11-28,7.39452092
2007-11-29,7.38241281
2007-11-30,7.39997290
2007-12-03,7.40249557
2007-12-04,7.39848043
2007-12-05,7.38797554
2007-12-06,7.40950941
2007-12-07,7.40303092
2007-12-10,7.39523033
2007-12-11,7.38052072
2007-12-12,7.37696763
2007-12-13,7.36920248
2007-12-14,7.37149356
2007-12-17,7.38727159
2007-12-18,7.38519700
2007-12-19,7.37678137
2007-12-20,7.36943341
2007-12-21,7.36961057
2007-12-24,7.34747882
2007-12-26,7.34500000
2007-12-27,7.31751171
2007-12-28,7.30411108
2007-12-31,7.30412336
2008-01-02,7.29336874
2008-01-03,7.27248695
2008-01-04,7.27296802
2008-01-07,7.26896692
2008-01-08,7.26433186
2008-01-09,7.26198910
2008-01-10,7.27192743
2008-01-11,7.26203353
2008-01-14,7.25162806
2008-01-15,7.24210668
2008-01-16,7.23242293
2008-01-17,7.24851950
2008-01-18,7.24178820
2008-01-21,7.23650048
2008-01-22,7.23920243
2008-01-23,7.23198847
2008-01-24,7.22880720
2008-01-25,7.21020061
2008-01-28,7.19701796
2008-01-29,7.19447641
2008-01-30,7.19162728
2008-01-31,7.18177539
2008-02-01,7.18899859
2008-02-04,7.18841459
2008-02-05,7.18348312
2008-02-06,7.18398194
2008-02-07,7.19061020
2008-02-08,7.18397299
2008-02-11,7.18401870
2008-02-12,7.18400055
2008-02-13,7.19998629
2008-02-14,7.19041433
2008-02-15,7.18249966
2008-02-18,7.16227111
2008-02-19,7.15798399
2008-02-20,7.14362718
2008-02-21,7.14128664
2008-02-22,7.14176994
2008-02-25,7.15219005
2008-02-26,7.15799381
2008-02-27,7.14198352
2008-02-28,7.11328616
2008-02-29,7.11149206
2008-03-03,7.10412419
2008-03-04,7.10601079
2008-03-05,7.10812056
2008-03-06,7.10588158
2008-03-07,7.11098138
2008-03-10,7.10286832
2008-03-11,7.10286755
2008-03-12,7.10098856
2008-03-13,7.09000449
2008-03-14,7.08939014
2008-03-17,7.08300571
2008-03-18,7.08103481
2008-03-19,7.06302575
2008-03-20,7.05161123
2008-03-21,7.05150000
2008-03-24,7.05500000
2008-03-25,7.04476845
2008-03-26,7.03182686
2008-03-27,7.01051565
2008-03-28,7.01202836
2008-03-31,7.01201619
2008-04-01,7.01162197
2008-04-02,7.01842375
2008-04-03,7.01577998
2008-04-04,7.01577407
2008-04-07,7.00152934
2008-04-08,7.00082834
2008-04-09,7.00171690
2008-04-10,6.99162205
2008-04-11,7.00650540
2008-04-14,6.99899174
2008-04-15,6.99248168
2008-04-16,6.99177549
2008-04-17,6.98380796
2008-04-18,6.99347275
2008-04-21,7.00000000
2008-04-22,6.98970561
2008-04-23,6.98268507
2008-04-24,6.99701947
2008-04-25,7.01000256
2008-04-28,7.00140773
2008-04-29,6.98497206
2008-04-30,6.98751609
2008-05-01,6.98760000
2008-05-02,6.98751456
2008-05-05,6.98790427
2008-05-06,6.98731324
2008-05-07,6.98710305
2008-05-08,7.00521275
2008-05-09,6.99178419
2008-05-12,6.98820480
2008-05-13,6.98888386
2008-05-14,7.00297947
2008-05-15,6.99457154
2008-05-16,6.98903084
2008-05-19,6.97528407
2008-05-20,6.97352772
2008-05-21,6.95969022
2008-05-22,6.94300222
2008-05-23,6.94168467
2008-05-26,6.93661570
2008-05-27,6.94796954
2008-05-28,6.94443025
2008-05-29,6.93807472
2008-05-30,6.94202992
2008-06-02,6.93299401
2008-06-03,6.92503046
2008-06-04,6.93902754
2008-06-05,6.94650045
2008-06-06,6.92299801
2008-06-09,6.92302331
2008-06-10,6.92547984
2008-06-11,6.91840155
2008-06-12,6.90750470
2008-06-13,6.90179969
2008-06-16,6.90038165
2008-06-17,6.89151644
2008-06-18,6.88207578
2008-06-19,6.87759189
2008-06-20,6.88007687
2008-06-23,6.87397719
2008-06-24,6.86992549
2008-06-25,6.86531188
2008-06-26,6.86567923
2008-06-27,6.86220472
2008-06-30,6.85428825
2008-07-01,6.85610143
2008-07-02,6.85303049
2008-07-03,6.85099150
2008-07-04,6.85891136
2008-07-07,6.86901795
2008-07-08,6.85102314
2008-07-09,6.85701559
2008-07-10,6.84281895
2008-07-11,6.83397537
2008-07-14,6.84501798
2008-07-15,6.82107567
2008-07-16,6.81130413
2008-07-17,6.82131365
2008-07-18,6.81689428
2008-07-21,6.82999117
2008-07-22,6.82172247
2008-07-23,6.82968045
2008-07-24,6.82892135
2008-07-25,6.81803737
2008-07-28,6.83665693
2008-07-29,6.82642471
2008-07-30,6.82718584
2008-07-31,6.83178528
2008-08-01,6.84249390
2008-08-04,6.85147116
2008-08-05,6.85562084
2008-08-06,6.84817160
2008-08-07,6.86141814
2008-08-08,6.85882977
2008-08-11,6.85771383
2008-08-12,6.86321862
2008-08-13,6.85700866
2008-08-14,6.85999866
2008-08-15,6.86998438
2008-08-18,6.87098749
2008-08-19,6.86550385
2008-08-20,6.85462196
2008-08-21,6.84420143
2008-08-22,6.83333333
2008-08-25,6.84810727
2008-08-26,6.84497876
2008-08-27,6.83801720
2008-08-28,6.82749983
2008-08-29,6.83501866
2008-09-01,6.82559332
2008-09-02,6.83969413
2008-09-03,6.84343190
2008-09-04,6.83648537
2008-09-05,6.84221240
2008-09-08,6.84332348
2008-09-09,6.83809389
2008-09-10,6.83851284
2008-09-11,6.84649060
2008-09-12,6.84501635
2008-09-15,6.84502862
2008-09-16,6.84902222
2008-09-17,6.83696569
2008-09-18,6.83402289
2008-09-19,6.83499579
2008-09-22,6.83000480
2008-09-23,6.81352250
2008-09-24,6.82368958
2008-09-25,6.81700680
2008-09-26,6.84849727
2008-09-29,6.84849118
2008-09-30,6.84849332
2008-10-01,6.84851928
2008-10-02,6.84852190
2008-10-03,6.84848923
2008-10-06,6.84296611
2008-10-07,6.81690141
2008-10-08,6.81712912
2008-10-09,6.82049408
2008-10-10,6.83570219
2008-10-13,6.82579368
2008-10-14,6.83900524
2008-10-15,6.83200000
2008-10-16,6.82971792
2008-10-17,6.83400477
2008-10-20,6.82993147
2008-10-21,6.83373786
2008-10-22,6.83407304
2008-10-23,6.83536300
2008-10-24,6.84328358
2008-10-27,6.85232745
2008-10-28,6.83897493
2008-10-29,6.84698512
2008-10-30,6.83797468
2008-10-31,6.83953908
2008-11-03,6.83809078
2008-11-04,6.83603744
2008-11-05,6.82820513
2008-11-06,6.82498042
2008-11-07,6.82549389
2008-11-10,6.82662323
2008-11-11,6.82513533
2008-11-12,6.82952913
2008-11-13,6.83001996
2008-11-14,6.82422091
2008-11-17,6.82693523
2008-11-18,6.82842014
2008-11-19,6.82847871
2008-11-20,6.83447616
2008-11-21,6.83113791
2008-11-24,6.82838801
2008-11-25,6.82600890
2008-11-26,6.82868187
2008-11-27,6.82798450
2008-11-28,6.83491789
2008-12-01,6.88483503
2008-12-02,6.88698118
2008-12-03,6.88299136
2008-12-04,6.88169572
2008-12-05,6.88116857
2008-12-08,6.88003734
2008-12-09,6.87350055
2008-12-10,6.86328820
2008-12-11,6.85130533
2008-12-12,6.84272864
2008-12-15,6.85003701
2008-12-16,6.84653031
2008-12-17,6.83569244
2008-12-18,6.82950192
2008-12-19,6.84648494
2008-12-22,6.85096636
2008-12-23,6.84847618
2008-12-24,6.83970011
2008-12-26,6.84090000
2008-12-29,6.85269797
2008-12-30,6.83529579
2008-12-31,6.82302220
2009-01-02,6.82302034
2009-01-05,6.83117361
2009-01-06,6.83603360
2009-01-07,6.83398308
2009-01-08,6.83469193
2009-01-09,6.83557439
2009-01-12,6.83701657
2009-01-13,6.83411250
2009-01-14,6.83519320
2009-01-15,6.83630111
2009-01-16,6.83737754
2009-01-19,6.83591261
2009-01-20,6.83851508
2009-01-21,6.83780015
2009-01-22,6.83710721
2009-01-23,6.83798359
2009-01-26,6.83802925
2009-01-27,6.83801427
2009-01-28,6.83800905
2009-01-29,6.83799863
2009-01-30,6.83801498
2009-02-02,6.84866771
2009-02-03,6.84029886
2009-02-04,6.83398346
2009-02-05,6.83669811
2009-02-06,6.83440138
2009-02-09,6.83379459
2009-02-10,6.83257500
2009-02-11,6.83328181
2009-02-12,6.83417751
2009-02-13,6.83350230
2009-02-16,6.83399922
2009-02-17,6.83948077
2009-02-18,6.83796443
2009-02-19,6.83541913
2009-02-20,6.83718529
2009-02-23,6.83599000
2009-02-24,6.83726397
2009-02-25,6.83743650
2009-02-26,6.84000939
2009-02-27,6.83976590
2009-03-02,6.84582407
2009-03-03,6.84130004
2009-03-04,6.84309040
2009-03-05,6.84070092
2009-03-06,6.84002212
2009-03-09,6.84003183
2009-03-10,6.84119534
2009-03-11,6.84037228
2009-03-12,6.83883586
2009-03-13,6.83796978
2009-03-16,6.83813832
2009-03-17,6.83719672
2009-03-18,6.83472963
2009-03-19,6.82846902
2009-03-20,6.82773636
2009-03-23,6.83161233
2009-03-24,6.82956985
2009-03-25,6.83088780
2009-03-26,6.77526273
2009-03-27,6.83249342
2009-03-30,6.88948685
2009-03-31,6.83363390
2009-04-01,6.83428960
2009-04-02,6.83490143
2009-04-03,6.83478585
2009-04-06,6.83476586
2009-04-07,6.83681630
2009-04-08,6.83591565
2009-04-09,6.83470203
2009-04-10,6.83330000
2009-04-13,6.83470000
2009-04-14,6.83202772
2009-04-15,6.83223260
2009-04-16,6.83260079
2009-04-17,6.83259305
2009-04-20,6.83356471
2009-04-21,6.83219920
2009-04-22,6.82999923
2009-04-23,6.82988506
2009-04-24,6.82731258
2009-04-27,6.82742857
2009-04-28,6.82666256
2009-04-29,6.82549374
2009-04-30,6.82297552
2009-05-01,6.81800000
2009-05-04,6.82303562
2009-05-05,6.81989107
2009-05-06,6.82157334
2009-05-07,6.82182145
2009-05-08,6.82182495
2009-05-11,6.82297038
2009-05-12,6.82160345
2009-05-13,6.82243265
2009-05-14,6.82496498
2009-05-15,6.82578784
2009-05-18,6.82703424
2009-05-19,6.82456656
2009-05-20,6.82498174
2009-05-21,6.82470409
2009-05-22,6.82321786
2009-05-25,6.82376874
2009-05-26,6.83060109
2009-05-27,6.82806992
2009-05-28,6.82808891
2009-05-29,6.82813165
2009-06-01,6.82651195
2009-06-02,6.83108583
2009-06-03,6.83071725
2009-06-04,6.83313232
2009-06-05,6.83296889
2009-06-08,6.83708351
2009-06-09,6.83537503
2009-06-10,6.83342788
2009-06-11,6.83477701
2009-06-12,6.83383319
2009-06-15,6.83638989
2009-06-16,6.83412527
2009-06-17,6.83742775
2009-06-18,6.83469828
2009-06-19,6.83620442
2009-06-22,6.83561842
2009-06-23,6.83481185
2009-06-24,6.83277497
2009-06-25,6.83472023
2009-06-26,6.83378263
2009-06-29,6.83383127
2009-06-30,6.83069195
2009-07-01,6.83307321
2009-07-02,6.83137590
2009-07-03,6.83232208
2009-07-06,6.83449665
2009-07-07,6.83272701
2009-07-08,6.83288972
2009-07-09,6.83166548
2009-07-10,6.83281778
2009-07-13,6.83270125
2009-07-14,6.83289257
2009-07-15,6.83157073
2009-07-16,6.83128096
2009-07-17,6.83172463
2009-07-20,6.83111768
2009-07-21,6.83069676
2009-07-22,6.83059686
2009-07-23,6.83097899
2009-07-24,6.83102551
2009-07-27,6.83103231
2009-07-28,6.83090871
2009-07-29,6.83139535
2009-07-30,6.83227781
2009-07-31,6.83208375
2009-08-03,6.83080473
2009-08-04,6.83022803
2009-08-05,6.83088133
2009-08-06,6.83117606
2009-08-07,6.83178937
2009-08-10,6.83438952
2009-08-11,6.83502753
2009-08-12,6.83507410
2009-08-13,6.83369482
2009-08-14,6.83419617
2009-08-17,6.83648380
2009-08-18,6.83391249
2009-08-19,6.83411281
2009-08-20,6.83177701
2009-08-21,6.83119330
2009-08-24,6.83132025
2009-08-25,6.83182072
2009-08-26,6.83111423
2009-08-27,6.83200168
2009-08-28,6.83013088
2009-08-31,6.83057735
2009-09-01,6.83037586
2009-09-02,6.83101266
2009-09-03,6.83048483
2009-09-04,6.82996775
2009-09-07,6.82903001
2009-09-08,6.82747184
2009-09-09,6.82881146
2009-09-10,6.82942592
2009-09-11,6.82897081
2009-09-14,6.82892658
2009-09-15,6.82889604
2009-09-16,6.82577875
2009-09-17,6.82646819
2009-09-18,6.82788167
2009-09-21,6.82889889
2009-09-22,6.82692828
2009-09-23,6.82608402
2009-09-24,6.82719393
2009-09-25,6.82822086
2009-09-28,6.82750853
2009-09-29,6.82802942
2009-09-30,6.82633340
2009-10-01,6.82632918
2009-10-02,6.82630529
2009-10-05,6.82628626
2009-10-06,6.82631436
2009-10-07,6.82632367
2009-10-08,6.82632256
2009-10-09,6.82562712
2009-10-12,6.82343380
2009-10-13,6.82649354
2009-10-14,6.82649016
2009-10-15,6.82871367
2009-10-16,6.82682090
2009-10-19,6.82671940
2009-10-20,6.82653129
2009-10-21,6.82729040
2009-10-22,6.82920000
2009-10-23,6.82849534
2009-10-26,6.82781810
2009-10-27,6.82956837
2009-10-28,6.82820426
2009-10-29,6.82796862
2009-10-30,6.82750000
2009-11-02,6.82791768
2009-11-03,6.82801201
2009-11-04,6.82697649
2009-11-05,6.82760476
2009-11-06,6.82727762
2009-11-09,6.82674853
2009-11-10,6.82680743
2009-11-11,6.82589612
2009-11-12,6.82663182
2009-11-13,6.82627119
2009-11-16,6.82699632
2009-11-17,6.82648739
2009-11-18,6.82697065
2009-11-19,6.82843302
2009-11-20,6.82780965
2009-11-23,6.83010422
2009-11-24,6.82938072
2009-11-25,6.82722270
2009-11-26,6.82648796
2009-11-27,6.82839523
2009-11-30,6.82713173
2009-12-01,6.82599177
2009-12-02,6.82630881
2009-12-03,6.82698413
2009-12-04,6.82698434
2009-12-07,6.82910665
2009-12-08,6.82746717
2009-12-09,6.82760022
2009-12-10,6.82661236
2009-12-11,6.82760724
2009-12-14,6.82822421
2009-12-15,6.82800358
2009-12-16,6.82802198
2009-12-17,6.82862720
2009-12-18,6.82799749
2009-12-21,6.82802060
2009-12-22,6.82806919
2009-12-23,6.82838330
2009-12-24,6.82803167
2009-12-28,6.82998959
2009-12-29,6.82941869
2009-12-30,6.82528944
2009-12-31,6.82701652
2010-01-04,6.82729863
2010-01-05,6.82717075
2010-01-06,6.82738676
2010-01-07,6.82767058
2010-01-08,6.82750648
2010-01-11,6.82640419
2010-01-12,6.82708376
2010-01-13,6.82682140
2010-01-14,6.82728151
2010-01-15,6.82690970
2010-01-18,6.82698866
2010-01-19,6.82736886
2010-01-20,6.82712992
2010-01-21,6.82679181
2010-01-22,6.82688362
2010-01-25,6.82686736
2010-01-26,6.82690806
2010-01-27,6.82681922
2010-01-28,6.82691621
2010-01-29,6.82679364
2010-02-01,6.82742759
2010-02-02,6.82693550
2010-02-03,6.82658753
2010-02-04,6.82689391
2010-02-05,6.82711270
2010-02-08,6.82669104
2010-02-09,6.82667151
2010-02-10,6.83020378
2010-02-11,6.83459688
2010-02-12,6.83296493
2010-02-15,6.83302712
2010-02-16,6.83302806
2010-02-17,6.83301763
2010-02-18,6.83297708
2010-02-19,6.83297581
2010-02-22,6.82643476
2010-02-23,6.82669220
2010-02-24,6.82697276
2010-02-25,6.82682185
2010-02-26,6.82601326
2010-03-01,6.82632163
2010-03-02,6.82646885
2010-03-03,6.82581922
2010-03-04,6.82638279
2010-03-05,6.82653512
2010-03-08,6.82689211
2010-03-09,6.82628900
2010-03-10,6.82586334
2010-03-11,6.82660906
2010-03-12,6.82549946
2010-03-15,6.82597592
2010-03-16,6.82591270
2010-03-17,6.82596685
2010-03-18,6.82613470
2010-03-19,6.82654266
2010-03-22,6.82659045
2010-03-23,6.82631851
2010-03-24,6.82666067
2010-03-25,6.82711890
2010-03-26,6.82700517
2010-03-29,6.82636775
2010-03-30,6.82576769
2010-03-31,6.82587729
2010-04-01,6.82632908
2010-04-02,6.82550000
2010-04-05,6.82560000
2010-04-06,6.82576889
2010-04-07,6.82563718
2010-04-08,6.82453369
2010-04-09,6.82389420
2010-04-12,6.82569010
2010-04-13,6.82559081
2010-04-14,6.82570694
2010-04-15,6.82597460
2010-04-16,6.82548947
2010-04-19,6.82683145
2010-04-20,6.82537446
2010-04-21,6.82748822
2010-04-22,6.82629882
2010-04-23,6.82751108
2010-04-26,6.82658960
2010-04-27,6.82580888
2010-04-28,6.82529256
2010-04-29,6.82589016
2010-04-30,6.82523470
2010-05-03,6.82520018
2010-05-04,6.82649553
2010-05-05,6.82629217
2010-05-06,6.82658914
2010-05-07,6.82567080
2010-05-10,6.82650937
2010-05-11,6.82902819
2010-05-12,6.82728993
2010-05-13,6.82791769
2010-05-14,6.82676913
2010-05-17,6.82767835
2010-05-18,6.82740586
2010-05-19,6.82738386
2010-05-20,6.82787417
2010-05-21,6.82771865
2010-05-24,6.82847896
2010-05-25,6.83097439
2010-05-26,6.82906816
2010-05-27,6.83149735
2010-05-28,6.83131460
2010-05-31,6.82790282
2010-06-01,6.83019334
2010-06-02,6.82992306
2010-06-03,6.82817085
2010-06-04,6.82877280
2010-06-07,6.83217660
2010-06-08,6.82950929
2010-06-09,6.82805995
2010-06-10,6.83080116
2010-06-11,6.83227509
2010-06-14,6.83231284
2010-06-15,6.83308860
2010-06-16,6.83228802
2010-06-17,6.82908679
2010-06-18,6.82622050
2010-06-21,6.79759503
2010-06-22,6.81359112
2010-06-23,6.81240323
2010-06-24,6.79970641
2010-06-25,6.78997885
2010-06-28,6.79666099
2010-06-29,6.79767175
2010-06-30,6.78143591
2010-07-01,6.78098637
2010-07-02,6.77111890
2010-07-05,6.77583593
2010-07-06,6.78010971
2010-07-07,6.77719424
2010-07-08,6.77606635
2010-07-09,6.77352220
2010-07-12,6.77107859
2010-07-13,6.77197868
2010-07-14,6.77446273
2010-07-15,6.77853134
2010-07-16,6.77500000
2010-07-19,6.77803504
2010-07-20,6.77810651
2010-07-21,6.77693688
2010-07-22,6.78000000
2010-07-23,6.78033651
2010-07-26,6.77952208
2010-07-27,6.77856211
2010-07-28,6.77801724
2010-07-29,6.77611141
2010-07-30,6.77502303
2010-08-02,6.77419108
2010-08-03,6.77301263
2010-08-04,6.77222475
2010-08-05,6.77192051
2010-08-06,6.76829083
2010-08-09,6.76707161
2010-08-10,6.77202467
2010-08-11,6.77496927
2010-08-12,6.78506646
2010-08-13,6.79568716
2010-08-16,6.80819033
2010-08-17,6.79206843
2010-08-18,6.79169255
2010-08-19,6.79019944
2010-08-20,6.79018173
2010-08-23,6.80029912
2010-08-24,6.79716121
2010-08-25,6.79862047
2010-08-26,6.79981092
2010-08-27,6.79823802
2010-08-30,6.80299213
2010-08-31,6.80741325
2010-09-01,6.81148438
2010-09-02,6.80839445
2010-09-03,6.80380240
2010-09-06,6.78740096
2010-09-07,6.79143126
2010-09-08,6.79428211
2010-09-09,6.78316948
2010-09-10,6.76919450
2010-09-13,6.76181548
2010-09-14,6.74630350
2010-09-15,6.74216645
2010-09-16,6.72480502
2010-09-17,6.72350689
2010-09-20,6.71431849
2010-09-21,6.70792683
2010-09-22,6.70787189
2010-09-23,6.70787360
2010-09-24,6.70787355
2010-09-27,6.69229057
2010-09-28,6.69056464
2010-09-29,6.68679744
2010-09-30,6.69116354
2010-10-01,6.69117004
2010-10-04,6.69120759
2010-10-05,6.69121916
2010-10-06,6.69118072
2010-10-07,6.67845383
2010-10-08,6.67060689
2010-10-11,6.66776693
2010-10-12,6.67338972
2010-10-13,6.66413526
2010-10-14,6.65080491
2010-10-15,6.64120945
2010-10-18,6.64407024
2010-10-19,6.64470741
2010-10-20,6.65190102
2010-10-21,6.65039954
2010-10-22,6.65903545
2010-10-25,6.65811418
2010-10-26,6.66266532
2010-10-27,6.68057669
2010-10-28,6.68737822
2010-10-29,6.67078011
2010-11-01,6.70149361
2010-11-02,6.67770010
2010-11-03,6.67610960
2010-11-04,6.66350744
2010-11-05,6.65663164
2010-11-08,6.67809154
2010-11-09,6.64403012
2010-11-10,6.63369644
2010-11-11,6.62569343
2010-11-12,6.63700678
2010-11-15,6.64391604
2010-11-16,6.63789304
2010-11-17,6.64253394
2010-11-18,6.63361911
2010-11-19,6.63953488
2010-11-22,6.64160621
2010-11-23,6.64493183
2010-11-24,6.65432191
2010-11-25,6.65077697
2010-11-26,6.66752363
2010-11-29,6.66058117
2010-11-30,6.66702570
2010-12-01,6.66336256
2010-12-02,6.66126948
2010-12-03,6.66329458
2010-12-06,6.64841867
2010-12-07,6.64461573
2010-12-08,6.66166667
2010-12-09,6.65498713
2010-12-10,6.65561764
2010-12-13,6.66699329
2010-12-14,6.65508001
2010-12-15,6.65546407
2010-12-16,6.66331772
2010-12-17,6.65550528
2010-12-20,6.67452651
2010-12-21,6.65891296
2010-12-22,6.64612569
2010-12-23,6.64306491
2010-12-24,6.62699443
2010-12-27,6.63078563
2010-12-28,6.62478211
2010-12-29,6.62119367
2010-12-30,6.60082831
2010-12-31,6.60230504
2011-01-03,6.58967636
2011-01-04,6.60882200
2011-01-05,6.61901158
2011-01-06,6.62653732
2011-01-07,6.62803796
2011-01-10,6.63768116
2011-01-11,6.62001854
2011-01-12,6.60379249
2011-01-13,6.60459126
2011-01-14,6.59000674
2011-01-17,6.59296822
2011-01-18,6.58290330
2011-01-19,6.58240782
2011-01-20,6.58543646
2011-01-21,6.58331484
2011-01-24,6.58131309
2011-01-25,6.58267137
2011-01-26,6.58299832
2011-01-27,6.58202100
2011-01-28,6.59598833
2011-01-31,6.59501899
2011-02-01,6.58698655
2011-02-02,6.58480041
2011-02-03,6.58501273
2011-02-04,6.58499010
2011-02-07,6.58503652
2011-02-08,6.58496516
2011-02-09,6.58972668
2011-02-10,6.58666569
2011-02-11,6.59301982
2011-02-14,6.59687500
2011-02-15,6.58919319
2011-02-16,6.58497409
2011-02-17,6.58001475
2011-02-18,6.56997138
2011-02-21,6.56716418
2011-02-22,6.58001024
2011-02-23,6.57432088
2011-02-24,6.57452988
2011-02-25,6.57702369
2011-02-28,6.57163510
2011-03-01,6.56896926
2011-03-02,6.57252516
2011-03-03,6.57003610
2011-03-04,6.56824532
2011-03-07,6.55652980
2011-03-08,6.56871492
2011-03-09,6.57230040
2011-03-10,6.57487154
2011-03-11,6.57452988
2011-03-14,6.56746487
2011-03-15,6.57267358
2011-03-16,6.57128521
2011-03-17,6.57497858
2011-03-18,6.56921444
2011-03-21,6.56502748
2011-03-22,6.54697066
2011-03-23,6.55298529
2011-03-24,6.55676670
2011-03-25,6.55997166
2011-03-28,6.56278506
2011-03-29,6.56050050
2011-03-30,6.55649397
2011-03-31,6.54860280
2011-04-01,6.54776890
2011-04-04,6.53750000
2011-04-05,6.54059015
2011-04-06,6.54398601
2011-04-07,6.54218301
2011-04-08,6.53531005
2011-04-11,6.53831232
2011-04-12,6.54029026
2011-04-13,6.53329193
2011-04-14,6.53253246
2011-04-15,6.53211073
2011-04-18,6.52882662
2011-04-19,6.53048525
2011-04-20,6.52538753
2011-04-21,6.49396599
2011-04-22,6.50670000
2011-04-25,6.52770000
2011-04-26,6.52787850
2011-04-27,6.51131715
2011-04-28,6.50000000
2011-04-29,6.49098250
2011-05-02,6.48500371
2011-05-03,6.49688769
2011-05-04,6.49348206
2011-05-05,6.49372215
2011-05-06,6.49320737
2011-05-09,6.49413072
2011-05-10,6.49240841
2011-05-11,6.49299993
2011-05-12,6.49883417
2011-05-13,6.49817927
2011-05-16,6.50873224
2011-05-17,6.50589232
2011-05-18,6.50467421
2011-05-19,6.50431125
2011-05-20,6.49216829
2011-05-23,6.50399429
2011-05-24,6.49748030
2011-05-25,6.49349634
2011-05-26,6.49153021
2011-05-27,6.49288468
2011-05-30,6.48318386
2011-05-31,6.47890163
2011-06-01,6.47806774
2011-06-02,6.48278008
2011-06-03,6.47956930
2011-06-06,6.47430803
2011-06-07,6.48123123
2011-06-08,6.47569825
2011-06-09,6.47591351
2011-06-10,6.48018777
2011-06-13,6.48293159
2011-06-14,6.47902824
2011-06-15,6.48222782
2011-06-16,6.47437535
2011-06-17,6.47252978
2011-06-20,6.47811732
2011-06-21,6.46531691
2011-06-22,6.46342988
2011-06-23,6.46777371
2011-06-24,6.47390999
2011-06-27,6.47926786
2011-06-28,6.47023350
2011-06-29,6.46343154
2011-06-30,6.46343320
2011-07-01,6.46486748
2011-07-04,6.46303448
2011-07-05,6.46760252
2011-07-06,6.46682498
2011-07-07,6.46578227
2011-07-08,6.46482236
2011-07-11,6.46720262
2011-07-12,6.46153846
2011-07-13,6.46813046
2011-07-14,6.46303338
2011-07-15,6.46302842
2011-07-18,6.46870773
2011-07-19,6.46461864
2011-07-20,6.45892870
2011-07-21,6.45598369
2011-07-22,6.44687652
2011-07-25,6.44499305
2011-07-26,6.44302398
2011-07-27,6.44330611
2011-07-28,6.44277700
2011-07-29,6.43709677
2011-08-01,6.43399237
2011-08-02,6.43810868
2011-08-03,6.43412587
2011-08-04,6.43903296
2011-08-05,6.44040975
2011-08-08,6.43599297
2011-08-09,6.43057405
2011-08-10,6.41400432
2011-08-11,6.39447076
2011-08-12,6.39501754
2011-08-15,6.39038367
2011-08-16,6.38279944
2011-08-17,6.38709677
2011-08-18,6.38770965
2011-08-19,6.39596802
2011-08-22,6.39922292
2011-08-23,6.39697137
2011-08-24,6.38848472
2011-08-25,6.38997504
2011-08-26,6.38716845
2011-08-29,6.38103127
2011-08-30,6.38050271
2011-08-31,6.37598616
2011-09-01,6.37997900
2011-09-02,6.38211154
2011-09-05,6.38553023
2011-09-06,6.39052415
2011-09-07,6.39498433
2011-09-08,6.38201367
2011-09-09,6.38821741
2011-09-12,6.40326596
2011-09-13,6.39912056
2011-09-14,6.39653289
2011-09-15,6.38898152
2011-09-16,6.38343023
2011-09-19,6.38699509
2011-09-20,6.38431802
2011-09-21,6.37951012
2011-09-22,6.39797739
2011-09-23,6.38890544
2011-09-26,6.40133333
2011-09-27,6.39796745
2011-09-28,6.39380823
2011-09-29,6.39757620
2011-09-30,6.38428497
2011-10-03,6.37600360
2011-10-04,6.36203626
2011-10-05,6.37602159
2011-10-06,6.37953124
2011-10-07,6.35797231
2011-10-10,6.34863533
2011-10-11,6.37598295
2011-10-12,6.35870986
2011-10-13,6.38012676
2011-10-14,6.38647063
2011-10-17,6.36948316
2011-10-18,6.38066686
2011-10-19,6.37857969
2011-10-20,6.38422539
2011-10-21,6.38643282
2011-10-24,6.37579388
2011-10-25,6.36068401
2011-10-26,6.35398866
2011-10-27,6.36016527
2011-10-28,6.36002825
2011-10-31,6.35668881
2011-11-01,6.35598444
2011-11-02,6.35708596
2011-11-03,6.35620417
2011-11-04,6.34001307
2011-11-07,6.35096784
2011-11-08,6.34653322
2011-11-09,6.33191521
2011-11-10,6.34767920
2011-11-11,6.34219780
2011-11-14,6.35573614
2011-11-15,6.34362991
2011-11-16,6.35093444
2011-11-17,6.35526706
2011-11-18,6.35481732
2011-11-21,6.36149502
2011-11-22,6.35552272
2011-11-23,6.35848211
2011-11-24,6.36798026
2011-11-25,6.37289289
2011-11-28,6.38410249
2011-11-29,6.35707858
2011-11-30,6.37703085
2011-12-01,6.36599466
2011-12-02,6.34312782
2011-12-05,6.34652581
2011-12-06,6.33470211
2011-12-07,6.34708829
2011-12-08,6.36189411
2011-12-09,6.33741781
2011-12-12,6.36057656
2011-12-13,6.36347773
2011-12-14,6.36181021
2011-12-15,6.34357478
2011-12-16,6.33022045
2011-12-19,6.33162052
2011-12-20,6.34189995
2011-12-21,6.33782749
2011-12-22,6.33900514
2011-12-23,6.33698399
2011-12-27,6.32267197
2011-12-28,6.31841823
2011-12-29,6.32019552
2011-12-30,6.30558776
2012-01-02,6.30297642
2012-01-03,6.29637314
2012-01-04,6.29657090
2012-01-05,6.31078554
2012-01-06,6.31567001
2012-01-09,6.31450346
2012-01-10,6.31308557
2012-01-11,6.31420035
2012-01-12,6.31807475
2012-01-13,6.31493227
2012-01-16,6.31652064
2012-01-17,6.31853010
2012-01-18,6.31166706
2012-01-19,6.31593215
2012-01-20,6.33483181
2012-01-23,6.31320581
2012-01-24,6.31100515
2012-01-25,6.31378458
2012-01-26,6.30703690
2012-01-27,6.31380753
2012-01-30,6.31861175
2012-01-31,6.30851548
2012-02-01,6.30648956
2012-02-02,6.30609439
2012-02-03,6.31018237
2012-02-06,6.31260543
2012-02-07,6.31152292
2012-02-08,6.29908091
2012-02-09,6.30019567
2012-02-10,6.29410873
2012-02-13,6.29138373
2012-02-14,6.29508695
2012-02-15,6.29483654
2012-02-16,6.30226467
2012-02-17,6.29713504
2012-02-20,6.29511533
2012-02-21,6.29692936
2012-02-22,6.29780801
2012-02-23,6.29977444
2012-02-24,6.29809126
2012-02-27,6.30161339
2012-02-28,6.30043110
2012-02-29,6.29383322
2012-03-01,6.29950421
2012-03-02,6.29772263
2012-03-05,6.30801815
2012-03-06,6.31217213
2012-03-07,6.31516768
2012-03-08,6.31807884
2012-03-09,6.30968084
2012-03-12,6.32769266
2012-03-13,6.33093360
2012-03-14,6.33279743
2012-03-15,6.33238876
2012-03-16,6.32250686
2012-03-19,6.31878327
2012-03-20,6.31876042
2012-03-21,6.31780718
2012-03-22,6.30659983
2012-03-23,6.30191814
2012-03-26,6.30453450
2012-03-27,6.29820746
2012-03-28,6.29579366
2012-03-29,6.30289331
2012-03-30,6.29597185
2012-04-02,6.29446655
2012-04-03,6.29222681
2012-04-04,6.29767159
2012-04-05,6.30532599
2012-04-06,6.30520000
2012-04-09,6.31000000
2012-04-10,6.31081287
2012-04-11,6.30119564
2012-04-12,6.30738235
2012-04-13,6.30278369
2012-04-16,6.31526413
2012-04-17,6.30201036
2012-04-18,6.29863286
2012-04-19,6.30383616
2012-04-20,6.30306246
2012-04-23,6.30462265
2012-04-24,6.30491604
2012-04-25,6.30539149
2012-04-26,6.28596292
2012-04-27,6.28921309
2012-04-30,6.27940064
2012-05-01,6.30890000
2012-05-02,6.27499810
2012-05-03,6.28461480
2012-05-04,6.30612245
2012-05-07,6.29049336
2012-05-08,6.29320537
2012-05-09,6.31088803
2012-05-10,6.31432760
2012-05-11,6.31033684
2012-05-14,6.32239757
2012-05-15,6.31908433
2012-05-16,6.32179306
2012-05-17,6.32518530
2012-05-18,6.32536750
2012-05-21,6.32188235
2012-05-22,6.31602444
2012-05-23,6.33004187
2012-05-24,6.33447479
2012-05-25,6.33428981
2012-05-28,6.33137036
2012-05-29,6.33242833
2012-05-30,6.34507155
2012-05-31,6.36853987
2012-06-01,6.36958286
2012-06-04,6.36399453
2012-06-05,6.36841258
2012-06-06,6.36387665
2012-06-07,6.36379516
2012-06-08,6.37520051
2012-06-11,6.34598214
2012-06-12,6.37159782
2012-06-13,6.35072603
2012-06-14,6.32706557
2012-06-15,6.37170530
2012-06-18,6.35853543
2012-06-19,6.35573342
2012-06-20,6.36090995
2012-06-21,6.36487766
2012-06-22,6.36486163
2012-06-25,6.36330878
2012-06-26,6.36368737
2012-06-27,6.35758936
2012-06-28,6.35843131
2012-06-29,6.35512311
2012-07-02,6.34860637
2012-07-03,6.35252485
2012-07-04,6.34769108
2012-07-05,6.35699340
2012-07-06,6.36551668
2012-07-09,6.37240706
2012-07-10,6.36670737
2012-07-11,6.34812398
2012-07-12,6.37370668
2012-07-13,6.38892080
2012-07-16,6.37981440
2012-07-17,6.37423663
2012-07-18,6.37052477
2012-07-19,6.37397249
2012-07-20,6.37500000
2012-07-23,6.38603883
2012-07-24,6.38588800
2012-07-25,6.38849514
2012-07-26,6.38523654
2012-07-27,6.38069335
2012-07-30,6.37947085
2012-07-31,6.36169000
2012-08-01,6.36867783
2012-08-02,6.36740645
2012-08-03,6.37247856
2012-08-06,6.37402052
2012-08-07,6.36659698
2012-08-08,6.36130026
2012-08-09,6.35932038
2012-08-10,6.36021856
2012-08-13,6.36267121
2012-08-14,6.35888925
2012-08-15,6.36233301
2012-08-16,6.36631648
2012-08-17,6.35851504
2012-08-20,6.36056911
2012-08-21,6.35782105
2012-08-22,6.35178342
2012-08-23,6.35436584
2012-08-24,6.35580075
2012-08-27,6.35802075
2012-08-28,6.35312400
2012-08-29,6.35280988
2012-08-30,6.34956952
2012-08-31,6.34858457
2012-09-03,6.34038829
2012-09-04,6.34732491
2012-09-05,6.34918111
2012-09-06,6.34412091
2012-09-07,6.34377459
2012-09-10,6.33766437
2012-09-11,6.33580981
2012-09-12,6.32692308
2012-09-13,6.33098373
2012-09-14,6.31508209
2012-09-17,6.32316980
2012-09-18,6.31959553
2012-09-19,6.30979849
2012-09-20,6.30446194
2012-09-21,6.30543579
2012-09-24,6.30930629
2012-09-25,6.30729972
2012-09-26,6.30291942
2012-09-27,6.30340221
2012-09-28,6.28468677
2012-10-01,6.28453832
2012-10-02,6.32474865
2012-10-03,6.33191259
2012-10-04,6.33850668
2012-10-05,6.32410398
2012-10-08,6.28939651
2012-10-09,6.28927662
2012-10-10,6.30072155
2012-10-11,6.27697786
2012-10-12,6.26576715
2012-10-15,6.26921594
2012-10-16,6.26460218
2012-10-17,6.25449695
2012-10-18,6.25141028
2012-10-19,6.25347142
2012-10-22,6.25468882
2012-10-23,6.25205690
2012-10-24,6.24772060
2012-10-25,6.24197645
2012-10-26,6.24891540
2012-10-29,6.24360366
2012-10-30,6.24008641
2012-10-31,6.23728161
2012-11-01,6.24046243
2012-11-02,6.24163424
2012-11-05,6.24716287
2012-11-06,6.26296875
2012-11-07,6.25843402
2012-11-08,6.25769472
2012-11-09,6.24523397
2012-11-12,6.22952493
2012-11-13,6.23156900
2012-11-14,6.22520824
2012-11-15,6.23392913
2012-11-16,6.23546489
2012-11-19,6.23483780
2012-11-20,6.23288313
2012-11-21,6.23194065
2012-11-22,6.23198635
2012-11-23,6.22867767
2012-11-26,6.22547053
2012-11-27,6.22228223
2012-11-28,6.22604918
2012-11-29,6.22725873
2012-11-30,6.22970892
2012-12-03,6.22868959
2012-12-04,6.22563397
2012-12-05,6.23000383
2012-12-06,6.23003366
2012-12-07,6.22688880
2012-12-10,6.24006187
2012-12-11,6.24620950
2012-12-12,6.24846626
2012-12-13,6.25900436
2012-12-14,6.24600566
2012-12-17,6.23898176
2012-12-18,6.22848687
2012-12-19,6.23229590
2012-12-20,6.23237204
2012-12-21,6.23143311
2012-12-24,6.23346951
2012-12-26,6.23510000
2012-12-27,6.23699683
2012-12-28,6.23317909
2012-12-31,6.23063514
2013-01-02,6.23307193
2013-01-03,6.23591818
2013-01-04,6.23063326
2013-01-07,6.22977222
2013-01-08,6.22512609
2013-01-09,6.22610294
2013-01-10,6.22512011
2013-01-11,6.21689016
2013-01-14,6.22029833
2013-01-15,6.21572747
2013-01-16,6.21766965
2013-01-17,6.22119988
2013-01-18,6.22027920
2013-01-21,6.22172183
2013-01-22,6.22062026
2013-01-23,6.21837959
2013-01-24,6.22286314
2013-01-25,6.22095182
2013-01-28,6.22709015
2013-01-29,6.22787166
2013-01-30,6.22103242
2013-01-31,6.21896679
2013-02-01,6.22727939
2013-02-04,6.23391381
2013-02-05,6.23040556
2013-02-06,6.23200414
2013-02-07,6.23209804
2013-02-08,6.23538208
2013-02-11,6.23239489
2013-02-12,6.23388897
2013-02-13,6.23249258
2013-02-14,6.23261049
2013-02-15,6.23219512
2013-02-18,6.24558119
2013-02-19,6.24436287
2013-02-20,6.23792072
2013-02-21,6.23949644
2013-02-22,6.24063401
2013-02-25,6.23737222
2013-02-26,6.23086335
2013-02-27,6.22760938
2013-02-28,6.22438876
2013-03-01,6.22369231
2013-03-04,6.22580149
2013-03-05,6.21950284
2013-03-06,6.21910242
2013-03-07,6.22029208
2013-03-08,6.21948052
2013-03-11,6.21848545
2013-03-12,6.21627212
2013-03-13,6.21423619
2013-03-14,6.21589240
2013-03-15,6.21687299
2013-03-18,6.21850104
2013-03-19,6.21577565
2013-03-20,6.21653148
2013-03-21,6.21789311
2013-03-22,6.21200185
2013-03-25,6.21321995
2013-03-26,6.21250292
2013-03-27,6.21397243
2013-03-28,6.21632175
2013-03-29,6.21080000
2013-04-01,6.20780000
2013-04-02,6.18216511
2013-04-03,6.20821640
2013-04-04,6.20096739
2013-04-05,6.20148331
2013-04-08,6.20333257
2013-04-09,6.20237730
2013-04-10,6.19387131
2013-04-11,6.19620398
2013-04-12,6.19207784
2013-04-15,6.18691232
2013-04-16,6.18310610
2013-04-17,6.17267119
2013-04-18,6.18106554
2013-04-19,6.17773542
2013-04-22,6.18179029
2013-04-23,6.17913780
2013-04-24,6.17807166
2013-04-25,6.16590214
2013-04-26,6.16501269
2013-04-29,6.16502707
2013-04-30,6.16562118
2013-05-01,6.16470000
2013-05-02,6.15601547
2013-05-03,6.15563520
2013-05-06,6.16662852
2013-05-07,6.15381094
2013-05-08,6.14122573
2013-05-09,6.13087810
2013-05-10,6.14274715
2013-05-13,6.14676636
2013-05-14,6.14279109
2013-05-15,6.14505597
2013-05-16,6.14918542
2013-05-17,6.14189137
2013-05-20,6.13887808
2013-05-21,6.13671693
2013-05-22,6.13108411
2013-05-23,6.13400062
2013-05-24,6.13192673
2013-05-27,6.12110673
2013-05-28,6.12150255
2013-05-29,6.12909203
2013-05-30,6.13627936
2013-05-31,6.13478395
2013-06-03,6.13168819
2013-06-04,6.12870455
2013-06-05,6.12772633
2013-06-06,6.13607257
2013-06-07,6.13333333
2013-06-10,6.13346960
2013-06-11,6.13350411
2013-06-12,6.13346388
2013-06-13,6.13443485
2013-06-14,6.13079756
2013-06-17,6.12491565
2013-06-18,6.12853297
2013-06-19,6.12703267
2013-06-20,6.12818182
2013-06-21,6.13292868
2013-06-24,6.14511692
2013-06-25,6.14489112
2013-06-26,6.14749693
2013-06-27,6.14886433
2013-06-28,6.13761468
2013-07-01,6.13269924
2013-07-02,6.13297995
2013-07-03,6.13079713
2013-07-04,6.12577018
2013-07-05,6.13257782
2013-07-08,6.13369650
2013-07-09,6.12981255
2013-07-10,6.13447280
2013-07-11,6.13170807
2013-07-12,6.13817708
2013-07-15,6.13779588
2013-07-16,6.13500534
2013-07-17,6.13542935
2013-07-18,6.14129688
2013-07-19,6.13792578
2013-07-22,6.14127298
2013-07-23,6.13740516
2013-07-24,6.13498415
2013-07-25,6.13482806
2013-07-26,6.13159879
2013-07-29,6.13240392
2013-07-30,6.13151159
2013-07-31,6.12888889
2013-08-01,6.13040193
2013-08-02,6.12936454
2013-08-05,6.12468884
2013-08-06,6.12161145
2013-08-07,6.11920331
2013-08-08,6.12058383
2013-08-09,6.12203694
2013-08-12,6.12206325
2013-08-13,6.12099323
2013-08-14,6.11953485
2013-08-15,6.11303301
2013-08-16,6.11499250
2013-08-19,6.12290168
2013-08-20,6.12462664
2013-08-21,6.12343096
2013-08-22,6.12099377
2013-08-23,6.12197679
2013-08-26,6.12252077
2013-08-27,6.12168241
2013-08-28,6.12017682
2013-08-29,6.12196593
2013-08-30,6.11854930
2013-09-02,6.11963353
2013-09-03,6.12063468
2013-09-04,6.12011237
2013-09-05,6.11861839
2013-09-06,6.11946329
2013-09-09,6.12096407
2013-09-10,6.12001511
2013-09-11,6.11900814
2013-09-12,6.11798345
2013-09-13,6.11876645
2013-09-16,6.12023658
2013-09-17,6.12151842
2013-09-18,6.12118035
2013-09-19,6.11937984
2013-09-20,6.12046766
2013-09-23,6.11859639
2013-09-24,6.12484228
2013-09-25,6.12040877
2013-09-26,6.12060153
2013-09-27,6.11856394
2013-09-30,6.11958534
2013-10-01,6.12158772
2013-10-02,6.12119867
2013-10-03,6.12071502
2013-10-04,6.12020893
2013-10-07,6.11958444
2013-10-08,6.12352681
2013-10-09,6.11979282
2013-10-10,6.11683417
2013-10-11,6.11853162
2013-10-14,6.10660572
2013-10-15,6.10197880
2013-10-16,6.10021385
2013-10-17,6.09713073
2013-10-18,6.09697457
2013-10-21,6.09563181
2013-10-22,6.09331578
2013-10-23,6.08587842
2013-10-24,6.08460703
2013-10-25,6.08361762
2013-10-28,6.08589669
2013-10-29,6.09057234
2013-10-30,6.09458379
2013-10-31,6.09258852
2013-11-01,6.10003702
2013-11-04,6.10180660
2013-11-05,6.09759893
2013-11-06,6.09203226
2013-11-07,6.09203143
2013-11-08,6.09202591
2013-11-11,6.09130954
2013-11-12,6.09179571
2013-11-13,6.09280656
2013-11-14,6.09161953
2013-11-15,6.09249629
2013-11-18,6.09070060
2013-11-19,6.09346763
2013-11-20,6.09403415
2013-11-21,6.09278504
2013-11-22,6.09446664
2013-11-25,6.09323664
2013-11-26,6.09212372
2013-11-27,6.09289497
2013-11-28,6.09248087
2013-11-29,6.09477628
2013-12-02,6.09330674
2013-12-03,6.09198704
2013-12-04,6.09100942
2013-12-05,6.09173165
2013-12-06,6.08322963
2013-12-09,6.07272992
2013-12-10,6.07170909
2013-12-11,6.06994988
2013-12-12,6.07441016
2013-12-13,6.07321338
2013-12-16,6.07222706
2013-12-17,6.07149611
2013-12-18,6.07193250
2013-12-19,6.07382747
2013-12-20,6.07023068
2013-12-23,6.06853014
2013-12-24,6.07139725
2013-12-26,6.07440000
2013-12-27,6.06927754
2013-12-30,6.06217805
2013-12-31,6.05402074
2014-01-02,6.05081271
2014-01-03,6.05610973
2014-01-06,6.05256580
2014-01-07,6.05190235
2014-01-08,6.05038988
2014-01-09,6.05377608
2014-01-10,6.05210863
2014-01-13,6.04445584
2014-01-14,6.04280383
2014-01-15,6.04608261
2014-01-16,6.05721850
2014-01-17,6.04976443
2014-01-20,6.05270529
2014-01-21,6.05071714
2014-01-22,6.05241044
2014-01-23,6.05088350
2014-01-24,6.05026668
2014-01-27,6.04722507
2014-01-28,6.05091948
2014-01-29,6.05540858
2014-01-30,6.06320908
2014-01-31,6.06118674
2014-02-03,6.06000889
2014-02-04,6.06280050
2014-02-05,6.06017869
2014-02-06,6.05928122
2014-02-07,6.06379844
2014-02-10,6.06041942
2014-02-11,6.06017841
2014-02-12,6.06269800
2014-02-13,6.06391225
2014-02-14,6.06711899
2014-02-17,6.06401927
2014-02-18,6.06823975
2014-02-19,6.07617315
2014-02-20,6.08448855
2014-02-21,6.09141315
2014-02-24,6.09763378
2014-02-25,6.12330958
2014-02-26,6.12509107
2014-02-27,6.12829525
2014-02-28,6.14508072
2014-03-03,6.14388437
2014-03-04,6.14206856
2014-03-05,6.12860472
2014-03-06,6.12062568
2014-03-07,6.12559378
2014-03-10,6.14019163
2014-03-11,6.14007220
2014-03-12,6.14560380
2014-03-13,6.13728303
2014-03-14,6.14988476
2014-03-17,6.17683015
2014-03-18,6.19213063
2014-03-19,6.19650686
2014-03-20,6.22860049
2014-03-21,6.22583454
2014-03-24,6.19427908
2014-03-25,6.20240772
2014-03-26,6.20919440
2014-03-27,6.21056840
2014-03-28,6.21222473
2014-03-31,6.21946620
2014-04-01,6.20681653
2014-04-02,6.20282711
2014-04-03,6.21138625
2014-04-04,6.21233577
2014-04-07,6.21336442
2014-04-08,6.19667489
2014-04-09,6.20001450
2014-04-10,6.21352852
2014-04-11,6.21042388
2014-04-14,6.21949808
2014-04-15,6.22096646
2014-04-16,6.22283237
2014-04-17,6.21789968
2014-04-18,6.22400000
2014-04-21,6.22690000
2014-04-22,6.23688210
2014-04-23,6.23608501
2014-04-24,6.25043415
2014-04-25,6.25551298
2014-04-28,6.25416637
2014-04-29,6.25777521
2014-04-30,6.26108303
2014-05-01,6.25910000
2014-05-02,6.25970278
2014-05-05,6.24513478
2014-05-06,6.22653281
2014-05-07,6.23486752
2014-05-08,6.22740629
2014-05-09,6.22748712
2014-05-12,6.23690519
2014-05-13,6.23038751
2014-05-14,6.22880676
2014-05-15,6.22959221
2014-05-16,6.23386390
2014-05-19,6.23733139
2014-05-20,6.23777551
2014-05-21,6.23376718
2014-05-22,6.23529412
2014-05-23,6.23771093
2014-05-26,6.23916392
2014-05-27,6.24930342
2014-05-28,6.25529101
2014-05-29,6.23898031
2014-05-30,6.24862203
2014-06-02,6.24810815
2014-06-03,6.25408575
2014-06-04,6.25082557
2014-06-05,6.25333530
2014-06-06,6.25062308
2014-06-09,6.24132863
2014-06-10,6.22492065
2014-06-11,6.22839005
2014-06-12,6.21873152
2014-06-13,6.20792079
2014-06-16,6.22583506
2014-06-17,6.22722583
2014-06-18,6.23062744
2014-06-19,6.23208517
2014-06-20,6.22608184
2014-06-23,6.22558105
2014-06-24,6.23087091
2014-06-25,6.23459420
2014-06-26,6.22490078
2014-06-27,6.21798825
2014-06-30,6.20310441
2014-07-01,6.20127119
2014-07-02,6.21089631
2014-07-03,6.21200352
2014-07-04,6.20503385
2014-07-07,6.20401707
2014-07-08,6.20207521
2014-07-09,6.20032346
2014-07-10,6.20413114
2014-07-11,6.20470761
2014-07-14,6.20576796
2014-07-15,6.20348197
2014-07-16,6.20573456
2014-07-17,6.20480591
2014-07-18,6.20857671
2014-07-21,6.21068205
2014-07-22,6.20540019
2014-07-23,6.19940587
2014-07-24,6.19536817
2014-07-25,6.19583333
2014-07-28,6.18700216
2014-07-29,6.18035595
2014-07-30,6.17192747
2014-07-31,6.17542417
2014-08-01,6.17946995
2014-08-04,6.17933244
2014-08-05,6.17082648
2014-08-06,6.16298239
2014-08-07,6.16090664
2014-08-08,6.15820137
2014-08-11,6.15471388
2014-08-12,6.15690094
2014-08-13,6.15389222
2014-08-14,6.15321917
2014-08-15,6.15267404
2014-08-18,6.14712695
2014-08-19,6.14212970
2014-08-20,6.13986751
2014-08-21,6.15389836
2014-08-22,6.15240823
2014-08-25,6.15469697
2014-08-26,6.16017283
2014-08-27,6.14343174
2014-08-28,6.14159964
2014-08-29,6.14331210
2014-09-01,6.14322699
2014-09-02,6.14792223
2014-09-03,6.14189035
2014-09-04,6.13876297
2014-09-05,6.14110287
2014-09-08,6.14173168
2014-09-09,6.13680050
2014-09-10,6.12978575
2014-09-11,6.12971844
2014-09-12,6.13347769
2014-09-15,6.14336612
2014-09-16,6.14549386
2014-09-17,6.13970361
2014-09-18,6.14170292
2014-09-19,6.14091192
2014-09-22,6.14091086
2014-09-23,6.13869066
2014-09-24,6.13722127
2014-09-25,6.13719320
2014-09-26,6.12558907
2014-09-29,6.15250768
2014-09-30,6.14018914
2014-10-01,6.13996667
2014-10-02,6.14021059
2014-10-03,6.13863348
2014-10-06,6.13999204
2014-10-07,6.13992227
2014-10-08,6.13871095
2014-10-09,6.13249236
2014-10-10,6.13103339
2014-10-13,6.12698162
2014-10-14,6.12573146
2014-10-15,6.12671720
2014-10-16,6.12369598
2014-10-17,6.12539967
2014-10-20,6.12307211
2014-10-21,6.12341326
2014-10-22,6.11927834
2014-10-23,6.12060936
2014-10-24,6.11628091
2014-10-27,6.11617635
2014-10-28,6.11350800
2014-10-29,6.11148622
2014-10-30,6.11462137
2014-10-31,6.11298307
2014-11-03,6.11918674
2014-11-04,6.11618987
2014-11-05,6.11458333
2014-11-06,6.11336582
2014-11-07,6.12248850
2014-11-10,6.11989428
2014-11-11,6.12339021
2014-11-12,6.12673458
2014-11-13,6.12708735
2014-11-14,6.12978450
2014-11-17,6.12379962
2014-11-18,6.12154387
2014-11-19,6.11966494
2014-11-20,6.12680437
2014-11-21,6.12727419
2014-11-24,6.14117647
2014-11-25,6.13731487
2014-11-26,6.13851703
2014-11-27,6.13862179
2014-11-28,6.14219338
2014-12-01,6.15462347
2014-12-02,6.15043464
2014-12-03,6.14321628
2014-12-04,6.15522703
2014-12-05,6.15232163
2014-12-08,6.17278512
2014-12-09,6.18877840
2014-12-10,6.17543577
2014-12-11,6.18892823
2014-12-12,6.18867470
2014-12-15,6.19346531
2014-12-16,6.19159289
2014-12-17,6.19722044
2014-12-18,6.21603582
2014-12-19,6.22200505
2014-12-22,6.22163309
2014-12-23,6.22566118
2014-12-24,6.21728456
2014-12-29,6.22448143
2014-12-30,6.20411184
2014-12-31,6.20690223
2015-01-02,6.20767251
2015-01-05,6.21997482
2015-01-06,6.21302669
2015-01-07,6.21350689
2015-01-08,6.21617947
2015-01-09,6.20680606
2015-01-12,6.20077940
2015-01-13,6.19826855
2015-01-14,6.19685775
2015-01-15,6.19311582
2015-01-16,6.20693821
2015-01-19,6.22042223
2015-01-20,6.21366267
2015-01-21,6.21211076
2015-01-22,6.20967464
2015-01-23,6.22879086
2015-01-26,6.25435788
2015-01-27,6.24473731
2015-01-28,6.24726728
2015-01-29,6.24586832
2015-01-30,6.24847413
2015-02-02,6.25738285
2015-02-03,6.25703235
2015-02-04,6.24899528
2015-02-05,6.24951797
2015-02-06,6.24923561
2015-02-09,6.24638581
2015-02-10,6.24165708
2015-02-11,6.24270815
2015-02-12,6.24382062
2015-02-13,6.23943414
2015-02-16,6.24929874
2015-02-17,6.25519054
2015-02-18,6.25510025
2015-02-19,6.25529112
2015-02-20,6.25261108
2015-02-23,6.25650558
2015-02-24,6.25370763
2015-02-25,6.25991539
2015-02-26,6.25881417
2015-02-27,6.27090747
2015-03-02,6.27558564
2015-03-03,6.27175860
2015-03-04,6.26878821
2015-03-05,6.26813624
2015-03-06,6.26206330
2015-03-09,6.26464088
2015-03-10,6.26150121
2015-03-11,6.26252600
2015-03-12,6.26194290
2015-03-13,6.25917518
2015-03-16,6.26247987
2015-03-17,6.24992948
2015-03-18,6.22941843
2015-03-19,6.19462396
2015-03-20,6.20489978
2015-03-23,6.21444282
2015-03-24,6.20831050
2015-03-25,6.21247155
2015-03-26,6.21288618
2015-03-27,6.21573324
2015-03-30,6.20783771
2015-03-31,6.20039037
2015-04-01,6.19823338
2015-04-02,6.19621422
2015-04-03,6.19300000
2015-04-06,6.19300000
2015-04-07,6.19904121
2015-04-08,6.20300129
2015-04-09,6.20595879
2015-04-10,6.20870388
2015-04-13,6.21228203
2015-04-14,6.21289284
2015-04-15,6.20512336
2015-04-16,6.19708711
2015-04-17,6.19687442
2015-04-20,6.20563275
2015-04-21,6.20168224
2015-04-22,6.19407987
2015-04-23,6.19792053
2015-04-24,6.19484479
2015-04-27,6.21982998
2015-04-28,6.20536286
2015-04-29,6.19987275
2015-04-30,6.20312082
2015-05-01,6.20180000
2015-05-04,6.20920014
2015-05-05,6.20221283
2015-05-06,6.20035619
2015-05-07,6.20336134
2015-05-08,6.20613136
2015-05-11,6.21019566
2015-05-12,6.21247442
2015-05-13,6.20461634
2015-05-14,6.20124354
2015-05-15,6.20391949
2015-05-18,6.20431996
2015-05-19,6.20608229
2015-05-20,6.20381364
2015-05-21,6.19599389
2015-05-22,6.19795772
2015-05-25,6.20313354
2015-05-26,6.20400879
2015-05-27,6.19884010
2015-05-28,6.20117474
2015-05-29,6.19817685
2015-06-01,6.19581506
2015-06-02,6.19802339
2015-06-03,6.19956889
2015-06-04,6.20102501
2015-06-05,6.20395792
2015-06-08,6.20659380
2015-06-09,6.20588497
2015-06-10,6.20693324
2015-06-11,6.20610755
2015-06-12,6.20811052
2015-06-15,6.20903904
2015-06-16,6.21052162
2015-06-17,6.20711056
2015-06-18,6.20712031
2015-06-19,6.20939906
2015-06-22,6.20943147
2015-06-23,6.20662263
2015-06-24,6.20877553
2015-06-25,6.20917366
2015-06-26,6.20898054
2015-06-29,6.20865894
2015-06-30,6.19948163
2015-07-01,6.20162162
2015-07-02,6.20450027
2015-07-03,6.20547945
2015-07-06,6.20793968
2015-07-07,6.21251487
2015-07-08,6.20908926
2015-07-09,6.20879320
2015-07-10,6.20938757
2015-07-13,6.20843515
2015-07-14,6.20777808
2015-07-15,6.20919248
2015-07-16,6.21109782
2015-07-17,6.20947745
2015-07-20,6.20880944
2015-07-21,6.20953345
2015-07-22,6.20941112
2015-07-23,6.20956451
2015-07-24,6.20879422
2015-07-27,6.20980286
2015-07-28,6.20943311
2015-07-29,6.20906618
2015-07-30,6.20967595
2015-07-31,6.20972007
2015-08-03,6.20966122
2015-08-04,6.21006106
2015-08-05,6.20968483
2015-08-06,6.20973817
2015-08-07,6.20967005
2015-08-10,6.20967153
2015-08-11,6.32501131
2015-08-12,6.38583595
2015-08-13,6.39823566
2015-08-14,6.39119148
2015-08-17,6.39486486
2015-08-18,6.39421338
2015-08-19,6.39561634
2015-08-20,6.38907270
2015-08-21,6.38808616
2015-08-24,6.40480125
2015-08-25,6.41282809
2015-08-26,6.40931416
2015-08-27,6.40561857
2015-08-28,6.38959886
2015-08-31,6.38243424
2015-09-01,6.36472054
2015-09-02,6.35601955
2015-09-03,6.35586428
2015-09-04,6.35589873
2015-09-07,6.36587116
2015-09-08,6.36758645
2015-09-09,6.37822067
2015-09-10,6.37720161
2015-09-11,6.37486688
2015-09-14,6.36957099
2015-09-15,6.36987633
2015-09-16,6.37076950
2015-09-17,6.36633663
2015-09-18,6.36430511
2015-09-21,6.36826667
2015-09-22,6.37642313
2015-09-23,6.38251121
2015-09-24,6.38226136
2015-09-25,6.37449556
2015-09-28,6.36517457
2015-09-29,6.36522670
2015-09-30,6.35597608
2015-10-01,6.35712364
2015-10-02,6.35707885
2015-10-05,6.35608758
2015-10-06,6.35762651
2015-10-07,6.35726966
2015-10-08,6.35391861
2015-10-09,6.34518571
2015-10-12,6.32348545
2015-10-13,6.34104097
2015-10-14,6.34837862
2015-10-15,6.34522248
2015-10-16,6.35202465
2015-10-19,6.36036354
2015-10-20,6.34845687
2015-10-21,6.34912806
2015-10-22,6.35808362
2015-10-23,6.35059545
2015-10-26,6.35210244
2015-10-27,6.35249977
2015-10-28,6.35850248
2015-10-29,6.35498628
2015-10-30,6.32685849
2015-11-02,6.33738216
2015-11-03,6.33609694
2015-11-04,6.33662551
2015-11-05,6.34613618
2015-11-06,6.35447349
2015-11-09,6.36312175
2015-11-10,6.35991037
2015-11-11,6.36758119
2015-11-12,6.37050158
2015-11-13,6.37374582
2015-11-16,6.37228388
2015-11-17,6.37722587
2015-11-18,6.38046128
2015-11-19,6.38570226
2015-11-20,6.38463698
2015-11-23,6.38942715
2015-11-24,6.38888367
2015-11-25,6.38683166
2015-11-26,6.38946476
2015-11-27,6.39413989
2015-11-30,6.39843085
2015-12-01,6.39698113
2015-12-02,6.39869959
2015-12-03,6.39799456
2015-12-04,6.40267841
2015-12-07,6.40817837
2015-12-08,6.41793103
2015-12-09,6.42765744
2015-12-10,6.43479850
2015-12-11,6.45808219
2015-12-14,6.45807157
2015-12-15,6.46196542
2015-12-16,6.46903869
2015-12-17,6.48740891
2015-12-18,6.48523440
2015-12-21,6.48178473
2015-12-22,6.47671658
2015-12-23,6.47755588
2015-12-24,6.47483329
2015-12-28,6.48731983
2015-12-29,6.48876917
2015-12-30,6.49002380
2015-12-31,6.48553320
2016-01-04,6.53404294
2016-01-05,6.52093802
2016-01-06,6.55259728
2016-01-07,6.59477365
2016-01-08,6.59027714
2016-01-11,6.57182219
2016-01-12,6.57770395
2016-01-13,6.57553624
2016-01-14,6.59221518
2016-01-15,6.58676929
2016-01-18,6.57895703
2016-01-19,6.57857932
2016-01-20,6.57999450
2016-01-21,6.57908749
2016-01-22,6.57883050
2016-01-25,6.57938049
2016-01-26,6.58060349
2016-01-27,6.57797575
2016-01-28,6.57663029
2016-01-29,6.57600733
2016-02-01,6.57892319
2016-02-02,6.57999817
2016-02-03,6.57788347
2016-02-04,6.57603070
2016-02-05,6.57239779
2016-02-08,6.57553374
2016-02-09,6.57920968
2016-02-10,6.57430932
2016-02-11,6.57371993
2016-02-12,6.57330377
2016-02-15,6.49427549
2016-02-16,6.51450833
2016-02-17,6.52702945
2016-02-18,6.51768315
2016-02-19,6.52289113
2016-02-22,6.52176673
2016-02-23,6.52735866
2016-02-24,6.53802022
2016-02-25,6.53178562
2016-02-26,6.53770671
2016-02-29,6.55317781
2016-03-01,6.55169242
2016-03-02,6.55167649
2016-03-03,6.54050087
2016-03-04,6.51595260
2016-03-07,6.51702730
2016-03-08,6.50562205
2016-03-09,6.51289529
2016-03-10,6.51994105
2016-03-11,6.50306583
2016-03-14,6.49608778
2016-03-15,6.51147718
2016-03-16,6.52386117
2016-03-17,6.48192025
2016-03-18,6.47548542
2016-03-21,6.47928312
2016-03-22,6.49224046
2016-03-23,6.50326739
2016-03-24,6.51443428
2016-03-25,6.51310000
2016-03-28,6.50510000
2016-03-29,6.51000536
2016-03-30,6.47880608
2016-03-31,6.45709267
2016-04-01,6.46457313
2016-04-04,6.47592267
2016-04-05,6.47444356
2016-04-06,6.48817925
2016-04-07,6.47087293
2016-04-08,6.47452257
2016-04-11,6.47137840
2016-04-12,6.46121446
2016-04-13,6.47654452
2016-04-14,6.48506932
2016-04-15,6.47571783
2016-04-18,6.47806474
2016-04-19,6.46848276
2016-04-20,6.46612180
2016-04-21,6.47512109
2016-04-22,6.49551629
2016-04-25,6.49369673
2016-04-26,6.49818375
2016-04-27,6.49482438
2016-04-28,6.47666843
2016-04-29,6.48452162
2016-05-02,6.47507178
2016-05-03,6.48396577
2016-05-04,6.50056497
2016-05-05,6.50493924
2016-05-06,6.50214404
2016-05-09,6.51224221
2016-05-10,6.51692308
2016-05-11,6.50468928
2016-05-12,6.51874616
2016-05-13,6.52106098
2016-05-16,6.52287178
2016-05-17,6.52650645
2016-05-18,6.53550847
2016-05-19,6.54800393
2016-05-20,6.54746412
2016-05-23,6.55434686
2016-05-24,6.55676934
2016-05-25,6.56163646
2016-05-26,6.55775430
2016-05-27,6.56169413
2016-05-30,6.58173983
2016-05-31,6.57728169
2016-06-01,6.57759084
2016-06-02,6.58196282
2016-06-03,6.58669536
2016-06-06,6.56621729
2016-06-07,6.57199507
2016-06-08,6.56767446
2016-06-09,6.55955215
2016-06-10,6.55900566
2016-06-13,6.58608449
2016-06-14,6.59376392
2016-06-15,6.58103295
2016-06-16,6.58609272
2016-06-17,6.59063444
2016-06-20,6.57977409
2016-06-21,6.58175712
2016-06-22,6.57865816
2016-06-23,6.57959435
2016-06-24,6.62398337
2016-06-27,6.64739043
2016-06-28,6.64734038
2016-06-29,6.64382326
2016-06-30,6.64339759
2016-07-01,6.65568029
2016-07-04,6.66448195
2016-07-05,6.67315629
2016-07-06,6.68696359
2016-07-07,6.68267148
2016-07-08,6.68572719
2016-07-11,6.69074124
2016-07-12,6.68481789
2016-07-13,6.69048049
2016-07-14,6.68432374
2016-07-15,6.68179367
2016-07-18,6.70306704
2016-07-19,6.69460807
2016-07-20,6.67402161
2016-07-21,6.67317295
2016-07-22,6.67332486
2016-07-25,6.67965762
2016-07-26,6.67063745
2016-07-27,6.67009371
2016-07-28,6.65807033
2016-07-29,6.65058940
2016-08-01,6.64063060
2016-08-02,6.63209149
2016-08-03,6.62803571
2016-08-04,6.64161279
2016-08-05,6.64306203
2016-08-08,6.66077388
2016-08-09,6.66167178
2016-08-10,6.63170601
2016-08-11,6.63776562
2016-08-12,6.64751748
2016-08-15,6.63711986
2016-08-16,6.61992032
2016-08-17,6.63577510
2016-08-18,6.63068634
2016-08-19,6.65203956
2016-08-22,6.65089333
2016-08-23,6.64088544
2016-08-24,6.65717075
2016-08-25,6.65597874
2016-08-26,6.67121346
2016-08-29,6.67931961
2016-08-30,6.67666547
2016-08-31,6.67544017
2016-09-01,6.67970572
2016-09-02,6.67872778
2016-09-05,6.67766224
2016-09-06,6.67846581
2016-09-07,6.66334431
2016-09-08,6.66209278
2016-09-09,6.68051118
2016-09-12,6.68047390
2016-09-13,6.68071486
2016-09-14,6.67623462
2016-09-15,6.67336058
2016-09-16,6.67334759
2016-09-19,6.66986117
2016-09-20,6.67060086
2016-09-21,6.67121076
2016-09-22,6.66924720
2016-09-23,6.66996611
2016-09-26,6.66888652
2016-09-27,6.66898396
2016-09-28,6.67358575
2016-09-29,6.66785491
2016-09-30,6.67171400
2016-10-03,6.67159131
2016-10-04,6.67162441
2016-10-05,6.67460530
2016-10-06,6.67009388
2016-10-07,6.67163375
2016-10-10,6.70698925
2016-10-11,6.71901796
2016-10-12,6.71769510
2016-10-13,6.72775865
2016-10-14,6.72604981
2016-10-17,6.73776605
2016-10-18,6.73701446
2016-10-19,6.73677020
2016-10-20,6.73770492
2016-10-21,6.76327393
2016-10-24,6.77394179
2016-10-25,6.77750184
2016-10-26,6.76924485
2016-10-27,6.77971996
2016-10-28,6.78016847
2016-10-31,6.77471222
2016-11-01,6.76925170
2016-11-02,6.75826949
2016-11-03,6.76355748
2016-11-04,6.75696385
2016-11-07,6.77463388
2016-11-08,6.78737090
2016-11-09,6.78379604
2016-11-10,6.79807251
2016-11-11,6.80465884
2016-11-14,6.84411246
2016-11-15,6.85703669
2016-11-16,6.87908802
2016-11-17,6.86955305
2016-11-18,6.88267946
2016-11-21,6.89427147
2016-11-22,6.88518414
2016-11-23,6.90030183
2016-11-24,6.91960561
2016-11-25,6.91984517
2016-11-28,6.90876464
2016-11-29,6.89977307
2016-11-30,6.88340386
2016-12-01,6.88585678
2016-12-02,6.88874272
2016-12-05,6.88301252
2016-12-06,6.88103223
2016-12-07,6.88126747
2016-12-08,6.87985505
2016-12-09,6.90699877
2016-12-12,6.91062665
2016-12-13,6.90226202
2016-12-14,6.90520481
2016-12-15,6.93559843
2016-12-16,6.95804196
2016-12-19,6.95327192
2016-12-20,6.95715940
2016-12-21,6.94453507
2016-12-22,6.94752968
2016-12-23,6.94572085
2016-12-27,6.95251316
2016-12-28,6.95933083
2016-12-29,6.95551516
2016-12-30,6.94450242
2017-01-02,6.94601051
2017-01-03,6.96051998
2017-01-04,6.93513462
2017-01-05,6.88610609
2017-01-06,6.91783927
2017-01-09,6.93780905
2017-01-10,6.92495505
2017-01-11,6.93382843
2017-01-12,6.89399757
2017-01-13,6.90029078
2017-01-16,6.90079290
2017-01-17,6.85464246
2017-01-18,6.83899100
2017-01-19,6.86548556
2017-01-20,6.87782167
2017-01-23,6.85356976
2017-01-24,6.85904354
2017-01-25,6.88215582
2017-01-26,6.88168224
2017-01-27,6.89579627
2017-01-30,6.87704610
2017-01-31,6.87773129
2017-02-01,6.88322521
2017-02-02,6.88166173
2017-02-03,6.86863421
2017-02-06,6.86146378
2017-02-07,6.88402810
2017-02-08,6.87248008
2017-02-09,6.86616162
2017-02-10,6.87929250
2017-02-13,6.87383573
2017-02-14,6.86265650
2017-02-15,6.87077215
2017-02-16,6.85580173
2017-02-17,6.86704225
2017-02-20,6.87744913
2017-02-21,6.88478694
2017-02-22,6.87824598
2017-02-23,6.87534285
2017-02-24,6.86897917
2017-02-27,6.87220176
2017-02-28,6.86798150
2017-03-01,6.88047090
2017-03-02,6.88596158
2017-03-03,6.89749172
2017-03-06,6.89671450
2017-03-07,6.90015129
2017-03-08,6.91104585
2017-03-09,6.91043503
2017-03-10,6.91457665
2017-03-13,6.91334521
2017-03-14,6.91477754
2017-03-15,6.91376389
2017-03-16,6.89949655
2017-03-17,6.90518767
2017-03-20,6.90736607
2017-03-21,6.88927976
2017-03-22,6.88748034
2017-03-23,6.88559243
2017-03-24,6.88625636
2017-03-27,6.87804206
2017-03-28,6.88525647
2017-03-29,6.89086342
2017-03-30,6.88954084
2017-03-31,6.88822374
2017-04-03,6.88706500
2017-04-04,6.88864895
2017-04-05,6.89623525
2017-04-06,6.89827489
2017-04-07,6.89727187
2017-04-10,6.90319531
2017-04-11,6.90052751
2017-04-12,6.89203206
2017-04-13,6.88871119
2017-04-14,6.88350000
2017-04-17,6.88000000
2017-04-18,6.88298072
2017-04-19,6.88596737
2017-04-20,6.88366682
2017-04-21,6.88595999
2017-04-24,6.88523230
2017-04-25,6.88421633
2017-04-26,6.89075553
2017-04-27,6.89495451
2017-04-28,6.89542543
2017-05-01,6.89000000
2017-05-02,6.89537334
2017-05-03,6.89321366
2017-05-04,6.89576279
2017-05-05,6.90219870
2017-05-08,6.90373012
2017-05-09,6.90677810
2017-05-10,6.90277523
2017-05-11,6.90211786
2017-05-12,6.90023906
2017-05-15,6.89290922
2017-05-16,6.88895922
2017-05-17,6.88603040
2017-05-18,6.89172432
2017-05-19,6.88925664
2017-05-22,6.88935338
2017-05-23,6.89050379
2017-05-24,6.88993121
2017-05-25,6.86802212
2017-05-26,6.85798499
2017-05-29,6.85681087
2017-05-30,6.85554462
2017-05-31,6.81302914
2017-06-01,6.80889562
2017-06-02,6.82062940
2017-06-05,6.80531603
2017-06-06,6.79436845
2017-06-07,6.79798520
2017-06-08,6.79775581
2017-06-09,6.79688618
2017-06-12,6.79832457
2017-06-13,6.79727200
2017-06-14,6.79701866
2017-06-15,6.80503314
2017-06-16,6.81373690
2017-06-19,6.81685865
2017-06-20,6.82673001
2017-06-21,6.82614156
2017-06-22,6.83346763
2017-06-23,6.83907634
2017-06-26,6.84195942
2017-06-27,6.81441745
2017-06-28,6.79982418
2017-06-29,6.78279155
2017-06-30,6.78101998
2017-07-03,6.79505673
2017-07-04,6.80172642
2017-07-05,6.80201253
2017-07-06,6.80219587
2017-07-07,6.79898353
2017-07-10,6.80460174
2017-07-11,6.80201666
2017-07-12,6.78801642
2017-07-13,6.78313042
2017-07-14,6.78221638
2017-07-17,6.76941197
2017-07-18,6.75041108
2017-07-19,6.75357669
2017-07-20,6.77057031
2017-07-21,6.76842467
2017-07-24,6.74982830
2017-07-25,6.75123995
2017-07-26,6.75420818
2017-07-27,6.73943903
2017-07-28,6.74285958
2017-07-31,6.72772235
2017-08-01,6.71952252
2017-08-02,6.72575873
2017-08-03,6.72225970
2017-08-04,6.72034041
2017-08-07,6.72043740
2017-08-08,6.70077874
2017-08-09,6.67598670
2017-08-10,6.65427890
2017-08-11,6.66502337
2017-08-14,6.67228957
2017-08-15,6.68324251
2017-08-16,6.69453459
2017-08-17,6.67778063
2017-08-18,6.67223169
2017-08-21,6.67137148
2017-08-22,6.66298530
2017-08-23,6.66022544
2017-08-24,6.66152804
2017-08-25,6.65616531
2017-08-28,6.62297694
2017-08-29,6.59586653
2017-08-30,6.59273246
2017-08-31,6.60118393
2017-09-01,6.55914430
2017-09-04,6.52902142
2017-09-05,6.54878049
2017-09-06,6.52501886
2017-09-07,6.49051875
2017-09-08,6.46152570
2017-09-11,6.52904893
2017-09-12,6.53850666
2017-09-13,6.53218132
2017-09-14,6.55599495
2017-09-15,6.54509738
2017-09-18,6.57181118
2017-09-19,6.58469763
2017-09-20,6.57516449
2017-09-21,6.59218816
2017-09-22,6.58849595
2017-09-25,6.62332519
2017-09-26,6.63349453
2017-09-27,6.64202368
2017-09-28,6.65953473
2017-09-29,6.65204133
2017-10-02,6.65344005
2017-10-03,6.64281460
2017-10-04,6.63128871
2017-10-05,6.65201840
2017-10-06,6.65336978
2017-10-09,6.62250979
2017-10-10,6.57870645
2017-10-11,6.59247675
2017-10-12,6.58830972
2017-10-13,6.59026249
2017-10-16,6.59001949
2017-10-17,6.62012076
2017-10-18,6.62754277
2017-10-19,6.61737367
2017-10-20,6.61846336
2017-10-23,6.64028961
2017-10-24,6.63395970
2017-10-25,6.64548154
2017-10-26,6.63685867
2017-10-27,6.65445928
2017-10-30,6.64528074
2017-10-31,6.63146589
2017-11-01,6.61100586
2017-11-02,6.61322456
2017-11-03,6.62263018
2017-11-06,6.63408110
2017-11-07,6.63812489
2017-11-08,6.62968076
2017-11-09,6.63740327
2017-11-10,6.64252617
2017-11-13,6.64121482
2017-11-14,6.63686675
2017-11-15,6.62195946
2017-11-16,6.63197689
2017-11-17,6.63323442
2017-11-20,6.63398693
2017-11-21,6.63295784
2017-11-22,6.61801004
2017-11-23,6.57334571
2017-11-24,6.60495075
2017-11-27,6.60182396
2017-11-28,6.59749327
2017-11-29,6.60404160
2017-11-30,6.61465103
2017-12-01,6.60925536
2017-12-04,6.61879477
2017-12-05,6.61399510
2017-12-06,6.61496150
2017-12-07,6.61912438
2017-12-08,6.61974110
2017-12-11,6.61826043
2017-12-12,6.61864695
2017-12-13,6.61997273
2017-12-14,6.60852680
2017-12-15,6.60867356
2017-12-18,6.61763459
2017-12-19,6.60306183
2017-12-20,6.57880962
2017-12-21,6.58504090
2017-12-22,6.57597233
2017-12-26,6.54290000
2017-12-27,6.55527533
2017-12-28,6.53603151
2017-12-29,6.50746269
2018-01-02,6.49299627
2018-01-03,6.50153872
2018-01-04,6.49647741
2018-01-05,6.48825239
2018-01-08,6.49929007
2018-01-09,6.52572913
2018-01-10,6.50400267
2018-01-11,6.50137305
2018-01-12,6.46098706
2018-01-15,6.43805490
2018-01-16,6.44153720
2018-01-17,6.43513890
2018-01-18,6.42272170
2018-01-19,6.40399837
2018-01-22,6.40362775
2018-01-23,6.40591069
2018-01-24,6.37297604
2018-01-25,6.33102281
2018-01-26,6.32783853
2018-01-29,6.33193311
2018-01-30,6.32525562
2018-01-31,6.28883359
2018-02-01,6.29673329
2018-02-02,6.28802434
2018-02-05,6.29003215
2018-02-06,6.28161246
2018-02-07,6.27459880
2018-02-08,6.32949722
2018-02-09,6.30343029
2018-02-12,6.32830466
2018-02-13,6.34427958
2018-02-14,6.34442825
2018-02-15,6.34443288
2018-02-16,6.34443196
2018-02-19,6.34439968
2018-02-20,6.34440843
2018-02-21,6.34437947
2018-02-22,6.36078527
2018-02-23,6.33498658
2018-02-26,6.30868506
2018-02-27,6.31371433
2018-02-28,6.32757491
2018-03-01,6.35034097
2018-03-02,6.34511046
2018-03-05,6.34029414
2018-03-06,6.32809604
2018-03-07,6.32068938
2018-03-08,6.33572176
2018-03-09,6.33756407
2018-03-12,6.33116566
2018-03-13,6.32291162
2018-03-14,6.31328321
2018-03-15,6.31764039
2018-03-16,6.32550199
2018-03-19,6.33227720
2018-03-20,6.33300749
2018-03-21,6.32996907
2018-03-22,6.33452420
2018-03-23,6.31581079
2018-03-26,6.27862380
2018-03-27,6.28070459
2018-03-28,6.28899823
2018-03-29,6.28747667
2018-03-30,6.27260000
2018-04-02,6.27850000
2018-04-03,6.28461163
2018-04-04,6.30571848
2018-04-05,6.30522023
2018-04-06,6.30521497
2018-04-09,6.31388166
2018-04-10,6.28921608
2018-04-11,6.28351098
2018-04-12,6.28515783
2018-04-13,6.28099375
2018-04-16,6.28342765
2018-04-17,6.28299749
2018-04-18,6.28237004
2018-04-19,6.27661121
2018-04-20,6.29206272
2018-04-23,6.30887400
2018-04-24,6.30573979
2018-04-25,6.32318424
2018-04-26,6.32495069
2018-04-27,6.33943662
2018-04-30,6.33943207
2018-05-01,6.33250000
2018-05-02,6.35904056
2018-05-03,6.34881588
2018-05-04,6.35917788
2018-05-07,6.36682910
2018-05-08,6.36781803
2018-05-09,6.36652917
2018-05-10,6.34946961
2018-05-11,6.33249539
2018-05-14,6.33742075
2018-05-15,6.36253471
2018-05-16,6.37618805
2018-05-17,6.36797967
2018-05-18,6.37866056
2018-05-21,6.38634238
2018-05-22,6.36866203
2018-05-23,6.38853775
2018-05-24,6.38369714
2018-05-25,6.39066381
2018-05-28,6.39883202
2018-05-29,6.41754629
2018-05-30,6.41961829
2018-05-31,6.40661595
2018-06-01,6.41725941
2018-06-04,6.40419187
2018-06-05,6.40428266
2018-06-06,6.39439014
2018-06-07,6.39236228
2018-06-08,6.40913731
2018-06-11,6.40525869
2018-06-12,6.40447913
2018-06-13,6.40028902
2018-06-14,6.39462916
2018-06-15,6.42143843
2018-06-18,6.43933523
2018-06-19,6.48213976
2018-06-20,6.47374331
2018-06-21,6.49826660
2018-06-22,6.49802541
2018-06-25,6.53572650
2018-06-26,6.57547978
2018-06-27,6.59857094
2018-06-28,6.62419062
2018-06-29,6.61948876
2018-07-02,6.66603660
2018-07-03,6.64217745
2018-07-04,6.63176430
2018-07-05,6.63352976
2018-07-06,6.64764585
2018-07-09,6.61353804
2018-07-10,6.63937505
2018-07-11,6.67737537
2018-07-12,6.67181335
2018-07-13,6.70033497
2018-07-16,6.67858362
2018-07-17,6.69035620
2018-07-18,6.72138489
2018-07-19,6.77882292
2018-07-20,6.78748929
2018-07-23,6.78627518
2018-07-24,6.79660003
2018-07-25,6.76193328
2018-07-26,6.78251963
2018-07-27,6.83475269
2018-07-30,6.82232112
2018-07-31,6.83179959
2018-08-01,6.79882011
2018-08-02,6.84496858
2018-08-03,6.83422506
2018-08-06,6.84969245
2018-08-07,6.82390967
2018-08-08,6.83674174
2018-08-09,6.81902872
2018-08-10,6.84951117
2018-08-13,6.88739805
2018-08-14,6.88129055
2018-08-15,6.91617348
2018-08-16,6.89498681
2018-08-17,6.88438241
2018-08-20,6.86085814
2018-08-21,6.84646148
2018-08-22,6.84142562
2018-08-23,6.87822783
2018-08-24,6.84552986
2018-08-27,6.82506662
2018-08-28,6.80111016
2018-08-29,6.82898799
2018-08-30,6.83262060
2018-08-31,6.83752468
2018-09-03,6.82392971
2018-09-04,6.83956063
2018-09-05,6.83198066
2018-09-06,6.82920750
2018-09-07,6.84253121
2018-09-10,6.86310604
2018-09-11,6.86875756
2018-09-12,6.86991800
2018-09-13,6.84526678
2018-09-14,6.85430747
2018-09-17,6.86650673
2018-09-18,6.86646149
2018-09-19,6.85548984
2018-09-20,6.84501657
2018-09-21,6.84607535
2018-09-24,6.85713072
2018-09-25,6.87424641
2018-09-26,6.87441425
2018-09-27,6.88049885
2018-09-28,6.88165169
2018-10-01,6.86886093
2018-10-02,6.86883826
2018-10-03,6.86880845
2018-10-04,6.86889237
2018-10-05,6.86885103
2018-10-08,6.92646803
2018-10-09,6.92479230
2018-10-10,6.92356522
2018-10-11,6.90989201
2018-10-12,6.91575946
2018-10-15,6.91952336
2018-10-16,6.91248813
2018-10-17,6.92862099
2018-10-18,6.93915689
2018-10-19,6.93016565
2018-10-22,6.94283974
2018-10-23,6.93613870
2018-10-24,6.94442005
2018-10-25,6.94428872
2018-10-26,6.94587924
2018-10-29,6.95852737
2018-10-30,6.96473795
2018-10-31,6.97428874
2018-11-01,6.93811990
2018-11-02,6.89428046
2018-11-05,6.92875989
2018-11-06,6.91415821
2018-11-07,6.91442500
2018-11-08,6.93207283
2018-11-09,6.94976203
2018-11-12,6.96378162
2018-11-13,6.95799663
2018-11-14,6.95316926
2018-11-15,6.93923043
2018-11-16,6.95037899
2018-11-19,6.94399230
2018-11-20,6.94326241
2018-11-21,6.93496363
2018-11-22,6.93256161
2018-11-23,6.94732206
2018-11-26,6.94086069
2018-11-27,6.94809322
2018-11-28,6.95356257
2018-11-29,6.94326864
2018-11-30,6.94576987
2018-12-03,6.88969291
2018-12-04,6.83548076
2018-12-05,6.85643826
2018-12-06,6.89269668
2018-12-07,6.88101310
2018-12-10,6.91177243
2018-12-11,6.89849723
2018-12-12,6.88833069
2018-12-13,6.88118899
2018-12-14,6.90119628
2018-12-17,6.89727537
2018-12-18,6.89593039
2018-12-19,6.89899167
2018-12-20,6.88708410
2018-12-21,6.90599264
2018-12-24,6.90129734
2018-12-26,6.88470000
2018-12-27,6.86551815
2018-12-28,6.87777196
2018-12-31,6.87781659
2019-01-02,6.85838379
2019-01-03,6.87513218
2019-01-04,6.86486012
2019-01-07,6.85198777
2019-01-08,6.85358392
2019-01-09,6.82898298
2019-01-10,6.78049415
2019-01-11,6.75643805
2019-01-14,6.76680910
2019-01-15,6.76032913
2019-01-16,6.76249012
2019-01-17,6.77141102
2019-01-18,6.77872303
2019-01-21,6.79792290
2019-01-22,6.80808526
2019-01-23,6.78692707
2019-01-24,6.79313993
2019-01-25,6.76000353
2019-01-28,6.74347521
2019-01-29,6.73498512
2019-01-30,6.71686062
2019-01-31,6.70351671
2019-02-01,6.73541975
2019-02-04,6.74477938
2019-02-05,6.73535849
2019-02-06,6.74477795
2019-02-07,6.74482151
2019-02-08,6.74484400
2019-02-11,6.78937130
2019-02-12,6.77027266
2019-02-13,6.76461743
2019-02-14,6.77555911
2019-02-15,6.77051510
2019-02-18,6.76527189
2019-02-19,6.76624757
2019-02-20,6.72227120
2019-02-21,6.71789678
2019-02-22,6.72044150
2019-02-25,6.68885953
2019-02-26,6.69632955
2019-02-27,6.68127525
2019-02-28,6.68439033
2019-03-01,6.70578933
2019-03-04,6.70239040
2019-03-05,6.70306294
2019-03-06,6.71003981
2019-03-07,6.70943128
2019-03-08,6.72348957
2019-03-11,6.72465315
2019-03-12,6.70891353
2019-03-13,6.70777670
2019-03-14,6.72722444
2019-03-15,6.71400778
2019-03-18,6.71301436
2019-03-19,6.71218524
2019-03-20,6.69490928
2019-03-21,6.69166593
2019-03-22,6.71279420
2019-03-25,6.71214128
2019-03-26,6.71490568
2019-03-27,6.72489122
2019-03-28,6.73872348
2019-03-29,6.71090343
2019-04-01,6.71146315
2019-04-02,6.72008929
2019-04-03,6.70844081
2019-04-04,6.71655228
2019-04-05,6.71743969
2019-04-08,6.71892228
2019-04-09,6.71171411
2019-04-10,6.71673021
2019-04-11,6.71803977
2019-04-12,6.70779966
2019-04-15,6.70617873
2019-04-16,6.70906678
2019-04-17,6.68914255
2019-04-18,6.70622222
2019-04-19,6.70320000
2019-04-22,6.71120000
2019-04-23,6.71916407
2019-04-24,6.71817290
2019-04-25,6.74701070
2019-04-26,6.73592024
2019-04-29,6.73246637
2019-04-30,6.73390979
2019-05-01,6.73190000
2019-05-02,6.73457010
2019-05-03,6.73455849
2019-05-06,6.76587195
2019-05-07,6.76888690
2019-05-08,6.78003928
2019-05-09,6.82337175
2019-05-10,6.82350846
2019-05-13,6.87727879
2019-05-14,6.88152503
2019-05-15,6.87874452
2019-05-16,6.87913952
2019-05-17,6.91416040
2019-05-20,6.91573386
2019-05-21,6.90628080
2019-05-22,6.90251544
2019-05-23,6.91785618
2019-05-24,6.90140341
2019-05-27,6.89891052
2019-05-28,6.91073981
2019-05-29,6.90937612
2019-05-30,6.90704149
2019-05-31,6.90924581
2019-06-03,6.90683952
2019-06-04,6.90910708
2019-06-05,6.90716887
2019-06-06,6.91283508
2019-06-07,6.90969573
2019-06-10,6.93434209
2019-06-11,6.91192580
2019-06-12,6.91919103
2019-06-13,6.92213659
2019-06-14,6.92383489
2019-06-17,6.92487093
2019-06-18,6.92643247
2019-06-19,6.90443473
2019-06-20,6.85433802
2019-06-21,6.87451396
2019-06-24,6.87677725
2019-06-25,6.87978574
2019-06-26,6.87722232
2019-06-27,6.87766051
2019-06-28,6.87038664
2019-07-01,6.84236497
2019-07-02,6.87602867
2019-07-03,6.88063402
2019-07-04,6.87163359
2019-07-05,6.87611012
2019-07-08,6.88123049
2019-07-09,6.88576528
2019-07-10,6.88297683
2019-07-11,6.86548516
2019-07-12,6.88100951
2019-07-15,6.87585411
2019-07-16,6.87757284
2019-07-17,6.87748551
2019-07-18,6.88017118
2019-07-19,6.87840727
2019-07-22,6.88078466
2019-07-23,6.87872550
2019-07-24,6.87504488
2019-07-25,6.87296446
2019-07-26,6.87816484
2019-07-29,6.89342567
2019-07-30,6.88192577
2019-07-31,6.88216303
2019-08-01,6.90196611
2019-08-02,6.93841167
2019-08-05,7.03854409
2019-08-06,7.01895057
2019-08-07,7.04847349
2019-08-08,7.04663629
2019-08-09,7.05831398
2019-08-12,7.05860282
2019-08-13,7.06674390
2019-08-14,7.01877011
2019-08-15,7.03704036
2019-08-16,7.04026724
2019-08-19,7.05061695
2019-08-20,7.05850488
2019-08-21,7.06394092
2019-08-22,7.08499504
2019-08-23,7.08892906
2019-08-26,7.14546599
2019-08-27,7.16129323
2019-08-28,7.16024542
2019-08-29,7.14243136
2019-08-30,7.15005437
2019-09-02,7.17149891
2019-09-03,7.17865960
2019-09-04,7.15265928
2019-09-05,7.14378730
2019-09-06,7.11363018
2019-09-09,7.12498867
2019-09-10,7.10552536
2019-09-11,7.11705898
2019-09-12,7.08765849
2019-09-13,7.08264239
2019-09-16,7.06708367
2019-09-17,7.09677127
2019-09-18,7.08848276
2019-09-19,7.09478630
2019-09-20,7.09038985
2019-09-23,7.12598999
2019-09-24,7.10706171
2019-09-25,7.12429430
2019-09-26,7.12890839
2019-09-27,7.12821216
2019-09-30,7.14335568
2019-10-01,7.14837585
2019-10-02,7.14837529
2019-10-03,7.14838828
2019-10-04,7.14974041
2019-10-07,7.14836714
2019-10-08,7.14309121
2019-10-09,7.12731081
2019-10-10,7.12302811
2019-10-11,7.10105949
2019-10-14,7.06989394
2019-10-15,7.08122104
2019-10-16,7.09931973
2019-10-17,7.07792675
2019-10-18,7.08372218
2019-10-21,7.07285420
2019-10-22,7.07951482
2019-10-23,7.07399083
2019-10-24,7.07260963
2019-10-25,7.06977582
2019-10-28,7.06827816
2019-10-29,7.06552501
2019-10-30,7.05663605
2019-10-31,7.04142012
2019-11-01,7.04192477
2019-11-04,7.02858935
2019-11-05,6.99738950
2019-11-06,6.99765555
2019-11-07,6.97580572
2019-11-08,6.98885264
2019-11-11,7.01059687
2019-11-12,7.00744439
2019-11-13,7.02171543
2019-11-14,7.02100573
2019-11-15,7.00951604
2019-11-18,7.01826236
2019-11-19,7.02618037
2019-11-20,7.03372819
2019-11-21,7.02668831
2019-11-22,7.03870501
2019-11-25,7.03615552
2019-11-26,7.03956443
2019-11-27,7.02634208
2019-11-28,7.03462063
2019-11-29,7.02713531
2019-12-02,7.04209380
2019-12-03,7.05807967
2019-12-04,7.05252234
2019-12-05,7.04209483
2019-12-06,7.03019650
2019-12-09,7.03927765
2019-12-10,7.03872890
2019-12-11,7.03927765
2019-12-12,7.03726318
2019-12-13,6.97154108
2019-12-16,7.00026915
2019-12-17,6.99605805
2019-12-18,6.99802069
2019-12-19,7.01007466
2019-12-20,7.00765973
2019-12-23,7.01146727
2019-12-24,7.00749097
2019-12-26,6.99490000
2019-12-27,6.99587555
2019-12-30,6.98677272
2019-12-31,6.96145629
2020-01-02,6.96381667
2020-01-03,6.97156186
2020-01-06,6.97239593
2020-01-07,6.94253491
2020-01-08,6.94412955
2020-01-09,6.93168317
2020-01-10,6.92209900
2020-01-13,6.89349272
2020-01-14,6.88582996
2020-01-15,6.88799138
2020-01-16,6.87948787
2020-01-17,6.85866042
2020-01-20,6.86621561
2020-01-21,6.90346379
2020-01-22,6.90205628
2020-01-23,6.93327924
2020-01-24,6.93330313
2020-01-27,6.93668934
2020-01-28,6.93666515
2020-01-29,6.93664212
2020-01-30,6.93662163
2020-01-31,6.93666305
2020-02-03,7.01979035
2020-02-04,6.99656046
2020-02-05,6.97251202
2020-02-06,6.96864492
2020-02-07,6.99343605
2020-02-10,6.98301525
2020-02-11,6.97413081
2020-02-12,6.97022173
2020-02-13,6.98352811
2020-02-14,6.98736395
2020-02-17,6.98154130
2020-02-18,7.00184911
2020-02-19,6.99425926
2020-02-20,7.02381835
2020-02-21,7.03129340
2020-02-24,7.03475689
2020-02-25,7.01522140
2020-02-26,7.01875862
2020-02-27,7.00592849
2020-02-28,6.98387538
2020-03-02,6.96538392
2020-03-03,6.97778178
2020-03-04,6.92260674
2020-03-05,6.93474569
2020-03-06,6.92581157
2020-03-09,6.94832402
2020-03-10,6.95697981
2020-03-11,6.95139379
2020-03-12,7.01752669
2020-03-13,6.98730187
2020-03-16,7.02258672
2020-03-17,7.02012384
2020-03-18,7.03539418
2020-03-19,7.11498935
2020-03-20,7.09059494
2020-03-23,7.08383567
2020-03-24,7.05976206
2020-03-25,7.09744158
2020-03-26,7.07358164
2020-03-27,7.09611005
2020-03-30,7.09960123
2020-03-31,7.09967141
2020-04-01,7.10067666
2020-04-02,7.09581882
2020-04-03,7.09095967
2020-04-06,7.09100176
2020-04-07,7.05576481
2020-04-08,7.06632325
2020-04-09,7.05889390
2020-04-10,7.03410000
2020-04-13,7.05010000
2020-04-14,7.05700994
2020-04-15,7.06209300
2020-04-16,7.07117928
2020-04-17,7.07375691
2020-04-20,7.07357274
2020-04-21,7.09495248
2020-04-22,7.08235944
2020-04-23,7.07937245
2020-04-24,7.07916667
2020-04-27,7.08256543
2020-04-28,7.07704330
2020-04-29,7.07646191
2020-04-30,7.04900699
2020-05-01,7.06220000
2020-05-04,7.06223725
2020-05-05,7.06215992
2020-05-06,7.09789951
2020-05-07,7.08773069
2020-05-08,7.07544038
2020-05-11,7.09377310
2020-05-12,7.08537484
2020-05-13,7.08983908
2020-05-14,7.10294663
2020-05-15,7.10863123
2020-05-18,7.11484490
2020-05-19,7.10648402
2020-05-20,7.10038328
2020-05-21,7.10481818
2020-05-22,7.13472120
2020-05-25,7.13620532
2020-05-26,7.13157175
2020-05-27,7.15876626
2020-05-28,7.15359477
2020-05-29,7.13505747
2020-06-01,7.13629003
2020-06-02,7.10694469
2020-06-03,7.11086296
2020-06-04,7.11697778
2020-06-05,7.09170344
2020-06-08,7.07452370
2020-06-09,7.08562068
2020-06-10,7.05978022
2020-06-11,7.07173070
2020-06-12,7.07625619
2020-06-15,7.09499689
2020-06-16,7.07826318
2020-06-17,7.08707265
2020-06-18,7.08830868
2020-06-19,7.07689563
2020-06-22,7.07642914
2020-06-23,7.06343877
2020-06-24,7.07198582
2020-06-25,7.07196429
2020-06-26,7.07197003
2020-06-29,7.07559376
2020-06-30,7.07438828
2020-07-01,7.06705357
2020-07-02,7.06707425
2020-07-03,7.06610834
2020-07-06,7.01969095
2020-07-07,7.02276351
2020-07-08,7.01426546
2020-07-09,6.98554047
2020-07-10,7.00177368
2020-07-13,7.00052961
2020-07-14,7.01582418
2020-07-15,6.98837819
2020-07-16,6.99675837
2020-07-17,6.99816241
2020-07-20,6.98742138
2020-07-21,6.98960063
2020-07-22,6.99594058
2020-07-23,7.00639640
2020-07-24,7.01697105
2020-07-27,7.00204082
2020-07-28,7.00187761
2020-07-29,6.99931770
2020-07-30,7.00332113
2020-07-31,6.97476367
2020-08-03,6.98447894
2020-08-04,6.98317042
2020-08-05,6.94086384
2020-08-06,6.95136367
2020-08-07,6.95929593
2020-08-10,6.97126583
2020-08-11,6.94704235
2020-08-12,6.94571404
2020-08-13,6.94557593
2020-08-14,6.94997037
2020-08-17,6.94018392
2020-08-18,6.92146817
2020-08-19,6.91125450
2020-08-20,6.91856540
2020-08-21,6.92352791
2020-08-24,6.91288934
2020-08-25,6.91306924
2020-08-26,6.89303588
2020-08-27,6.88827715
2020-08-28,6.86101553
2020-08-31,6.84346734
2020-09-01,6.81897055
2020-09-02,6.82708035
2020-09-03,6.84009142
2020-09-04,6.84056747
2020-09-07,6.83262855
2020-09-08,6.84412389
2020-09-09,6.84481441
2020-09-10,6.83787661
2020-09-11,6.83676396
2020-09-14,6.81938363
2020-09-15,6.77144299
2020-09-16,6.75954166
2020-09-17,6.76960244
2020-09-18,6.77309220
2020-09-21,6.78645966
2020-09-22,6.77597956
2020-09-23,6.79379063
2020-09-24,6.82928295
2020-09-25,6.82920750
2020-09-28,6.81319623
2020-09-29,6.81738164
2020-09-30,6.80901947
2020-10-01,6.79075902
2020-10-02,6.79079284
2020-10-05,6.80897349
2020-10-06,6.79194574
2020-10-07,6.79133390
2020-10-08,6.79082023
2020-10-09,6.70173802
2020-10-12,6.74446987
2020-10-13,6.73521676
2020-10-14,6.73123404
2020-10-15,6.73243289
2020-10-16,6.69781109
2020-10-19,6.68366568
2020-10-20,6.68230313
2020-10-21,6.65533243
2020-10-22,6.68132984
2020-10-23,6.67653509
2020-10-26,6.71308909
2020-10-27,6.70596687
2020-10-28,6.72337341
2020-10-29,6.70975735
2020-10-30,6.68131304
2020-11-02,6.69086852
2020-11-03,6.68244744
2020-11-04,6.65796434
2020-11-05,6.60742303
2020-11-06,6.61061500
2020-11-09,6.60397206
2020-11-10,6.61475271
2020-11-11,6.62442631
2020-11-12,6.62412009
2020-11-13,6.60778671
2020-11-16,6.58875740
2020-11-17,6.55546204
2020-11-18,6.55712841
2020-11-19,6.58612238
2020-11-20,6.56798449
2020-11-23,6.56902781
2020-11-24,6.58676780
2020-11-25,6.57603028
2020-11-26,6.57596639
2020-11-27,6.57792317
2020-11-30,6.57746244
2020-12-01,6.57077206
2020-12-02,6.56414719
2020-12-03,6.54818533
2020-12-04,6.53186940
2020-12-07,6.53941293
2020-12-08,6.53087337
2020-12-09,6.53786440
2020-12-10,6.54180768
2020-12-11,6.54621918
2020-12-14,6.54398948
2020-12-15,6.54546952
2020-12-16,6.53318566
2020-12-17,6.53323534
2020-12-18,6.53772738
2020-12-21,6.55417728
2020-12-22,6.54105728
2020-12-23,6.53863225
2020-12-24,6.53030427
2020-12-28,6.53948768
2020-12-29,6.53152786
2020-12-30,6.52503868
2020-12-31,6.53777198
2021-01-04,6.46421601
2021-01-05,6.46361340
2021-01-06,6.45590858
2021-01-07,6.46725318
2021-01-08,6.46400000
2021-01-11,6.47915810
2021-01-12,6.46131075
2021-01-13,6.47016275
2021-01-14,6.46725503
2021-01-15,6.47521241
2021-01-18,6.49527520
2021-01-19,6.47955819
2021-01-20,6.46987852
2021-01-21,6.46093107
2021-01-22,6.48313867
2021-01-25,6.47728769
2021-01-26,6.46767685
2021-01-27,6.47275879
2021-01-28,6.46977090
2021-01-29,6.43103164
2021-02-01,6.46665012
2021-02-02,6.45599469
2021-02-03,6.45943247
2021-02-04,6.46398800
2021-02-05,6.47041642
2021-02-08,6.45471933
2021-02-09,6.43539326
2021-02-10,6.45130700
2021-02-11,6.45822014
2021-02-12,6.45911794
2021-02-15,6.45824058
2021-02-16,6.45820637
2021-02-17,6.45820896
2021-02-18,6.46904998
2021-02-19,6.45176703
2021-02-22,6.46558971
2021-02-23,6.46512394
2021-02-24,6.45167133
2021-02-25,6.45382413
2021-02-26,6.46687567
2021-03-01,6.46892890
2021-03-02,6.47156635
2021-03-03,6.46555445
2021-03-04,6.46883829
2021-03-05,6.49095326
2021-03-08,6.52671498
2021-03-09,6.51404069
2021-03-10,6.51135217
2021-03-11,6.48458518
2021-03-12,6.50599179
2021-03-15,6.50234899
2021-03-16,6.50000000
2021-03-17,6.50331738
2021-03-18,6.50663197
2021-03-19,6.51021781
2021-03-22,6.50528258
2021-03-23,6.51072961
2021-03-24,6.52287526
2021-03-25,6.54295882
2021-03-26,6.54074011
2021-03-29,6.56262729
2021-03-30,6.57133123
2021-03-31,6.55113006
2021-04-01,6.57202452
2021-04-02,6.56460000
2021-04-05,6.56490000
2021-04-06,6.55181172
2021-04-07,6.54333558
2021-04-08,6.54838710
2021-04-09,6.55568641
2021-04-12,6.54460685
2021-04-13,6.54883995
2021-04-14,6.53176195
2021-04-15,6.52706767
2021-04-16,6.52069081
2021-04-19,6.50793519
2021-04-20,6.49763505
2021-04-21,6.49712668
2021-04-22,6.49020422
2021-04-23,6.49096635
2021-04-26,6.48564336
2021-04-27,6.48353739
2021-04-28,6.48450704
2021-04-29,6.46904114
2021-04-30,6.46697567
2021-05-03,6.47351378
2021-05-04,6.49995841
2021-05-05,6.46697209
2021-05-06,6.47213930
2021-05-07,6.45235923
2021-05-10,6.41342756
2021-05-11,6.42374692
2021-05-12,6.44091434
2021-05-13,6.45385316
2021-05-14,6.43603069
2021-05-17,6.44206539
2021-05-18,6.42292587
2021-05-19,6.43580085
2021-05-20,6.43800705
2021-05-21,6.43198228
2021-05-24,6.42703898
2021-05-25,6.40574038
2021-05-26,6.39046529
2021-05-27,6.37875061
2021-05-28,6.37637951
2021-05-31,6.37013360
2021-06-01,6.38388548
2021-06-02,6.38536025
2021-06-03,6.39287766
2021-06-04,6.40975489
2021-06-07,6.39656307
2021-06-08,6.39780003
2021-06-09,6.38614186
2021-06-10,6.39296862
2021-06-11,6.39331959
2021-06-14,6.39869551
2021-06-15,6.40089197
2021-06-16,6.39904322
2021-06-17,6.44022786
2021-06-18,6.43965372
2021-06-21,6.46842150
2021-06-22,6.47502943
2021-06-23,6.47585976
2021-06-24,6.46724196
2021-06-25,6.45514644
2021-06-28,6.45860621
2021-06-29,6.46147376
2021-06-30,6.45759004
2021-07-01,6.46600471
2021-07-02,6.47838958
2021-07-05,6.46190797
2021-07-06,6.46604156
2021-07-07,6.46420421
2021-07-08,6.49028552
2021-07-09,6.47950751
2021-07-12,6.47578468
2021-07-13,6.46724080
2021-07-14,6.45682357
2021-07-15,6.46151241
2021-07-16,6.47119132
2021-07-19,6.48852626
2021-07-20,6.48025478
2021-07-21,6.47307170
2021-07-22,6.46734607
2021-07-23,6.47777683
2021-07-26,6.48392297
2021-07-27,6.50287892
2021-07-28,6.49800966
2021-07-29,6.45927735
2021-07-30,6.46186191
2021-08-02,6.46197207
2021-08-03,6.46344131
2021-08-04,6.46134390
2021-08-05,6.46033755
2021-08-06,6.46895909
2021-08-09,6.47819063
2021-08-10,6.48140249
2021-08-11,6.48540707
2021-08-12,6.47721271
2021-08-13,6.47998300
2021-08-16,6.47663948
2021-08-17,6.47947650
2021-08-18,6.48093491
2021-08-19,6.48948358
2021-08-20,6.49935738
2021-08-23,6.48489503
2021-08-24,6.47717206
2021-08-25,6.47844240
2021-08-26,6.48296082
2021-08-27,6.47861576
2021-08-30,6.46953648
2021-08-31,6.46146696
2021-09-01,6.46703901
2021-09-02,6.45812933
2021-09-03,6.44836590
2021-09-06,6.45743425
2021-09-07,6.46458685
2021-09-08,6.45776613
2021-09-09,6.45396182
2021-09-10,6.43763196
2021-09-13,6.45662139
2021-09-14,6.44726596
2021-09-15,6.43344046
2021-09-16,6.44809997
2021-09-17,6.45534805
2021-09-20,6.46622833
2021-09-21,6.47001193
2021-09-22,6.46687697
2021-09-23,6.45693555
2021-09-24,6.46838467
2021-09-27,6.46341255
2021-09-28,6.45941086
2021-09-29,6.46533379
2021-09-30,6.46402971
2021-10-01,6.44663793
2021-10-04,6.44663114
2021-10-05,6.44759524
2021-10-06,6.44662970
2021-10-07,6.44663553
2021-10-08,6.44748898
2021-10-11,6.44928288
2021-10-12,6.44932929
2021-10-13,6.44196506
2021-10-14,6.43707981
2021-10-15,6.43535597
2021-10-18,6.43028266
2021-10-19,6.38901759
2021-10-20,6.39266971
2021-10-21,6.39881413
2021-10-22,6.39183147
2021-10-25,6.38989916
2021-10-26,6.38009985
2021-10-27,6.39235603
2021-10-28,6.39774002
2021-10-29,6.39656505
2021-11-01,6.39808257
2021-11-02,6.39825907
2021-11-03,6.39851442
2021-11-04,6.39493474
2021-11-05,6.40298637
2021-11-08,6.39502548
2021-11-09,6.39103395
2021-11-10,6.39089808
2021-11-11,6.39546248
2021-11-12,6.38076520
2021-11-15,6.38185949
2021-11-16,6.38872273
2021-11-17,6.37769530
2021-11-18,6.38334068
2021-11-19,6.39047112
2021-11-22,6.38189395
2021-11-23,6.38982148
2021-11-24,6.38943423
2021-11-25,6.38652767
2021-11-26,6.38995660
2021-11-29,6.38542036
2021-11-30,6.37111678
2021-12-01,6.36954216
2021-12-02,6.37595908
2021-12-03,6.37100345
2021-12-06,6.37777975
2021-12-07,6.36735963
2021-12-08,6.34799540
2021-12-09,6.37556361
2021-12-10,6.37044265
2021-12-13,6.36433765
2021-12-14,6.36271996
2021-12-15,6.36574321
2021-12-16,6.36758998
2021-12-17,6.37546337
2021-12-20,6.37647476
2021-12-21,6.37140328
2021-12-22,6.37102911
2021-12-23,6.37099912
2021-12-24,6.36776531
2021-12-27,6.37261315
2021-12-28,6.36828171
2021-12-29,6.36945944
2021-12-30,6.37286042
2021-12-31,6.35237507
2022-01-03,6.35614267
2022-01-04,6.37680645
2022-01-05,6.36867214
2022-01-06,6.37976138
2022-01-07,6.37812002
2022-01-10,6.37285740
2022-01-11,6.37394143
2022-01-12,6.36578716
2022-01-13,6.36072581
2022-01-14,6.35345505
2022-01-17,6.34938174
2022-01-18,6.35277558
2022-01-19,6.34667254
2022-01-20,6.34468160
2022-01-21,6.33997180
2022-01-24,6.32811394
2022-01-25,6.32987220
2022-01-26,6.32198280
2022-01-27,6.36747312
2022-01-28,6.36173460
2022-01-31,6.36097167
2022-02-01,6.36101243
2022-02-02,6.36103506
2022-02-03,6.36142123
2022-02-04,6.36104327
2022-02-07,6.36035643
2022-02-08,6.36711080
2022-02-09,6.36283341
2022-02-10,6.35737390
2022-02-11,6.35578523
2022-02-14,6.35710498
2022-02-15,6.34367563
2022-02-16,6.34022160
2022-02-17,6.33773087
2022-02-18,6.32728554
2022-02-21,6.33542071
2022-02-22,6.32789631
2022-02-23,6.31778914
2022-02-24,6.32455433
2022-02-25,6.31490728
2022-02-28,6.31038486
2022-03-01,6.31266798
2022-03-02,6.31667567
2022-03-03,6.31960997
2022-03-04,6.31942538
2022-03-07,6.31904543
2022-03-08,6.31702167
2022-03-09,6.31802056
2022-03-10,6.32109347
2022-03-11,6.33603276
2022-03-14,6.36295620
2022-03-15,6.37949231
2022-03-16,6.35046389
2022-03-17,6.35019455
2022-03-18,6.36182776
2022-03-21,6.35549918
2022-03-22,6.36220972
2022-03-23,6.37259900
2022-03-24,6.37028603
2022-03-25,6.36311580
2022-03-28,6.37078242
2022-03-29,6.36445647
2022-03-30,6.35142909
2022-03-31,6.34204126
2022-04-01,6.36183496
2022-04-04,6.36310768
2022-04-05,6.36183791
2022-04-06,6.36253776
2022-04-07,6.36203738
2022-04-08,6.36359451
2022-04-11,6.36743119
2022-04-12,6.37132861
2022-04-13,6.36791059
2022-04-14,6.37249494
2022-04-15,6.37050000
2022-04-18,6.36300000
2022-04-19,6.38785523
2022-04-20,6.41255771
2022-04-21,6.45062919
2022-04-22,6.50198761
2022-04-25,6.55108878
2022-04-26,6.54272063
2022-04-27,6.55551356
2022-04-28,6.61716738
2022-04-29,6.58833017
2022-05-02,6.60851387
2022-05-03,6.60846912
2022-05-04,6.60848922
2022-05-05,6.61847086
2022-05-06,6.67038789
2022-05-09,6.71332513
2022-05-10,6.72418041
2022-05-11,6.71780536
2022-05-12,6.79198693
2022-05-13,6.78988926
2022-05-16,6.79197851
2022-05-17,6.72602220
2022-05-18,6.74446451
2022-05-19,6.74850356
2022-05-20,6.67845325
2022-05-23,6.64696501
2022-05-24,6.66501866
2022-05-25,6.69425676
2022-05-26,6.73310274
2022-05-27,6.69940310
2022-05-30,6.66434411
2022-05-31,6.66498647
2022-06-01,6.68278566
2022-06-02,6.67321362
2022-06-03,6.66029823
2022-06-06,6.64022003
2022-06-07,6.67285687
2022-06-08,6.68451439
2022-06-09,6.67616122
2022-06-10,6.69956514
2022-06-13,6.73687231
2022-06-14,6.73717949
2022-06-15,6.71201227
2022-06-16,6.71576923
2022-06-17,6.70493992
2022-06-20,6.68878958
2022-06-21,6.69952607
2022-06-22,6.71076894
2022-06-23,6.70608977
2022-06-24,6.69688331
2022-06-27,6.69097616
2022-06-28,6.70154341
2022-06-29,6.69221261
2022-06-30,6.70299413
2022-07-01,6.70215827
2022-07-04,6.69316117
2022-07-05,6.70835763
2022-07-06,6.71013069
2022-07-07,6.70235756
2022-07-08,6.70028535
2022-07-11,6.71350763
2022-07-12,6.72356104
2022-07-13,6.72712824
2022-07-14,6.75842079
2022-07-15,6.75444875
2022-07-18,6.73832790
2022-07-19,6.74123963
2022-07-20,6.75477988
2022-07-21,6.76929111
2022-07-22,6.75682041
2022-07-25,6.75009769
2022-07-26,6.76126037
2022-07-27,6.75078802
2022-07-28,6.75014819
2022-07-29,6.73710531
2022-08-01,6.75315157
2022-08-02,6.76026995
2022-08-03,6.75201099
2022-08-04,6.75464100
2022-08-05,6.74953582
2022-08-08,6.75860378
2022-08-09,6.75258941
2022-08-10,6.75204838
2022-08-11,6.73902109
2022-08-12,6.74302382
2022-08-15,6.77292791
2022-08-16,6.78778008
2022-08-17,6.78049980
2022-08-18,6.78522303
2022-08-19,6.81629202
2022-08-22,6.84501550
2022-08-23,6.84516974
2022-08-24,6.86732434
2022-08-25,6.85225677
2022-08-26,6.86229639
2022-08-29,6.91407971
2022-08-30,6.89984054
2022-08-31,6.89470000
2022-09-01,6.89894042
2022-09-02,6.90793555
2022-09-05,6.93225806
2022-09-06,6.95920629
2022-09-07,6.97703591
2022-09-08,6.95014487
2022-09-09,6.92039009
2022-09-12,6.92742491
2022-09-13,6.92550369
2022-09-14,6.96196196
2022-09-15,6.99079263
2022-09-16,7.01095037
2022-09-19,7.01361361
2022-09-20,7.01281795
2022-09-21,7.04835453
2022-09-22,7.06232295
2022-09-23,7.11933566
2022-09-26,7.16099938
2022-09-27,7.17088345
2022-09-28,7.23460533
2022-09-29,7.13198022
2022-09-30,7.11612638
2022-10-03,7.11603851
2022-10-04,7.11596401
2022-10-05,7.11598588
2022-10-06,7.11602434
2022-10-07,7.11595386
2022-10-10,7.15107765
2022-10-11,7.16538106
2022-10-12,7.17113126
2022-10-13,7.18194887
2022-10-14,7.19892971
2022-10-17,7.20094466
2022-10-18,7.19928826
2022-10-19,7.22765392
2022-10-20,7.22230150
2022-10-21,7.24604317
2022-10-24,7.26261293
2022-10-25,7.30879221
2022-10-26,7.17828993
2022-10-27,7.22845472
2022-10-28,7.25143202
2022-10-31,7.30078677
2022-11-01,7.25495124
2022-11-02,7.28259992
2022-11-03,7.31744079
2022-11-04,7.18132091
2022-11-07,7.22395677
2022-11-08,7.25240096
2022-11-09,7.25301325
2022-11-10,7.25175809
2022-11-11,7.10778036
2022-11-14,7.06521950
2022-11-15,7.04527105
2022-11-16,7.08029197
2022-11-17,7.15757341
2022-11-18,7.11846421
2022-11-21,7.16562561
2022-11-22,7.13879696
2022-11-23,7.16532688
2022-11-24,7.14894843
2022-11-25,7.17349398
2022-11-28,7.19927363
2022-11-29,7.16660235
2022-11-30,7.07758288
2022-12-01,7.07528219
2022-12-02,7.01945341
2022-12-05,6.94937187
2022-12-06,6.98877900
2022-12-07,6.97844050
2022-12-08,6.97062458
2022-12-09,6.95851880
2022-12-12,6.97500473
2022-12-13,6.98311996
2022-12-14,6.94985445
2022-12-15,6.96798795
2022-12-16,6.97212544
2022-12-19,6.97310813
2022-12-20,6.97235588
2022-12-21,6.97809327
2022-12-22,6.98100254
2022-12-23,6.98531350
2022-12-27,6.96479669
2022-12-28,6.97593985
2022-12-29,6.96318903
2022-12-30,6.89874367
2023-01-02,6.89862398
2023-01-03,6.90972025
2023-01-04,6.88602698
2023-01-05,6.87321951
2023-01-06,6.86142857
2023-01-09,6.78253553
2023-01-10,6.78280332
2023-01-11,6.77463478
2023-01-12,6.74897883
2023-01-13,6.72544849
2023-01-16,6.73242693
2023-01-17,6.77607673
2023-01-18,6.75274472
2023-01-19,6.78908923
2023-01-20,6.78228339
2023-01-23,6.78226474
2023-01-24,6.78228035
2023-01-25,6.78231293
2023-01-26,6.78228545
2023-01-27,6.78232858
2023-01-30,6.75052738
2023-01-31,6.75694637
2023-02-01,6.74242702
2023-02-02,6.72351656
2023-02-03,6.73758800
2023-02-06,6.78266518
2023-02-07,6.78579439
2023-02-08,6.78537494
2023-02-09,6.77671525
2023-02-10,6.81356408
2023-02-13,6.82481752
2023-02-14,6.81420206
2023-02-15,6.84383178
2023-02-16,6.85523364
2023-02-17,6.87821176
2023-02-20,6.85694210
2023-02-21,6.88034509
2023-02-22,6.89280346
2023-02-23,6.89779578
2023-02-24,6.94399243
2023-02-27,6.95262460
2023-02-28,6.93690555
2023-03-01,6.86531262
2023-03-02,6.91041961
2023-03-03,6.90777202
2023-03-06,6.93236896
2023-03-07,6.93624004
2023-03-08,6.95258416
2023-03-09,6.96560546
2023-03-10,6.95201209
2023-03-13,6.85718289
2023-03-14,6.86951662
2023-03-15,6.90728979
2023-03-16,6.89428976
2023-03-17,6.88289560
2023-03-20,6.88056359
2023-03-21,6.87249443
2023-03-22,6.88344924
2023-03-23,6.83077489
2023-03-24,6.87073057
2023-03-27,6.88118444
2023-03-28,6.87704086
2023-03-29,6.88476076
2023-03-30,6.88021312
2023-03-31,6.87475862
2023-04-03,6.88426863
2023-04-04,6.88322172
2023-04-05,6.87979890
2023-04-06,6.87256070
2023-04-07,6.87500000
2023-04-10,6.88070000
2023-04-11,6.88491518
2023-04-12,6.88362937
2023-04-13,6.87771221
2023-04-14,6.85185855
2023-04-17,6.86941080
2023-04-18,6.87531899
2023-04-19,6.89710052
2023-04-20,6.88029971
2023-04-21,6.88823101
2023-04-24,6.89301945
2023-04-25,6.92152060
2023-04-26,6.92309086
2023-04-27,6.92392682
2023-04-28,6.91913305
2023-05-01,6.91640000
2023-05-02,6.91208390
2023-05-03,6.91207100
2023-05-04,6.91150442
2023-05-05,6.91047757
2023-05-08,6.91736885
2023-05-09,6.92152569
2023-05-10,6.92401826
2023-05-11,6.93659652
2023-05-12,6.95207492
2023-05-15,6.95301581
2023-05-16,6.96562816
2023-05-17,6.99621387
2023-05-18,7.02700453
2023-05-19,7.01017765
2023-05-22,7.02892257
2023-05-23,7.05436497
2023-05-24,7.04728790
2023-05-25,7.06949231
2023-05-26,7.05739001
2023-05-29,7.07606160
2023-05-30,7.07278481
2023-05-31,7.10717963
2023-06-01,7.11096569
2023-06-02,7.06726749
2023-06-05,7.11524790
2023-06-06,7.11785079
2023-06-07,7.11346459
2023-06-08,7.12871379
2023-06-09,7.12792208
2023-06-12,7.14240595
2023-06-13,7.14972667
2023-06-14,7.15727634
2023-06-15,7.16249191
2023-06-16,7.12201350
2023-06-19,7.15821278
2023-06-20,7.17662124
2023-06-21,7.18840978
2023-06-22,7.17942649
2023-06-23,7.17943771
2023-06-26,7.23319289
2023-06-27,7.21176148
2023-06-28,7.24648016
2023-06-29,7.23532639
2023-06-30,7.26882017
2023-07-03,7.24901367
2023-07-04,7.21854061
2023-07-05,7.24312896
2023-07-06,7.23185613
2023-07-07,7.23484570
2023-07-10,7.23722161
2023-07-11,7.20202020
2023-07-12,7.19234259
2023-07-13,7.16311930
2023-07-14,7.13626237
2023-07-17,7.16447017
2023-07-18,7.17414482
2023-07-19,7.21921226
2023-07-20,7.16620523
2023-07-21,7.17971770
2023-07-24,7.18718457
2023-07-25,7.14098272
2023-07-26,7.15335925
2023-07-27,7.14696629
2023-07-28,7.15703906
2023-07-31,7.14941486
2023-08-01,7.16681860
2023-08-02,7.17605826
2023-08-03,7.17133187
2023-08-04,7.18627809
2023-08-07,7.19009468
2023-08-08,7.21399854
2023-08-09,7.20550693
2023-08-10,7.20882113
2023-08-11,7.23227917
2023-08-14,7.26038426
2023-08-15,7.28583196
2023-08-16,7.29727006
2023-08-17,7.28321101
2023-08-18,7.28784393
2023-08-21,7.28419509
2023-08-22,7.29190778
2023-08-23,7.29254975
2023-08-24,7.28173432
2023-08-25,7.28932272
2023-08-28,7.29293116
2023-08-29,7.29427011
2023-08-30,7.28890318
2023-08-31,7.28708134
2023-09-01,7.25553301
2023-09-04,7.27043792
2023-09-05,7.30407231
2023-09-06,7.30349000
2023-09-07,7.32847806
2023-09-08,7.33977952
2023-09-11,7.29485267
2023-09-12,7.29160833
2023-09-13,7.28072300
2023-09-14,7.27800559
2023-09-15,7.27725652
2023-09-18,7.29588296
2023-09-19,7.29123495
2023-09-20,7.29387030
2023-09-21,7.30559473
2023-09-22,7.30402930
2023-09-25,7.31007242
2023-09-26,7.30947666
2023-09-27,7.31121868
2023-09-28,7.30486763
2023-09-29,7.30149141
2023-10-02,7.30151947
2023-10-03,7.30146146
2023-10-04,7.30151472
2023-10-05,7.30153905
2023-10-06,7.30493231
2023-10-09,7.29123540
2023-10-10,7.29899830
2023-10-11,7.30224444
2023-10-12,7.29955740
2023-10-13,7.30729761
2023-10-16,7.31239324
2023-10-17,7.31270697
2023-10-18,7.31452911
2023-10-19,7.31511650
2023-10-20,7.31649514
2023-10-23,7.31612721
2023-10-24,7.31000752
2023-10-25,7.31666036
2023-10-26,7.31897533
2023-10-27,7.31837587
2023-10-30,7.31683168
2023-10-31,7.31575478
2023-11-01,7.31897124
2023-11-02,7.31723103
2023-11-03,7.30639133
2023-11-06,7.27064519
2023-11-07,7.28420363
2023-11-08,7.28132321
2023-11-09,7.28519315
2023-11-10,7.28952541
2023-11-13,7.29090909
2023-11-14,7.28935099
2023-11-15,7.24162679
2023-11-16,7.24997696
2023-11-17,7.21247241
2023-11-20,7.17221816
2023-11-21,7.13628480
2023-11-22,7.15012373
2023-11-23,7.14238532
2023-11-24,7.15371931
2023-11-27,7.15286275
2023-11-28,7.15343867
2023-11-29,7.12753755
2023-11-30,7.13640106
2023-12-01,7.14344828
2023-12-04,7.13838793
2023-12-05,7.14329296
2023-12-06,7.15791427
2023-12-07,7.15421038
2023-12-08,7.16145495
2023-12-11,7.17727991
2023-12-12,7.16836357
2023-12-13,7.17771391
2023-12-14,7.13123912
2023-12-15,7.10871551
2023-12-18,7.13436527
2023-12-19,7.13656267
2023-12-20,7.13824927
2023-12-21,7.14067195
2023-12-22,7.13417400
2023-12-26,7.14320000
2023-12-27,7.14740172
2023-12-28,7.10284326
2023-12-29,7.10488688
2024-01-02,7.14348302
2024-01-03,7.14873157
2024-01-04,7.15146535
2024-01-05,7.15410677
2024-01-08,7.16215969
2024-01-09,7.16462523
2024-01-10,7.16937694
2024-01-11,7.15836898
2024-01-12,7.16971303
2024-01-15,7.17487437
2024-01-16,7.18957912
2024-01-17,7.19518250
2024-01-18,7.19365517
2024-01-19,7.19123726
2024-01-22,7.19458219
2024-01-23,7.17006990
2024-01-24,7.15231545
2024-01-25,7.16909942
2024-01-26,7.17450097
2024-01-29,7.17934029
2024-01-30,7.17923658
2024-01-31,7.17809357
2024-02-01,7.18217126
2024-02-02,7.17734081
2024-02-05,7.19802717
2024-02-06,7.18896025
2024-02-07,7.19459911
2024-02-08,7.19650493
2024-02-09,7.19355737
2024-02-12,7.19363223
2024-02-13,7.19364403
2024-02-14,7.19359656
2024-02-15,7.19426603
2024-02-16,7.19362927
2024-02-19,7.19840386
2024-02-20,7.19477874
2024-02-21,7.19122953
2024-02-22,7.19181114
2024-02-23,7.19697249
2024-02-26,7.19683008
2024-02-27,7.19786293
2024-02-28,7.19901925
2024-02-29,7.19453168
2024-03-01,7.19846481
2024-03-04,7.19933616
2024-03-05,7.19918887
2024-03-06,7.19891484
2024-03-07,7.19706287
2024-03-08,7.18935236
2024-03-11,7.18204283
2024-03-12,7.17753756
2024-03-13,7.19243075
2024-03-14,7.19121281
2024-03-15,7.19610723
2024-03-18,7.19812707
2024-03-19,7.19918924
2024-03-20,7.19826632
2024-03-21,7.19904648
2024-03-22,7.22951123
2024-03-25,7.21125981
2024-03-26,7.21860894
2024-03-27,7.22836538
2024-03-28,7.22819351
2024-03-29,7.22030000
2024-04-01,7.23080000
2024-04-02,7.23592892
2024-04-03,7.23574144
2024-04-04,7.23378179
2024-04-05,7.23374227
2024-04-08,7.23292987
2024-04-09,7.23318303
2024-04-10,7.23278085
2024-04-11,7.23702116
2024-04-12,7.23751408
2024-04-15,7.23855105
2024-04-16,7.23841309
2024-04-17,7.23876669
2024-04-18,7.23794363
2024-04-19,7.24105886
2024-04-22,7.24341610
2024-04-23,7.24686153
2024-04-24,7.24602283
2024-04-25,7.24645522
2024-04-26,7.24640657
2024-04-29,7.24132463
2024-04-30,7.24099645
2024-05-01,7.24050000
2024-05-02,7.24107310
2024-05-03,7.24106478
2024-05-06,7.20694135
2024-05-07,7.21781534
2024-05-08,7.22805548
2024-05-09,7.22642564
2024-05-10,7.22488171
2024-05-13,7.23436776
2024-05-14,7.23443868
2024-05-15,7.22045790
2024-05-16,7.21792748
2024-05-17,7.22703799
2024-05-20,7.23321978
2024-05-21,7.23582474
2024-05-22,7.24044321
2024-05-23,7.23954303
2024-05-24,7.24372694
2024-05-27,7.24384395
2024-05-28,7.24517552
2024-05-29,7.24933223
2024-05-30,7.23633842
2024-05-31,7.24078511
2024-06-03,7.24608006
2024-06-04,7.23699954
2024-06-05,7.24751656
2024-06-06,7.24482283
2024-06-07,7.24132868
2024-06-10,7.24776869
2024-06-11,7.25433364
2024-06-12,7.25369252
2024-06-13,7.25250371
2024-06-14,7.25519371
2024-06-17,7.25616131
2024-06-18,7.25599627
2024-06-19,7.25695414
2024-06-20,7.26047206
2024-06-21,7.26066617
2024-06-24,7.25917987
2024-06-25,7.26255367
2024-06-26,7.26662925
2024-06-27,7.26860509
2024-06-28,7.26277440
2024-07-01,7.26821778
2024-07-02,7.27132072
2024-07-03,7.27337795
2024-07-04,7.26990741
2024-07-05,7.26672210
2024-07-08,7.26958929
2024-07-09,7.27196227
2024-07-10,7.27602771
2024-07-11,7.26503915
2024-07-12,7.25289256
2024-07-15,7.26194187
2024-07-16,7.26683177
2024-07-17,7.25919151
2024-07-18,7.25773102
2024-07-19,7.26951331
2024-07-22,7.27323659
2024-07-23,7.27467772
2024-07-24,7.27636431
2024-07-25,7.21878168
2024-07-26,7.25138122
2024-07-29,7.25875936
2024-07-30,7.25138581
2024-07-31,7.22146287
2024-08-01,7.24840115
2024-08-02,7.20581449
2024-08-05,7.11708918
2024-08-06,7.15263399
2024-08-07,7.18046145
2024-08-08,7.17227813
2024-08-09,7.17046808
2024-08-12,7.17977117
2024-08-13,7.16320556
2024-08-14,7.13558399
2024-08-15,7.15793298
2024-08-16,7.16372567
2024-08-19,7.14138212
2024-08-20,7.14471310
2024-08-21,7.13440086
2024-08-22,7.13884149
2024-08-23,7.13640860
2024-08-26,7.12281645
2024-08-27,7.12659022
2024-08-28,7.12899163
2024-08-29,7.09352453
2024-08-30,7.08803103
2024-09-02,7.11300967
2024-09-03,7.12405981
2024-09-04,7.11746606
2024-09-05,7.09552131
2024-09-06,7.08367108
2024-09-09,7.11663497
2024-09-10,7.11902819
2024-09-11,7.11165444
2024-09-12,7.12064270
2024-09-13,7.09629095
2024-09-16,7.09626101
2024-09-17,7.09632822
2024-09-18,7.08351312
2024-09-19,7.06588383
2024-09-20,7.05498836
2024-09-23,7.05441137
2024-09-24,7.03224647
2024-09-25,7.02983741
2024-09-26,7.01147468
2024-09-27,7.01111310
2024-09-30,7.01241515
2024-10-01,7.01849179
2024-10-02,7.01851685
2024-10-03,7.01847993
2024-10-04,7.01849669
2024-10-07,7.01848479
2024-10-08,7.05235840
2024-10-09,7.06717167
2024-10-10,7.07793633
2024-10-11,7.06545986
2024-10-14,7.08492900
2024-10-15,7.11492250
2024-10-16,7.11305864
2024-10-17,7.12175594
2024-10-18,7.10472942
2024-10-21,7.11305630
2024-10-22,7.12059884
2024-10-23,7.12909817
2024-10-24,7.11489677
2024-10-25,7.12452656
2024-10-28,7.12691810
2024-10-29,7.13708929
2024-10-30,7.12473417
2024-10-31,7.11597133
2024-11-01,7.11097841
2024-11-04,7.09491930
2024-11-05,7.10333119
2024-11-06,7.17896213
2024-11-07,7.15428836
2024-11-08,7.16979205
2024-11-11,7.20298564
2024-11-12,7.23189225
2024-11-13,7.20914479
2024-11-14,7.24076711
2024-11-15,7.22781820
2024-11-18,7.24431387
2024-11-19,7.23936472
2024-11-20,7.24559742
2024-11-21,7.23959719
2024-11-22,7.24721475
2024-11-25,7.24325869
2024-11-26,7.24814674
2024-11-27,7.24973887
2024-11-28,7.24748625
2024-11-29,7.24143155
2024-12-02,7.27334158
2024-12-03,7.28586377
2024-12-04,7.27077774
2024-12-05,7.26537002
2024-12-06,7.26320764
2024-12-09,7.26438304
2024-12-10,7.25315854
2024-12-11,7.26353859
2024-12-12,7.27023163
2024-12-13,7.27419662
2024-12-16,7.28357782
2024-12-17,7.28436696
2024-12-18,7.28496570
2024-12-19,7.29754690
2024-12-20,7.29846006
2024-12-23,7.29923987
2024-12-24,7.29610390
2024-12-26,7.29810000
2024-12-27,7.29937710
2024-12-30,7.29931061
2024-12-31,7.29935509
2025-01-02,7.29948648
2025-01-03,7.31828333
2025-01-06,7.31670823
2025-01-07,7.32627730
2025-01-08,7.33161579
2025-01-09,7.33216885
2025-01-10,7.33132764
2025-01-13,7.33192783
2025-01-14,7.33118594
2025-01-15,7.33155340
2025-01-16,7.33167835
2025-01-17,7.32899592
2025-01-20,7.31203955
2025-01-21,7.28425220
2025-01-22,7.26726037
2025-01-23,7.28844675
2025-01-24,7.24703972
2025-01-27,7.24653371
2025-01-28,7.24661741
2025-01-29,7.25134667
2025-01-30,7.25136980
2025-01-31,7.25132301
2025-02-03,7.25131400
2025-02-04,7.25137881
2025-02-05,7.27278833
2025-02-06,7.28870656
2025-02-07,7.28861906
2025-02-10,7.30571705
2025-02-11,7.30724525
2025-02-12,7.30896818
2025-02-13,7.29711261
2025-02-14,7.26674938
2025-02-17,7.26305739
2025-02-18,7.28017613
2025-02-19,7.28550891
2025-02-20,7.25912094
2025-02-21,7.25590062
2025-02-24,7.25004777
2025-02-25,7.26102696
2025-02-26,7.25898732
2025-02-27,7.26610671
2025-02-28,7.27903179
2025-03-03,7.28924988
2025-03-04,7.25717533
2025-03-05,7.26341874
2025-03-06,7.24777695
2025-03-07,7.23597679
2025-03-10,7.25846012
2025-03-11,7.23322947
2025-03-12,7.24306449
2025-03-13,7.24773777
2025-03-14,7.23868124
2025-03-17,7.23369715
2025-03-18,7.22723942
2025-03-19,7.23006332
2025-03-20,7.24462291
2025-03-21,7.24826822
2025-03-24,7.25360310
2025-03-25,7.25829099
2025-03-26,7.26557286
2025-03-27,7.26573945
2025-03-28,7.26544410
2025-03-31,7.25307443
2025-04-01,7.27020764
2025-04-02,7.26918449
2025-04-03,7.29197080
2025-04-04,7.28208375
2025-04-07,7.30874442
2025-04-08,7.33872146
2025-04-09,7.34984156
2025-04-10,7.32151236
2025-04-11,7.29940067
2025-04-14,7.31264833
2025-04-15,7.31499470
2025-04-16,7.30612065
2025-04-17,7.29753521
2025-04-18,7.29960000
2025-04-21,7.29140000
2025-04-22,7.31343674
2025-04-23,7.28856767
2025-04-24,7.28946906
2025-04-25,7.28828036
2025-04-28,7.29802782
2025-04-29,7.27292711
2025-04-30,7.26589290
2025-05-01,7.27060000
2025-05-02,7.27135678
2025-05-05,7.27135678
2025-05-06,7.21721854
2025-05-07,7.22526408
2025-05-08,7.23767372
2025-05-09,7.24049058
2025-05-12,7.20322348
2025-05-13,7.20131389
2025-05-14,7.20474407
2025-05-15,7.21153330
2025-05-16,7.20555655
2025-05-19,7.21230687
2025-05-20,7.21946446
2025-05-21,7.20342726
2025-05-22,7.20461579
2025-05-23,7.18493939
2025-05-26,7.18697830
2025-05-27,7.19522719
2025-05-28,7.19289564
2025-05-29,7.18845847
2025-05-30,7.19428521
2025-06-02,7.19975479
2025-06-03,7.18786229
2025-06-04,7.18859803
2025-06-05,7.17919986
2025-06-06,7.18210499
2025-06-09,7.18168273
2025-06-10,7.18479307
2025-06-11,7.18726493
2025-06-12,7.17621183
2025-06-13,7.18224461
2025-06-16,7.18005875
2025-06-17,7.18283195
2025-06-18,7.18830379
2025-06-19,7.18731486
2025-06-20,7.17698654
2025-06-23,7.18636681
2025-06-24,7.17342983
2025-06-25,7.17451285
2025-06-26,7.17075673
2025-06-27,7.17182160
2025-06-30,7.16467577
2025-07-01,7.16206605
2025-07-02,7.16928966
2025-07-03,7.16151757
2025-07-04,7.16282825
2025-07-07,7.17326057
2025-07-08,7.17409114
2025-07-09,7.18011626
2025-07-10,7.17482279
2025-07-11,7.16776513
2025-07-14,7.16723695
2025-07-15,7.17299614
2025-07-16,7.18057232
2025-07-17,7.18170826
2025-07-18,7.17793991
2025-07-21,7.17630925
2025-07-22,7.17497222
2025-07-23,7.16024220
2025-07-24,7.15736645
2025-07-25,7.16871375
2025-07-28,7.17393170
2025-07-29,7.17749068
2025-07-30,7.18166045
2025-07-31,7.19465315
2025-08-01,7.21176780
2025-08-04,7.17622136
2025-08-05,7.18742422
2025-08-06,7.18571182
2025-08-07,7.17916345
2025-08-08,7.18380838
2025-08-11,7.18464980
2025-08-12,7.18731691
2025-08-13,7.17445137
2025-08-14,7.17057314
2025-08-15,7.17907255
2025-08-18,7.17878866
2025-08-19,7.17907892
2025-08-20,7.17612222
2025-08-21,7.17819400
2025-08-22,7.17892833
2025-08-25,7.15645037
2025-08-26,7.15742965
2025-08-27,7.16182179
2025-08-28,7.13138061
2025-08-29,7.13287013
2025-09-01,7.13452838
2025-09-02,7.14425554
2025-09-03,7.14562774
2025-09-04,7.14072293
2025-09-05,7.13764213
2025-09-08,7.12986016
2025-09-09,7.12150886
2025-09-10,7.12283249
2025-09-11,7.12468977
2025-09-12,7.12246117
2025-09-15,7.12179160
2025-09-16,7.11527060
2025-09-17,7.10416491
2025-09-18,7.10551701
2025-09-19,7.11571234
2025-09-22,7.11212970
2025-09-23,7.11176121
2025-09-24,7.12708404
2025-09-25,7.12411619
2025-09-26,7.13742289
2025-09-29,7.12121471
2025-09-30,7.11958096
2025-10-01,7.11958376
2025-10-02,7.11953378
2025-10-03,7.11956707
2025-10-06,7.11954102
2025-10-07,7.11957826
2025-10-08,7.11954932
2025-10-09,7.12238395
2025-10-10,7.12283887
2025-10-13,7.13207710
2025-10-14,7.13996365
2025-10-15,7.12639821
2025-10-16,7.12584771
2025-10-17,7.12233542
2025-10-20,7.12346632
2025-10-21,7.11863531
2025-10-22,7.12660740
2025-10-23,7.12438540
2025-10-24,7.12245952
2025-10-27,7.10747423
2025-10-28,7.10137575
2025-10-29,7.09943279
2025-10-30,7.11428571
2025-10-31,7.11615025
2025-11-03,7.12063575
2025-11-04,7.12531546
2025-11-05,7.12713192
2025-11-06,7.11948322
2025-11-07,7.12083730
2025-11-10,7.11926368
2025-11-11,7.11853132
2025-11-12,7.11653421
2025-11-13,7.09613564
2025-11-14,7.09606799
2025-11-17,7.10756491
2025-11-18,7.11044003
2025-11-19,7.11033411
2025-11-20,7.11377454
2025-11-21,7.10980903
2025-11-24,7.08879071
2025-11-25,7.08553372
2025-11-26,7.07946791
2025-11-27,7.08337649
2025-11-28,7.07556632
2025-12-01,7.07178430
2025-12-02,7.07103496
2025-12-03,7.06384985
2025-12-04,7.07166124
2025-12-05,7.07024474
2025-12-08,7.06803947
2025-12-09,7.06427773
2025-12-10,7.06248926
2025-12-11,7.05805020
2025-12-12,7.05472679
2025-12-15,7.04705182
2025-12-16,7.04228940
2025-12-17,7.04393448
2025-12-18,7.04130045
2025-12-19,7.04106899
2025-12-22,7.03703704
2025-12-23,7.02808417
2025-12-24,7.01442267
2025-12-26,7.00630000
2025-12-29,7.00645929
2025-12-30,6.99294038
2025-12-31,7.00102128
2026-01-02,6.99368655
2026-01-05,6.98542524
2026-01-06,6.98436833
2026-01-07,6.99118453
2026-01-08,6.98184154
2026-01-09,6.98230545
2026-01-12,6.97305850
2026-01-13,6.97563068
2026-01-14,6.97339284
2026-01-15,6.96730902
2026-01-16,6.96969958
2026-01-19,6.96337374
2026-01-20,6.95890177
2026-01-21,6.96388108
2026-01-22,6.97573894
2026-01-23,6.96457162
2026-01-26,6.95437648
2026-01-27,6.95481599
2026-01-28,6.94638383
2026-01-29,6.94618984
2026-01-30,6.94974411
2026-02-02,6.94341216
2026-02-03,6.93814084
2026-02-04,6.94170897
2026-02-05,6.93922699
2026-02-06,6.93895201
2026-02-09,6.92251388
2026-02-10,6.91483101
2026-02-11,6.91134454
2026-02-12,6.90112852
2026-02-13,6.90861575
2026-02-16,6.90864614
2026-02-17,6.90867580
2026-02-18,6.90865344
2026-02-19,6.90861908
2026-02-20,6.90864281
2026-02-23,6.90868975
2026-02-24,6.88171860
2026-02-25,6.86948405
2026-02-26,6.84128999
2026-02-27,6.85819568
2026-03-02,6.88254402
2026-03-03,6.90763398
2026-03-04,6.89733024
2026-03-05,6.90110174
2026-03-06,6.90467953
2026-03-09,6.91726525
2026-03-10,6.87715832
2026-03-11,6.86624644
2026-03-12,6.86897030
2026-03-13,6.89656675
2026-03-16,6.89614915
2026-03-17,6.88682681
2026-03-18,6.88817391
2026-03-19,6.90042649
2026-03-20,6.89433146
2026-03-23,6.89168679
2026-03-24,6.89336329
2026-03-25,6.89949965
2026-03-26,6.91021752
2026-03-27,6.91377963
2026-03-30,6.91135493
2026-03-31,6.90041746
2026-04-01,6.87384748
2026-04-02,6.89761388
2026-04-03,6.88240000
2026-04-06,6.87780000
2026-04-07,6.85740244
2026-04-08,6.82966000
2026-04-09,6.83465982
2026-04-10,6.82836649
2026-04-13,6.83216364
2026-04-14,6.81582295
2026-04-15,6.82113752
2026-04-16,6.82125276
2026-04-17,6.82232771
2026-04-20,6.81768707
2026-04-21,6.81584091
2026-04-22,6.82442683
2026-04-23,6.83495810
2026-04-24,6.83632172
2026-04-27,6.82313388
2026-04-28,6.83878425
2026-04-29,6.83350419
2026-04-30,6.82874722
2026-05-01,6.82760000
2026-05-04,6.83025641
2026-05-05,6.83022420
2026-05-06,6.81117157
2026-05-07,6.80186916
2026-05-08,6.80120738
2026-05-11,6.79651509
2026-05-12,6.79212813
2026-05-13,6.79095177
2026-05-14,6.78516493
2026-05-15,6.81062951
2026-05-18,6.80022321
2026-05-19,6.80611015
2026-05-20,6.80275862
2026-05-21,6.80222433
2026-05-22,6.79525658
2026-05-25,6.78433393
2026-05-26,6.78519856
2026-05-27,6.78207442
2026-05-28,6.77989154
2026-05-29,6.76683270
2026-06-01,6.76506955
2026-06-02,6.76264057
2026-06-03,6.76941622
